expense_id,expense_date,expense_category,department,amount
E10000,2025-12-08,Infrastructure,Technology,78402.16
E10001,2026-02-15,Salaries,HR,122401.25
E10002,2025-03-01,Operations,Operations,141663.33
E10003,2025-08-20,Operations,Operations,37764.66
E10004,2026-08-02,Operations,Operations,118295.27
E10005,2026-04-02,Operations,Operations,128404.52
E10006,2025-05-10,Marketing,Marketing,23163.42
E10007,2025-11-13,Technology,Technology,81987.51
E10008,2026-03-08,Salaries,HR,43476.04
E10009,2026-03-22,Salaries,HR,63232.9
E10010,2025-09-18,Logistics,Operations,91175.61
E10011,2025-01-27,Operations,Operations,67411.23
E10012,2026-01-09,Infrastructure,Technology,59391.38
E10013,2025-02-20,Infrastructure,Technology,135119.25
E10014,2025-12-17,Infrastructure,Technology,34495.59
E10015,2025-10-19,Technology,Technology,144686.9
E10016,2026-07-26,Technology,Technology,83173.02
E10017,2026-04-15,Infrastructure,Technology,23257.59
E10018,2026-03-12,Logistics,Operations,122058.33
E10019,2026-07-09,Infrastructure,Technology,31309.63
E10020,2025-03-22,Technology,Technology,143125.31
E10021,2025-03-16,Technology,Technology,53284.45
E10022,2026-06-21,Operations,Operations,126389.96
E10023,2025-05-18,Technology,Technology,114326.61
E10024,2025-03-06,Customer Support,Support,30101.34
E10025,2025-11-23,Infrastructure,Technology,37610.0
E10026,2025-09-29,Technology,Technology,9833.6
E10027,2025-01-14,Marketing,Marketing,102598.8
E10028,2025-08-04,Logistics,Operations,49436.57
E10029,2025-09-24,Customer Support,Support,113762.8
E10030,2026-03-17,Salaries,HR,27258.27
E10031,2025-10-20,Technology,Technology,46072.28
E10032,2026-02-13,Marketing,Marketing,106137.51
E10033,2026-07-13,Marketing,Marketing,148818.62
E10034,2026-03-31,Logistics,Operations,122635.59
E10035,2025-05-25,Customer Support,Support,116153.51
E10036,2025-10-18,Technology,Technology,54775.63
E10037,2025-04-06,Marketing,Marketing,75074.67
E10038,2025-02-05,Technology,Technology,33234.59
E10039,2025-12-19,Customer Support,Support,114185.01
E10040,2025-07-07,Salaries,HR,39990.58
E10041,2026-02-02,Salaries,HR,41141.96
E10042,2025-08-11,Technology,Technology,87431.27
E10043,2026-07-10,Infrastructure,Technology,7452.46
E10044,2025-11-05,Customer Support,Support,87991.56
E10045,2026-06-05,Salaries,HR,18195.7
E10046,2025-07-11,Infrastructure,Technology,51614.25
E10047,2025-12-04,Logistics,Operations,60864.5
E10048,2025-09-13,Operations,Operations,36783.06
E10049,2025-03-27,Infrastructure,Technology,90190.55
E10050,2025-11-09,Infrastructure,Technology,32694.97
E10051,2025-09-08,Customer Support,Support,88491.1
E10052,2026-07-23,Infrastructure,Technology,148837.22
E10053,2026-01-20,Salaries,HR,14354.58
E10054,2025-05-30,Marketing,Marketing,129708.02
E10055,2026-02-19,Marketing,Marketing,78119.55
E10056,2025-01-03,Marketing,Marketing,66294.78
E10057,2025-05-28,Logistics,Operations,123330.3
E10058,2026-07-27,Customer Support,Support,44034.37
E10059,2025-09-03,Marketing,Marketing,127544.85
E10060,2026-02-26,Marketing,Marketing,73907.18
E10061,2025-07-27,Operations,Operations,23112.14
E10062,2026-07-06,Customer Support,Support,89173.46
E10063,2025-01-11,Customer Support,Support,117031.23
E10064,2025-03-10,Operations,Operations,55213.62
E10065,2026-02-11,Infrastructure,Technology,60428.29
E10066,2026-06-25,Technology,Technology,60653.7
E10067,2025-10-12,Technology,Technology,66600.86
E10068,2025-10-03,Infrastructure,Technology,12738.54
E10069,2025-09-02,Marketing,Marketing,130488.94
E10070,2026-01-29,Operations,Operations,139989.98
E10071,2026-06-02,Technology,Technology,135837.17
E10072,2025-05-15,Infrastructure,Technology,116892.45
E10073,2025-08-15,Logistics,Operations,31643.26
E10074,2026-08-07,Logistics,Operations,98246.79
E10075,2025-07-27,Salaries,HR,124023.78
E10076,2025-05-07,Technology,Technology,34615.09
E10077,2025-09-11,Infrastructure,Technology,91024.59
E10078,2025-05-27,Operations,Operations,33505.73
E10079,2026-01-01,Logistics,Operations,145249.09
E10080,2025-03-17,Marketing,Marketing,26949.23
E10081,2026-04-14,Operations,Operations,104335.22
E10082,2025-08-15,Operations,Operations,34667.88
E10083,2026-08-05,Customer Support,Support,59865.61
E10084,2025-07-12,Technology,Technology,66913.21
E10085,2025-08-20,Salaries,HR,14260.39
E10086,2025-11-07,Customer Support,Support,139076.87
E10087,2025-10-17,Operations,Operations,63076.01
E10088,2025-10-18,Salaries,HR,26969.07
E10089,2025-12-18,Operations,Operations,95918.16
E10090,2026-06-09,Infrastructure,Technology,4362.57
E10091,2025-02-26,Logistics,Operations,79246.53
E10092,2025-10-23,Marketing,Marketing,6764.53
E10093,2025-05-27,Logistics,Operations,94509.87
E10094,2025-01-17,Marketing,Marketing,52116.05
E10095,2025-08-16,Technology,Technology,103941.75
E10096,2025-04-20,Operations,Operations,31392.95
E10097,2026-02-18,Marketing,Marketing,92926.69
E10098,2026-04-18,Infrastructure,Technology,36692.89
E10099,2026-03-27,Infrastructure,Technology,123002.4
E10100,2025-04-21,Operations,Operations,31388.87
E10101,2025-12-06,Infrastructure,Technology,44113.37
E10102,2025-08-17,Customer Support,Support,44810.53
E10103,2026-06-06,Logistics,Operations,97054.69
E10104,2026-02-14,Infrastructure,Technology,10953.21
E10105,2025-06-27,Logistics,Operations,115475.1
E10106,2026-03-08,Marketing,Marketing,56806.22
E10107,2026-08-04,Salaries,HR,45800.49
E10108,2025-01-31,Infrastructure,Technology,43602.88
E10109,2026-07-16,Operations,Operations,102629.02
E10110,2026-05-22,Technology,Technology,34874.31
E10111,2025-12-21,Marketing,Marketing,97687.99
E10112,2025-08-06,Salaries,HR,71255.56
E10113,2026-01-21,Operations,Operations,101935.45
E10114,2025-06-07,Technology,Technology,76800.43
E10115,2026-07-13,Marketing,Marketing,147744.98
E10116,2026-04-09,Marketing,Marketing,124029.56
E10117,2025-04-30,Infrastructure,Technology,103860.19
E10118,2025-02-27,Marketing,Marketing,85646.22
E10119,2025-11-10,Salaries,HR,29558.39
E10120,2026-01-20,Marketing,Marketing,52653.28
E10121,2025-11-11,Salaries,HR,143685.47
E10122,2025-12-30,Salaries,HR,15660.89
E10123,2025-03-19,Salaries,HR,105484.37
E10124,2025-01-21,Marketing,Marketing,30616.81
E10125,2025-01-27,Operations,Operations,120129.75
E10126,2025-03-04,Logistics,Operations,44723.93
E10127,2026-07-07,Technology,Technology,29571.34
E10128,2025-08-30,Customer Support,Support,128663.26
E10129,2025-11-05,Logistics,Operations,4977.05
E10130,2026-01-29,Technology,Technology,116570.23
E10131,2026-02-21,Logistics,Operations,97806.17
E10132,2025-02-27,Operations,Operations,109903.09
E10133,2026-05-21,Salaries,HR,119190.32
E10134,2025-03-22,Operations,Operations,127674.09
E10135,2025-09-24,Customer Support,Support,84599.68
E10136,2026-04-17,Infrastructure,Technology,101486.96
E10137,2025-12-14,Infrastructure,Technology,106994.78
E10138,2025-04-22,Marketing,Marketing,82633.82
E10139,2025-07-15,Customer Support,Support,36734.53
E10140,2026-04-04,Infrastructure,Technology,47933.5
E10141,2025-02-15,Infrastructure,Technology,107902.82
E10142,2025-07-25,Customer Support,Support,33857.23
E10143,2026-05-26,Infrastructure,Technology,99408.85
E10144,2025-08-21,Salaries,HR,30492.85
E10145,2026-06-08,Customer Support,Support,9902.82
E10146,2025-02-04,Salaries,HR,149932.19
E10147,2025-03-18,Operations,Operations,114491.95
E10148,2026-07-13,Marketing,Marketing,52315.33
E10149,2026-07-19,Operations,Operations,29653.12
E10150,2026-05-20,Technology,Technology,63939.42
E10151,2025-09-05,Infrastructure,Technology,18365.6
E10152,2025-01-24,Infrastructure,Technology,125044.27
E10153,2025-05-16,Technology,Technology,34271.98
E10154,2026-04-25,Salaries,HR,47315.63
E10155,2025-06-12,Operations,Operations,24249.98
E10156,2026-03-19,Technology,Technology,71065.23
E10157,2026-06-02,Operations,Operations,36440.08
E10158,2026-01-22,Infrastructure,Technology,122209.44
E10159,2025-03-22,Operations,Operations,47439.71
E10160,2025-07-25,Salaries,HR,29771.54
E10161,2026-01-03,Marketing,Marketing,42408.88
E10162,2025-03-15,Technology,Technology,148950.64
E10163,2025-02-11,Salaries,HR,148067.91
E10164,2025-06-10,Infrastructure,Technology,57715.69
E10165,2026-03-01,Customer Support,Support,88703.77
E10166,2025-05-10,Operations,Operations,121790.32
E10167,2025-01-24,Infrastructure,Technology,61798.93
E10168,2026-05-23,Logistics,Operations,59471.08
E10169,2025-05-10,Infrastructure,Technology,75560.32
E10170,2025-06-02,Salaries,HR,138075.99
E10171,2026-06-09,Marketing,Marketing,139642.66
E10172,2025-06-17,Salaries,HR,30764.93
E10173,2026-06-09,Salaries,HR,54398.61
E10174,2025-11-13,Technology,Technology,12131.76
E10175,2025-08-06,Operations,Operations,12126.58
E10176,2025-03-29,Salaries,HR,21047.94
E10177,2026-02-08,Customer Support,Support,149785.97
E10178,2026-07-26,Operations,Operations,105123.05
E10179,2026-04-09,Infrastructure,Technology,131041.38
E10180,2025-12-09,Operations,Operations,46119.12
E10181,2025-04-20,Logistics,Operations,58416.86
E10182,2025-06-13,Customer Support,Support,63863.8
E10183,2025-10-24,Salaries,HR,68197.37
E10184,2026-02-04,Infrastructure,Technology,54153.64
E10185,2025-01-21,Customer Support,Support,29702.33
E10186,2025-07-24,Marketing,Marketing,83966.75
E10187,2026-01-29,Infrastructure,Technology,98236.43
E10188,2026-06-19,Operations,Operations,60609.65
E10189,2026-07-29,Marketing,Marketing,31423.3
E10190,2025-07-28,Customer Support,Support,88716.0
E10191,2025-08-24,Operations,Operations,74212.11
E10192,2026-01-12,Salaries,HR,85864.8
E10193,2026-06-19,Customer Support,Support,18127.13
E10194,2025-11-09,Technology,Technology,91131.29
E10195,2025-01-01,Customer Support,Support,15720.86
E10196,2025-03-26,Logistics,Operations,13054.07
E10197,2026-01-09,Salaries,HR,97189.4
E10198,2025-12-19,Infrastructure,Technology,147216.72
E10199,2025-10-04,Customer Support,Support,11688.17
E10200,2025-10-05,Salaries,HR,4296.26
E10201,2025-10-15,Marketing,Marketing,130644.66
E10202,2025-08-05,Salaries,HR,37536.03
E10203,2025-12-09,Operations,Operations,68374.9
E10204,2026-04-10,Customer Support,Support,138098.19
E10205,2026-03-02,Marketing,Marketing,54907.06
E10206,2025-12-28,Infrastructure,Technology,33747.73
E10207,2026-02-25,Infrastructure,Technology,30053.92
E10208,2026-03-27,Infrastructure,Technology,52765.24
E10209,2025-02-25,Salaries,HR,73748.29
E10210,2025-03-23,Customer Support,Support,95056.58
E10211,2025-10-14,Salaries,HR,34427.66
E10212,2025-12-21,Logistics,Operations,101875.74
E10213,2025-01-05,Technology,Technology,30671.55
E10214,2025-10-17,Technology,Technology,89669.67
E10215,2025-08-31,Technology,Technology,108969.2
E10216,2026-04-10,Technology,Technology,104173.96
E10217,2026-06-11,Technology,Technology,108880.01
E10218,2025-06-11,Operations,Operations,48812.48
E10219,2025-03-04,Marketing,Marketing,82565.54
E10220,2025-01-30,Salaries,HR,33417.39
E10221,2025-12-21,Logistics,Operations,11733.09
E10222,2025-03-29,Customer Support,Support,104999.09
E10223,2025-08-30,Marketing,Marketing,54955.08
E10224,2025-01-28,Infrastructure,Technology,42135.75
E10225,2026-03-29,Salaries,HR,33867.57
E10226,2025-01-19,Infrastructure,Technology,110047.31
E10227,2025-12-27,Marketing,Marketing,77141.84
E10228,2025-12-24,Infrastructure,Technology,26556.28
E10229,2025-03-15,Operations,Operations,4819.78
E10230,2026-07-20,Logistics,Operations,48661.72
E10231,2026-06-05,Technology,Technology,135758.78
E10232,2026-07-06,Operations,Operations,57277.69
E10233,2026-06-22,Salaries,HR,31688.77
E10234,2025-04-14,Customer Support,Support,100415.59
E10235,2026-07-01,Infrastructure,Technology,122058.27
E10236,2025-11-25,Operations,Operations,133250.0
E10237,2025-02-04,Logistics,Operations,13386.65
E10238,2025-07-26,Logistics,Operations,6576.32
E10239,2025-02-05,Marketing,Marketing,114061.4
E10240,2025-04-20,Logistics,Operations,117418.77
E10241,2025-04-25,Operations,Operations,82600.91
E10242,2026-06-29,Technology,Technology,20087.74
E10243,2026-06-17,Logistics,Operations,126195.32
E10244,2026-08-03,Logistics,Operations,133832.27
E10245,2025-07-02,Customer Support,Support,131300.33
E10246,2025-04-13,Marketing,Marketing,83947.04
E10247,2025-08-20,Infrastructure,Technology,83505.36
E10248,2025-08-17,Marketing,Marketing,118921.5
E10249,2026-02-03,Salaries,HR,66096.33
E10250,2026-06-01,Logistics,Operations,89523.34
E10251,2026-01-14,Logistics,Operations,105918.07
E10252,2025-11-08,Operations,Operations,47483.4
E10253,2025-01-03,Technology,Technology,121969.46
E10254,2026-06-27,Marketing,Marketing,23767.34
E10255,2025-07-30,Logistics,Operations,78297.32
E10256,2025-01-13,Technology,Technology,81397.69
E10257,2025-01-16,Technology,Technology,19704.34
E10258,2026-05-04,Operations,Operations,50585.68
E10259,2025-07-10,Logistics,Operations,89987.85
E10260,2025-06-25,Technology,Technology,53782.19
E10261,2025-05-28,Operations,Operations,82875.26
E10262,2025-10-07,Technology,Technology,22273.44
E10263,2025-06-15,Customer Support,Support,130139.09
E10264,2026-04-27,Logistics,Operations,94813.07
E10265,2026-06-07,Salaries,HR,48398.17
E10266,2025-12-07,Operations,Operations,107940.92
E10267,2025-05-22,Logistics,Operations,68634.86
E10268,2025-04-29,Salaries,HR,64845.46
E10269,2026-04-07,Salaries,HR,9645.56
E10270,2026-08-04,Infrastructure,Technology,27456.34
E10271,2025-10-15,Logistics,Operations,94613.78
E10272,2026-02-21,Infrastructure,Technology,101522.65
E10273,2026-03-05,Marketing,Marketing,56690.88
E10274,2026-05-03,Marketing,Marketing,13804.55
E10275,2025-09-05,Marketing,Marketing,22331.28
E10276,2025-10-02,Logistics,Operations,121310.87
E10277,2026-05-07,Technology,Technology,125978.42
E10278,2026-07-03,Infrastructure,Technology,4488.61
E10279,2025-05-15,Marketing,Marketing,49563.06
E10280,2025-09-15,Marketing,Marketing,148449.17
E10281,2026-04-05,Salaries,HR,123686.48
E10282,2025-11-13,Customer Support,Support,30552.74
E10283,2025-03-18,Salaries,HR,76387.89
E10284,2025-03-10,Marketing,Marketing,129076.15
E10285,2025-08-22,Marketing,Marketing,85324.72
E10286,2025-11-29,Customer Support,Support,34835.48
E10287,2025-09-08,Logistics,Operations,133579.4
E10288,2026-02-23,Logistics,Operations,142229.03
E10289,2025-08-27,Salaries,HR,93754.63
E10290,2025-07-15,Technology,Technology,41970.05
E10291,2025-04-16,Salaries,HR,139852.16
E10292,2026-08-05,Infrastructure,Technology,31029.78
E10293,2025-10-22,Logistics,Operations,15883.91
E10294,2026-03-17,Logistics,Operations,66000.33
E10295,2025-10-21,Customer Support,Support,15480.77
E10296,2026-05-24,Logistics,Operations,129244.18
E10297,2025-01-19,Customer Support,Support,36167.45
E10298,2026-03-20,Operations,Operations,24293.87
E10299,2026-03-22,Customer Support,Support,58590.06
E10300,2026-03-03,Infrastructure,Technology,57132.08
E10301,2025-12-31,Customer Support,Support,143250.8
E10302,2025-02-17,Technology,Technology,8816.64
E10303,2026-02-01,Technology,Technology,79097.08
E10304,2026-04-05,Logistics,Operations,133008.65
E10305,2025-12-02,Technology,Technology,71790.06
E10306,2026-01-19,Operations,Operations,108376.13
E10307,2025-03-20,Logistics,Operations,16109.11
E10308,2025-09-18,Salaries,HR,84140.74
E10309,2025-11-01,Marketing,Marketing,82794.21
E10310,2025-03-16,Logistics,Operations,109227.28
E10311,2025-12-26,Infrastructure,Technology,27135.9
E10312,2025-12-11,Customer Support,Support,17739.82
E10313,2025-04-17,Salaries,HR,94794.68
E10314,2025-02-23,Operations,Operations,128409.81
E10315,2025-03-12,Infrastructure,Technology,60878.99
E10316,2026-06-24,Logistics,Operations,133527.83
E10317,2025-09-23,Infrastructure,Technology,143231.74
E10318,2025-09-05,Salaries,HR,109498.74
E10319,2025-05-30,Technology,Technology,86261.64
E10320,2026-04-29,Logistics,Operations,57960.61
E10321,2025-12-27,Marketing,Marketing,119762.91
E10322,2025-06-28,Customer Support,Support,2080.77
E10323,2025-11-15,Marketing,Marketing,128503.99
E10324,2025-06-10,Marketing,Marketing,66443.84
E10325,2025-01-16,Operations,Operations,40732.17
E10326,2025-06-03,Marketing,Marketing,127030.88
E10327,2026-01-21,Customer Support,Support,46296.13
E10328,2025-08-07,Marketing,Marketing,7826.52
E10329,2026-03-10,Marketing,Marketing,8203.39
E10330,2025-10-03,Infrastructure,Technology,76434.0
E10331,2025-03-16,Operations,Operations,116451.67
E10332,2025-08-05,Salaries,HR,28820.61
E10333,2025-04-30,Technology,Technology,117569.85
E10334,2025-05-18,Marketing,Marketing,122315.02
E10335,2026-04-09,Salaries,HR,109949.55
E10336,2026-07-20,Logistics,Operations,136036.33
E10337,2025-08-23,Infrastructure,Technology,100418.04
E10338,2026-01-14,Technology,Technology,3698.18
E10339,2026-06-27,Marketing,Marketing,36558.11
E10340,2026-07-12,Operations,Operations,9436.13
E10341,2025-11-29,Salaries,HR,106962.74
E10342,2025-09-26,Logistics,Operations,104502.96
E10343,2026-01-16,Salaries,HR,99971.27
E10344,2025-09-06,Salaries,HR,75412.09
E10345,2025-08-05,Operations,Operations,97958.14
E10346,2026-02-15,Technology,Technology,70425.17
E10347,2025-08-03,Technology,Technology,79893.42
E10348,2025-08-02,Customer Support,Support,78079.47
E10349,2026-05-01,Customer Support,Support,103395.28
E10350,2025-01-12,Technology,Technology,47866.03
E10351,2026-01-31,Operations,Operations,8191.6
E10352,2026-02-21,Salaries,HR,41540.65
E10353,2025-08-24,Customer Support,Support,73891.86
E10354,2025-05-30,Operations,Operations,31638.3
E10355,2025-10-16,Logistics,Operations,88310.85
E10356,2025-05-09,Infrastructure,Technology,108610.15
E10357,2026-02-13,Customer Support,Support,146017.53
E10358,2026-02-24,Customer Support,Support,20704.69
E10359,2026-07-20,Technology,Technology,83741.13
E10360,2025-11-18,Technology,Technology,76394.97
E10361,2025-11-05,Technology,Technology,126833.05
E10362,2025-03-08,Salaries,HR,31688.82
E10363,2025-06-23,Customer Support,Support,63909.08
E10364,2025-01-22,Technology,Technology,69206.9
E10365,2025-07-01,Customer Support,Support,86095.86
E10366,2025-02-07,Infrastructure,Technology,58536.44
E10367,2026-04-12,Logistics,Operations,86906.93
E10368,2025-11-28,Operations,Operations,114433.94
E10369,2025-11-24,Marketing,Marketing,8384.51
E10370,2026-04-21,Technology,Technology,40315.37
E10371,2026-05-30,Marketing,Marketing,2324.78
E10372,2025-04-13,Customer Support,Support,134315.67
E10373,2025-09-29,Technology,Technology,36897.94
E10374,2025-01-16,Infrastructure,Technology,97910.82
E10375,2026-01-17,Infrastructure,Technology,13530.21
E10376,2025-11-11,Operations,Operations,122354.8
E10377,2026-05-05,Infrastructure,Technology,129143.48
E10378,2025-04-15,Infrastructure,Technology,45254.01
E10379,2025-06-17,Infrastructure,Technology,12992.62
E10380,2025-04-22,Operations,Operations,10376.12
E10381,2026-06-21,Customer Support,Support,13787.57
E10382,2026-03-01,Logistics,Operations,53431.96
E10383,2025-05-11,Logistics,Operations,120449.33
E10384,2025-02-23,Infrastructure,Technology,46752.47
E10385,2026-05-23,Infrastructure,Technology,12821.15
E10386,2025-12-01,Customer Support,Support,148878.7
E10387,2025-05-05,Salaries,HR,120153.39
E10388,2025-08-11,Salaries,HR,63068.32
E10389,2025-07-11,Salaries,HR,72374.5
E10390,2026-03-05,Operations,Operations,147370.73
E10391,2025-10-10,Technology,Technology,41715.14
E10392,2025-05-13,Logistics,Operations,69712.93
E10393,2026-07-19,Infrastructure,Technology,119607.75
E10394,2025-12-14,Logistics,Operations,65139.23
E10395,2026-05-12,Marketing,Marketing,4404.82
E10396,2025-04-23,Infrastructure,Technology,61460.14
E10397,2025-05-28,Operations,Operations,51505.74
E10398,2025-11-22,Technology,Technology,145035.23
E10399,2025-03-23,Technology,Technology,34788.42
E10400,2025-02-20,Logistics,Operations,83410.95
E10401,2026-04-09,Logistics,Operations,61277.9
E10402,2026-02-21,Salaries,HR,52939.4
E10403,2025-03-07,Customer Support,Support,118913.87
E10404,2026-01-28,Salaries,HR,123617.12
E10405,2025-11-07,Infrastructure,Technology,138474.32
E10406,2026-07-12,Marketing,Marketing,52023.34
E10407,2026-02-02,Marketing,Marketing,54696.09
E10408,2025-05-26,Salaries,HR,120972.71
E10409,2026-06-22,Salaries,HR,80085.3
E10410,2025-06-22,Marketing,Marketing,37476.06
E10411,2025-05-25,Customer Support,Support,15745.54
E10412,2026-02-18,Salaries,HR,60062.51
E10413,2025-02-22,Infrastructure,Technology,62862.9
E10414,2025-09-27,Technology,Technology,53211.41
E10415,2025-08-17,Technology,Technology,17848.11
E10416,2025-09-02,Infrastructure,Technology,18335.78
E10417,2025-08-04,Customer Support,Support,102010.08
E10418,2025-05-10,Operations,Operations,132930.39
E10419,2025-12-29,Marketing,Marketing,72390.97
E10420,2025-11-05,Marketing,Marketing,79626.84
E10421,2026-04-12,Logistics,Operations,97872.87
E10422,2025-06-25,Logistics,Operations,2947.51
E10423,2025-03-22,Customer Support,Support,8652.96
E10424,2026-06-17,Infrastructure,Technology,112199.5
E10425,2026-03-12,Logistics,Operations,141768.39
E10426,2026-02-03,Operations,Operations,17995.27
E10427,2026-05-12,Technology,Technology,124341.91
E10428,2025-09-29,Marketing,Marketing,79779.01
E10429,2025-08-17,Marketing,Marketing,80965.98
E10430,2025-06-03,Infrastructure,Technology,18417.05
E10431,2026-03-30,Technology,Technology,96290.36
E10432,2025-05-02,Customer Support,Support,8107.34
E10433,2026-02-07,Logistics,Operations,110306.5
E10434,2026-02-21,Marketing,Marketing,28822.14
E10435,2025-02-03,Logistics,Operations,7014.48
E10436,2025-03-18,Operations,Operations,9615.15
E10437,2025-02-20,Customer Support,Support,89084.62
E10438,2025-07-20,Operations,Operations,107850.01
E10439,2026-03-07,Operations,Operations,60676.72
E10440,2025-12-22,Infrastructure,Technology,28332.57
E10441,2026-05-22,Customer Support,Support,7204.51
E10442,2025-09-04,Marketing,Marketing,81525.22
E10443,2025-08-14,Customer Support,Support,27972.87
E10444,2025-12-25,Operations,Operations,101715.12
E10445,2025-02-08,Infrastructure,Technology,111674.68
E10446,2026-05-17,Salaries,HR,10221.43
E10447,2025-09-22,Infrastructure,Technology,135872.54
E10448,2025-11-26,Logistics,Operations,28707.17
E10449,2025-02-28,Salaries,HR,100940.84
E10450,2026-03-19,Logistics,Operations,119070.51
E10451,2025-04-11,Customer Support,Support,9890.93
E10452,2025-06-12,Customer Support,Support,65808.18
E10453,2026-04-25,Salaries,HR,144702.21
E10454,2025-10-21,Customer Support,Support,105575.99
E10455,2025-08-06,Infrastructure,Technology,14605.94
E10456,2026-02-14,Marketing,Marketing,54449.5
E10457,2025-06-25,Technology,Technology,88814.29
E10458,2026-04-10,Logistics,Operations,29305.99
E10459,2025-06-18,Marketing,Marketing,125292.45
E10460,2026-06-21,Customer Support,Support,50317.45
E10461,2026-06-30,Marketing,Marketing,141358.74
E10462,2026-04-24,Customer Support,Support,52496.21
E10463,2026-06-29,Marketing,Marketing,87216.69
E10464,2025-02-25,Operations,Operations,113119.2
E10465,2026-01-17,Operations,Operations,114976.67
E10466,2026-02-11,Operations,Operations,58401.52
E10467,2025-02-10,Salaries,HR,18742.01
E10468,2025-09-07,Infrastructure,Technology,56179.58
E10469,2025-03-31,Marketing,Marketing,71410.12
E10470,2026-02-28,Operations,Operations,126007.62
E10471,2025-06-07,Infrastructure,Technology,31267.49
E10472,2025-06-06,Salaries,HR,38890.66
E10473,2025-11-26,Logistics,Operations,146897.01
E10474,2025-07-09,Customer Support,Support,34753.78
E10475,2026-02-09,Salaries,HR,2048.41
E10476,2025-07-07,Infrastructure,Technology,123829.12
E10477,2025-05-20,Salaries,HR,89864.73
E10478,2025-04-10,Customer Support,Support,94209.83
E10479,2025-02-13,Infrastructure,Technology,120424.65
E10480,2026-06-23,Technology,Technology,24858.9
E10481,2026-02-10,Infrastructure,Technology,104194.54
E10482,2025-01-15,Customer Support,Support,78300.43
E10483,2025-09-11,Logistics,Operations,10941.32
E10484,2026-08-06,Marketing,Marketing,110963.37
E10485,2026-05-14,Technology,Technology,7562.16
E10486,2025-07-01,Salaries,HR,97251.98
E10487,2025-06-10,Salaries,HR,32518.78
E10488,2025-09-09,Technology,Technology,135887.88
E10489,2026-05-27,Marketing,Marketing,11809.46
E10490,2026-05-09,Salaries,HR,72116.13
E10491,2025-05-07,Infrastructure,Technology,149021.82
E10492,2025-03-23,Logistics,Operations,120802.4
E10493,2026-05-10,Salaries,HR,123490.08
E10494,2025-02-24,Salaries,HR,129427.25
E10495,2026-02-25,Technology,Technology,132402.68
E10496,2026-04-16,Logistics,Operations,103471.16
E10497,2026-07-09,Logistics,Operations,145658.18
E10498,2026-07-28,Logistics,Operations,101556.27
E10499,2025-03-09,Logistics,Operations,108096.27
E10500,2026-04-27,Technology,Technology,144829.35
E10501,2025-04-19,Marketing,Marketing,55970.55
E10502,2025-07-09,Technology,Technology,5875.05
E10503,2025-04-19,Operations,Operations,81783.48
E10504,2026-01-10,Salaries,HR,75048.35
E10505,2026-01-07,Customer Support,Support,46925.03
E10506,2026-01-25,Infrastructure,Technology,129958.16
E10507,2025-07-23,Customer Support,Support,42228.44
E10508,2025-03-20,Customer Support,Support,72687.28
E10509,2025-12-22,Salaries,HR,65133.01
E10510,2026-06-08,Technology,Technology,29103.13
E10511,2026-01-19,Marketing,Marketing,116549.06
E10512,2025-01-27,Logistics,Operations,130625.53
E10513,2025-03-03,Operations,Operations,70340.12
E10514,2026-06-12,Marketing,Marketing,30155.11
E10515,2025-10-10,Salaries,HR,87580.06
E10516,2026-03-31,Technology,Technology,29309.89
E10517,2025-09-08,Customer Support,Support,78128.04
E10518,2026-03-24,Technology,Technology,32940.03
E10519,2025-02-26,Technology,Technology,131437.44
E10520,2025-06-25,Logistics,Operations,125828.36
E10521,2026-01-30,Operations,Operations,11547.04
E10522,2025-02-16,Logistics,Operations,65950.62
E10523,2025-05-15,Operations,Operations,27278.31
E10524,2025-05-04,Marketing,Marketing,90472.51
E10525,2026-04-21,Salaries,HR,40541.48
E10526,2025-07-15,Technology,Technology,142409.53
E10527,2025-09-04,Salaries,HR,38161.77
E10528,2026-01-26,Marketing,Marketing,40269.92
E10529,2025-07-25,Customer Support,Support,139097.76
E10530,2026-05-14,Logistics,Operations,103557.76
E10531,2026-07-23,Operations,Operations,103804.31
E10532,2025-02-14,Logistics,Operations,2475.42
E10533,2025-08-15,Logistics,Operations,59058.73
E10534,2026-01-30,Infrastructure,Technology,5553.05
E10535,2025-02-26,Technology,Technology,101587.71
E10536,2026-08-02,Logistics,Operations,91258.27
E10537,2025-04-18,Operations,Operations,88259.16
E10538,2025-07-13,Technology,Technology,120911.73
E10539,2025-02-16,Technology,Technology,93597.59
E10540,2026-07-06,Customer Support,Support,29302.87
E10541,2025-07-15,Logistics,Operations,2952.2
E10542,2026-07-22,Customer Support,Support,102017.73
E10543,2026-07-09,Salaries,HR,80201.25
E10544,2025-02-18,Customer Support,Support,67853.15
E10545,2026-04-03,Operations,Operations,135878.2
E10546,2025-05-22,Salaries,HR,94274.93
E10547,2026-06-02,Customer Support,Support,114069.66
E10548,2026-04-15,Salaries,HR,51275.56
E10549,2026-04-18,Customer Support,Support,130421.22
E10550,2025-12-21,Logistics,Operations,92046.01
E10551,2026-07-05,Operations,Operations,84927.67
E10552,2026-02-01,Marketing,Marketing,6832.5
E10553,2025-11-12,Operations,Operations,89160.88
E10554,2026-05-06,Customer Support,Support,6542.92
E10555,2026-07-10,Infrastructure,Technology,129930.67
E10556,2026-01-29,Infrastructure,Technology,91802.76
E10557,2026-01-27,Marketing,Marketing,115322.07
E10558,2025-11-26,Operations,Operations,148232.29
E10559,2025-12-15,Operations,Operations,120036.24
E10560,2026-05-24,Technology,Technology,105507.46
E10561,2026-04-03,Logistics,Operations,58234.7
E10562,2025-02-01,Logistics,Operations,51147.39
E10563,2025-09-01,Customer Support,Support,112665.61
E10564,2025-08-27,Marketing,Marketing,79083.8
E10565,2026-05-24,Logistics,Operations,114346.17
E10566,2026-01-17,Technology,Technology,29090.95
E10567,2026-02-04,Operations,Operations,76507.1
E10568,2025-07-10,Salaries,HR,36743.25
E10569,2025-06-24,Technology,Technology,108023.82
E10570,2026-08-05,Logistics,Operations,67191.88
E10571,2026-03-29,Salaries,HR,29902.91
E10572,2025-03-14,Marketing,Marketing,71418.04
E10573,2026-06-26,Marketing,Marketing,48344.96
E10574,2025-08-13,Customer Support,Support,55257.07
E10575,2025-03-27,Technology,Technology,101700.84
E10576,2026-01-15,Operations,Operations,117137.8
E10577,2025-12-05,Salaries,HR,82209.13
E10578,2025-04-13,Marketing,Marketing,70036.24
E10579,2026-04-27,Customer Support,Support,5022.44
E10580,2025-02-10,Infrastructure,Technology,137087.59
E10581,2026-02-02,Logistics,Operations,40109.35
E10582,2026-07-04,Logistics,Operations,93356.52
E10583,2026-02-19,Logistics,Operations,90929.2
E10584,2025-11-12,Salaries,HR,118558.72
E10585,2026-01-17,Technology,Technology,25651.51
E10586,2025-03-03,Operations,Operations,26219.95
E10587,2026-04-25,Marketing,Marketing,71546.39
E10588,2026-07-29,Salaries,HR,5983.9
E10589,2025-11-21,Salaries,HR,113347.82
E10590,2026-08-01,Salaries,HR,6936.36
E10591,2026-06-03,Operations,Operations,100763.69
E10592,2025-06-26,Infrastructure,Technology,79380.44
E10593,2025-03-01,Technology,Technology,99968.52
E10594,2025-09-21,Customer Support,Support,91669.07
E10595,2025-07-20,Customer Support,Support,95088.87
E10596,2025-11-14,Marketing,Marketing,126748.74
E10597,2025-04-16,Technology,Technology,27291.15
E10598,2026-06-30,Marketing,Marketing,134873.8
E10599,2025-07-10,Infrastructure,Technology,37846.37
E10600,2026-07-03,Customer Support,Support,34745.97
E10601,2026-02-02,Operations,Operations,131348.37
E10602,2025-06-02,Marketing,Marketing,29712.43
E10603,2025-07-23,Customer Support,Support,28065.8
E10604,2025-12-29,Salaries,HR,135401.3
E10605,2025-07-15,Customer Support,Support,53011.2
E10606,2026-07-23,Customer Support,Support,20524.84
E10607,2025-02-24,Marketing,Marketing,144999.77
E10608,2026-01-15,Customer Support,Support,144380.94
E10609,2026-07-12,Logistics,Operations,16904.12
E10610,2025-05-19,Operations,Operations,92429.1
E10611,2026-03-08,Marketing,Marketing,100984.26
E10612,2026-03-08,Technology,Technology,141347.16
E10613,2025-01-12,Infrastructure,Technology,16439.17
E10614,2026-01-20,Marketing,Marketing,5344.03
E10615,2025-02-12,Salaries,HR,96548.85
E10616,2026-06-11,Technology,Technology,112035.88
E10617,2025-08-25,Marketing,Marketing,69491.87
E10618,2025-03-07,Marketing,Marketing,23433.13
E10619,2025-04-26,Technology,Technology,35262.69
E10620,2025-10-02,Customer Support,Support,146423.69
E10621,2025-09-19,Technology,Technology,127106.03
E10622,2026-06-26,Logistics,Operations,104919.51
E10623,2025-05-01,Technology,Technology,51251.92
E10624,2025-03-29,Operations,Operations,82145.83
E10625,2025-02-21,Technology,Technology,38754.25
E10626,2026-07-13,Technology,Technology,59412.96
E10627,2026-07-16,Marketing,Marketing,147262.68
E10628,2026-05-05,Infrastructure,Technology,12345.38
E10629,2026-04-27,Infrastructure,Technology,135673.29
E10630,2026-06-26,Infrastructure,Technology,4631.16
E10631,2025-12-16,Logistics,Operations,147425.41
E10632,2026-04-03,Marketing,Marketing,69855.43
E10633,2025-05-11,Customer Support,Support,127248.05
E10634,2025-03-05,Salaries,HR,43437.54
E10635,2025-04-29,Operations,Operations,56158.03
E10636,2026-04-23,Logistics,Operations,143590.75
E10637,2026-07-14,Logistics,Operations,95547.79
E10638,2025-11-09,Logistics,Operations,110439.01
E10639,2025-04-09,Marketing,Marketing,18644.76
E10640,2025-09-01,Marketing,Marketing,101873.02
E10641,2026-06-15,Operations,Operations,73635.37
E10642,2025-01-22,Logistics,Operations,108056.9
E10643,2026-04-13,Technology,Technology,91010.99
E10644,2025-10-09,Logistics,Operations,94319.74
E10645,2026-05-05,Technology,Technology,111405.39
E10646,2026-06-25,Salaries,HR,134800.3
E10647,2025-10-20,Operations,Operations,2609.23
E10648,2026-03-02,Marketing,Marketing,46991.51
E10649,2025-01-22,Logistics,Operations,103488.54
E10650,2026-08-01,Operations,Operations,69520.87
E10651,2025-03-03,Technology,Technology,65752.66
E10652,2026-02-10,Operations,Operations,123938.33
E10653,2025-11-08,Marketing,Marketing,110287.24
E10654,2025-10-16,Marketing,Marketing,106070.98
E10655,2026-08-06,Infrastructure,Technology,147962.82
E10656,2026-07-30,Salaries,HR,89646.48
E10657,2025-05-24,Operations,Operations,100111.8
E10658,2026-02-21,Salaries,HR,38349.99
E10659,2026-04-18,Customer Support,Support,128708.15
E10660,2026-02-11,Salaries,HR,137285.51
E10661,2025-07-21,Logistics,Operations,45791.78
E10662,2026-03-31,Marketing,Marketing,48190.82
E10663,2025-11-23,Marketing,Marketing,78541.47
E10664,2026-07-18,Customer Support,Support,80995.43
E10665,2025-04-23,Customer Support,Support,97430.05
E10666,2025-03-23,Customer Support,Support,31981.08
E10667,2025-11-26,Infrastructure,Technology,62311.13
E10668,2025-04-08,Salaries,HR,90678.62
E10669,2025-07-16,Marketing,Marketing,44272.6
E10670,2026-07-03,Marketing,Marketing,75866.84
E10671,2026-06-05,Infrastructure,Technology,115503.08
E10672,2025-08-17,Salaries,HR,44465.06
E10673,2025-08-20,Technology,Technology,77898.13
E10674,2025-11-30,Logistics,Operations,24654.82
E10675,2025-07-02,Customer Support,Support,47748.19
E10676,2026-07-06,Customer Support,Support,27377.01
E10677,2025-11-21,Technology,Technology,139391.65
E10678,2025-12-21,Infrastructure,Technology,60538.68
E10679,2025-05-12,Customer Support,Support,111627.98
E10680,2026-05-07,Technology,Technology,21995.22
E10681,2026-03-21,Marketing,Marketing,2042.83
E10682,2026-06-22,Logistics,Operations,11476.18
E10683,2025-12-25,Marketing,Marketing,137228.38
E10684,2026-05-02,Salaries,HR,47604.53
E10685,2025-03-01,Salaries,HR,46150.52
E10686,2026-07-11,Marketing,Marketing,106825.45
E10687,2026-04-02,Salaries,HR,135970.38
E10688,2025-10-03,Marketing,Marketing,21102.86
E10689,2025-12-24,Technology,Technology,86564.46
E10690,2026-05-22,Technology,Technology,89053.18
E10691,2025-09-30,Logistics,Operations,119576.94
E10692,2025-07-31,Customer Support,Support,145412.24
E10693,2025-03-16,Marketing,Marketing,142903.04
E10694,2026-02-14,Salaries,HR,148024.09
E10695,2025-12-07,Salaries,HR,125383.81
E10696,2026-05-05,Logistics,Operations,70372.72
E10697,2026-05-07,Customer Support,Support,85063.65
E10698,2026-06-15,Marketing,Marketing,90070.78
E10699,2025-04-02,Customer Support,Support,111588.26
E10700,2025-04-10,Marketing,Marketing,37676.42
E10701,2025-01-12,Salaries,HR,21066.81
E10702,2026-05-23,Customer Support,Support,135919.75
E10703,2026-02-05,Marketing,Marketing,116977.22
E10704,2026-04-18,Logistics,Operations,50497.02
E10705,2025-02-09,Logistics,Operations,90004.0
E10706,2025-05-01,Salaries,HR,130275.98
E10707,2025-03-03,Technology,Technology,105815.29
E10708,2025-04-16,Infrastructure,Technology,59985.17
E10709,2025-12-28,Infrastructure,Technology,6562.62
E10710,2025-08-25,Operations,Operations,2303.25
E10711,2026-07-17,Technology,Technology,57751.71
E10712,2025-05-30,Customer Support,Support,90993.09
E10713,2026-06-19,Customer Support,Support,78917.07
E10714,2025-11-10,Technology,Technology,102700.79
E10715,2025-05-15,Logistics,Operations,57471.47
E10716,2025-06-13,Operations,Operations,106764.36
E10717,2025-09-09,Customer Support,Support,118967.53
E10718,2026-06-13,Technology,Technology,42261.47
E10719,2025-07-01,Logistics,Operations,96171.83
E10720,2026-03-27,Operations,Operations,149714.4
E10721,2025-03-10,Technology,Technology,49003.73
E10722,2026-03-25,Technology,Technology,42407.83
E10723,2026-05-03,Marketing,Marketing,92756.78
E10724,2025-10-01,Logistics,Operations,40025.13
E10725,2025-02-14,Salaries,HR,9417.75
E10726,2026-03-01,Infrastructure,Technology,75915.62
E10727,2025-03-09,Logistics,Operations,63160.32
E10728,2025-01-05,Marketing,Marketing,100419.99
E10729,2026-08-06,Salaries,HR,9649.86
E10730,2026-07-08,Infrastructure,Technology,57348.01
E10731,2025-10-30,Infrastructure,Technology,122744.13
E10732,2025-10-28,Technology,Technology,74019.26
E10733,2025-08-26,Operations,Operations,124544.87
E10734,2026-06-17,Customer Support,Support,92406.45
E10735,2026-04-12,Salaries,HR,103272.65
E10736,2025-07-14,Customer Support,Support,32291.16
E10737,2025-07-06,Operations,Operations,92710.56
E10738,2026-03-01,Customer Support,Support,27299.75
E10739,2026-03-28,Logistics,Operations,122653.27
E10740,2026-05-28,Salaries,HR,25751.52
E10741,2025-04-25,Customer Support,Support,145443.97
E10742,2025-12-06,Customer Support,Support,81308.68
E10743,2025-10-14,Customer Support,Support,52579.76
E10744,2026-06-03,Customer Support,Support,12696.16
E10745,2026-01-15,Salaries,HR,86864.27
E10746,2025-02-25,Technology,Technology,41058.2
E10747,2025-07-24,Operations,Operations,41398.44
E10748,2025-06-13,Technology,Technology,99378.74
E10749,2026-04-13,Operations,Operations,8055.9
E10750,2025-05-25,Marketing,Marketing,77932.65
E10751,2025-06-16,Marketing,Marketing,91439.16
E10752,2026-01-14,Technology,Technology,77516.8
E10753,2026-07-14,Technology,Technology,52979.57
E10754,2026-03-14,Operations,Operations,26222.88
E10755,2025-02-03,Operations,Operations,77857.03
E10756,2025-05-17,Marketing,Marketing,113875.49
E10757,2025-02-21,Technology,Technology,34766.72
E10758,2025-11-11,Technology,Technology,87981.63
E10759,2025-12-09,Infrastructure,Technology,81309.81
E10760,2025-07-10,Logistics,Operations,65572.7
E10761,2026-04-21,Logistics,Operations,119113.22
E10762,2025-05-30,Operations,Operations,19126.5
E10763,2026-01-01,Salaries,HR,106183.01
E10764,2026-08-05,Customer Support,Support,72625.21
E10765,2025-01-13,Technology,Technology,118255.96
E10766,2026-07-19,Marketing,Marketing,93845.45
E10767,2025-02-19,Technology,Technology,125714.55
E10768,2026-08-02,Logistics,Operations,83425.85
E10769,2025-03-23,Infrastructure,Technology,9594.45
E10770,2025-01-03,Operations,Operations,90585.54
E10771,2026-06-02,Customer Support,Support,58596.6
E10772,2025-01-31,Operations,Operations,14794.87
E10773,2025-06-20,Operations,Operations,45702.28
E10774,2025-09-21,Infrastructure,Technology,65005.75
E10775,2026-03-24,Infrastructure,Technology,66795.48
E10776,2026-05-23,Salaries,HR,118791.67
E10777,2025-04-05,Salaries,HR,91976.83
E10778,2025-03-26,Marketing,Marketing,65319.39
E10779,2025-07-24,Customer Support,Support,11059.2
E10780,2025-03-08,Operations,Operations,68319.97
E10781,2026-03-21,Infrastructure,Technology,17252.11
E10782,2026-04-01,Infrastructure,Technology,73360.14
E10783,2026-05-24,Customer Support,Support,23033.98
E10784,2026-01-10,Infrastructure,Technology,8328.65
E10785,2026-04-27,Operations,Operations,138971.82
E10786,2026-06-27,Marketing,Marketing,114696.07
E10787,2026-02-17,Marketing,Marketing,68736.15
E10788,2026-04-30,Customer Support,Support,72247.49
E10789,2026-06-06,Operations,Operations,129752.73
E10790,2025-06-01,Customer Support,Support,29545.49
E10791,2025-08-10,Operations,Operations,105220.24
E10792,2026-03-23,Technology,Technology,85872.65
E10793,2025-01-19,Customer Support,Support,11573.87
E10794,2026-08-02,Marketing,Marketing,131121.65
E10795,2026-06-07,Marketing,Marketing,31526.37
E10796,2025-03-11,Logistics,Operations,147782.82
E10797,2025-07-12,Infrastructure,Technology,67218.69
E10798,2025-12-21,Infrastructure,Technology,130915.37
E10799,2025-09-22,Salaries,HR,15351.69
E10800,2025-11-08,Infrastructure,Technology,63657.26
E10801,2025-08-05,Logistics,Operations,137454.51
E10802,2025-03-14,Infrastructure,Technology,71553.5
E10803,2026-06-11,Logistics,Operations,10251.08
E10804,2026-06-02,Operations,Operations,149748.36
E10805,2026-07-13,Infrastructure,Technology,49810.84
E10806,2026-07-14,Marketing,Marketing,68876.46
E10807,2025-01-21,Infrastructure,Technology,125455.11
E10808,2025-03-29,Marketing,Marketing,82186.2
E10809,2026-07-17,Marketing,Marketing,4223.51
E10810,2025-02-26,Customer Support,Support,91091.55
E10811,2026-01-27,Customer Support,Support,124911.11
E10812,2025-12-14,Operations,Operations,15781.14
E10813,2025-10-03,Marketing,Marketing,61137.01
E10814,2026-04-26,Customer Support,Support,42294.93
E10815,2026-07-09,Infrastructure,Technology,18487.39
E10816,2025-01-02,Logistics,Operations,82305.0
E10817,2025-10-24,Technology,Technology,74809.5
E10818,2025-06-12,Marketing,Marketing,79661.77
E10819,2025-07-13,Technology,Technology,89786.39
E10820,2026-06-11,Salaries,HR,90549.04
E10821,2025-09-24,Customer Support,Support,43776.01
E10822,2025-07-22,Marketing,Marketing,121711.15
E10823,2026-01-31,Operations,Operations,15972.26
E10824,2025-10-31,Logistics,Operations,41182.43
E10825,2026-02-10,Infrastructure,Technology,75400.01
E10826,2025-06-23,Salaries,HR,80312.21
E10827,2025-02-04,Customer Support,Support,79166.07
E10828,2025-05-30,Customer Support,Support,38353.81
E10829,2025-12-26,Infrastructure,Technology,138233.44
E10830,2025-02-03,Marketing,Marketing,9891.7
E10831,2025-10-07,Logistics,Operations,130616.08
E10832,2025-01-21,Technology,Technology,12056.4
E10833,2025-10-24,Infrastructure,Technology,146081.65
E10834,2025-05-14,Operations,Operations,94101.29
E10835,2025-09-27,Infrastructure,Technology,119944.65
E10836,2025-07-26,Operations,Operations,133412.94
E10837,2025-02-22,Customer Support,Support,33758.29
E10838,2025-10-26,Marketing,Marketing,143022.17
E10839,2026-07-21,Infrastructure,Technology,3936.22
E10840,2025-03-23,Logistics,Operations,24464.13
E10841,2025-06-02,Operations,Operations,51118.82
E10842,2025-02-01,Salaries,HR,19787.01
E10843,2025-11-15,Salaries,HR,87307.06
E10844,2025-06-21,Marketing,Marketing,84821.38
E10845,2025-08-08,Infrastructure,Technology,32993.82
E10846,2026-06-25,Technology,Technology,116475.86
E10847,2025-08-29,Operations,Operations,46709.41
E10848,2025-06-02,Marketing,Marketing,148114.63
E10849,2026-03-31,Marketing,Marketing,59101.46
E10850,2026-06-02,Technology,Technology,6024.26
E10851,2026-03-21,Salaries,HR,124090.88
E10852,2026-04-22,Marketing,Marketing,118101.84
E10853,2025-07-04,Marketing,Marketing,36733.55
E10854,2026-02-28,Logistics,Operations,108684.42
E10855,2025-11-18,Logistics,Operations,63985.33
E10856,2026-04-27,Infrastructure,Technology,137968.24
E10857,2026-01-11,Operations,Operations,24439.65
E10858,2026-01-14,Logistics,Operations,105175.46
E10859,2026-01-25,Logistics,Operations,7383.06
E10860,2026-01-14,Operations,Operations,20692.57
E10861,2026-04-20,Salaries,HR,35582.67
E10862,2025-09-26,Salaries,HR,83772.54
E10863,2026-05-26,Salaries,HR,28472.42
E10864,2026-01-17,Salaries,HR,72392.86
E10865,2026-06-13,Operations,Operations,6929.39
E10866,2025-10-18,Customer Support,Support,137491.68
E10867,2026-04-06,Infrastructure,Technology,10869.07
E10868,2025-08-16,Salaries,HR,17649.84
E10869,2025-03-16,Salaries,HR,109503.29
E10870,2025-08-31,Marketing,Marketing,112347.37
E10871,2025-02-17,Technology,Technology,39495.91
E10872,2025-03-17,Logistics,Operations,94405.56
E10873,2025-09-05,Infrastructure,Technology,32096.23
E10874,2025-09-19,Infrastructure,Technology,40324.65
E10875,2025-02-16,Infrastructure,Technology,85316.2
E10876,2025-04-20,Technology,Technology,94817.07
E10877,2025-06-06,Marketing,Marketing,122002.45
E10878,2026-04-18,Salaries,HR,25510.41
E10879,2026-01-09,Salaries,HR,67034.37
E10880,2025-01-24,Technology,Technology,115983.69
E10881,2026-02-26,Customer Support,Support,147996.72
E10882,2026-05-23,Salaries,HR,119020.99
E10883,2025-04-14,Logistics,Operations,104742.11
E10884,2025-04-12,Infrastructure,Technology,61830.52
E10885,2025-11-06,Technology,Technology,95498.67
E10886,2026-06-29,Marketing,Marketing,12458.26
E10887,2025-04-24,Salaries,HR,96963.3
E10888,2026-08-04,Infrastructure,Technology,124337.22
E10889,2025-09-30,Marketing,Marketing,91499.21
E10890,2025-01-12,Technology,Technology,53619.33
E10891,2025-12-27,Infrastructure,Technology,41725.51
E10892,2025-04-21,Technology,Technology,114504.7
E10893,2026-06-13,Salaries,HR,58361.42
E10894,2025-09-01,Logistics,Operations,54428.33
E10895,2026-03-21,Logistics,Operations,27275.29
E10896,2025-11-06,Technology,Technology,77705.84
E10897,2025-07-13,Salaries,HR,69599.03
E10898,2025-07-17,Technology,Technology,73173.25
E10899,2025-07-27,Operations,Operations,12251.64
E10900,2025-09-04,Infrastructure,Technology,16964.16
E10901,2025-09-28,Technology,Technology,42196.55
E10902,2025-07-20,Technology,Technology,140364.54
E10903,2026-02-19,Salaries,HR,146844.43
E10904,2025-09-23,Infrastructure,Technology,123438.22
E10905,2025-10-23,Technology,Technology,146089.11
E10906,2026-05-24,Infrastructure,Technology,88823.46
E10907,2026-05-29,Technology,Technology,49375.39
E10908,2025-07-30,Infrastructure,Technology,46327.07
E10909,2026-01-25,Marketing,Marketing,146077.76
E10910,2025-11-02,Operations,Operations,52169.88
E10911,2026-06-10,Marketing,Marketing,44104.27
E10912,2025-07-11,Operations,Operations,108903.5
E10913,2026-01-02,Logistics,Operations,127981.94
E10914,2026-02-14,Customer Support,Support,67590.58
E10915,2026-05-05,Operations,Operations,74061.07
E10916,2026-07-12,Marketing,Marketing,60511.05
E10917,2025-07-12,Infrastructure,Technology,87994.31
E10918,2026-06-15,Salaries,HR,135430.49
E10919,2026-05-23,Operations,Operations,2571.44
E10920,2025-08-17,Logistics,Operations,146863.14
E10921,2026-06-16,Technology,Technology,106624.03
E10922,2025-04-22,Logistics,Operations,40115.14
E10923,2025-09-09,Marketing,Marketing,127951.71
E10924,2025-08-27,Salaries,HR,127700.31
E10925,2025-03-06,Marketing,Marketing,91404.14
E10926,2025-04-16,Customer Support,Support,108539.17
E10927,2025-01-16,Infrastructure,Technology,12516.52
E10928,2025-02-02,Logistics,Operations,147786.61
E10929,2025-02-11,Infrastructure,Technology,69404.34
E10930,2026-06-12,Logistics,Operations,20597.4
E10931,2025-02-07,Customer Support,Support,136709.32
E10932,2025-11-29,Customer Support,Support,26452.66
E10933,2026-03-18,Operations,Operations,81180.19
E10934,2025-07-19,Technology,Technology,143872.18
E10935,2026-03-07,Infrastructure,Technology,140462.95
E10936,2026-06-13,Marketing,Marketing,27456.89
E10937,2025-03-27,Technology,Technology,55118.37
E10938,2025-04-12,Infrastructure,Technology,22461.85
E10939,2025-03-26,Technology,Technology,98669.92
E10940,2026-05-13,Operations,Operations,2883.23
E10941,2025-01-05,Technology,Technology,9747.42
E10942,2026-01-18,Customer Support,Support,17415.54
E10943,2025-01-02,Customer Support,Support,12412.06
E10944,2026-06-21,Technology,Technology,18829.91
E10945,2026-07-27,Marketing,Marketing,25145.53
E10946,2025-05-15,Salaries,HR,106528.45
E10947,2025-02-25,Logistics,Operations,73543.99
E10948,2025-09-21,Marketing,Marketing,76532.16
E10949,2026-06-05,Operations,Operations,34057.53
E10950,2026-06-11,Marketing,Marketing,126362.24
E10951,2025-09-28,Operations,Operations,135598.99
E10952,2025-06-19,Technology,Technology,16359.2
E10953,2026-04-12,Technology,Technology,80224.67
E10954,2026-06-07,Logistics,Operations,25544.52
E10955,2026-07-27,Customer Support,Support,20595.57
E10956,2026-06-12,Technology,Technology,36496.14
E10957,2025-01-17,Customer Support,Support,58176.47
E10958,2025-10-08,Technology,Technology,8554.73
E10959,2025-05-19,Customer Support,Support,52534.82
E10960,2026-01-25,Infrastructure,Technology,113370.68
E10961,2026-07-04,Marketing,Marketing,51246.51
E10962,2026-02-07,Marketing,Marketing,119528.34
E10963,2026-03-02,Marketing,Marketing,84050.19
E10964,2026-03-23,Operations,Operations,130972.08
E10965,2025-12-21,Logistics,Operations,43978.95
E10966,2026-06-17,Marketing,Marketing,65932.71
E10967,2026-04-06,Operations,Operations,94718.93
E10968,2025-07-25,Salaries,HR,124903.64
E10969,2026-04-26,Customer Support,Support,37841.45
E10970,2025-02-06,Marketing,Marketing,94706.4
E10971,2025-08-09,Salaries,HR,13526.25
E10972,2025-08-05,Salaries,HR,63875.76
E10973,2025-05-08,Infrastructure,Technology,82279.26
E10974,2026-02-16,Technology,Technology,128473.26
E10975,2026-07-30,Technology,Technology,35962.09
E10976,2026-03-22,Infrastructure,Technology,51102.6
E10977,2026-06-02,Salaries,HR,112686.27
E10978,2026-08-04,Salaries,HR,3478.18
E10979,2026-05-31,Salaries,HR,71579.93
E10980,2025-10-29,Infrastructure,Technology,102569.92
E10981,2025-04-14,Infrastructure,Technology,46423.87
E10982,2026-05-14,Customer Support,Support,85390.09
E10983,2026-03-26,Customer Support,Support,2257.81
E10984,2025-03-25,Salaries,HR,139688.61
E10985,2025-08-27,Customer Support,Support,56265.36
E10986,2026-06-02,Technology,Technology,86633.41
E10987,2025-05-12,Infrastructure,Technology,142904.13
E10988,2025-09-26,Salaries,HR,119876.03
E10989,2026-03-04,Marketing,Marketing,103879.92
E10990,2025-09-03,Customer Support,Support,13682.78
E10991,2026-06-21,Marketing,Marketing,67030.66
E10992,2026-05-24,Customer Support,Support,21669.75
E10993,2025-07-02,Technology,Technology,107463.81
E10994,2026-06-28,Infrastructure,Technology,10852.42
E10995,2026-08-06,Infrastructure,Technology,43295.65
E10996,2025-12-24,Marketing,Marketing,85777.63
E10997,2025-11-11,Customer Support,Support,99877.1
E10998,2026-03-27,Technology,Technology,102982.62
E10999,2025-07-16,Salaries,HR,33584.97
E11000,2026-07-01,Infrastructure,Technology,59231.46
E11001,2025-06-28,Salaries,HR,52860.24
E11002,2025-08-28,Logistics,Operations,23926.31
E11003,2025-09-11,Technology,Technology,52116.13
E11004,2025-07-26,Customer Support,Support,75401.31
E11005,2026-02-21,Logistics,Operations,80421.14
E11006,2025-08-06,Technology,Technology,111463.56
E11007,2025-01-18,Technology,Technology,6839.9
E11008,2025-07-16,Marketing,Marketing,44582.59
E11009,2025-10-22,Technology,Technology,23627.65
E11010,2025-08-28,Customer Support,Support,32414.77
E11011,2026-05-18,Operations,Operations,140529.92
E11012,2025-03-05,Salaries,HR,141119.17
E11013,2025-09-13,Customer Support,Support,57934.47
E11014,2025-11-19,Customer Support,Support,28640.6
E11015,2025-12-18,Salaries,HR,75991.6
E11016,2025-11-22,Logistics,Operations,22732.52
E11017,2025-10-11,Logistics,Operations,102228.45
E11018,2026-01-06,Salaries,HR,65616.89
E11019,2026-04-21,Marketing,Marketing,12787.73
E11020,2025-06-23,Logistics,Operations,143937.78
E11021,2025-05-19,Customer Support,Support,86200.29
E11022,2026-02-17,Technology,Technology,19757.52
E11023,2025-12-08,Salaries,HR,58377.99
E11024,2025-08-07,Customer Support,Support,94595.81
E11025,2026-06-21,Operations,Operations,28350.83
E11026,2025-09-05,Marketing,Marketing,71942.93
E11027,2025-12-17,Infrastructure,Technology,101360.9
E11028,2026-05-18,Technology,Technology,45029.08
E11029,2025-12-08,Customer Support,Support,64259.39
E11030,2026-05-08,Infrastructure,Technology,46440.09
E11031,2025-09-11,Operations,Operations,101644.57
E11032,2026-04-06,Salaries,HR,138744.67
E11033,2025-09-09,Operations,Operations,119719.02
E11034,2025-01-24,Customer Support,Support,13585.98
E11035,2025-08-26,Logistics,Operations,67304.26
E11036,2025-07-11,Salaries,HR,141271.45
E11037,2025-04-27,Operations,Operations,89651.79
E11038,2025-06-28,Logistics,Operations,122581.92
E11039,2026-05-28,Customer Support,Support,99360.28
E11040,2026-03-08,Customer Support,Support,66121.83
E11041,2026-02-01,Technology,Technology,103788.47
E11042,2025-04-11,Technology,Technology,98024.67
E11043,2025-12-14,Marketing,Marketing,16501.54
E11044,2025-11-24,Customer Support,Support,70775.32
E11045,2026-03-11,Infrastructure,Technology,74486.95
E11046,2025-03-31,Customer Support,Support,106865.65
E11047,2026-06-03,Customer Support,Support,101024.36
E11048,2025-06-19,Technology,Technology,140014.3
E11049,2026-02-19,Logistics,Operations,29778.5
E11050,2025-09-26,Marketing,Marketing,38902.72
E11051,2025-10-18,Technology,Technology,36078.52
E11052,2025-09-20,Logistics,Operations,8591.66
E11053,2025-10-23,Logistics,Operations,64179.13
E11054,2026-01-17,Marketing,Marketing,43790.89
E11055,2025-03-08,Marketing,Marketing,37187.51
E11056,2026-05-20,Technology,Technology,31941.52
E11057,2026-01-21,Customer Support,Support,39452.78
E11058,2026-02-02,Technology,Technology,43351.18
E11059,2026-05-31,Logistics,Operations,85959.81
E11060,2026-03-12,Technology,Technology,138223.63
E11061,2026-01-01,Customer Support,Support,135078.62
E11062,2026-05-03,Customer Support,Support,94672.83
E11063,2025-12-09,Technology,Technology,47646.19
E11064,2025-09-18,Customer Support,Support,105667.68
E11065,2025-09-25,Logistics,Operations,135624.14
E11066,2025-10-17,Salaries,HR,80314.15
E11067,2026-07-15,Salaries,HR,146253.12
E11068,2025-12-09,Salaries,HR,107702.17
E11069,2025-11-02,Salaries,HR,23119.44
E11070,2025-03-09,Salaries,HR,73137.74
E11071,2026-01-29,Customer Support,Support,137791.11
E11072,2026-03-04,Infrastructure,Technology,32618.0
E11073,2025-08-12,Salaries,HR,88546.42
E11074,2025-11-28,Salaries,HR,125205.39
E11075,2026-05-28,Logistics,Operations,109963.28
E11076,2026-04-09,Technology,Technology,23977.33
E11077,2025-02-28,Customer Support,Support,85909.73
E11078,2025-04-05,Logistics,Operations,141313.95
E11079,2025-09-09,Marketing,Marketing,121592.58
E11080,2025-05-18,Technology,Technology,88741.3
E11081,2025-01-03,Technology,Technology,77383.36
E11082,2025-12-10,Operations,Operations,109464.32
E11083,2025-08-17,Customer Support,Support,18359.69
E11084,2025-07-13,Customer Support,Support,141425.54
E11085,2025-10-28,Customer Support,Support,2713.57
E11086,2026-07-25,Salaries,HR,145129.62
E11087,2026-04-07,Logistics,Operations,76860.35
E11088,2026-07-05,Infrastructure,Technology,58269.03
E11089,2026-06-12,Logistics,Operations,65325.42
E11090,2025-05-08,Operations,Operations,125094.78
E11091,2026-02-01,Operations,Operations,52693.23
E11092,2025-12-20,Operations,Operations,18007.08
E11093,2026-08-07,Operations,Operations,32679.4
E11094,2025-04-13,Customer Support,Support,87504.51
E11095,2025-03-21,Technology,Technology,80166.05
E11096,2026-03-09,Infrastructure,Technology,25955.81
E11097,2025-11-07,Marketing,Marketing,10798.71
E11098,2025-01-22,Customer Support,Support,113590.07
E11099,2025-01-20,Infrastructure,Technology,64680.48
E11100,2025-01-17,Logistics,Operations,30861.55
E11101,2026-06-14,Operations,Operations,24568.37
E11102,2025-11-12,Customer Support,Support,33348.4
E11103,2026-02-16,Salaries,HR,36307.69
E11104,2025-02-10,Salaries,HR,46651.51
E11105,2025-07-02,Logistics,Operations,41415.66
E11106,2026-02-26,Technology,Technology,74800.73
E11107,2025-05-13,Marketing,Marketing,147897.64
E11108,2025-01-05,Salaries,HR,90961.83
E11109,2025-07-05,Customer Support,Support,145545.05
E11110,2025-07-06,Salaries,HR,132760.4
E11111,2026-02-14,Technology,Technology,111248.49
E11112,2025-03-27,Operations,Operations,61653.87
E11113,2025-10-29,Logistics,Operations,43398.27
E11114,2025-08-30,Logistics,Operations,137398.04
E11115,2025-03-18,Operations,Operations,143725.9
E11116,2025-12-10,Operations,Operations,87152.38
E11117,2026-04-24,Logistics,Operations,33952.92
E11118,2025-05-04,Infrastructure,Technology,124427.92
E11119,2025-09-28,Infrastructure,Technology,44078.06
E11120,2025-10-03,Customer Support,Support,35981.56
E11121,2026-04-25,Logistics,Operations,127985.44
E11122,2026-07-15,Customer Support,Support,68562.0
E11123,2025-11-20,Logistics,Operations,98188.9
E11124,2026-06-30,Salaries,HR,41078.44
E11125,2025-05-29,Operations,Operations,111041.89
E11126,2026-04-09,Technology,Technology,140708.56
E11127,2025-10-18,Customer Support,Support,76928.04
E11128,2025-12-07,Salaries,HR,51532.07
E11129,2026-08-03,Marketing,Marketing,117894.82
E11130,2025-12-10,Customer Support,Support,59845.26
E11131,2025-12-23,Logistics,Operations,6708.45
E11132,2026-07-19,Marketing,Marketing,88770.75
E11133,2026-04-21,Logistics,Operations,80165.92
E11134,2025-11-18,Infrastructure,Technology,75102.55
E11135,2025-10-13,Customer Support,Support,114019.2
E11136,2025-12-26,Logistics,Operations,53523.4
E11137,2025-12-28,Infrastructure,Technology,82014.26
E11138,2025-05-09,Salaries,HR,104454.55
E11139,2026-06-18,Infrastructure,Technology,6214.89
E11140,2025-03-05,Logistics,Operations,106871.5
E11141,2026-06-05,Operations,Operations,111664.99
E11142,2026-02-17,Marketing,Marketing,95526.19
E11143,2026-06-21,Customer Support,Support,127193.96
E11144,2026-05-15,Technology,Technology,101758.4
E11145,2025-07-21,Customer Support,Support,143659.64
E11146,2026-02-20,Technology,Technology,136989.88
E11147,2026-07-24,Technology,Technology,32380.24
E11148,2025-11-13,Marketing,Marketing,85522.91
E11149,2025-11-01,Technology,Technology,120478.39
E11150,2025-06-09,Operations,Operations,112074.36
E11151,2025-06-06,Customer Support,Support,140400.0
E11152,2026-08-04,Infrastructure,Technology,65448.0
E11153,2025-08-09,Salaries,HR,80631.38
E11154,2025-07-20,Technology,Technology,13456.16
E11155,2025-05-25,Operations,Operations,14118.93
E11156,2025-06-21,Operations,Operations,46167.32
E11157,2025-05-05,Salaries,HR,73924.77
E11158,2025-08-09,Technology,Technology,59483.86
E11159,2025-06-01,Salaries,HR,64314.83
E11160,2025-04-13,Technology,Technology,18569.89
E11161,2026-05-22,Operations,Operations,48522.81
E11162,2025-01-19,Marketing,Marketing,118663.2
E11163,2026-02-10,Customer Support,Support,25484.49
E11164,2025-10-16,Infrastructure,Technology,17054.48
E11165,2026-03-11,Logistics,Operations,70225.54
E11166,2025-06-14,Marketing,Marketing,67006.16
E11167,2026-08-08,Logistics,Operations,78958.31
E11168,2026-01-14,Logistics,Operations,81444.67
E11169,2025-04-17,Infrastructure,Technology,144793.61
E11170,2026-06-11,Logistics,Operations,60309.58
E11171,2025-08-02,Logistics,Operations,126462.94
E11172,2025-11-02,Infrastructure,Technology,90523.41
E11173,2025-05-01,Customer Support,Support,59791.08
E11174,2026-01-08,Customer Support,Support,79295.08
E11175,2026-04-17,Operations,Operations,53716.47
E11176,2025-10-28,Operations,Operations,69547.46
E11177,2026-04-13,Marketing,Marketing,65190.63
E11178,2026-01-01,Technology,Technology,53941.35
E11179,2026-06-22,Salaries,HR,57348.29
E11180,2026-04-23,Customer Support,Support,7522.03
E11181,2025-06-21,Logistics,Operations,5085.91
E11182,2025-01-06,Customer Support,Support,132994.1
E11183,2025-04-05,Infrastructure,Technology,109033.47
E11184,2025-01-22,Marketing,Marketing,82411.95
E11185,2025-03-08,Salaries,HR,48394.59
E11186,2025-10-20,Technology,Technology,138495.3
E11187,2026-02-17,Logistics,Operations,137444.6
E11188,2026-01-22,Customer Support,Support,14980.34
E11189,2026-04-04,Salaries,HR,62324.38
E11190,2025-07-26,Infrastructure,Technology,12769.06
E11191,2025-11-26,Marketing,Marketing,60270.48
E11192,2025-10-13,Salaries,HR,102440.09
E11193,2026-04-26,Marketing,Marketing,110244.92
E11194,2026-04-27,Technology,Technology,32600.03
E11195,2025-11-03,Logistics,Operations,41631.02
E11196,2026-08-06,Salaries,HR,100886.74
E11197,2026-07-08,Logistics,Operations,104117.97
E11198,2025-10-01,Operations,Operations,135957.1
E11199,2025-06-22,Logistics,Operations,95351.81
E11200,2026-08-06,Operations,Operations,46420.5
E11201,2025-04-29,Technology,Technology,7871.54
E11202,2026-08-02,Operations,Operations,59457.69
E11203,2025-02-18,Infrastructure,Technology,51178.17
E11204,2025-04-18,Logistics,Operations,122247.61
E11205,2025-01-12,Logistics,Operations,138991.39
E11206,2026-05-22,Customer Support,Support,30052.86
E11207,2025-04-12,Marketing,Marketing,145097.91
E11208,2026-03-24,Logistics,Operations,21595.84
E11209,2025-08-06,Infrastructure,Technology,109620.3
E11210,2025-09-25,Logistics,Operations,102655.64
E11211,2026-02-27,Marketing,Marketing,121974.8
E11212,2025-09-17,Marketing,Marketing,58847.46
E11213,2025-08-02,Technology,Technology,64553.23
E11214,2025-10-21,Infrastructure,Technology,101443.39
E11215,2026-07-18,Infrastructure,Technology,71166.79
E11216,2026-02-16,Logistics,Operations,10109.92
E11217,2026-06-11,Marketing,Marketing,135562.25
E11218,2025-06-28,Infrastructure,Technology,19388.52
E11219,2025-01-16,Logistics,Operations,59407.8
E11220,2026-05-06,Marketing,Marketing,144204.44
E11221,2026-05-12,Infrastructure,Technology,46355.75
E11222,2025-08-01,Logistics,Operations,146976.48
E11223,2025-04-13,Infrastructure,Technology,132111.51
E11224,2025-03-08,Operations,Operations,82970.72
E11225,2026-06-09,Technology,Technology,62816.56
E11226,2025-02-20,Infrastructure,Technology,144669.89
E11227,2026-05-10,Customer Support,Support,116916.1
E11228,2025-08-16,Infrastructure,Technology,94996.45
E11229,2025-11-22,Infrastructure,Technology,8638.75
E11230,2025-07-18,Marketing,Marketing,30414.36
E11231,2025-01-26,Operations,Operations,39330.75
E11232,2025-10-16,Customer Support,Support,67453.52
E11233,2025-03-11,Customer Support,Support,3966.22
E11234,2025-10-01,Logistics,Operations,98492.98
E11235,2026-04-30,Infrastructure,Technology,134303.71
E11236,2026-03-25,Salaries,HR,40899.2
E11237,2025-03-24,Logistics,Operations,11429.17
E11238,2026-01-22,Operations,Operations,41398.06
E11239,2026-02-27,Logistics,Operations,76449.12
E11240,2025-11-05,Customer Support,Support,65827.27
E11241,2025-05-27,Operations,Operations,89053.98
E11242,2025-05-09,Technology,Technology,112960.49
E11243,2025-12-02,Infrastructure,Technology,141340.58
E11244,2026-03-19,Salaries,HR,87852.67
E11245,2026-01-03,Customer Support,Support,126809.17
E11246,2025-12-16,Technology,Technology,116129.41
E11247,2025-10-20,Technology,Technology,78982.9
E11248,2026-04-15,Technology,Technology,64464.47
E11249,2026-01-05,Logistics,Operations,127957.18
E11250,2026-06-06,Logistics,Operations,143750.12
E11251,2026-03-17,Logistics,Operations,61851.06
E11252,2026-07-11,Logistics,Operations,26016.2
E11253,2025-04-16,Infrastructure,Technology,12928.29
E11254,2026-07-24,Infrastructure,Technology,119336.49
E11255,2025-05-28,Salaries,HR,42124.1
E11256,2025-05-04,Logistics,Operations,115945.01
E11257,2025-07-20,Logistics,Operations,139397.55
E11258,2025-11-14,Technology,Technology,96641.22
E11259,2025-03-27,Salaries,HR,55431.0
E11260,2026-07-03,Infrastructure,Technology,103107.69
E11261,2025-08-23,Technology,Technology,135216.68
E11262,2025-12-21,Technology,Technology,36851.37
E11263,2025-03-23,Technology,Technology,16142.39
E11264,2025-10-08,Technology,Technology,136619.6
E11265,2025-05-17,Customer Support,Support,95752.36
E11266,2026-06-08,Technology,Technology,24131.29
E11267,2025-08-09,Logistics,Operations,3934.13
E11268,2026-05-13,Operations,Operations,110190.73
E11269,2025-01-01,Logistics,Operations,19416.36
E11270,2025-06-23,Operations,Operations,100937.17
E11271,2026-04-23,Marketing,Marketing,57499.52
E11272,2025-01-05,Infrastructure,Technology,126983.12
E11273,2026-07-10,Operations,Operations,14732.09
E11274,2025-09-05,Marketing,Marketing,44964.12
E11275,2026-06-06,Infrastructure,Technology,82263.72
E11276,2025-10-21,Salaries,HR,35237.5
E11277,2026-03-31,Infrastructure,Technology,74839.32
E11278,2026-07-07,Logistics,Operations,89277.05
E11279,2025-09-11,Infrastructure,Technology,111708.09
E11280,2026-05-18,Operations,Operations,26787.57
E11281,2025-03-11,Customer Support,Support,32363.05
E11282,2025-08-11,Operations,Operations,131794.36
E11283,2026-01-14,Customer Support,Support,44875.91
E11284,2025-07-20,Salaries,HR,57817.43
E11285,2026-05-19,Technology,Technology,71210.03
E11286,2026-07-08,Marketing,Marketing,76016.66
E11287,2025-12-29,Operations,Operations,85722.46
E11288,2026-02-03,Marketing,Marketing,143869.78
E11289,2026-07-13,Logistics,Operations,79327.25
E11290,2026-04-07,Operations,Operations,113180.27
E11291,2025-01-27,Customer Support,Support,56143.82
E11292,2026-01-17,Technology,Technology,9833.2
E11293,2025-09-01,Marketing,Marketing,5599.05
E11294,2026-05-11,Operations,Operations,6650.36
E11295,2025-10-14,Customer Support,Support,118914.78
E11296,2025-06-19,Marketing,Marketing,127368.64
E11297,2025-12-10,Infrastructure,Technology,131588.16
E11298,2025-10-26,Operations,Operations,38170.78
E11299,2025-01-08,Operations,Operations,82536.82
E11300,2025-09-28,Salaries,HR,79817.62
E11301,2026-03-20,Infrastructure,Technology,96235.85
E11302,2026-06-17,Salaries,HR,6748.13
E11303,2025-03-30,Logistics,Operations,23942.89
E11304,2025-04-26,Technology,Technology,46195.76
E11305,2025-03-23,Technology,Technology,49104.47
E11306,2025-02-28,Operations,Operations,41167.79
E11307,2026-01-26,Salaries,HR,54338.69
E11308,2025-01-10,Customer Support,Support,30879.17
E11309,2025-04-03,Customer Support,Support,149834.42
E11310,2025-06-09,Infrastructure,Technology,29122.53
E11311,2026-07-02,Customer Support,Support,120342.24
E11312,2025-01-12,Salaries,HR,139442.88
E11313,2026-02-11,Logistics,Operations,97428.84
E11314,2025-10-30,Infrastructure,Technology,48777.53
E11315,2026-05-08,Operations,Operations,21506.47
E11316,2026-02-05,Logistics,Operations,12147.08
E11317,2025-01-25,Technology,Technology,131421.29
E11318,2025-06-14,Marketing,Marketing,145508.97
E11319,2025-09-29,Logistics,Operations,30491.21
E11320,2026-04-28,Marketing,Marketing,83071.47
E11321,2025-06-13,Customer Support,Support,144617.56
E11322,2025-02-03,Logistics,Operations,144025.42
E11323,2025-05-15,Technology,Technology,38329.92
E11324,2026-05-16,Salaries,HR,114461.28
E11325,2026-02-03,Infrastructure,Technology,67656.27
E11326,2026-03-07,Salaries,HR,124416.92
E11327,2025-03-18,Salaries,HR,118230.39
E11328,2025-06-29,Salaries,HR,129818.96
E11329,2026-07-04,Technology,Technology,47204.45
E11330,2025-06-20,Operations,Operations,37276.28
E11331,2025-02-25,Marketing,Marketing,76874.47
E11332,2025-04-11,Marketing,Marketing,100840.74
E11333,2025-05-06,Operations,Operations,15757.28
E11334,2026-06-17,Logistics,Operations,24973.06
E11335,2026-07-11,Customer Support,Support,139109.67
E11336,2025-09-04,Marketing,Marketing,88916.08
E11337,2025-06-04,Salaries,HR,130680.94
E11338,2026-08-04,Marketing,Marketing,133101.81
E11339,2025-10-08,Marketing,Marketing,49009.94
E11340,2025-09-30,Logistics,Operations,84131.06
E11341,2025-06-07,Operations,Operations,65843.52
E11342,2025-07-31,Salaries,HR,19659.31
E11343,2025-01-13,Salaries,HR,93569.33
E11344,2025-02-21,Customer Support,Support,38143.56
E11345,2026-07-20,Salaries,HR,102461.53
E11346,2026-03-08,Infrastructure,Technology,142618.54
E11347,2026-06-07,Logistics,Operations,132087.74
E11348,2025-10-28,Infrastructure,Technology,137946.98
E11349,2026-06-17,Salaries,HR,118301.48
E11350,2025-11-23,Technology,Technology,54298.18
E11351,2025-02-25,Infrastructure,Technology,21316.2
E11352,2025-03-23,Customer Support,Support,80026.32
E11353,2025-10-15,Salaries,HR,57274.72
E11354,2026-01-19,Marketing,Marketing,75646.55
E11355,2026-04-19,Logistics,Operations,98100.59
E11356,2025-10-16,Logistics,Operations,53907.41
E11357,2025-09-01,Technology,Technology,81903.76
E11358,2026-02-02,Marketing,Marketing,75563.12
E11359,2025-10-25,Infrastructure,Technology,140534.59
E11360,2025-02-17,Salaries,HR,9191.18
E11361,2025-01-06,Logistics,Operations,52429.02
E11362,2026-01-01,Customer Support,Support,15170.79
E11363,2025-07-22,Salaries,HR,73897.78
E11364,2025-06-01,Infrastructure,Technology,40235.66
E11365,2026-04-12,Salaries,HR,65741.48
E11366,2025-10-05,Operations,Operations,20381.5
E11367,2025-09-27,Marketing,Marketing,137377.0
E11368,2026-02-28,Logistics,Operations,20512.13
E11369,2026-06-06,Marketing,Marketing,122966.93
E11370,2026-03-03,Salaries,HR,125125.14
E11371,2026-06-26,Logistics,Operations,58632.74
E11372,2025-03-11,Infrastructure,Technology,108445.61
E11373,2025-08-23,Infrastructure,Technology,49128.8
E11374,2025-07-01,Salaries,HR,43731.23
E11375,2025-10-31,Infrastructure,Technology,48562.82
E11376,2026-02-26,Salaries,HR,27851.44
E11377,2026-03-23,Technology,Technology,81857.56
E11378,2025-08-23,Infrastructure,Technology,70424.02
E11379,2025-05-28,Operations,Operations,125784.13
E11380,2026-03-18,Marketing,Marketing,23020.77
E11381,2026-08-04,Technology,Technology,8911.48
E11382,2025-01-05,Logistics,Operations,79293.11
E11383,2025-08-27,Customer Support,Support,116659.94
E11384,2026-06-28,Customer Support,Support,91300.49
E11385,2026-01-11,Customer Support,Support,141220.86
E11386,2025-08-24,Infrastructure,Technology,91151.01
E11387,2025-07-26,Operations,Operations,135527.29
E11388,2025-06-19,Technology,Technology,90395.18
E11389,2025-06-19,Customer Support,Support,138790.3
E11390,2025-11-29,Customer Support,Support,6010.17
E11391,2026-05-14,Operations,Operations,77394.93
E11392,2025-11-19,Salaries,HR,49027.07
E11393,2025-03-31,Technology,Technology,25087.86
E11394,2025-05-10,Technology,Technology,50184.1
E11395,2025-05-19,Operations,Operations,139109.9
E11396,2026-07-10,Customer Support,Support,15123.48
E11397,2026-02-10,Logistics,Operations,136400.61
E11398,2025-01-18,Logistics,Operations,52678.69
E11399,2026-02-09,Logistics,Operations,10561.99
E11400,2026-06-23,Logistics,Operations,65809.63
E11401,2025-11-23,Infrastructure,Technology,54146.36
E11402,2026-06-02,Salaries,HR,92513.68
E11403,2026-02-06,Technology,Technology,60231.43
E11404,2026-06-30,Salaries,HR,39640.68
E11405,2025-05-30,Salaries,HR,93493.13
E11406,2025-12-29,Salaries,HR,146184.44
E11407,2026-04-27,Operations,Operations,5529.61
E11408,2025-07-14,Marketing,Marketing,32574.48
E11409,2025-03-05,Customer Support,Support,94379.64
E11410,2025-09-20,Operations,Operations,10357.87
E11411,2026-06-17,Operations,Operations,17021.14
E11412,2026-07-12,Logistics,Operations,34160.74
E11413,2025-01-03,Technology,Technology,127278.93
E11414,2026-06-27,Marketing,Marketing,107042.47
E11415,2025-04-14,Infrastructure,Technology,63885.02
E11416,2025-07-14,Customer Support,Support,125864.28
E11417,2025-07-11,Technology,Technology,137935.53
E11418,2026-06-10,Customer Support,Support,142655.91
E11419,2026-02-23,Marketing,Marketing,135225.84
E11420,2026-03-04,Technology,Technology,8291.24
E11421,2025-11-02,Customer Support,Support,110289.83
E11422,2026-08-06,Salaries,HR,34211.78
E11423,2025-08-13,Marketing,Marketing,72803.76
E11424,2025-12-16,Customer Support,Support,65598.28
E11425,2025-08-03,Logistics,Operations,10242.45
E11426,2025-03-11,Technology,Technology,32723.7
E11427,2025-11-13,Operations,Operations,137333.77
E11428,2025-08-08,Operations,Operations,78360.76
E11429,2025-09-16,Marketing,Marketing,77283.48
E11430,2026-07-21,Infrastructure,Technology,125834.77
E11431,2026-06-02,Technology,Technology,125979.26
E11432,2025-08-16,Customer Support,Support,92455.95
E11433,2025-01-09,Infrastructure,Technology,136819.88
E11434,2025-09-11,Infrastructure,Technology,51855.39
E11435,2025-08-26,Infrastructure,Technology,73467.27
E11436,2025-10-21,Logistics,Operations,133177.72
E11437,2025-07-18,Customer Support,Support,143248.0
E11438,2026-07-22,Salaries,HR,25596.63
E11439,2026-05-21,Infrastructure,Technology,42410.75
E11440,2025-11-03,Customer Support,Support,119660.27
E11441,2025-04-29,Marketing,Marketing,68115.93
E11442,2025-04-14,Infrastructure,Technology,122047.48
E11443,2026-06-01,Operations,Operations,63070.94
E11444,2025-03-28,Customer Support,Support,46446.07
E11445,2026-07-01,Operations,Operations,74632.52
E11446,2026-04-02,Salaries,HR,69120.43
E11447,2025-09-09,Marketing,Marketing,38646.52
E11448,2025-10-19,Salaries,HR,121417.98
E11449,2025-10-29,Customer Support,Support,104581.23
E11450,2026-04-08,Logistics,Operations,91326.88
E11451,2025-06-02,Infrastructure,Technology,8837.67
E11452,2025-02-05,Marketing,Marketing,70950.65
E11453,2025-06-01,Infrastructure,Technology,112076.1
E11454,2025-10-30,Technology,Technology,53403.49
E11455,2025-10-18,Technology,Technology,46258.52
E11456,2025-09-09,Infrastructure,Technology,97208.23
E11457,2025-06-27,Logistics,Operations,66347.46
E11458,2026-07-21,Salaries,HR,108431.93
E11459,2026-07-01,Customer Support,Support,80877.2
E11460,2025-11-02,Logistics,Operations,91381.37
E11461,2026-02-15,Customer Support,Support,39791.51
E11462,2025-02-14,Customer Support,Support,34813.1
E11463,2026-07-31,Technology,Technology,85567.59
E11464,2025-05-22,Salaries,HR,85504.18
E11465,2025-03-11,Logistics,Operations,7510.61
E11466,2026-05-02,Customer Support,Support,93784.61
E11467,2025-10-07,Technology,Technology,9991.75
E11468,2025-08-24,Customer Support,Support,14366.49
E11469,2025-05-29,Marketing,Marketing,63291.94
E11470,2025-08-26,Customer Support,Support,11904.78
E11471,2026-07-06,Logistics,Operations,81711.04
E11472,2025-10-12,Marketing,Marketing,138076.23
E11473,2025-12-14,Operations,Operations,20143.06
E11474,2026-08-05,Operations,Operations,23972.52
E11475,2026-01-16,Salaries,HR,47640.14
E11476,2026-02-22,Infrastructure,Technology,81700.14
E11477,2025-07-12,Operations,Operations,63454.74
E11478,2026-04-17,Marketing,Marketing,77314.14
E11479,2026-04-17,Salaries,HR,6267.66
E11480,2025-03-25,Operations,Operations,132332.64
E11481,2025-07-02,Customer Support,Support,119560.05
E11482,2026-05-25,Operations,Operations,46014.36
E11483,2025-12-14,Marketing,Marketing,143457.41
E11484,2026-05-31,Operations,Operations,102207.49
E11485,2025-05-30,Marketing,Marketing,98631.51
E11486,2025-09-26,Customer Support,Support,75396.83
E11487,2025-02-16,Technology,Technology,102646.76
E11488,2025-12-18,Marketing,Marketing,73590.43
E11489,2025-01-11,Salaries,HR,148257.69
E11490,2025-12-17,Customer Support,Support,25970.65
E11491,2025-11-22,Operations,Operations,83958.17
E11492,2025-11-12,Operations,Operations,105751.63
E11493,2026-05-07,Logistics,Operations,87680.11
E11494,2025-04-11,Customer Support,Support,131859.13
E11495,2025-11-08,Infrastructure,Technology,33965.75
E11496,2026-05-23,Technology,Technology,146784.29
E11497,2026-01-17,Operations,Operations,120040.25
E11498,2026-06-27,Operations,Operations,17535.04
E11499,2025-09-08,Salaries,HR,105175.73
E11500,2025-06-29,Customer Support,Support,18731.79
E11501,2025-07-15,Infrastructure,Technology,127079.83
E11502,2025-08-02,Infrastructure,Technology,105764.83
E11503,2025-08-07,Technology,Technology,65899.09
E11504,2026-07-30,Infrastructure,Technology,144258.89
E11505,2025-06-07,Marketing,Marketing,146909.55
E11506,2025-01-02,Logistics,Operations,142110.68
E11507,2026-04-24,Logistics,Operations,18893.56
E11508,2025-03-31,Technology,Technology,87646.67
E11509,2025-08-30,Operations,Operations,133255.2
E11510,2025-07-04,Salaries,HR,40212.52
E11511,2026-05-17,Technology,Technology,95227.17
E11512,2025-08-22,Logistics,Operations,74557.4
E11513,2025-04-19,Customer Support,Support,37604.93
E11514,2026-03-30,Marketing,Marketing,86659.77
E11515,2025-03-18,Marketing,Marketing,11056.89
E11516,2025-02-05,Salaries,HR,113303.14
E11517,2026-07-28,Salaries,HR,28239.44
E11518,2026-01-25,Marketing,Marketing,32551.0
E11519,2025-08-17,Operations,Operations,127596.01
E11520,2025-04-18,Customer Support,Support,43125.96
E11521,2025-09-09,Logistics,Operations,17318.83
E11522,2025-01-17,Customer Support,Support,145961.27
E11523,2025-11-01,Technology,Technology,54728.35
E11524,2025-10-07,Infrastructure,Technology,114473.23
E11525,2025-03-07,Customer Support,Support,92715.86
E11526,2025-01-01,Marketing,Marketing,117984.54
E11527,2025-10-12,Technology,Technology,76379.92
E11528,2025-10-08,Logistics,Operations,128557.86
E11529,2025-07-03,Marketing,Marketing,121970.34
E11530,2025-02-27,Marketing,Marketing,19891.65
E11531,2025-06-04,Infrastructure,Technology,130186.09
E11532,2026-02-11,Customer Support,Support,9644.3
E11533,2025-12-09,Salaries,HR,96270.91
E11534,2026-05-16,Salaries,HR,144865.82
E11535,2025-09-05,Customer Support,Support,27411.07
E11536,2025-04-10,Marketing,Marketing,36122.14
E11537,2025-03-10,Logistics,Operations,41920.72
E11538,2025-08-15,Technology,Technology,140722.12
E11539,2025-02-03,Logistics,Operations,16740.04
E11540,2026-07-17,Infrastructure,Technology,10864.28
E11541,2025-11-06,Salaries,HR,141858.44
E11542,2026-03-14,Logistics,Operations,67579.85
E11543,2025-05-15,Salaries,HR,116562.54
E11544,2025-01-23,Customer Support,Support,98486.38
E11545,2025-04-22,Salaries,HR,45318.85
E11546,2026-03-21,Salaries,HR,38165.65
E11547,2025-04-19,Infrastructure,Technology,131769.84
E11548,2025-08-11,Operations,Operations,130892.24
E11549,2026-04-17,Infrastructure,Technology,19202.09
E11550,2026-02-25,Technology,Technology,11425.56
E11551,2025-04-06,Infrastructure,Technology,105604.07
E11552,2025-08-17,Marketing,Marketing,57909.12
E11553,2025-02-21,Customer Support,Support,16074.05
E11554,2026-05-03,Operations,Operations,108325.94
E11555,2026-01-14,Marketing,Marketing,73626.86
E11556,2025-01-04,Customer Support,Support,60761.69
E11557,2025-10-26,Infrastructure,Technology,15315.08
E11558,2025-12-07,Customer Support,Support,138875.95
E11559,2025-07-11,Logistics,Operations,83591.64
E11560,2026-02-19,Salaries,HR,146597.93
E11561,2025-09-30,Infrastructure,Technology,127091.31
E11562,2025-06-23,Logistics,Operations,121894.3
E11563,2026-02-28,Salaries,HR,139415.61
E11564,2026-03-13,Marketing,Marketing,63977.84
E11565,2026-03-04,Logistics,Operations,103984.79
E11566,2025-12-13,Technology,Technology,41185.8
E11567,2025-10-10,Logistics,Operations,149251.57
E11568,2025-11-28,Marketing,Marketing,19754.24
E11569,2025-08-11,Technology,Technology,2893.8
E11570,2025-10-23,Technology,Technology,33614.56
E11571,2026-01-18,Operations,Operations,6031.77
E11572,2026-03-15,Marketing,Marketing,43941.56
E11573,2026-01-23,Operations,Operations,98002.24
E11574,2025-03-03,Logistics,Operations,11651.54
E11575,2026-06-11,Marketing,Marketing,61554.91
E11576,2025-08-31,Marketing,Marketing,47286.61
E11577,2025-10-22,Infrastructure,Technology,102452.57
E11578,2025-03-07,Technology,Technology,108155.67
E11579,2025-05-06,Customer Support,Support,12616.17
E11580,2026-02-27,Marketing,Marketing,135565.85
E11581,2026-07-01,Customer Support,Support,84141.86
E11582,2025-08-26,Marketing,Marketing,93965.2
E11583,2025-01-10,Logistics,Operations,71872.94
E11584,2025-04-14,Technology,Technology,117490.6
E11585,2026-03-08,Marketing,Marketing,106308.2
E11586,2026-07-06,Salaries,HR,53367.59
E11587,2026-03-09,Customer Support,Support,110196.93
E11588,2026-01-28,Infrastructure,Technology,9381.7
E11589,2026-08-02,Logistics,Operations,16838.11
E11590,2025-02-21,Infrastructure,Technology,87548.51
E11591,2025-04-03,Logistics,Operations,8245.05
E11592,2025-05-07,Infrastructure,Technology,71735.96
E11593,2025-09-02,Logistics,Operations,137626.9
E11594,2025-10-15,Marketing,Marketing,125883.65
E11595,2026-03-10,Salaries,HR,71980.62
E11596,2026-03-21,Logistics,Operations,90935.53
E11597,2025-03-19,Salaries,HR,69050.77
E11598,2025-08-29,Technology,Technology,42641.37
E11599,2025-09-15,Infrastructure,Technology,4790.91
E11600,2025-02-02,Operations,Operations,75795.58
E11601,2025-02-06,Infrastructure,Technology,23737.66
E11602,2025-09-28,Operations,Operations,133810.58
E11603,2025-07-30,Logistics,Operations,145558.86
E11604,2026-01-03,Logistics,Operations,56681.55
E11605,2025-04-13,Operations,Operations,113087.9
E11606,2025-01-18,Salaries,HR,59449.2
E11607,2025-10-28,Logistics,Operations,50498.57
E11608,2025-07-07,Infrastructure,Technology,55573.35
E11609,2026-06-24,Logistics,Operations,75210.64
E11610,2025-12-01,Technology,Technology,26483.62
E11611,2025-07-21,Technology,Technology,113327.75
E11612,2025-02-09,Logistics,Operations,60620.93
E11613,2026-07-23,Customer Support,Support,135372.7
E11614,2025-11-14,Operations,Operations,20817.4
E11615,2025-11-18,Marketing,Marketing,96947.72
E11616,2025-08-26,Infrastructure,Technology,50771.25
E11617,2025-02-20,Salaries,HR,85301.34
E11618,2025-09-09,Marketing,Marketing,148679.72
E11619,2025-08-02,Logistics,Operations,8353.52
E11620,2025-09-22,Logistics,Operations,36297.69
E11621,2025-11-10,Marketing,Marketing,25723.01
E11622,2025-04-17,Logistics,Operations,103274.68
E11623,2025-01-07,Infrastructure,Technology,139653.4
E11624,2026-06-15,Salaries,HR,18666.8
E11625,2026-03-04,Operations,Operations,74199.06
E11626,2025-02-14,Salaries,HR,69058.76
E11627,2026-02-06,Customer Support,Support,75524.3
E11628,2025-01-06,Operations,Operations,49769.28
E11629,2025-01-10,Operations,Operations,72923.99
E11630,2026-02-22,Salaries,HR,101922.22
E11631,2025-11-02,Customer Support,Support,59439.43
E11632,2025-12-11,Operations,Operations,83985.48
E11633,2025-07-14,Marketing,Marketing,62844.97
E11634,2025-07-18,Operations,Operations,106353.29
E11635,2026-05-09,Customer Support,Support,113546.46
E11636,2026-02-09,Technology,Technology,133753.09
E11637,2025-07-12,Operations,Operations,148957.66
E11638,2025-03-11,Operations,Operations,141479.81
E11639,2025-01-04,Infrastructure,Technology,23194.71
E11640,2026-07-23,Operations,Operations,74213.07
E11641,2025-08-15,Salaries,HR,106379.24
E11642,2026-04-05,Marketing,Marketing,61072.19
E11643,2025-07-17,Marketing,Marketing,12118.39
E11644,2025-08-17,Customer Support,Support,86958.14
E11645,2025-08-24,Customer Support,Support,121356.2
E11646,2025-11-22,Salaries,HR,68199.54
E11647,2026-04-01,Technology,Technology,41418.32
E11648,2025-01-23,Salaries,HR,148008.45
E11649,2025-10-26,Customer Support,Support,18579.89
E11650,2026-05-13,Customer Support,Support,125688.08
E11651,2025-06-16,Logistics,Operations,96375.39
E11652,2025-07-12,Technology,Technology,28166.22
E11653,2025-05-24,Technology,Technology,66639.89
E11654,2026-02-04,Operations,Operations,90584.12
E11655,2025-02-15,Logistics,Operations,69400.07
E11656,2026-07-30,Technology,Technology,57028.89
E11657,2025-02-19,Technology,Technology,43039.1
E11658,2025-08-03,Infrastructure,Technology,75798.72
E11659,2026-06-03,Salaries,HR,41290.42
E11660,2025-09-12,Technology,Technology,8308.97
E11661,2026-01-28,Operations,Operations,112862.01
E11662,2025-04-30,Operations,Operations,119535.51
E11663,2025-02-28,Technology,Technology,36727.27
E11664,2026-02-17,Customer Support,Support,110618.18
E11665,2025-06-24,Customer Support,Support,107408.56
E11666,2026-02-09,Marketing,Marketing,105530.86
E11667,2025-10-04,Technology,Technology,47840.0
E11668,2025-08-04,Operations,Operations,100349.27
E11669,2026-06-12,Technology,Technology,109321.27
E11670,2026-04-01,Salaries,HR,141377.16
E11671,2025-08-16,Salaries,HR,117473.29
E11672,2025-11-22,Logistics,Operations,113118.19
E11673,2025-08-06,Technology,Technology,117619.05
E11674,2026-07-17,Technology,Technology,17364.31
E11675,2025-01-31,Infrastructure,Technology,90166.79
E11676,2026-01-09,Salaries,HR,140458.0
E11677,2025-10-04,Salaries,HR,52929.81
E11678,2025-01-05,Technology,Technology,4922.56
E11679,2025-03-17,Logistics,Operations,113546.7
E11680,2026-01-29,Operations,Operations,131789.7
E11681,2026-04-28,Technology,Technology,96196.75
E11682,2025-03-06,Salaries,HR,43123.77
E11683,2025-06-19,Marketing,Marketing,104350.78
E11684,2025-07-23,Operations,Operations,116429.54
E11685,2025-10-20,Infrastructure,Technology,51999.96
E11686,2025-08-08,Customer Support,Support,47242.66
E11687,2026-01-16,Infrastructure,Technology,134428.95
E11688,2025-07-21,Logistics,Operations,19937.47
E11689,2025-08-08,Logistics,Operations,118260.99
E11690,2025-04-30,Salaries,HR,5582.26
E11691,2026-02-13,Infrastructure,Technology,56871.85
E11692,2026-05-06,Operations,Operations,107987.34
E11693,2026-01-14,Marketing,Marketing,30630.55
E11694,2026-03-10,Logistics,Operations,39147.42
E11695,2025-06-18,Marketing,Marketing,28050.89
E11696,2025-08-06,Operations,Operations,4911.01
E11697,2026-04-23,Marketing,Marketing,106136.23
E11698,2025-02-21,Marketing,Marketing,117880.2
E11699,2025-04-28,Customer Support,Support,8429.82
E11700,2025-05-13,Infrastructure,Technology,108010.65
E11701,2025-05-28,Logistics,Operations,58559.16
E11702,2025-12-30,Salaries,HR,17952.56
E11703,2025-03-14,Technology,Technology,87299.85
E11704,2025-01-07,Marketing,Marketing,30020.91
E11705,2026-07-29,Technology,Technology,38574.08
E11706,2026-02-01,Customer Support,Support,144975.09
E11707,2025-06-07,Technology,Technology,67251.99
E11708,2026-01-12,Customer Support,Support,12997.71
E11709,2025-09-15,Infrastructure,Technology,125555.72
E11710,2025-03-09,Logistics,Operations,52942.4
E11711,2026-04-12,Customer Support,Support,61606.06
E11712,2025-11-15,Infrastructure,Technology,137893.66
E11713,2026-03-29,Technology,Technology,111670.74
E11714,2026-03-02,Salaries,HR,118556.42
E11715,2026-06-23,Salaries,HR,78975.34
E11716,2025-02-13,Salaries,HR,83462.17
E11717,2026-07-29,Technology,Technology,24730.9
E11718,2025-07-07,Logistics,Operations,67886.3
E11719,2026-02-21,Marketing,Marketing,57858.04
E11720,2025-04-02,Logistics,Operations,2690.7
E11721,2026-05-11,Infrastructure,Technology,131638.45
E11722,2025-07-14,Marketing,Marketing,38868.15
E11723,2026-03-02,Operations,Operations,100157.9
E11724,2026-06-17,Technology,Technology,95014.31
E11725,2025-07-14,Salaries,HR,69856.77
E11726,2025-08-16,Operations,Operations,63009.84
E11727,2025-09-17,Logistics,Operations,76551.45
E11728,2025-10-14,Operations,Operations,68328.61
E11729,2025-06-04,Salaries,HR,91296.49
E11730,2026-07-03,Logistics,Operations,79820.72
E11731,2025-02-28,Customer Support,Support,128054.89
E11732,2026-02-10,Infrastructure,Technology,33922.66
E11733,2026-04-09,Logistics,Operations,51026.3
E11734,2025-11-21,Customer Support,Support,68299.56
E11735,2025-01-09,Customer Support,Support,13865.99
E11736,2025-11-03,Logistics,Operations,12717.2
E11737,2026-06-26,Logistics,Operations,137791.76
E11738,2025-11-27,Salaries,HR,45513.08
E11739,2026-04-08,Marketing,Marketing,131154.0
E11740,2025-02-14,Logistics,Operations,56491.05
E11741,2025-11-04,Operations,Operations,134928.43
E11742,2026-02-08,Infrastructure,Technology,80626.27
E11743,2025-12-07,Technology,Technology,12190.4
E11744,2026-07-01,Logistics,Operations,79157.99
E11745,2025-10-16,Marketing,Marketing,4567.2
E11746,2025-01-18,Salaries,HR,138870.36
E11747,2025-04-22,Infrastructure,Technology,15743.85
E11748,2025-03-23,Operations,Operations,49039.2
E11749,2025-08-28,Logistics,Operations,24020.13
E11750,2026-06-08,Infrastructure,Technology,14361.05
E11751,2025-12-16,Marketing,Marketing,113779.06
E11752,2026-04-19,Technology,Technology,93455.21
E11753,2025-10-05,Salaries,HR,138743.45
E11754,2026-08-01,Salaries,HR,58819.61
E11755,2026-01-25,Customer Support,Support,43788.92
E11756,2026-05-28,Marketing,Marketing,91643.94
E11757,2026-05-16,Infrastructure,Technology,123799.59
E11758,2025-03-09,Logistics,Operations,40709.11
E11759,2025-05-18,Customer Support,Support,12348.02
E11760,2026-07-23,Technology,Technology,145958.18
E11761,2026-05-13,Infrastructure,Technology,24403.67
E11762,2025-08-19,Salaries,HR,50467.92
E11763,2026-04-15,Operations,Operations,97809.56
E11764,2025-10-14,Operations,Operations,82220.47
E11765,2026-08-07,Operations,Operations,136365.26
E11766,2026-03-10,Logistics,Operations,93303.16
E11767,2025-10-16,Infrastructure,Technology,58716.75
E11768,2025-10-25,Operations,Operations,74820.68
E11769,2025-04-14,Salaries,HR,135131.37
E11770,2025-04-30,Marketing,Marketing,125927.54
E11771,2025-06-15,Salaries,HR,78946.94
E11772,2025-01-07,Technology,Technology,31900.57
E11773,2026-06-04,Logistics,Operations,27786.6
E11774,2025-10-30,Marketing,Marketing,63106.87
E11775,2026-05-06,Marketing,Marketing,105420.46
E11776,2025-08-01,Infrastructure,Technology,22552.82
E11777,2025-09-20,Marketing,Marketing,5946.33
E11778,2025-08-12,Operations,Operations,137405.12
E11779,2025-03-11,Operations,Operations,144476.34
E11780,2025-01-09,Marketing,Marketing,121019.22
E11781,2026-04-05,Marketing,Marketing,66620.09
E11782,2026-02-13,Customer Support,Support,8351.78
E11783,2026-05-27,Logistics,Operations,83624.01
E11784,2025-06-28,Operations,Operations,99870.56
E11785,2025-05-30,Technology,Technology,107151.24
E11786,2025-01-05,Infrastructure,Technology,7306.42
E11787,2026-07-14,Customer Support,Support,39816.15
E11788,2026-06-22,Operations,Operations,113893.45
E11789,2026-05-26,Infrastructure,Technology,96062.28
E11790,2025-03-18,Salaries,HR,44192.62
E11791,2026-04-08,Salaries,HR,59683.2
E11792,2025-02-16,Technology,Technology,120975.08
E11793,2025-12-16,Logistics,Operations,86526.3
E11794,2025-05-21,Salaries,HR,5767.0
E11795,2026-05-29,Salaries,HR,68145.37
E11796,2025-07-20,Infrastructure,Technology,58518.15
E11797,2026-06-15,Salaries,HR,16784.75
E11798,2026-06-17,Technology,Technology,20856.75
E11799,2026-07-21,Salaries,HR,80142.01
E11800,2025-01-09,Infrastructure,Technology,132062.02
E11801,2025-05-11,Operations,Operations,139350.49
E11802,2025-06-10,Technology,Technology,69087.78
E11803,2025-06-22,Technology,Technology,95569.47
E11804,2026-07-21,Salaries,HR,126834.82
E11805,2026-07-22,Salaries,HR,24823.45
E11806,2026-07-04,Logistics,Operations,44137.78
E11807,2025-07-27,Customer Support,Support,40705.55
E11808,2025-12-02,Marketing,Marketing,89954.03
E11809,2025-06-12,Technology,Technology,112444.3
E11810,2026-01-22,Operations,Operations,86480.36
E11811,2026-07-23,Customer Support,Support,133767.85
E11812,2026-03-13,Customer Support,Support,109348.91
E11813,2026-05-12,Technology,Technology,95432.68
E11814,2025-06-06,Infrastructure,Technology,139971.03
E11815,2025-12-01,Logistics,Operations,63589.18
E11816,2025-03-16,Technology,Technology,143678.13
E11817,2026-01-25,Customer Support,Support,145471.3
E11818,2025-01-01,Technology,Technology,90754.36
E11819,2025-07-02,Technology,Technology,100330.06
E11820,2025-04-12,Operations,Operations,8580.9
E11821,2025-12-15,Technology,Technology,15206.49
E11822,2026-03-17,Infrastructure,Technology,115008.71
E11823,2026-06-15,Salaries,HR,68336.29
E11824,2025-05-29,Customer Support,Support,65481.15
E11825,2025-06-26,Customer Support,Support,113366.08
E11826,2026-01-03,Salaries,HR,32620.85
E11827,2025-09-12,Salaries,HR,40756.12
E11828,2025-12-23,Logistics,Operations,118334.43
E11829,2025-07-13,Logistics,Operations,30726.01
E11830,2026-06-14,Salaries,HR,84455.86
E11831,2026-04-22,Marketing,Marketing,49046.79
E11832,2026-01-30,Logistics,Operations,62433.62
E11833,2026-02-10,Logistics,Operations,49655.27
E11834,2025-02-26,Salaries,HR,68161.02
E11835,2025-02-08,Marketing,Marketing,43948.09
E11836,2025-10-01,Infrastructure,Technology,133117.73
E11837,2025-02-12,Marketing,Marketing,92433.93
E11838,2026-07-16,Customer Support,Support,145804.49
E11839,2025-11-01,Operations,Operations,38127.65
E11840,2025-11-25,Marketing,Marketing,47305.89
E11841,2026-07-23,Infrastructure,Technology,142877.2
E11842,2025-11-14,Salaries,HR,104758.8
E11843,2026-04-07,Technology,Technology,132743.9
E11844,2026-01-31,Technology,Technology,27760.3
E11845,2025-07-26,Operations,Operations,9417.57
E11846,2026-03-29,Operations,Operations,61407.52
E11847,2025-02-17,Logistics,Operations,102818.71
E11848,2025-07-14,Salaries,HR,8188.03
E11849,2025-06-17,Operations,Operations,96624.37
E11850,2025-10-13,Infrastructure,Technology,46043.05
E11851,2026-02-22,Infrastructure,Technology,121161.51
E11852,2025-02-15,Marketing,Marketing,14220.09
E11853,2025-12-24,Salaries,HR,108952.11
E11854,2026-05-22,Infrastructure,Technology,118814.99
E11855,2025-09-07,Technology,Technology,54944.58
E11856,2025-08-21,Operations,Operations,89296.07
E11857,2026-07-01,Marketing,Marketing,2296.93
E11858,2025-11-24,Customer Support,Support,68038.33
E11859,2026-02-16,Salaries,HR,49099.68
E11860,2025-08-28,Logistics,Operations,72030.04
E11861,2026-03-07,Infrastructure,Technology,111321.03
E11862,2025-04-09,Technology,Technology,99375.22
E11863,2026-02-20,Customer Support,Support,35242.13
E11864,2026-05-20,Salaries,HR,62633.24
E11865,2025-04-10,Technology,Technology,25358.58
E11866,2025-05-24,Marketing,Marketing,18953.55
E11867,2026-07-22,Technology,Technology,124113.41
E11868,2025-08-22,Technology,Technology,89139.16
E11869,2026-02-12,Logistics,Operations,99610.99
E11870,2026-01-02,Salaries,HR,16612.43
E11871,2025-05-02,Infrastructure,Technology,70061.56
E11872,2026-07-05,Operations,Operations,64895.3
E11873,2025-06-25,Customer Support,Support,50243.63
E11874,2025-06-23,Salaries,HR,58824.81
E11875,2025-09-13,Salaries,HR,86032.88
E11876,2025-08-14,Operations,Operations,111140.92
E11877,2026-02-24,Logistics,Operations,25675.67
E11878,2026-05-04,Logistics,Operations,121147.87
E11879,2026-07-11,Logistics,Operations,15345.5
E11880,2026-02-01,Marketing,Marketing,24074.51
E11881,2025-05-29,Technology,Technology,17597.83
E11882,2025-01-17,Infrastructure,Technology,120515.8
E11883,2025-05-06,Marketing,Marketing,103752.32
E11884,2026-02-05,Customer Support,Support,148895.28
E11885,2026-02-15,Customer Support,Support,139335.58
E11886,2025-09-06,Salaries,HR,147774.93
E11887,2026-07-12,Operations,Operations,29971.4
E11888,2025-02-02,Customer Support,Support,137532.16
E11889,2025-11-28,Customer Support,Support,28546.67
E11890,2026-02-07,Logistics,Operations,139943.56
E11891,2025-07-23,Customer Support,Support,122221.39
E11892,2025-05-25,Logistics,Operations,142787.96
E11893,2025-03-18,Technology,Technology,9523.7
E11894,2026-01-08,Technology,Technology,139819.63
E11895,2025-10-22,Infrastructure,Technology,40042.24
E11896,2025-05-20,Marketing,Marketing,4514.13
E11897,2025-03-13,Infrastructure,Technology,53468.96
E11898,2025-01-21,Marketing,Marketing,19095.06
E11899,2025-12-09,Customer Support,Support,134641.78
E11900,2026-07-20,Logistics,Operations,27244.77
E11901,2025-09-28,Marketing,Marketing,102156.85
E11902,2026-04-12,Infrastructure,Technology,77811.43
E11903,2025-09-25,Salaries,HR,106858.86
E11904,2025-12-15,Customer Support,Support,62825.04
E11905,2026-07-26,Technology,Technology,21427.54
E11906,2026-02-24,Logistics,Operations,133988.8
E11907,2025-09-22,Salaries,HR,89867.03
E11908,2026-07-16,Operations,Operations,53950.86
E11909,2026-04-01,Infrastructure,Technology,144979.68
E11910,2025-12-11,Logistics,Operations,116442.61
E11911,2026-06-24,Logistics,Operations,5539.39
E11912,2026-01-29,Salaries,HR,107130.89
E11913,2025-05-31,Technology,Technology,60363.37
E11914,2026-03-23,Technology,Technology,103181.8
E11915,2026-01-06,Technology,Technology,100606.05
E11916,2025-12-02,Salaries,HR,89165.29
E11917,2025-02-28,Marketing,Marketing,9847.35
E11918,2026-07-05,Salaries,HR,99671.9
E11919,2026-05-08,Technology,Technology,147930.28
E11920,2025-05-23,Salaries,HR,23725.34
E11921,2025-10-12,Technology,Technology,119957.06
E11922,2025-05-31,Marketing,Marketing,62752.45
E11923,2025-08-02,Customer Support,Support,73869.07
E11924,2025-07-15,Operations,Operations,59327.6
E11925,2026-02-16,Marketing,Marketing,42807.93
E11926,2025-02-22,Marketing,Marketing,126843.11
E11927,2026-05-11,Marketing,Marketing,138097.71
E11928,2025-12-30,Logistics,Operations,29574.84
E11929,2026-06-01,Customer Support,Support,74022.67
E11930,2026-05-07,Salaries,HR,134059.29
E11931,2025-09-14,Operations,Operations,43924.86
E11932,2025-09-04,Salaries,HR,106940.51
E11933,2025-03-14,Logistics,Operations,96318.37
E11934,2026-06-10,Salaries,HR,47069.01
E11935,2025-01-23,Logistics,Operations,20325.51
E11936,2025-12-14,Logistics,Operations,66277.21
E11937,2025-03-05,Customer Support,Support,4438.5
E11938,2025-08-25,Operations,Operations,71106.83
E11939,2025-05-19,Operations,Operations,140295.82
E11940,2026-06-02,Salaries,HR,123128.09
E11941,2025-08-19,Infrastructure,Technology,4896.13
E11942,2025-10-12,Operations,Operations,102601.6
E11943,2025-04-25,Operations,Operations,94387.91
E11944,2025-03-22,Technology,Technology,43526.71
E11945,2025-03-16,Salaries,HR,11693.08
E11946,2025-07-20,Technology,Technology,88756.08
E11947,2025-01-03,Customer Support,Support,27393.26
E11948,2026-06-13,Technology,Technology,23198.29
E11949,2025-10-03,Customer Support,Support,144638.06
E11950,2025-05-02,Technology,Technology,61017.78
E11951,2025-11-06,Logistics,Operations,51313.21
E11952,2025-03-21,Operations,Operations,3815.13
E11953,2025-10-23,Infrastructure,Technology,112336.58
E11954,2025-03-09,Logistics,Operations,118920.27
E11955,2025-11-26,Customer Support,Support,110302.99
E11956,2025-12-30,Salaries,HR,33446.51
E11957,2025-04-10,Infrastructure,Technology,133588.95
E11958,2025-01-20,Marketing,Marketing,48133.56
E11959,2025-04-14,Technology,Technology,125533.33
E11960,2025-02-19,Customer Support,Support,131160.52
E11961,2026-06-21,Technology,Technology,127585.75
E11962,2025-06-26,Operations,Operations,5109.59
E11963,2026-02-21,Technology,Technology,55937.01
E11964,2025-08-16,Operations,Operations,136136.35
E11965,2025-04-15,Logistics,Operations,65634.58
E11966,2025-07-28,Logistics,Operations,128736.22
E11967,2025-02-12,Technology,Technology,107434.13
E11968,2025-10-04,Infrastructure,Technology,126650.82
E11969,2026-01-29,Salaries,HR,50584.19
E11970,2026-04-24,Operations,Operations,6515.16
E11971,2025-01-14,Technology,Technology,114013.73
E11972,2026-05-23,Technology,Technology,102895.33
E11973,2026-06-06,Salaries,HR,111055.3
E11974,2025-09-01,Marketing,Marketing,35959.94
E11975,2026-05-25,Salaries,HR,64169.89
E11976,2025-05-10,Logistics,Operations,118308.37
E11977,2025-04-21,Operations,Operations,20452.11
E11978,2026-04-11,Salaries,HR,93696.5
E11979,2025-12-01,Technology,Technology,93746.75
E11980,2025-10-23,Salaries,HR,116544.96
E11981,2025-03-11,Customer Support,Support,72754.09
E11982,2026-02-12,Marketing,Marketing,102145.17
E11983,2025-10-03,Infrastructure,Technology,92971.45
E11984,2025-01-06,Operations,Operations,122075.19
E11985,2025-02-03,Technology,Technology,146628.72
E11986,2025-05-10,Operations,Operations,14748.9
E11987,2026-01-28,Marketing,Marketing,127276.84
E11988,2025-10-03,Infrastructure,Technology,96178.77
E11989,2025-12-09,Operations,Operations,68263.34
E11990,2025-04-23,Infrastructure,Technology,37175.37
E11991,2026-05-26,Salaries,HR,101491.94
E11992,2025-04-09,Salaries,HR,15730.08
E11993,2025-12-06,Logistics,Operations,9459.68
E11994,2026-03-23,Technology,Technology,93513.74
E11995,2025-11-19,Customer Support,Support,67340.05
E11996,2025-06-23,Marketing,Marketing,41218.54
E11997,2025-11-22,Marketing,Marketing,117833.99
E11998,2025-12-25,Salaries,HR,76818.56
E11999,2025-05-13,Operations,Operations,53974.68
E12000,2025-09-08,Marketing,Marketing,71243.53
E12001,2025-12-26,Operations,Operations,31496.68
E12002,2025-10-14,Technology,Technology,54963.59
E12003,2025-08-09,Operations,Operations,51172.27
E12004,2025-03-08,Technology,Technology,30073.43
E12005,2025-10-06,Logistics,Operations,109126.53
E12006,2025-08-27,Operations,Operations,128000.5
E12007,2025-11-01,Salaries,HR,42770.43
E12008,2025-05-08,Customer Support,Support,92255.24
E12009,2025-06-16,Customer Support,Support,101030.93
E12010,2025-07-20,Customer Support,Support,96515.19
E12011,2026-03-28,Salaries,HR,76208.19
E12012,2025-03-07,Marketing,Marketing,80369.01
E12013,2025-08-19,Customer Support,Support,21568.79
E12014,2026-01-09,Customer Support,Support,141363.6
E12015,2025-09-22,Logistics,Operations,136344.23
E12016,2026-04-10,Customer Support,Support,96748.26
E12017,2025-05-13,Salaries,HR,141647.03
E12018,2026-04-07,Marketing,Marketing,84725.55
E12019,2026-07-25,Infrastructure,Technology,98502.37
E12020,2025-07-16,Salaries,HR,139845.68
E12021,2026-02-20,Logistics,Operations,113322.0
E12022,2025-09-04,Customer Support,Support,85982.59
E12023,2025-10-12,Marketing,Marketing,106087.25
E12024,2025-12-27,Logistics,Operations,11924.93
E12025,2025-08-25,Customer Support,Support,70782.58
E12026,2025-07-18,Logistics,Operations,145051.72
E12027,2026-07-24,Marketing,Marketing,39852.32
E12028,2025-01-06,Logistics,Operations,94565.45
E12029,2026-01-06,Technology,Technology,40160.71
E12030,2025-11-12,Customer Support,Support,96044.61
E12031,2026-01-03,Technology,Technology,113610.37
E12032,2026-08-08,Technology,Technology,95947.48
E12033,2025-01-28,Infrastructure,Technology,105165.33
E12034,2026-02-20,Salaries,HR,111820.84
E12035,2025-09-22,Infrastructure,Technology,102788.66
E12036,2025-10-27,Salaries,HR,46912.52
E12037,2025-04-28,Operations,Operations,49847.87
E12038,2025-05-31,Logistics,Operations,119322.92
E12039,2026-07-31,Operations,Operations,7601.05
E12040,2025-11-26,Technology,Technology,71558.38
E12041,2026-05-13,Marketing,Marketing,4272.59
E12042,2025-07-11,Salaries,HR,35324.99
E12043,2025-06-25,Infrastructure,Technology,100026.41
E12044,2025-01-12,Operations,Operations,10360.38
E12045,2026-03-07,Logistics,Operations,44753.72
E12046,2025-04-22,Logistics,Operations,131492.33
E12047,2025-02-13,Infrastructure,Technology,122374.73
E12048,2025-04-09,Operations,Operations,42625.54
E12049,2026-07-31,Customer Support,Support,143371.35
E12050,2025-01-17,Salaries,HR,63909.3
E12051,2026-02-28,Technology,Technology,124106.7
E12052,2026-02-09,Logistics,Operations,8501.6
E12053,2025-03-26,Marketing,Marketing,112309.05
E12054,2026-07-26,Technology,Technology,130739.88
E12055,2025-03-31,Operations,Operations,136497.84
E12056,2026-07-07,Marketing,Marketing,63049.94
E12057,2025-10-21,Logistics,Operations,31599.98
E12058,2025-03-27,Operations,Operations,37961.0
E12059,2025-04-25,Operations,Operations,3607.12
E12060,2025-08-26,Operations,Operations,66836.22
E12061,2026-02-19,Logistics,Operations,141545.39
E12062,2025-08-24,Logistics,Operations,97666.64
E12063,2025-10-16,Operations,Operations,69059.4
E12064,2025-01-07,Customer Support,Support,18799.7
E12065,2025-04-20,Customer Support,Support,10918.27
E12066,2025-03-21,Infrastructure,Technology,51855.57
E12067,2025-11-25,Operations,Operations,90315.23
E12068,2025-09-14,Marketing,Marketing,82771.54
E12069,2025-07-27,Salaries,HR,145779.6
E12070,2025-12-16,Customer Support,Support,22687.82
E12071,2025-12-22,Infrastructure,Technology,110009.66
E12072,2025-05-29,Technology,Technology,59276.24
E12073,2025-07-25,Operations,Operations,138280.15
E12074,2025-10-10,Customer Support,Support,18826.29
E12075,2025-03-18,Marketing,Marketing,69817.23
E12076,2025-05-23,Customer Support,Support,31006.36
E12077,2025-06-20,Technology,Technology,129135.9
E12078,2025-02-04,Salaries,HR,67255.93
E12079,2025-07-13,Customer Support,Support,146263.11
E12080,2025-11-15,Technology,Technology,141127.26
E12081,2026-03-12,Customer Support,Support,38642.69
E12082,2026-01-07,Marketing,Marketing,121325.1
E12083,2026-07-29,Operations,Operations,77667.13
E12084,2025-07-19,Operations,Operations,55682.76
E12085,2026-02-15,Infrastructure,Technology,33342.2
E12086,2025-06-12,Operations,Operations,43796.22
E12087,2025-03-15,Operations,Operations,99962.88
E12088,2025-05-07,Customer Support,Support,55206.19
E12089,2025-03-02,Customer Support,Support,5938.35
E12090,2025-06-21,Infrastructure,Technology,18358.33
E12091,2026-04-17,Customer Support,Support,71000.07
E12092,2025-12-22,Salaries,HR,27817.05
E12093,2026-05-17,Salaries,HR,26656.21
E12094,2026-07-06,Technology,Technology,131275.63
E12095,2025-06-11,Infrastructure,Technology,109426.4
E12096,2026-01-30,Logistics,Operations,121226.46
E12097,2025-12-30,Logistics,Operations,117135.72
E12098,2025-12-16,Salaries,HR,128101.54
E12099,2026-04-29,Marketing,Marketing,57057.87
E12100,2026-01-16,Infrastructure,Technology,58798.15
E12101,2026-04-30,Marketing,Marketing,22778.62
E12102,2026-08-02,Marketing,Marketing,35907.87
E12103,2025-08-05,Customer Support,Support,121733.19
E12104,2025-07-08,Operations,Operations,92782.12
E12105,2026-01-01,Marketing,Marketing,80358.5
E12106,2025-04-10,Infrastructure,Technology,79482.57
E12107,2026-07-03,Technology,Technology,17577.19
E12108,2026-01-24,Logistics,Operations,111697.48
E12109,2026-01-08,Customer Support,Support,2757.31
E12110,2025-06-29,Marketing,Marketing,61522.27
E12111,2026-03-03,Operations,Operations,94393.12
E12112,2026-06-05,Customer Support,Support,21740.62
E12113,2025-03-10,Salaries,HR,65494.43
E12114,2026-07-15,Logistics,Operations,6958.37
E12115,2025-06-15,Technology,Technology,7074.03
E12116,2025-04-08,Operations,Operations,17811.83
E12117,2025-07-21,Customer Support,Support,88531.72
E12118,2026-07-21,Logistics,Operations,32634.67
E12119,2025-01-25,Technology,Technology,35908.35
E12120,2025-02-20,Salaries,HR,106878.62
E12121,2025-11-25,Operations,Operations,16694.1
E12122,2025-02-20,Infrastructure,Technology,29729.59
E12123,2025-06-13,Technology,Technology,38174.69
E12124,2025-06-11,Marketing,Marketing,119975.81
E12125,2025-10-19,Marketing,Marketing,42067.49
E12126,2026-08-08,Salaries,HR,141636.28
E12127,2025-05-19,Technology,Technology,88451.1
E12128,2025-04-19,Infrastructure,Technology,3982.64
E12129,2025-06-05,Operations,Operations,52198.23
E12130,2025-04-09,Customer Support,Support,39391.66
E12131,2025-10-22,Infrastructure,Technology,112491.68
E12132,2025-05-04,Logistics,Operations,142375.42
E12133,2025-01-20,Marketing,Marketing,123822.57
E12134,2026-04-02,Operations,Operations,4769.95
E12135,2025-11-04,Marketing,Marketing,123044.94
E12136,2026-06-14,Marketing,Marketing,115177.23
E12137,2025-03-07,Marketing,Marketing,96496.53
E12138,2025-06-10,Marketing,Marketing,24287.33
E12139,2025-09-13,Logistics,Operations,96250.56
E12140,2025-06-12,Technology,Technology,123760.0
E12141,2025-05-14,Logistics,Operations,11750.63
E12142,2026-02-11,Logistics,Operations,77160.82
E12143,2025-09-11,Marketing,Marketing,89095.13
E12144,2025-08-20,Infrastructure,Technology,111842.71
E12145,2025-09-22,Operations,Operations,127392.84
E12146,2026-04-22,Logistics,Operations,51755.84
E12147,2025-06-18,Customer Support,Support,84914.37
E12148,2025-12-10,Infrastructure,Technology,6248.97
E12149,2025-09-22,Infrastructure,Technology,18291.96
E12150,2025-08-01,Operations,Operations,144053.84
E12151,2025-03-28,Marketing,Marketing,107399.18
E12152,2025-05-29,Operations,Operations,135464.22
E12153,2025-04-29,Logistics,Operations,35416.15
E12154,2025-09-25,Marketing,Marketing,5491.18
E12155,2025-05-08,Operations,Operations,2999.81
E12156,2026-05-27,Technology,Technology,36816.12
E12157,2025-06-23,Salaries,HR,11920.47
E12158,2025-02-28,Infrastructure,Technology,64181.3
E12159,2026-05-11,Logistics,Operations,39940.37
E12160,2026-05-17,Customer Support,Support,5170.41
E12161,2025-10-13,Salaries,HR,61416.08
E12162,2026-02-12,Customer Support,Support,99247.47
E12163,2026-04-02,Logistics,Operations,4206.66
E12164,2025-12-05,Marketing,Marketing,28377.62
E12165,2026-01-28,Logistics,Operations,65449.56
E12166,2025-11-19,Technology,Technology,122370.66
E12167,2025-01-30,Salaries,HR,35168.81
E12168,2026-06-10,Marketing,Marketing,2953.22
E12169,2025-02-03,Marketing,Marketing,125822.58
E12170,2025-08-14,Operations,Operations,42588.32
E12171,2026-04-22,Logistics,Operations,79371.22
E12172,2025-09-07,Logistics,Operations,68927.87
E12173,2025-02-21,Logistics,Operations,140045.23
E12174,2026-07-18,Salaries,HR,79771.46
E12175,2026-02-03,Technology,Technology,8201.77
E12176,2025-10-11,Salaries,HR,86125.03
E12177,2025-06-25,Customer Support,Support,37272.23
E12178,2026-02-03,Operations,Operations,134486.84
E12179,2025-10-05,Operations,Operations,147232.97
E12180,2025-04-06,Infrastructure,Technology,106740.74
E12181,2025-12-22,Logistics,Operations,16702.31
E12182,2026-02-09,Marketing,Marketing,143617.64
E12183,2025-12-26,Technology,Technology,55093.43
E12184,2026-03-23,Logistics,Operations,146706.69
E12185,2026-04-24,Marketing,Marketing,47336.6
E12186,2026-01-23,Salaries,HR,142182.08
E12187,2026-04-12,Technology,Technology,148438.29
E12188,2026-05-03,Technology,Technology,109723.89
E12189,2026-04-20,Logistics,Operations,44784.21
E12190,2025-11-24,Salaries,HR,28525.56
E12191,2025-01-24,Customer Support,Support,20348.92
E12192,2025-05-07,Technology,Technology,128936.05
E12193,2025-01-31,Logistics,Operations,40041.63
E12194,2025-02-19,Customer Support,Support,56748.57
E12195,2026-04-10,Customer Support,Support,127442.71
E12196,2026-04-22,Salaries,HR,131624.61
E12197,2025-07-14,Infrastructure,Technology,124989.84
E12198,2025-07-24,Marketing,Marketing,21021.94
E12199,2025-07-15,Infrastructure,Technology,102058.46
E12200,2025-10-15,Infrastructure,Technology,4680.17
E12201,2025-02-25,Customer Support,Support,62989.78
E12202,2025-06-05,Customer Support,Support,31487.58
E12203,2026-06-02,Salaries,HR,103603.98
E12204,2025-11-12,Infrastructure,Technology,134561.14
E12205,2025-03-22,Marketing,Marketing,43512.99
E12206,2025-12-02,Operations,Operations,139658.51
E12207,2026-03-01,Operations,Operations,147420.63
E12208,2026-03-08,Infrastructure,Technology,54601.47
E12209,2025-03-01,Marketing,Marketing,55681.42
E12210,2025-01-27,Customer Support,Support,79985.52
E12211,2025-10-01,Technology,Technology,5170.74
E12212,2025-04-01,Infrastructure,Technology,11735.12
E12213,2025-06-18,Infrastructure,Technology,8743.73
E12214,2025-07-04,Customer Support,Support,51637.58
E12215,2025-12-27,Operations,Operations,32354.1
E12216,2026-03-05,Infrastructure,Technology,112746.92
E12217,2025-12-16,Customer Support,Support,65558.43
E12218,2025-06-14,Technology,Technology,131876.74
E12219,2025-03-19,Infrastructure,Technology,72739.38
E12220,2025-05-11,Marketing,Marketing,23474.94
E12221,2026-05-08,Infrastructure,Technology,62821.87
E12222,2025-09-04,Infrastructure,Technology,59118.63
E12223,2025-08-30,Customer Support,Support,55513.93
E12224,2025-07-11,Infrastructure,Technology,82826.35
E12225,2025-05-21,Infrastructure,Technology,100265.93
E12226,2025-09-10,Infrastructure,Technology,84363.5
E12227,2025-05-30,Salaries,HR,115818.18
E12228,2026-08-08,Customer Support,Support,87900.8
E12229,2026-04-07,Infrastructure,Technology,141610.83
E12230,2025-11-08,Customer Support,Support,54050.16
E12231,2026-07-03,Salaries,HR,114331.24
E12232,2025-11-03,Salaries,HR,28077.25
E12233,2025-02-18,Technology,Technology,13969.45
E12234,2025-02-16,Marketing,Marketing,132250.52
E12235,2025-02-05,Logistics,Operations,7079.4
E12236,2025-12-20,Marketing,Marketing,58504.4
E12237,2025-02-14,Salaries,HR,137071.59
E12238,2025-08-09,Logistics,Operations,94342.11
E12239,2026-03-30,Salaries,HR,19887.29
E12240,2026-04-07,Infrastructure,Technology,62810.71
E12241,2025-05-09,Marketing,Marketing,19689.04
E12242,2026-01-16,Customer Support,Support,55978.21
E12243,2026-06-28,Technology,Technology,110704.56
E12244,2025-02-26,Marketing,Marketing,118437.02
E12245,2025-04-16,Logistics,Operations,137242.46
E12246,2025-03-22,Salaries,HR,103959.58
E12247,2025-08-14,Marketing,Marketing,26883.74
E12248,2026-02-08,Salaries,HR,27793.13
E12249,2025-06-29,Marketing,Marketing,27636.7
E12250,2025-01-09,Infrastructure,Technology,75811.86
E12251,2026-02-09,Technology,Technology,58544.8
E12252,2026-06-23,Customer Support,Support,19990.58
E12253,2025-05-31,Technology,Technology,52136.77
E12254,2025-09-12,Infrastructure,Technology,107944.26
E12255,2025-09-28,Logistics,Operations,50471.0
E12256,2025-11-10,Salaries,HR,5952.76
E12257,2025-07-01,Marketing,Marketing,14286.5
E12258,2025-09-19,Operations,Operations,68150.2
E12259,2025-09-02,Logistics,Operations,99285.08
E12260,2025-09-14,Logistics,Operations,60806.8
E12261,2025-03-26,Operations,Operations,53677.76
E12262,2025-11-23,Marketing,Marketing,144421.08
E12263,2026-07-06,Marketing,Marketing,128260.42
E12264,2025-12-01,Operations,Operations,5240.4
E12265,2025-04-22,Customer Support,Support,57284.29
E12266,2025-12-13,Logistics,Operations,21088.07
E12267,2025-04-20,Operations,Operations,66041.16
E12268,2025-07-08,Salaries,HR,55361.67
E12269,2025-06-02,Operations,Operations,135907.11
E12270,2026-02-09,Customer Support,Support,137469.59
E12271,2025-02-04,Technology,Technology,107308.09
E12272,2026-01-09,Salaries,HR,92499.64
E12273,2025-05-28,Technology,Technology,124596.19
E12274,2026-07-22,Salaries,HR,3449.35
E12275,2025-06-02,Operations,Operations,36301.91
E12276,2026-02-01,Salaries,HR,106818.93
E12277,2025-03-15,Operations,Operations,14303.03
E12278,2025-10-23,Customer Support,Support,24416.68
E12279,2025-05-11,Salaries,HR,46391.87
E12280,2025-01-10,Infrastructure,Technology,22139.74
E12281,2025-01-03,Salaries,HR,22089.06
E12282,2025-12-07,Customer Support,Support,114091.31
E12283,2025-02-04,Infrastructure,Technology,57504.92
E12284,2025-11-18,Marketing,Marketing,39361.76
E12285,2026-05-01,Logistics,Operations,145419.56
E12286,2025-04-21,Logistics,Operations,13653.1
E12287,2026-08-05,Salaries,HR,41152.71
E12288,2026-03-31,Salaries,HR,44153.62
E12289,2026-05-02,Logistics,Operations,97853.84
E12290,2025-03-02,Operations,Operations,50598.84
E12291,2025-05-21,Technology,Technology,111361.63
E12292,2025-09-21,Infrastructure,Technology,146518.91
E12293,2026-06-20,Technology,Technology,148473.64
E12294,2025-07-28,Infrastructure,Technology,77570.45
E12295,2025-01-24,Infrastructure,Technology,99592.07
E12296,2025-01-09,Operations,Operations,80395.17
E12297,2025-12-15,Logistics,Operations,18945.4
E12298,2026-05-01,Logistics,Operations,133447.6
E12299,2025-11-18,Infrastructure,Technology,69519.9
E12300,2025-02-28,Operations,Operations,52786.49
E12301,2025-04-18,Customer Support,Support,74833.82
E12302,2025-07-09,Technology,Technology,71608.98
E12303,2025-02-24,Marketing,Marketing,64473.59
E12304,2025-05-21,Salaries,HR,83071.06
E12305,2026-06-02,Technology,Technology,18605.02
E12306,2026-01-28,Marketing,Marketing,139596.46
E12307,2026-06-10,Technology,Technology,55237.05
E12308,2025-04-16,Infrastructure,Technology,35361.32
E12309,2025-04-24,Operations,Operations,82563.85
E12310,2025-06-01,Technology,Technology,55896.58
E12311,2025-09-02,Customer Support,Support,91029.54
E12312,2026-03-01,Logistics,Operations,51550.43
E12313,2025-06-07,Technology,Technology,127808.58
E12314,2025-02-13,Salaries,HR,84033.16
E12315,2025-11-18,Marketing,Marketing,125736.83
E12316,2026-02-09,Technology,Technology,123787.15
E12317,2025-10-17,Customer Support,Support,144089.66
E12318,2026-06-05,Salaries,HR,98083.26
E12319,2025-02-05,Operations,Operations,142262.33
E12320,2026-01-18,Infrastructure,Technology,81808.1
E12321,2026-04-09,Technology,Technology,139033.15
E12322,2026-04-25,Infrastructure,Technology,107131.82
E12323,2026-04-07,Operations,Operations,83851.87
E12324,2026-04-20,Operations,Operations,20595.22
E12325,2025-08-20,Logistics,Operations,136910.41
E12326,2026-05-24,Logistics,Operations,96883.24
E12327,2025-04-15,Salaries,HR,97637.06
E12328,2026-02-08,Marketing,Marketing,11212.17
E12329,2025-08-31,Infrastructure,Technology,112339.43
E12330,2026-01-27,Operations,Operations,86487.48
E12331,2025-01-20,Logistics,Operations,41424.36
E12332,2025-04-13,Technology,Technology,14691.18
E12333,2026-03-18,Customer Support,Support,59419.99
E12334,2025-08-09,Infrastructure,Technology,13840.11
E12335,2025-02-06,Infrastructure,Technology,54612.71
E12336,2026-03-17,Operations,Operations,4659.57
E12337,2026-05-15,Infrastructure,Technology,33971.03
E12338,2025-12-23,Marketing,Marketing,55737.59
E12339,2025-01-12,Logistics,Operations,141995.25
E12340,2026-07-17,Marketing,Marketing,62334.2
E12341,2025-12-03,Customer Support,Support,68480.63
E12342,2025-03-22,Customer Support,Support,24562.05
E12343,2025-03-27,Customer Support,Support,83598.95
E12344,2025-09-20,Customer Support,Support,40749.17
E12345,2025-05-07,Salaries,HR,33397.47
E12346,2026-01-31,Salaries,HR,125817.77
E12347,2026-03-27,Operations,Operations,37989.67
E12348,2026-03-17,Technology,Technology,9869.51
E12349,2025-09-08,Salaries,HR,9770.53
E12350,2025-02-04,Infrastructure,Technology,103645.52
E12351,2025-07-08,Technology,Technology,51611.05
E12352,2025-11-03,Marketing,Marketing,69994.17
E12353,2026-05-11,Salaries,HR,72861.29
E12354,2025-07-03,Technology,Technology,69986.06
E12355,2026-01-25,Technology,Technology,117024.73
E12356,2026-02-15,Technology,Technology,59679.16
E12357,2025-08-17,Infrastructure,Technology,93775.39
E12358,2025-05-13,Infrastructure,Technology,117564.7
E12359,2025-06-21,Marketing,Marketing,27496.38
E12360,2025-06-02,Operations,Operations,130065.46
E12361,2026-03-09,Salaries,HR,27050.35
E12362,2026-05-30,Technology,Technology,124320.89
E12363,2025-01-13,Infrastructure,Technology,68238.38
E12364,2025-09-15,Technology,Technology,40087.1
E12365,2026-04-29,Salaries,HR,131297.16
E12366,2026-07-02,Customer Support,Support,103928.46
E12367,2025-09-16,Infrastructure,Technology,83482.35
E12368,2025-12-13,Logistics,Operations,148067.29
E12369,2025-02-05,Logistics,Operations,91753.47
E12370,2025-12-10,Customer Support,Support,132200.88
E12371,2025-01-08,Customer Support,Support,142888.76
E12372,2025-01-18,Marketing,Marketing,50827.3
E12373,2025-10-31,Infrastructure,Technology,49336.7
E12374,2026-05-01,Customer Support,Support,21947.63
E12375,2025-10-14,Customer Support,Support,28455.28
E12376,2025-01-19,Infrastructure,Technology,85528.38
E12377,2026-05-03,Marketing,Marketing,64034.97
E12378,2025-12-21,Operations,Operations,76638.4
E12379,2025-09-15,Salaries,HR,65513.36
E12380,2026-05-12,Technology,Technology,95158.02
E12381,2025-02-14,Logistics,Operations,85916.25
E12382,2026-05-13,Logistics,Operations,65426.01
E12383,2026-06-04,Logistics,Operations,127403.31
E12384,2026-01-05,Infrastructure,Technology,64485.89
E12385,2026-02-23,Logistics,Operations,87529.19
E12386,2025-11-13,Technology,Technology,100476.72
E12387,2025-02-07,Logistics,Operations,134095.11
E12388,2025-11-19,Infrastructure,Technology,76428.59
E12389,2026-05-21,Technology,Technology,91719.69
E12390,2025-06-30,Operations,Operations,11999.76
E12391,2026-04-14,Infrastructure,Technology,94978.39
E12392,2025-07-23,Operations,Operations,56567.04
E12393,2025-03-09,Technology,Technology,120578.77
E12394,2025-11-10,Marketing,Marketing,144629.77
E12395,2026-01-18,Salaries,HR,25215.85
E12396,2025-05-06,Salaries,HR,19996.33
E12397,2026-05-14,Customer Support,Support,123731.11
E12398,2026-02-24,Infrastructure,Technology,7521.0
E12399,2026-01-31,Infrastructure,Technology,48875.97
E12400,2025-10-09,Operations,Operations,116961.82
E12401,2026-02-27,Logistics,Operations,59848.53
E12402,2026-06-09,Infrastructure,Technology,139932.94
E12403,2026-03-28,Operations,Operations,111438.43
E12404,2025-01-18,Logistics,Operations,133777.3
E12405,2025-02-18,Infrastructure,Technology,64693.28
E12406,2025-09-29,Logistics,Operations,75032.69
E12407,2026-03-09,Marketing,Marketing,129884.11
E12408,2026-07-05,Infrastructure,Technology,129748.54
E12409,2025-04-21,Logistics,Operations,14252.72
E12410,2025-05-25,Infrastructure,Technology,100021.32
E12411,2025-02-24,Salaries,HR,8219.73
E12412,2025-05-03,Salaries,HR,84971.84
E12413,2026-01-11,Logistics,Operations,23231.32
E12414,2026-06-16,Customer Support,Support,90684.9
E12415,2026-01-06,Salaries,HR,109310.59
E12416,2025-08-11,Technology,Technology,82194.74
E12417,2025-04-23,Customer Support,Support,145140.38
E12418,2025-04-30,Technology,Technology,11234.28
E12419,2026-07-03,Operations,Operations,3642.76
E12420,2025-12-17,Operations,Operations,7648.37
E12421,2026-06-28,Infrastructure,Technology,30606.98
E12422,2025-02-14,Operations,Operations,116878.58
E12423,2025-06-07,Operations,Operations,15393.77
E12424,2026-07-23,Marketing,Marketing,18004.3
E12425,2025-09-16,Infrastructure,Technology,104000.91
E12426,2026-01-31,Operations,Operations,119858.65
E12427,2025-04-01,Operations,Operations,79534.11
E12428,2026-06-25,Infrastructure,Technology,41283.17
E12429,2025-11-30,Salaries,HR,136713.68
E12430,2025-12-22,Technology,Technology,38194.83
E12431,2026-04-11,Operations,Operations,79394.99
E12432,2025-05-27,Customer Support,Support,5446.9
E12433,2026-02-11,Marketing,Marketing,148353.68
E12434,2025-09-19,Logistics,Operations,62042.19
E12435,2025-09-24,Technology,Technology,76653.03
E12436,2025-05-22,Operations,Operations,89383.44
E12437,2026-04-02,Logistics,Operations,123424.76
E12438,2026-02-08,Customer Support,Support,127654.58
E12439,2026-01-23,Salaries,HR,28762.69
E12440,2025-12-03,Infrastructure,Technology,63226.04
E12441,2025-07-07,Infrastructure,Technology,77806.33
E12442,2025-06-02,Logistics,Operations,13831.72
E12443,2026-05-29,Marketing,Marketing,52670.4
E12444,2025-05-28,Customer Support,Support,69970.73
E12445,2026-07-10,Technology,Technology,47317.01
E12446,2026-05-21,Customer Support,Support,107342.75
E12447,2026-04-09,Technology,Technology,143615.08
E12448,2026-03-15,Technology,Technology,99538.26
E12449,2025-04-12,Logistics,Operations,13836.52
E12450,2026-04-13,Logistics,Operations,103791.18
E12451,2025-06-04,Salaries,HR,39069.96
E12452,2025-12-22,Operations,Operations,141600.51
E12453,2025-09-29,Technology,Technology,92453.87
E12454,2025-03-08,Salaries,HR,52195.57
E12455,2025-06-13,Logistics,Operations,66317.24
E12456,2026-06-14,Marketing,Marketing,76519.67
E12457,2025-05-10,Salaries,HR,92939.49
E12458,2025-03-24,Operations,Operations,91733.45
E12459,2026-06-14,Customer Support,Support,76583.69
E12460,2025-03-21,Logistics,Operations,74944.51
E12461,2025-03-09,Customer Support,Support,122927.26
E12462,2026-01-22,Infrastructure,Technology,126644.58
E12463,2025-08-13,Customer Support,Support,78785.71
E12464,2025-08-13,Operations,Operations,102567.39
E12465,2025-12-31,Salaries,HR,120112.49
E12466,2026-04-06,Operations,Operations,84273.77
E12467,2025-03-29,Salaries,HR,52695.02
E12468,2025-09-07,Salaries,HR,2294.83
E12469,2025-06-19,Technology,Technology,143236.73
E12470,2025-01-25,Salaries,HR,90173.29
E12471,2025-01-22,Infrastructure,Technology,79009.6
E12472,2025-09-07,Salaries,HR,45010.51
E12473,2025-03-11,Customer Support,Support,19811.78
E12474,2025-07-10,Marketing,Marketing,131137.53
E12475,2025-05-09,Logistics,Operations,148161.52
E12476,2026-02-16,Logistics,Operations,74903.81
E12477,2025-09-16,Infrastructure,Technology,34516.8
E12478,2026-06-27,Customer Support,Support,89744.59
E12479,2025-07-13,Salaries,HR,112291.42
E12480,2025-01-31,Technology,Technology,3497.74
E12481,2025-10-23,Marketing,Marketing,89728.53
E12482,2025-05-23,Infrastructure,Technology,68255.25
E12483,2026-03-20,Marketing,Marketing,146965.24
E12484,2026-05-31,Marketing,Marketing,122283.88
E12485,2025-08-07,Customer Support,Support,38176.79
E12486,2026-07-19,Technology,Technology,107218.63
E12487,2025-08-10,Customer Support,Support,94925.41
E12488,2026-04-10,Salaries,HR,34522.34
E12489,2025-01-13,Customer Support,Support,9540.42
E12490,2025-08-22,Customer Support,Support,38703.86
E12491,2025-09-15,Customer Support,Support,16230.93
E12492,2026-05-15,Marketing,Marketing,75318.31
E12493,2025-09-19,Operations,Operations,106814.06
E12494,2025-12-04,Marketing,Marketing,105178.65
E12495,2025-03-21,Operations,Operations,79348.76
E12496,2025-03-20,Operations,Operations,25533.29
E12497,2025-09-01,Infrastructure,Technology,22537.47
E12498,2026-01-18,Operations,Operations,91531.97
E12499,2025-09-30,Customer Support,Support,15183.81
E12500,2026-05-18,Operations,Operations,77839.5
E12501,2026-05-11,Customer Support,Support,110833.4
E12502,2025-06-30,Logistics,Operations,16245.22
E12503,2025-03-05,Technology,Technology,55410.06
E12504,2026-02-17,Marketing,Marketing,37699.7
E12505,2025-12-27,Operations,Operations,138176.55
E12506,2026-07-28,Marketing,Marketing,15820.3
E12507,2025-02-17,Logistics,Operations,63085.72
E12508,2026-01-11,Marketing,Marketing,75813.85
E12509,2025-12-27,Technology,Technology,80045.51
E12510,2026-02-14,Customer Support,Support,42662.86
E12511,2026-04-16,Logistics,Operations,35022.35
E12512,2025-01-09,Marketing,Marketing,109618.51
E12513,2026-04-20,Customer Support,Support,75386.82
E12514,2026-07-19,Technology,Technology,35173.6
E12515,2026-07-14,Operations,Operations,113377.54
E12516,2025-05-11,Logistics,Operations,87027.17
E12517,2025-06-05,Operations,Operations,48413.45
E12518,2026-04-23,Infrastructure,Technology,32305.61
E12519,2025-01-10,Salaries,HR,12580.96
E12520,2025-05-31,Logistics,Operations,117344.49
E12521,2026-03-02,Marketing,Marketing,34417.91
E12522,2026-07-01,Customer Support,Support,48441.16
E12523,2026-07-12,Infrastructure,Technology,18985.36
E12524,2026-07-06,Salaries,HR,67810.14
E12525,2025-01-06,Customer Support,Support,66751.62
E12526,2025-10-20,Customer Support,Support,88539.64
E12527,2025-11-20,Customer Support,Support,73149.51
E12528,2026-07-12,Marketing,Marketing,99760.09
E12529,2025-02-10,Operations,Operations,135644.68
E12530,2026-03-15,Infrastructure,Technology,40102.01
E12531,2025-10-18,Operations,Operations,12676.75
E12532,2025-01-14,Technology,Technology,75561.59
E12533,2025-01-01,Customer Support,Support,94803.16
E12534,2026-06-09,Logistics,Operations,26813.18
E12535,2025-12-27,Customer Support,Support,129737.17
E12536,2025-10-02,Logistics,Operations,90629.15
E12537,2025-03-01,Infrastructure,Technology,130689.93
E12538,2025-12-05,Customer Support,Support,138753.58
E12539,2026-06-14,Customer Support,Support,49460.68
E12540,2025-07-06,Logistics,Operations,83217.31
E12541,2025-04-28,Customer Support,Support,96583.18
E12542,2026-05-01,Logistics,Operations,84671.96
E12543,2025-06-03,Customer Support,Support,59031.76
E12544,2025-08-03,Technology,Technology,131089.04
E12545,2025-02-19,Logistics,Operations,37903.06
E12546,2025-08-23,Infrastructure,Technology,47606.04
E12547,2025-06-02,Logistics,Operations,45144.24
E12548,2025-05-01,Salaries,HR,65842.7
E12549,2025-09-30,Infrastructure,Technology,62861.53
E12550,2025-03-27,Technology,Technology,119957.74
E12551,2025-03-15,Operations,Operations,78159.01
E12552,2025-02-18,Marketing,Marketing,80027.16
E12553,2026-06-15,Salaries,HR,117793.11
E12554,2025-02-27,Logistics,Operations,139829.14
E12555,2026-04-02,Marketing,Marketing,23176.15
E12556,2026-04-06,Infrastructure,Technology,62540.69
E12557,2026-05-09,Customer Support,Support,104433.31
E12558,2025-01-16,Technology,Technology,60447.5
E12559,2026-05-03,Salaries,HR,51441.58
E12560,2025-01-04,Infrastructure,Technology,130521.17
E12561,2025-07-17,Infrastructure,Technology,137940.1
E12562,2025-06-18,Operations,Operations,9155.3
E12563,2026-06-29,Salaries,HR,114274.29
E12564,2025-04-03,Marketing,Marketing,112114.68
E12565,2026-07-25,Salaries,HR,29125.84
E12566,2025-04-23,Infrastructure,Technology,106242.3
E12567,2025-01-04,Marketing,Marketing,53166.0
E12568,2025-08-17,Marketing,Marketing,76919.04
E12569,2025-07-20,Infrastructure,Technology,104841.34
E12570,2025-01-31,Operations,Operations,76245.91
E12571,2025-03-20,Technology,Technology,110392.01
E12572,2025-02-03,Technology,Technology,106835.8
E12573,2025-03-18,Customer Support,Support,88686.48
E12574,2025-12-27,Marketing,Marketing,113817.19
E12575,2025-09-14,Marketing,Marketing,64224.15
E12576,2025-10-31,Operations,Operations,132670.46
E12577,2025-04-23,Salaries,HR,46255.0
E12578,2025-01-17,Technology,Technology,27736.5
E12579,2025-04-09,Marketing,Marketing,29350.64
E12580,2025-12-11,Marketing,Marketing,90339.24
E12581,2025-01-28,Marketing,Marketing,96355.97
E12582,2025-04-29,Infrastructure,Technology,15062.67
E12583,2025-01-17,Salaries,HR,144126.64
E12584,2025-03-23,Infrastructure,Technology,125025.0
E12585,2025-02-09,Salaries,HR,83001.11
E12586,2025-05-05,Infrastructure,Technology,122221.83
E12587,2025-11-02,Customer Support,Support,13523.55
E12588,2025-10-01,Infrastructure,Technology,90294.82
E12589,2025-01-19,Infrastructure,Technology,32803.62
E12590,2025-11-18,Customer Support,Support,99477.2
E12591,2025-01-30,Customer Support,Support,90030.03
E12592,2026-05-14,Marketing,Marketing,125849.74
E12593,2026-03-24,Technology,Technology,109480.74
E12594,2025-03-14,Infrastructure,Technology,123478.79
E12595,2025-04-28,Logistics,Operations,10582.36
E12596,2025-10-11,Infrastructure,Technology,94676.67
E12597,2026-05-27,Marketing,Marketing,105008.42
E12598,2025-01-08,Operations,Operations,132990.37
E12599,2025-10-29,Operations,Operations,48989.55
E12600,2026-03-30,Salaries,HR,128722.85
E12601,2025-09-21,Operations,Operations,13934.88
E12602,2026-01-06,Marketing,Marketing,121162.87
E12603,2026-04-12,Customer Support,Support,70686.02
E12604,2026-02-16,Infrastructure,Technology,143092.56
E12605,2026-07-31,Marketing,Marketing,117073.05
E12606,2026-01-30,Operations,Operations,60854.49
E12607,2025-04-13,Operations,Operations,124995.52
E12608,2025-09-08,Customer Support,Support,149378.85
E12609,2026-07-01,Technology,Technology,69820.5
E12610,2025-08-30,Operations,Operations,129705.51
E12611,2026-07-23,Marketing,Marketing,78510.65
E12612,2025-10-16,Logistics,Operations,8619.1
E12613,2025-04-04,Operations,Operations,117016.57
E12614,2026-02-25,Operations,Operations,112072.07
E12615,2025-06-23,Operations,Operations,17447.74
E12616,2025-07-03,Marketing,Marketing,90943.89
E12617,2025-12-09,Infrastructure,Technology,77332.61
E12618,2025-04-08,Logistics,Operations,86059.74
E12619,2026-05-12,Logistics,Operations,79526.95
E12620,2025-02-04,Infrastructure,Technology,23386.85
E12621,2025-04-04,Operations,Operations,79325.53
E12622,2025-08-04,Logistics,Operations,66632.48
E12623,2025-12-19,Salaries,HR,20899.89
E12624,2025-09-30,Customer Support,Support,133098.22
E12625,2025-10-22,Operations,Operations,42590.46
E12626,2025-06-18,Technology,Technology,131693.36
E12627,2025-02-09,Operations,Operations,18431.76
E12628,2025-05-25,Marketing,Marketing,94434.14
E12629,2025-04-03,Marketing,Marketing,10036.01
E12630,2026-08-03,Marketing,Marketing,54268.16
E12631,2025-03-24,Technology,Technology,139301.4
E12632,2025-06-25,Salaries,HR,42842.89
E12633,2026-05-09,Technology,Technology,34717.9
E12634,2026-07-24,Salaries,HR,125266.52
E12635,2025-01-09,Customer Support,Support,128108.79
E12636,2025-09-24,Salaries,HR,19754.04
E12637,2025-08-18,Logistics,Operations,66503.2
E12638,2026-03-12,Logistics,Operations,20530.01
E12639,2026-06-16,Technology,Technology,13763.68
E12640,2025-08-14,Operations,Operations,63435.61
E12641,2026-06-17,Salaries,HR,14541.38
E12642,2026-03-16,Logistics,Operations,37471.31
E12643,2025-09-27,Logistics,Operations,124477.4
E12644,2025-10-22,Logistics,Operations,62022.34
E12645,2026-04-09,Logistics,Operations,147439.13
E12646,2025-04-09,Customer Support,Support,140172.96
E12647,2026-05-27,Logistics,Operations,21967.26
E12648,2026-06-16,Marketing,Marketing,122860.92
E12649,2025-11-24,Infrastructure,Technology,2650.05
E12650,2025-08-26,Marketing,Marketing,60242.48
E12651,2025-06-16,Logistics,Operations,85691.75
E12652,2025-12-18,Technology,Technology,90219.41
E12653,2025-01-02,Customer Support,Support,96159.26
E12654,2025-05-17,Operations,Operations,90319.34
E12655,2025-12-15,Technology,Technology,72410.8
E12656,2026-07-29,Infrastructure,Technology,61059.39
E12657,2025-06-30,Marketing,Marketing,20012.37
E12658,2025-05-23,Operations,Operations,109477.36
E12659,2025-09-01,Logistics,Operations,74920.06
E12660,2025-02-02,Operations,Operations,140580.17
E12661,2026-04-16,Technology,Technology,145234.55
E12662,2026-01-17,Operations,Operations,144546.26
E12663,2025-12-12,Logistics,Operations,50705.56
E12664,2025-10-17,Technology,Technology,84078.4
E12665,2025-03-13,Logistics,Operations,26074.91
E12666,2026-01-17,Marketing,Marketing,120158.65
E12667,2026-03-22,Infrastructure,Technology,49907.02
E12668,2025-09-16,Salaries,HR,96729.43
E12669,2025-04-02,Customer Support,Support,130048.14
E12670,2025-10-02,Logistics,Operations,7800.34
E12671,2026-04-11,Technology,Technology,5718.3
E12672,2025-04-06,Logistics,Operations,134681.33
E12673,2025-09-16,Infrastructure,Technology,148460.91
E12674,2025-01-20,Technology,Technology,85820.21
E12675,2026-03-05,Technology,Technology,133979.69
E12676,2026-01-04,Infrastructure,Technology,126284.02
E12677,2026-01-21,Marketing,Marketing,142659.32
E12678,2025-02-14,Infrastructure,Technology,85838.25
E12679,2025-11-13,Operations,Operations,80959.59
E12680,2025-04-06,Customer Support,Support,16783.12
E12681,2025-03-11,Technology,Technology,16933.77
E12682,2025-11-19,Technology,Technology,85891.64
E12683,2026-06-20,Logistics,Operations,12654.14
E12684,2026-05-07,Operations,Operations,54229.47
E12685,2025-04-28,Operations,Operations,26791.23
E12686,2025-05-26,Infrastructure,Technology,135792.47
E12687,2026-05-20,Salaries,HR,7091.15
E12688,2025-01-13,Operations,Operations,36435.76
E12689,2025-11-01,Customer Support,Support,27748.8
E12690,2025-04-15,Infrastructure,Technology,40505.2
E12691,2025-09-08,Logistics,Operations,35170.86
E12692,2025-11-18,Logistics,Operations,6742.42
E12693,2026-06-08,Infrastructure,Technology,135739.25
E12694,2025-10-22,Operations,Operations,4440.42
E12695,2025-07-13,Customer Support,Support,145872.95
E12696,2025-03-17,Logistics,Operations,130284.93
E12697,2026-05-12,Logistics,Operations,72431.6
E12698,2025-06-24,Infrastructure,Technology,114450.78
E12699,2026-05-25,Logistics,Operations,119156.95
E12700,2026-03-27,Infrastructure,Technology,89632.57
E12701,2025-10-24,Technology,Technology,110179.31
E12702,2025-04-07,Salaries,HR,92889.73
E12703,2026-02-25,Marketing,Marketing,82398.87
E12704,2026-05-01,Operations,Operations,122529.52
E12705,2026-06-12,Marketing,Marketing,7685.03
E12706,2026-08-03,Logistics,Operations,99105.11
E12707,2025-12-16,Logistics,Operations,134258.99
E12708,2025-03-08,Operations,Operations,30025.58
E12709,2025-04-05,Marketing,Marketing,85169.84
E12710,2026-02-06,Infrastructure,Technology,72141.48
E12711,2025-09-13,Infrastructure,Technology,60696.61
E12712,2026-03-10,Operations,Operations,103899.2
E12713,2026-02-22,Infrastructure,Technology,118726.54
E12714,2026-04-28,Infrastructure,Technology,137786.66
E12715,2026-07-29,Infrastructure,Technology,62716.02
E12716,2025-03-14,Logistics,Operations,39627.13
E12717,2026-01-10,Operations,Operations,46728.69
E12718,2025-07-04,Technology,Technology,13185.32
E12719,2025-03-26,Logistics,Operations,4525.64
E12720,2025-06-09,Infrastructure,Technology,22993.63
E12721,2026-01-27,Technology,Technology,134718.42
E12722,2025-09-27,Infrastructure,Technology,38242.79
E12723,2025-10-01,Salaries,HR,112911.03
E12724,2025-05-03,Operations,Operations,47838.63
E12725,2026-06-02,Operations,Operations,30222.13
E12726,2025-12-25,Marketing,Marketing,114755.99
E12727,2025-12-24,Salaries,HR,34109.94
E12728,2025-08-11,Salaries,HR,145353.85
E12729,2026-02-20,Technology,Technology,88186.34
E12730,2025-06-13,Salaries,HR,55363.44
E12731,2025-11-10,Logistics,Operations,54002.65
E12732,2026-03-19,Salaries,HR,26033.78
E12733,2025-04-29,Operations,Operations,147408.0
E12734,2025-03-04,Customer Support,Support,146380.3
E12735,2025-08-09,Marketing,Marketing,103133.85
E12736,2025-12-28,Customer Support,Support,66055.17
E12737,2026-04-24,Marketing,Marketing,99444.72
E12738,2026-02-07,Marketing,Marketing,82949.85
E12739,2025-04-02,Salaries,HR,69675.52
E12740,2025-05-22,Infrastructure,Technology,37856.95
E12741,2026-04-25,Logistics,Operations,2544.96
E12742,2025-11-20,Customer Support,Support,14850.82
E12743,2026-03-24,Infrastructure,Technology,90023.43
E12744,2026-04-04,Infrastructure,Technology,34982.25
E12745,2026-07-27,Marketing,Marketing,84428.4
E12746,2025-08-01,Customer Support,Support,148447.73
E12747,2025-02-12,Logistics,Operations,90200.8
E12748,2026-03-11,Operations,Operations,44464.36
E12749,2026-07-22,Technology,Technology,115660.3
E12750,2025-01-22,Technology,Technology,22627.69
E12751,2025-01-23,Logistics,Operations,123239.85
E12752,2026-05-29,Logistics,Operations,33632.06
E12753,2026-05-08,Operations,Operations,129456.11
E12754,2026-06-07,Infrastructure,Technology,37128.46
E12755,2026-01-25,Technology,Technology,109136.09
E12756,2025-12-21,Technology,Technology,137423.46
E12757,2026-03-31,Customer Support,Support,61501.14
E12758,2025-04-24,Operations,Operations,126222.05
E12759,2025-07-22,Salaries,HR,21611.13
E12760,2025-09-28,Customer Support,Support,149440.23
E12761,2025-07-12,Operations,Operations,48869.09
E12762,2025-06-27,Operations,Operations,95123.48
E12763,2025-01-25,Infrastructure,Technology,16393.38
E12764,2025-08-18,Customer Support,Support,13413.56
E12765,2025-09-29,Operations,Operations,67679.38
E12766,2026-01-08,Technology,Technology,145436.66
E12767,2026-03-30,Infrastructure,Technology,17003.28
E12768,2026-08-08,Logistics,Operations,9098.72
E12769,2025-07-01,Salaries,HR,55753.21
E12770,2026-02-15,Salaries,HR,30313.08
E12771,2026-06-17,Salaries,HR,103090.84
E12772,2025-11-14,Logistics,Operations,57857.22
E12773,2025-12-15,Logistics,Operations,128209.95
E12774,2025-07-27,Logistics,Operations,69159.36
E12775,2025-05-05,Infrastructure,Technology,111685.94
E12776,2025-01-08,Technology,Technology,147336.33
E12777,2025-12-08,Technology,Technology,37441.1
E12778,2025-04-06,Technology,Technology,69646.88
E12779,2025-07-06,Operations,Operations,116560.06
E12780,2026-03-31,Logistics,Operations,102120.27
E12781,2025-07-29,Infrastructure,Technology,121288.14
E12782,2025-04-07,Technology,Technology,109148.3
E12783,2025-10-26,Customer Support,Support,11366.96
E12784,2026-02-03,Infrastructure,Technology,72656.78
E12785,2025-11-23,Logistics,Operations,144141.03
E12786,2025-10-13,Technology,Technology,104689.37
E12787,2026-06-07,Infrastructure,Technology,49686.9
E12788,2025-12-21,Logistics,Operations,16236.7
E12789,2025-08-28,Infrastructure,Technology,78000.3
E12790,2025-04-21,Customer Support,Support,98983.51
E12791,2025-03-01,Technology,Technology,92842.92
E12792,2025-06-08,Marketing,Marketing,81690.14
E12793,2025-12-17,Operations,Operations,42342.53
E12794,2026-04-29,Infrastructure,Technology,121498.34
E12795,2025-11-15,Operations,Operations,116019.38
E12796,2026-06-06,Technology,Technology,126083.37
E12797,2025-11-27,Infrastructure,Technology,135259.13
E12798,2026-03-13,Marketing,Marketing,60163.67
E12799,2026-03-29,Customer Support,Support,136657.31
E12800,2025-11-23,Marketing,Marketing,68195.52
E12801,2026-01-16,Infrastructure,Technology,102083.18
E12802,2026-06-04,Infrastructure,Technology,85156.88
E12803,2025-07-04,Logistics,Operations,28656.62
E12804,2025-01-26,Customer Support,Support,114745.37
E12805,2026-02-23,Logistics,Operations,124633.16
E12806,2025-07-16,Operations,Operations,59083.4
E12807,2026-01-17,Salaries,HR,122281.59
E12808,2026-02-23,Technology,Technology,81351.87
E12809,2025-08-27,Infrastructure,Technology,109303.87
E12810,2025-02-23,Marketing,Marketing,95465.58
E12811,2025-07-30,Technology,Technology,148063.45
E12812,2025-11-18,Operations,Operations,22476.84
E12813,2025-10-03,Operations,Operations,144287.47
E12814,2025-06-27,Operations,Operations,92955.15
E12815,2026-06-15,Marketing,Marketing,79698.86
E12816,2025-01-17,Marketing,Marketing,81410.13
E12817,2026-03-07,Salaries,HR,129453.21
E12818,2025-06-28,Customer Support,Support,58651.39
E12819,2025-12-13,Operations,Operations,118870.39
E12820,2026-08-04,Operations,Operations,9016.91
E12821,2025-01-03,Infrastructure,Technology,122733.77
E12822,2025-11-01,Technology,Technology,24254.14
E12823,2025-04-28,Technology,Technology,101081.87
E12824,2026-04-16,Customer Support,Support,52362.05
E12825,2025-07-21,Logistics,Operations,114172.01
E12826,2025-03-28,Customer Support,Support,117521.09
E12827,2025-08-19,Operations,Operations,64878.74
E12828,2026-04-20,Technology,Technology,14015.56
E12829,2025-05-14,Salaries,HR,13372.83
E12830,2026-01-16,Customer Support,Support,109476.37
E12831,2025-01-14,Logistics,Operations,114711.03
E12832,2025-08-29,Technology,Technology,36302.36
E12833,2025-02-17,Customer Support,Support,12503.0
E12834,2026-06-14,Logistics,Operations,61783.87
E12835,2025-08-24,Technology,Technology,124431.94
E12836,2026-08-07,Customer Support,Support,132264.13
E12837,2026-01-29,Infrastructure,Technology,146387.71
E12838,2026-04-25,Technology,Technology,3379.04
E12839,2026-03-21,Marketing,Marketing,71626.76
E12840,2026-06-11,Salaries,HR,2000.02
E12841,2025-02-09,Infrastructure,Technology,49650.5
E12842,2026-03-08,Infrastructure,Technology,103585.0
E12843,2025-08-18,Salaries,HR,123270.16
E12844,2025-08-12,Technology,Technology,17609.67
E12845,2025-08-24,Marketing,Marketing,91733.22
E12846,2026-01-11,Logistics,Operations,110042.44
E12847,2026-02-13,Infrastructure,Technology,85112.81
E12848,2025-07-10,Customer Support,Support,7022.16
E12849,2025-01-07,Salaries,HR,68266.99
E12850,2026-05-03,Infrastructure,Technology,68268.76
E12851,2026-02-09,Logistics,Operations,126939.06
E12852,2025-11-04,Salaries,HR,73760.35
E12853,2026-04-01,Logistics,Operations,88917.97
E12854,2025-02-13,Infrastructure,Technology,140034.33
E12855,2025-07-28,Customer Support,Support,57873.46
E12856,2025-11-11,Infrastructure,Technology,105830.39
E12857,2025-11-20,Logistics,Operations,16689.0
E12858,2025-10-30,Operations,Operations,11483.32
E12859,2025-05-08,Marketing,Marketing,102992.01
E12860,2025-07-04,Customer Support,Support,102247.79
E12861,2025-06-18,Infrastructure,Technology,15363.02
E12862,2025-08-15,Logistics,Operations,85255.95
E12863,2026-02-01,Technology,Technology,101760.04
E12864,2025-03-08,Operations,Operations,107489.95
E12865,2026-05-14,Salaries,HR,28008.37
E12866,2025-12-02,Marketing,Marketing,48869.42
E12867,2026-03-23,Logistics,Operations,118464.48
E12868,2026-02-03,Infrastructure,Technology,25258.08
E12869,2026-03-17,Salaries,HR,34953.14
E12870,2026-07-23,Customer Support,Support,51255.97
E12871,2025-12-21,Salaries,HR,141636.26
E12872,2025-09-30,Technology,Technology,140781.23
E12873,2025-09-26,Technology,Technology,22085.14
E12874,2026-03-24,Operations,Operations,45613.99
E12875,2026-01-26,Marketing,Marketing,91601.96
E12876,2025-06-04,Salaries,HR,34947.5
E12877,2025-10-04,Logistics,Operations,138936.94
E12878,2025-03-07,Marketing,Marketing,35092.84
E12879,2025-07-25,Customer Support,Support,56778.69
E12880,2025-02-09,Marketing,Marketing,149855.6
E12881,2026-02-21,Technology,Technology,23292.71
E12882,2025-01-16,Marketing,Marketing,70138.44
E12883,2025-07-24,Operations,Operations,60691.89
E12884,2025-02-08,Logistics,Operations,143779.55
E12885,2026-04-21,Infrastructure,Technology,128931.51
E12886,2026-04-17,Customer Support,Support,10947.14
E12887,2026-02-14,Technology,Technology,71505.21
E12888,2025-09-25,Customer Support,Support,74742.66
E12889,2025-03-29,Marketing,Marketing,16901.8
E12890,2026-02-15,Operations,Operations,127076.35
E12891,2026-02-17,Customer Support,Support,124963.91
E12892,2025-09-20,Marketing,Marketing,68603.15
E12893,2025-08-14,Operations,Operations,21049.13
E12894,2025-08-13,Technology,Technology,3065.99
E12895,2025-04-16,Customer Support,Support,29042.86
E12896,2025-11-11,Operations,Operations,103264.37
E12897,2026-08-08,Operations,Operations,51142.96
E12898,2026-05-28,Salaries,HR,133963.73
E12899,2025-10-21,Marketing,Marketing,82900.19
E12900,2025-06-27,Infrastructure,Technology,42812.29
E12901,2025-10-28,Operations,Operations,6972.05
E12902,2026-07-07,Technology,Technology,9995.32
E12903,2026-01-13,Logistics,Operations,5138.23
E12904,2026-03-08,Infrastructure,Technology,131138.17
E12905,2026-07-09,Marketing,Marketing,75441.94
E12906,2026-01-16,Salaries,HR,48492.66
E12907,2025-05-30,Salaries,HR,25256.38
E12908,2025-02-10,Infrastructure,Technology,66208.14
E12909,2025-08-15,Logistics,Operations,31849.02
E12910,2026-03-24,Marketing,Marketing,122461.91
E12911,2026-06-03,Marketing,Marketing,100793.69
E12912,2025-09-28,Salaries,HR,20895.59
E12913,2025-09-14,Infrastructure,Technology,109256.67
E12914,2025-10-01,Logistics,Operations,48362.95
E12915,2025-06-12,Technology,Technology,40316.04
E12916,2025-09-09,Operations,Operations,118962.01
E12917,2026-07-20,Technology,Technology,37324.98
E12918,2025-06-22,Infrastructure,Technology,84678.87
E12919,2026-05-26,Marketing,Marketing,61943.47
E12920,2025-02-21,Logistics,Operations,121054.01
E12921,2026-01-15,Marketing,Marketing,27892.52
E12922,2025-09-09,Salaries,HR,55627.77
E12923,2025-05-02,Customer Support,Support,33675.63
E12924,2025-08-12,Salaries,HR,141566.43
E12925,2025-07-01,Logistics,Operations,94739.09
E12926,2026-03-05,Salaries,HR,31781.01
E12927,2025-10-07,Technology,Technology,110420.65
E12928,2026-01-11,Infrastructure,Technology,86098.41
E12929,2025-08-10,Salaries,HR,46288.18
E12930,2025-08-09,Infrastructure,Technology,30405.59
E12931,2025-05-30,Marketing,Marketing,34781.44
E12932,2026-08-06,Customer Support,Support,116175.82
E12933,2026-03-16,Customer Support,Support,85859.42
E12934,2025-10-24,Infrastructure,Technology,65294.99
E12935,2026-01-29,Salaries,HR,46996.99
E12936,2026-05-08,Operations,Operations,43780.5
E12937,2025-05-22,Infrastructure,Technology,87682.9
E12938,2025-12-19,Technology,Technology,98848.81
E12939,2025-10-31,Operations,Operations,19025.3
E12940,2025-03-11,Marketing,Marketing,60004.05
E12941,2025-02-17,Logistics,Operations,124574.94
E12942,2025-11-09,Salaries,HR,35482.15
E12943,2025-04-02,Operations,Operations,25147.82
E12944,2026-02-07,Customer Support,Support,121198.18
E12945,2026-04-17,Salaries,HR,104723.05
E12946,2026-03-05,Logistics,Operations,2659.2
E12947,2025-04-25,Logistics,Operations,7195.02
E12948,2026-07-27,Technology,Technology,7737.08
E12949,2025-05-26,Marketing,Marketing,129633.58
E12950,2026-08-07,Logistics,Operations,31424.75
E12951,2025-01-01,Technology,Technology,50966.03
E12952,2026-05-20,Salaries,HR,46121.53
E12953,2025-10-14,Technology,Technology,67007.83
E12954,2025-08-17,Technology,Technology,50176.21
E12955,2026-04-19,Logistics,Operations,4649.45
E12956,2026-03-14,Logistics,Operations,54701.09
E12957,2026-05-02,Infrastructure,Technology,115594.62
E12958,2025-11-30,Logistics,Operations,84104.39
E12959,2025-12-11,Logistics,Operations,99006.81
E12960,2026-03-06,Operations,Operations,2355.6
E12961,2025-03-23,Logistics,Operations,125794.83
E12962,2026-07-06,Infrastructure,Technology,146651.88
E12963,2026-02-27,Operations,Operations,72981.3
E12964,2025-12-09,Marketing,Marketing,4147.34
E12965,2026-07-23,Salaries,HR,6084.67
E12966,2025-07-06,Infrastructure,Technology,103534.78
E12967,2025-05-17,Logistics,Operations,74211.63
E12968,2025-04-12,Operations,Operations,149849.96
E12969,2025-02-25,Salaries,HR,33833.53
E12970,2025-02-07,Operations,Operations,127305.17
E12971,2025-01-05,Infrastructure,Technology,24795.97
E12972,2025-01-16,Marketing,Marketing,86837.23
E12973,2025-04-24,Salaries,HR,25019.33
E12974,2026-02-18,Logistics,Operations,12395.1
E12975,2025-10-12,Marketing,Marketing,120623.14
E12976,2026-03-08,Marketing,Marketing,120712.48
E12977,2025-12-24,Salaries,HR,22669.14
E12978,2026-04-02,Customer Support,Support,43857.98
E12979,2026-07-24,Logistics,Operations,14747.79
E12980,2025-03-15,Technology,Technology,72019.77
E12981,2025-09-19,Operations,Operations,109171.5
E12982,2025-09-12,Infrastructure,Technology,78764.24
E12983,2025-04-21,Technology,Technology,130573.12
E12984,2025-05-10,Technology,Technology,55972.45
E12985,2025-12-24,Operations,Operations,70611.43
E12986,2025-06-23,Marketing,Marketing,22337.42
E12987,2025-08-13,Technology,Technology,69276.35
E12988,2025-08-11,Salaries,HR,51395.91
E12989,2025-11-11,Infrastructure,Technology,103397.68
E12990,2026-03-17,Customer Support,Support,55739.43
E12991,2025-01-25,Technology,Technology,71185.8
E12992,2025-03-03,Customer Support,Support,26794.36
E12993,2026-01-07,Logistics,Operations,106380.14
E12994,2026-06-14,Operations,Operations,137930.41
E12995,2025-04-27,Marketing,Marketing,131276.23
E12996,2025-07-04,Logistics,Operations,62623.91
E12997,2025-05-24,Operations,Operations,13311.06
E12998,2026-01-27,Salaries,HR,61077.37
E12999,2026-01-17,Logistics,Operations,108689.26
E13000,2026-02-06,Customer Support,Support,148265.73
E13001,2025-10-09,Marketing,Marketing,13162.94
E13002,2025-02-18,Operations,Operations,111998.55
E13003,2025-05-18,Operations,Operations,105362.34
E13004,2025-05-27,Marketing,Marketing,90272.77
E13005,2025-10-14,Infrastructure,Technology,37414.99
E13006,2025-07-16,Salaries,HR,6863.41
E13007,2026-06-01,Technology,Technology,16520.24
E13008,2026-03-30,Logistics,Operations,7297.52
E13009,2025-07-10,Technology,Technology,86543.07
E13010,2025-07-28,Customer Support,Support,12720.41
E13011,2026-01-07,Logistics,Operations,97409.93
E13012,2025-01-27,Salaries,HR,6001.55
E13013,2025-12-22,Logistics,Operations,15207.24
E13014,2025-06-12,Customer Support,Support,139789.33
E13015,2025-04-03,Operations,Operations,47424.9
E13016,2025-01-28,Salaries,HR,24788.76
E13017,2025-07-16,Operations,Operations,110205.09
E13018,2026-04-15,Marketing,Marketing,40313.34
E13019,2025-11-21,Technology,Technology,85917.63
E13020,2026-02-05,Marketing,Marketing,139709.51
E13021,2026-03-24,Infrastructure,Technology,93231.48
E13022,2025-11-21,Marketing,Marketing,80113.61
E13023,2025-08-12,Infrastructure,Technology,88326.26
E13024,2025-07-10,Operations,Operations,121561.37
E13025,2025-05-12,Salaries,HR,99610.9
E13026,2026-01-17,Technology,Technology,10305.59
E13027,2025-03-07,Logistics,Operations,77122.21
E13028,2026-02-01,Technology,Technology,72323.7
E13029,2026-06-05,Technology,Technology,59427.69
E13030,2025-02-15,Operations,Operations,123361.04
E13031,2026-07-01,Infrastructure,Technology,28695.17
E13032,2026-03-25,Infrastructure,Technology,116339.56
E13033,2025-07-24,Infrastructure,Technology,137300.12
E13034,2025-01-05,Operations,Operations,29091.64
E13035,2026-07-25,Salaries,HR,13407.3
E13036,2025-11-29,Infrastructure,Technology,39694.7
E13037,2026-05-03,Customer Support,Support,73856.54
E13038,2026-02-22,Salaries,HR,47934.79
E13039,2025-11-09,Operations,Operations,27098.2
E13040,2025-01-22,Infrastructure,Technology,40685.0
E13041,2025-03-24,Infrastructure,Technology,23513.13
E13042,2025-01-22,Technology,Technology,34062.04
E13043,2025-11-15,Salaries,HR,125325.23
E13044,2025-04-17,Marketing,Marketing,145027.88
E13045,2026-04-25,Marketing,Marketing,67333.57
E13046,2025-02-02,Operations,Operations,123046.7
E13047,2025-11-21,Salaries,HR,56989.73
E13048,2025-12-28,Infrastructure,Technology,40052.86
E13049,2025-01-01,Salaries,HR,22179.89
E13050,2025-06-30,Infrastructure,Technology,62871.09
E13051,2026-06-23,Customer Support,Support,75765.35
E13052,2026-04-30,Salaries,HR,12228.67
E13053,2025-06-24,Customer Support,Support,15681.14
E13054,2026-02-07,Marketing,Marketing,70525.43
E13055,2025-06-27,Salaries,HR,38920.34
E13056,2025-04-25,Customer Support,Support,121337.21
E13057,2026-02-28,Technology,Technology,92040.46
E13058,2025-12-02,Logistics,Operations,103592.41
E13059,2025-08-06,Logistics,Operations,130052.19
E13060,2025-07-21,Operations,Operations,9563.42
E13061,2025-07-26,Salaries,HR,107706.25
E13062,2026-05-29,Salaries,HR,83627.93
E13063,2025-05-09,Logistics,Operations,70632.87
E13064,2025-10-02,Infrastructure,Technology,74064.62
E13065,2025-06-16,Technology,Technology,14500.5
E13066,2025-09-07,Customer Support,Support,63048.43
E13067,2026-04-29,Customer Support,Support,149295.54
E13068,2025-07-03,Infrastructure,Technology,61216.55
E13069,2025-02-07,Infrastructure,Technology,107307.14
E13070,2026-01-18,Logistics,Operations,136050.74
E13071,2025-05-15,Operations,Operations,133259.12
E13072,2026-05-10,Customer Support,Support,56880.46
E13073,2026-03-10,Logistics,Operations,67431.86
E13074,2025-03-29,Logistics,Operations,57183.34
E13075,2026-05-21,Technology,Technology,47483.48
E13076,2026-04-22,Marketing,Marketing,81074.2
E13077,2025-08-02,Customer Support,Support,146271.56
E13078,2025-08-10,Infrastructure,Technology,138773.93
E13079,2025-11-15,Logistics,Operations,91346.88
E13080,2025-06-21,Customer Support,Support,84181.04
E13081,2026-05-01,Marketing,Marketing,6567.43
E13082,2026-04-02,Customer Support,Support,122012.51
E13083,2025-11-18,Operations,Operations,60571.69
E13084,2025-08-11,Salaries,HR,53163.54
E13085,2026-05-25,Salaries,HR,67613.34
E13086,2025-02-18,Logistics,Operations,95423.51
E13087,2026-07-07,Logistics,Operations,120320.31
E13088,2026-06-21,Customer Support,Support,37907.25
E13089,2026-03-12,Marketing,Marketing,141546.03
E13090,2026-02-28,Technology,Technology,94899.31
E13091,2025-11-28,Logistics,Operations,138733.17
E13092,2026-03-16,Operations,Operations,145621.66
E13093,2025-01-17,Technology,Technology,54862.64
E13094,2025-08-29,Infrastructure,Technology,35440.16
E13095,2025-12-03,Marketing,Marketing,24330.13
E13096,2026-02-27,Infrastructure,Technology,35615.54
E13097,2025-06-30,Customer Support,Support,121751.17
E13098,2025-06-21,Logistics,Operations,91605.2
E13099,2026-04-21,Operations,Operations,39353.79
E13100,2025-06-14,Technology,Technology,82202.56
E13101,2025-12-05,Customer Support,Support,106734.75
E13102,2025-08-06,Infrastructure,Technology,117561.85
E13103,2025-07-15,Marketing,Marketing,145246.86
E13104,2026-04-21,Marketing,Marketing,96386.85
E13105,2025-11-13,Technology,Technology,93132.39
E13106,2025-11-11,Technology,Technology,9673.84
E13107,2025-07-18,Infrastructure,Technology,72969.05
E13108,2025-01-05,Technology,Technology,116528.32
E13109,2025-09-04,Infrastructure,Technology,126296.53
E13110,2025-12-12,Marketing,Marketing,11655.45
E13111,2025-08-06,Operations,Operations,87085.77
E13112,2025-10-13,Salaries,HR,113145.82
E13113,2026-01-19,Logistics,Operations,133138.59
E13114,2025-12-21,Logistics,Operations,16435.83
E13115,2025-03-22,Technology,Technology,59276.74
E13116,2025-11-19,Salaries,HR,133882.66
E13117,2025-07-30,Operations,Operations,127705.78
E13118,2026-08-08,Infrastructure,Technology,134291.64
E13119,2025-10-02,Customer Support,Support,49390.82
E13120,2025-10-23,Operations,Operations,67045.73
E13121,2026-01-10,Technology,Technology,104806.63
E13122,2026-06-02,Marketing,Marketing,108681.59
E13123,2025-09-11,Technology,Technology,124788.83
E13124,2026-01-25,Marketing,Marketing,9336.62
E13125,2026-06-11,Customer Support,Support,135409.03
E13126,2026-02-09,Salaries,HR,51747.28
E13127,2025-09-24,Technology,Technology,148039.87
E13128,2026-05-19,Operations,Operations,76923.11
E13129,2026-06-09,Operations,Operations,41896.35
E13130,2025-08-30,Operations,Operations,93937.77
E13131,2026-01-02,Marketing,Marketing,88769.63
E13132,2026-04-04,Logistics,Operations,23746.61
E13133,2025-05-15,Infrastructure,Technology,133774.16
E13134,2025-01-25,Marketing,Marketing,145193.42
E13135,2025-12-25,Customer Support,Support,99678.57
E13136,2025-07-30,Technology,Technology,112512.78
E13137,2026-03-20,Marketing,Marketing,84560.81
E13138,2025-06-13,Marketing,Marketing,4793.87
E13139,2025-05-10,Marketing,Marketing,81303.62
E13140,2025-04-20,Infrastructure,Technology,101640.17
E13141,2025-01-22,Marketing,Marketing,36802.92
E13142,2025-11-05,Customer Support,Support,27932.56
E13143,2026-03-31,Logistics,Operations,139884.68
E13144,2025-08-20,Marketing,Marketing,124797.03
E13145,2025-06-04,Salaries,HR,87746.48
E13146,2025-03-02,Infrastructure,Technology,48932.7
E13147,2025-12-02,Logistics,Operations,110547.39
E13148,2026-03-01,Technology,Technology,62821.09
E13149,2026-06-16,Infrastructure,Technology,113409.12
E13150,2025-04-09,Marketing,Marketing,68251.79
E13151,2026-01-11,Technology,Technology,53306.8
E13152,2026-01-30,Marketing,Marketing,44372.22
E13153,2025-02-24,Marketing,Marketing,130005.0
E13154,2025-08-07,Logistics,Operations,79762.86
E13155,2025-07-01,Operations,Operations,58517.14
E13156,2025-01-24,Logistics,Operations,101044.67
E13157,2025-12-30,Technology,Technology,60803.55
E13158,2025-02-19,Salaries,HR,100229.56
E13159,2025-02-04,Operations,Operations,13368.02
E13160,2026-06-30,Infrastructure,Technology,89583.29
E13161,2026-05-25,Customer Support,Support,102060.59
E13162,2025-06-29,Logistics,Operations,8798.1
E13163,2025-03-21,Customer Support,Support,148850.25
E13164,2025-04-03,Customer Support,Support,121986.77
E13165,2025-08-14,Infrastructure,Technology,107141.48
E13166,2025-05-26,Salaries,HR,142838.08
E13167,2026-03-28,Marketing,Marketing,29141.29
E13168,2026-02-25,Marketing,Marketing,96404.21
E13169,2026-06-22,Operations,Operations,20499.2
E13170,2025-08-05,Technology,Technology,110231.62
E13171,2025-03-29,Infrastructure,Technology,125710.41
E13172,2026-04-04,Logistics,Operations,23857.81
E13173,2025-07-30,Logistics,Operations,49294.52
E13174,2026-01-21,Marketing,Marketing,75888.69
E13175,2025-09-22,Marketing,Marketing,140377.9
E13176,2025-11-22,Operations,Operations,122273.12
E13177,2025-11-27,Salaries,HR,105712.13
E13178,2026-02-21,Operations,Operations,2128.16
E13179,2026-04-25,Infrastructure,Technology,140280.73
E13180,2026-03-07,Marketing,Marketing,48912.21
E13181,2026-03-21,Customer Support,Support,67566.94
E13182,2025-12-21,Customer Support,Support,28017.95
E13183,2025-08-03,Marketing,Marketing,14575.13
E13184,2026-05-24,Infrastructure,Technology,47454.66
E13185,2025-03-12,Operations,Operations,114528.55
E13186,2025-09-02,Logistics,Operations,86052.74
E13187,2025-06-26,Logistics,Operations,98939.04
E13188,2025-12-19,Marketing,Marketing,78551.9
E13189,2025-01-13,Operations,Operations,68112.03
E13190,2025-08-16,Salaries,HR,29613.9
E13191,2025-12-01,Marketing,Marketing,77468.6
E13192,2025-05-08,Customer Support,Support,114653.65
E13193,2025-06-03,Customer Support,Support,94357.9
E13194,2025-08-14,Salaries,HR,9918.92
E13195,2025-01-02,Operations,Operations,39187.11
E13196,2025-09-14,Technology,Technology,80825.32
E13197,2026-03-15,Operations,Operations,58835.04
E13198,2026-03-31,Salaries,HR,123104.94
E13199,2026-03-27,Technology,Technology,101467.08
E13200,2025-05-16,Infrastructure,Technology,9113.13
E13201,2025-12-07,Operations,Operations,138769.0
E13202,2026-03-03,Marketing,Marketing,144672.03
E13203,2025-12-30,Customer Support,Support,19278.05
E13204,2026-06-06,Technology,Technology,133100.2
E13205,2025-03-11,Technology,Technology,43451.6
E13206,2025-07-03,Marketing,Marketing,20073.28
E13207,2026-01-07,Operations,Operations,11082.78
E13208,2025-07-14,Marketing,Marketing,7087.62
E13209,2026-04-02,Salaries,HR,142763.72
E13210,2025-12-23,Customer Support,Support,59239.85
E13211,2025-12-05,Logistics,Operations,78251.13
E13212,2025-03-16,Customer Support,Support,19671.85
E13213,2025-04-25,Technology,Technology,106165.31
E13214,2025-10-27,Customer Support,Support,119658.75
E13215,2025-01-25,Technology,Technology,72423.73
E13216,2026-06-07,Operations,Operations,38948.04
E13217,2026-06-05,Technology,Technology,48212.61
E13218,2025-10-18,Technology,Technology,139021.51
E13219,2025-02-01,Infrastructure,Technology,40946.25
E13220,2026-02-15,Customer Support,Support,87651.48
E13221,2025-12-03,Salaries,HR,140752.12
E13222,2025-12-26,Customer Support,Support,12641.26
E13223,2026-07-10,Salaries,HR,10054.58
E13224,2026-02-24,Marketing,Marketing,73925.83
E13225,2026-03-08,Technology,Technology,125745.9
E13226,2025-05-13,Salaries,HR,67273.71
E13227,2025-07-18,Infrastructure,Technology,100623.58
E13228,2026-03-12,Operations,Operations,61362.03
E13229,2026-07-17,Logistics,Operations,8540.35
E13230,2025-02-28,Technology,Technology,116069.58
E13231,2026-01-05,Infrastructure,Technology,139158.59
E13232,2026-02-15,Operations,Operations,132917.02
E13233,2025-10-26,Technology,Technology,116482.67
E13234,2025-11-19,Customer Support,Support,90470.96
E13235,2026-05-24,Customer Support,Support,11349.79
E13236,2026-02-23,Logistics,Operations,13455.78
E13237,2026-05-06,Technology,Technology,42623.37
E13238,2026-01-20,Customer Support,Support,92997.17
E13239,2025-05-12,Customer Support,Support,62300.72
E13240,2026-04-07,Logistics,Operations,47649.66
E13241,2025-12-11,Marketing,Marketing,19434.51
E13242,2025-12-20,Logistics,Operations,115451.81
E13243,2025-11-17,Marketing,Marketing,124875.14
E13244,2025-04-18,Technology,Technology,19407.94
E13245,2025-06-12,Salaries,HR,92057.18
E13246,2025-03-25,Marketing,Marketing,7139.68
E13247,2025-10-18,Infrastructure,Technology,143608.02
E13248,2025-10-20,Marketing,Marketing,34844.91
E13249,2026-02-08,Logistics,Operations,26928.94
E13250,2025-08-16,Marketing,Marketing,130053.39
E13251,2026-03-14,Operations,Operations,50866.96
E13252,2026-04-27,Technology,Technology,25721.62
E13253,2026-06-17,Infrastructure,Technology,29352.22
E13254,2025-05-23,Operations,Operations,46082.91
E13255,2025-01-26,Salaries,HR,60748.62
E13256,2025-05-26,Marketing,Marketing,23715.8
E13257,2025-11-14,Marketing,Marketing,117084.94
E13258,2025-09-16,Marketing,Marketing,78136.62
E13259,2026-07-08,Infrastructure,Technology,67028.18
E13260,2025-07-16,Technology,Technology,26546.07
E13261,2025-12-22,Salaries,HR,37936.73
E13262,2025-02-08,Logistics,Operations,139431.28
E13263,2025-01-02,Technology,Technology,80665.16
E13264,2025-11-24,Salaries,HR,25329.11
E13265,2026-03-06,Customer Support,Support,34438.56
E13266,2025-10-22,Logistics,Operations,146323.07
E13267,2025-07-26,Salaries,HR,65748.73
E13268,2025-05-20,Logistics,Operations,123262.31
E13269,2025-08-12,Marketing,Marketing,70420.78
E13270,2025-06-17,Technology,Technology,118204.35
E13271,2026-07-19,Technology,Technology,23462.77
E13272,2026-04-06,Marketing,Marketing,117007.17
E13273,2026-07-26,Salaries,HR,14844.81
E13274,2026-01-11,Marketing,Marketing,73639.63
E13275,2025-07-30,Infrastructure,Technology,47660.42
E13276,2025-07-02,Marketing,Marketing,23541.26
E13277,2026-06-11,Operations,Operations,87270.31
E13278,2026-02-11,Infrastructure,Technology,104211.39
E13279,2025-10-05,Logistics,Operations,20277.45
E13280,2026-03-08,Logistics,Operations,135985.42
E13281,2025-01-26,Salaries,HR,66616.83
E13282,2025-09-28,Operations,Operations,119217.11
E13283,2026-01-05,Salaries,HR,102669.66
E13284,2025-02-22,Logistics,Operations,86030.44
E13285,2025-03-21,Customer Support,Support,14352.82
E13286,2025-06-30,Marketing,Marketing,96893.59
E13287,2025-01-05,Operations,Operations,46819.07
E13288,2025-12-07,Technology,Technology,57602.03
E13289,2025-04-06,Customer Support,Support,50106.72
E13290,2025-04-24,Infrastructure,Technology,98094.8
E13291,2026-04-11,Operations,Operations,98668.25
E13292,2025-08-31,Salaries,HR,104666.05
E13293,2025-07-16,Customer Support,Support,78354.19
E13294,2026-02-28,Customer Support,Support,49383.62
E13295,2025-05-16,Technology,Technology,100906.97
E13296,2026-03-07,Operations,Operations,129367.05
E13297,2025-04-03,Infrastructure,Technology,123640.77
E13298,2025-01-10,Customer Support,Support,122310.43
E13299,2026-01-25,Operations,Operations,106795.18
E13300,2025-06-19,Technology,Technology,47627.28
E13301,2026-02-11,Logistics,Operations,105040.65
E13302,2025-09-22,Infrastructure,Technology,33876.0
E13303,2026-06-04,Logistics,Operations,61528.86
E13304,2026-02-21,Infrastructure,Technology,83700.98
E13305,2026-02-10,Technology,Technology,64971.47
E13306,2025-11-11,Infrastructure,Technology,131667.01
E13307,2025-06-03,Infrastructure,Technology,108747.73
E13308,2026-07-22,Infrastructure,Technology,69241.21
E13309,2026-01-17,Operations,Operations,16166.07
E13310,2026-03-13,Customer Support,Support,41374.16
E13311,2025-09-14,Operations,Operations,96434.72
E13312,2026-05-10,Salaries,HR,125427.97
E13313,2025-10-18,Infrastructure,Technology,22167.47
E13314,2025-10-21,Customer Support,Support,100217.17
E13315,2025-03-25,Customer Support,Support,139549.4
E13316,2025-06-14,Operations,Operations,95389.31
E13317,2025-11-20,Operations,Operations,124650.56
E13318,2025-10-19,Marketing,Marketing,48331.8
E13319,2026-05-08,Marketing,Marketing,5320.43
E13320,2026-03-27,Technology,Technology,89597.1
E13321,2025-07-23,Infrastructure,Technology,148236.31
E13322,2026-05-10,Operations,Operations,94587.34
E13323,2025-08-09,Customer Support,Support,46413.3
E13324,2025-12-05,Technology,Technology,103263.14
E13325,2025-03-16,Logistics,Operations,48867.62
E13326,2026-02-17,Logistics,Operations,98046.69
E13327,2026-07-01,Logistics,Operations,126062.75
E13328,2026-05-31,Marketing,Marketing,47296.47
E13329,2025-10-13,Operations,Operations,79018.3
E13330,2025-07-20,Customer Support,Support,7703.15
E13331,2025-06-24,Marketing,Marketing,23018.6
E13332,2026-04-01,Marketing,Marketing,31551.29
E13333,2025-07-02,Marketing,Marketing,146262.97
E13334,2026-02-11,Technology,Technology,4775.81
E13335,2026-04-16,Customer Support,Support,99755.48
E13336,2025-06-15,Customer Support,Support,78765.91
E13337,2025-03-14,Salaries,HR,86327.51
E13338,2026-02-10,Salaries,HR,78470.46
E13339,2026-01-28,Marketing,Marketing,143102.83
E13340,2025-12-07,Salaries,HR,103360.23
E13341,2025-10-03,Marketing,Marketing,81606.99
E13342,2026-03-03,Salaries,HR,93051.74
E13343,2026-08-03,Marketing,Marketing,8387.91
E13344,2025-08-04,Technology,Technology,55420.92
E13345,2025-06-03,Technology,Technology,42533.19
E13346,2025-08-28,Operations,Operations,94084.5
E13347,2026-06-16,Infrastructure,Technology,9466.81
E13348,2025-11-09,Operations,Operations,85004.06
E13349,2025-06-27,Salaries,HR,114370.3
E13350,2025-06-04,Operations,Operations,88521.94
E13351,2025-03-21,Logistics,Operations,37388.15
E13352,2026-06-01,Marketing,Marketing,103975.55
E13353,2025-01-31,Infrastructure,Technology,143691.84
E13354,2025-03-13,Salaries,HR,122118.06
E13355,2025-05-25,Infrastructure,Technology,58664.51
E13356,2026-07-22,Salaries,HR,113847.71
E13357,2025-10-29,Infrastructure,Technology,63822.49
E13358,2025-12-10,Marketing,Marketing,69014.3
E13359,2025-01-10,Salaries,HR,94412.83
E13360,2025-02-27,Salaries,HR,28231.09
E13361,2025-04-02,Marketing,Marketing,90671.18
E13362,2025-12-08,Operations,Operations,76267.25
E13363,2025-09-10,Customer Support,Support,64755.49
E13364,2025-04-09,Technology,Technology,62259.82
E13365,2025-01-05,Customer Support,Support,61487.4
E13366,2025-11-10,Operations,Operations,91624.5
E13367,2025-02-16,Marketing,Marketing,135127.45
E13368,2025-03-12,Customer Support,Support,134936.79
E13369,2025-02-25,Operations,Operations,125354.15
E13370,2026-01-28,Technology,Technology,117906.99
E13371,2025-06-02,Infrastructure,Technology,64066.47
E13372,2026-01-23,Salaries,HR,148917.64
E13373,2026-03-20,Customer Support,Support,147681.0
E13374,2025-05-21,Salaries,HR,2043.71
E13375,2026-04-04,Logistics,Operations,67021.72
E13376,2026-02-09,Technology,Technology,122881.69
E13377,2025-06-26,Salaries,HR,77494.85
E13378,2025-11-24,Operations,Operations,16508.08
E13379,2025-05-30,Infrastructure,Technology,22547.02
E13380,2026-02-21,Logistics,Operations,43297.53
E13381,2025-08-16,Marketing,Marketing,97270.26
E13382,2025-07-16,Marketing,Marketing,38848.59
E13383,2025-08-28,Infrastructure,Technology,100797.23
E13384,2026-06-23,Logistics,Operations,68188.84
E13385,2026-04-17,Customer Support,Support,112516.06
E13386,2025-05-02,Operations,Operations,14901.9
E13387,2025-10-30,Customer Support,Support,61796.37
E13388,2025-10-17,Customer Support,Support,81466.27
E13389,2025-10-11,Salaries,HR,24207.94
E13390,2026-08-05,Salaries,HR,71989.52
E13391,2025-01-20,Salaries,HR,19778.65
E13392,2025-04-21,Technology,Technology,15503.52
E13393,2025-05-14,Infrastructure,Technology,116934.18
E13394,2025-03-29,Operations,Operations,48780.08
E13395,2025-11-13,Infrastructure,Technology,127178.8
E13396,2025-09-18,Customer Support,Support,31445.97
E13397,2025-10-13,Technology,Technology,79338.19
E13398,2025-04-10,Marketing,Marketing,44629.92
E13399,2025-09-24,Operations,Operations,32420.26
E13400,2025-12-18,Infrastructure,Technology,98348.23
E13401,2025-03-29,Infrastructure,Technology,143926.06
E13402,2026-01-25,Customer Support,Support,42724.23
E13403,2025-06-29,Operations,Operations,75165.12
E13404,2025-11-14,Infrastructure,Technology,145129.69
E13405,2025-11-16,Technology,Technology,90397.41
E13406,2026-05-27,Marketing,Marketing,43276.02
E13407,2026-06-06,Infrastructure,Technology,4115.26
E13408,2026-08-07,Customer Support,Support,112237.71
E13409,2026-03-05,Customer Support,Support,33596.04
E13410,2026-04-09,Operations,Operations,98359.66
E13411,2025-02-16,Technology,Technology,123759.45
E13412,2025-04-26,Marketing,Marketing,141110.27
E13413,2026-01-06,Operations,Operations,78349.64
E13414,2026-01-09,Salaries,HR,130259.85
E13415,2025-05-19,Salaries,HR,99693.18
E13416,2025-12-02,Marketing,Marketing,3834.81
E13417,2025-07-08,Customer Support,Support,57750.34
E13418,2026-08-08,Infrastructure,Technology,68550.93
E13419,2025-01-09,Salaries,HR,65745.69
E13420,2026-06-21,Marketing,Marketing,120170.68
E13421,2026-06-12,Operations,Operations,131894.03
E13422,2025-10-26,Marketing,Marketing,56248.64
E13423,2025-03-16,Marketing,Marketing,34138.7
E13424,2025-10-16,Infrastructure,Technology,142470.0
E13425,2026-05-05,Infrastructure,Technology,20351.36
E13426,2025-10-18,Salaries,HR,28664.26
E13427,2025-03-30,Technology,Technology,16800.68
E13428,2025-05-11,Logistics,Operations,99184.18
E13429,2025-01-01,Customer Support,Support,11633.08
E13430,2026-02-14,Customer Support,Support,4154.32
E13431,2026-06-01,Salaries,HR,82730.47
E13432,2026-04-21,Operations,Operations,108084.58
E13433,2025-08-09,Technology,Technology,22321.85
E13434,2025-02-19,Infrastructure,Technology,78384.35
E13435,2025-03-18,Salaries,HR,135443.65
E13436,2025-04-13,Marketing,Marketing,100590.52
E13437,2025-10-26,Technology,Technology,59346.56
E13438,2025-08-09,Customer Support,Support,93914.04
E13439,2026-01-24,Customer Support,Support,71537.05
E13440,2026-02-15,Marketing,Marketing,122325.6
E13441,2026-03-05,Operations,Operations,15347.98
E13442,2025-05-17,Technology,Technology,123500.78
E13443,2025-01-27,Technology,Technology,5776.86
E13444,2026-06-04,Operations,Operations,3333.48
E13445,2025-12-21,Operations,Operations,120335.3
E13446,2025-02-22,Logistics,Operations,44098.12
E13447,2025-11-05,Technology,Technology,118479.67
E13448,2025-09-24,Salaries,HR,136320.93
E13449,2026-03-11,Logistics,Operations,102568.99
E13450,2026-07-03,Logistics,Operations,149107.72
E13451,2026-05-20,Operations,Operations,133875.13
E13452,2025-04-20,Infrastructure,Technology,26006.48
E13453,2026-08-04,Customer Support,Support,59293.02
E13454,2025-01-09,Customer Support,Support,36562.96
E13455,2026-04-20,Customer Support,Support,97665.13
E13456,2025-06-03,Logistics,Operations,132512.69
E13457,2025-07-05,Salaries,HR,29395.65
E13458,2025-10-20,Customer Support,Support,149811.52
E13459,2025-03-31,Technology,Technology,143365.2
E13460,2026-06-11,Marketing,Marketing,47583.83
E13461,2026-05-28,Operations,Operations,8108.44
E13462,2026-01-16,Technology,Technology,123246.68
E13463,2025-03-25,Marketing,Marketing,7358.16
E13464,2025-05-19,Customer Support,Support,80637.86
E13465,2026-06-02,Customer Support,Support,5796.79
E13466,2025-03-30,Customer Support,Support,64855.51
E13467,2026-07-17,Salaries,HR,149255.94
E13468,2026-03-12,Logistics,Operations,120304.5
E13469,2026-01-27,Technology,Technology,61598.35
E13470,2025-05-13,Salaries,HR,144941.44
E13471,2025-09-28,Customer Support,Support,73269.53
E13472,2025-12-18,Operations,Operations,104979.55
E13473,2025-05-28,Operations,Operations,63862.05
E13474,2025-05-03,Technology,Technology,130345.41
E13475,2026-07-24,Marketing,Marketing,60383.14
E13476,2025-07-13,Salaries,HR,57316.84
E13477,2026-05-06,Technology,Technology,58757.94
E13478,2025-10-26,Infrastructure,Technology,67980.2
E13479,2026-05-19,Technology,Technology,93273.93
E13480,2025-06-23,Customer Support,Support,136569.9
E13481,2026-02-20,Infrastructure,Technology,21246.46
E13482,2026-04-21,Customer Support,Support,45463.49
E13483,2025-06-12,Marketing,Marketing,71824.05
E13484,2026-01-06,Operations,Operations,20837.04
E13485,2026-07-08,Logistics,Operations,3596.21
E13486,2026-03-20,Customer Support,Support,106192.93
E13487,2025-01-09,Operations,Operations,142985.93
E13488,2025-04-09,Technology,Technology,29901.4
E13489,2026-05-26,Logistics,Operations,22960.78
E13490,2026-02-16,Technology,Technology,15136.26
E13491,2025-04-18,Marketing,Marketing,111172.09
E13492,2025-04-27,Salaries,HR,148913.05
E13493,2025-09-06,Logistics,Operations,102152.23
E13494,2025-05-18,Technology,Technology,124188.64
E13495,2025-05-30,Technology,Technology,49830.38
E13496,2025-02-08,Infrastructure,Technology,65811.48
E13497,2026-04-18,Infrastructure,Technology,42762.48
E13498,2025-12-31,Operations,Operations,115591.34
E13499,2025-04-24,Customer Support,Support,4987.69
E13500,2025-01-19,Customer Support,Support,24981.9
E13501,2026-07-13,Infrastructure,Technology,84274.2
E13502,2025-08-16,Logistics,Operations,137288.61
E13503,2026-02-18,Customer Support,Support,88346.17
E13504,2025-07-01,Logistics,Operations,90050.72
E13505,2025-01-14,Customer Support,Support,81057.45
E13506,2026-06-10,Operations,Operations,25861.49
E13507,2025-06-16,Logistics,Operations,107823.24
E13508,2026-02-04,Operations,Operations,72929.64
E13509,2026-02-08,Operations,Operations,114138.61
E13510,2025-07-17,Marketing,Marketing,9621.9
E13511,2025-09-09,Technology,Technology,134708.33
E13512,2025-09-01,Salaries,HR,138158.7
E13513,2026-07-29,Operations,Operations,149019.15
E13514,2025-07-28,Marketing,Marketing,37980.3
E13515,2025-09-09,Marketing,Marketing,49530.27
E13516,2025-07-05,Logistics,Operations,144891.12
E13517,2025-09-04,Technology,Technology,139477.52
E13518,2026-06-20,Customer Support,Support,13065.48
E13519,2025-12-11,Infrastructure,Technology,62831.26
E13520,2025-06-30,Operations,Operations,90319.45
E13521,2026-02-04,Technology,Technology,75280.28
E13522,2025-05-03,Marketing,Marketing,146933.94
E13523,2025-04-19,Technology,Technology,5304.11
E13524,2025-09-12,Logistics,Operations,60069.26
E13525,2026-05-16,Salaries,HR,111212.42
E13526,2026-06-02,Marketing,Marketing,100257.76
E13527,2026-07-25,Marketing,Marketing,143095.77
E13528,2025-08-10,Salaries,HR,128511.45
E13529,2026-03-15,Marketing,Marketing,120910.09
E13530,2025-01-05,Salaries,HR,103588.65
E13531,2026-06-27,Marketing,Marketing,136342.64
E13532,2026-07-14,Logistics,Operations,121352.34
E13533,2025-11-07,Customer Support,Support,7856.16
E13534,2025-12-20,Operations,Operations,143587.78
E13535,2025-05-06,Infrastructure,Technology,44578.88
E13536,2025-04-30,Operations,Operations,84355.73
E13537,2025-01-10,Infrastructure,Technology,89331.27
E13538,2025-10-24,Infrastructure,Technology,140919.15
E13539,2026-02-28,Operations,Operations,93911.12
E13540,2026-03-26,Infrastructure,Technology,40492.39
E13541,2025-03-31,Logistics,Operations,138101.28
E13542,2025-07-09,Customer Support,Support,30843.15
E13543,2026-03-13,Operations,Operations,66416.74
E13544,2025-08-03,Customer Support,Support,105558.86
E13545,2025-06-07,Salaries,HR,17535.47
E13546,2025-06-02,Operations,Operations,69767.26
E13547,2025-03-10,Technology,Technology,18176.44
E13548,2025-07-20,Operations,Operations,7810.89
E13549,2025-04-28,Salaries,HR,38416.2
E13550,2025-04-26,Salaries,HR,105893.54
E13551,2025-08-05,Technology,Technology,33405.11
E13552,2025-12-31,Marketing,Marketing,64822.06
E13553,2026-05-12,Operations,Operations,143507.31
E13554,2026-02-22,Customer Support,Support,66358.19
E13555,2025-09-17,Operations,Operations,35843.67
E13556,2025-04-04,Marketing,Marketing,114647.61
E13557,2025-09-18,Infrastructure,Technology,52215.94
E13558,2025-03-08,Marketing,Marketing,149309.42
E13559,2025-09-08,Logistics,Operations,47107.51
E13560,2025-12-29,Customer Support,Support,99613.55
E13561,2026-03-22,Marketing,Marketing,113530.56
E13562,2025-11-04,Marketing,Marketing,28833.77
E13563,2025-04-26,Marketing,Marketing,92651.53
E13564,2025-08-25,Infrastructure,Technology,56853.77
E13565,2025-09-04,Logistics,Operations,12517.41
E13566,2025-01-05,Infrastructure,Technology,129574.24
E13567,2026-01-09,Logistics,Operations,139989.47
E13568,2026-06-24,Operations,Operations,48413.39
E13569,2025-07-06,Technology,Technology,132984.47
E13570,2026-02-19,Operations,Operations,83013.57
E13571,2025-04-18,Infrastructure,Technology,142843.17
E13572,2026-06-16,Marketing,Marketing,109238.39
E13573,2025-10-04,Operations,Operations,19791.79
E13574,2025-11-24,Customer Support,Support,31180.7
E13575,2025-07-20,Logistics,Operations,8523.04
E13576,2025-10-22,Customer Support,Support,65313.28
E13577,2025-10-03,Technology,Technology,64814.94
E13578,2025-06-14,Technology,Technology,131327.07
E13579,2026-07-21,Salaries,HR,15720.89
E13580,2026-07-20,Operations,Operations,136931.95
E13581,2025-08-04,Operations,Operations,54962.99
E13582,2025-04-16,Technology,Technology,115880.69
E13583,2025-02-13,Salaries,HR,117202.89
E13584,2026-02-19,Operations,Operations,133607.98
E13585,2025-04-12,Operations,Operations,133652.67
E13586,2026-08-05,Operations,Operations,98330.41
E13587,2026-03-13,Operations,Operations,148416.9
E13588,2026-02-01,Technology,Technology,76846.12
E13589,2026-06-17,Marketing,Marketing,112881.65
E13590,2025-11-27,Infrastructure,Technology,45156.34
E13591,2025-07-05,Marketing,Marketing,98241.95
E13592,2025-10-13,Salaries,HR,26233.95
E13593,2025-09-20,Infrastructure,Technology,49138.17
E13594,2026-06-17,Technology,Technology,119621.98
E13595,2026-04-29,Technology,Technology,126111.25
E13596,2026-06-12,Infrastructure,Technology,117478.32
E13597,2025-12-16,Technology,Technology,86448.4
E13598,2025-06-07,Marketing,Marketing,98595.86
E13599,2026-06-22,Salaries,HR,16417.7
E13600,2025-11-05,Operations,Operations,112302.63
E13601,2025-05-13,Marketing,Marketing,92849.66
E13602,2025-04-17,Customer Support,Support,58041.6
E13603,2025-05-10,Marketing,Marketing,101410.92
E13604,2025-01-13,Customer Support,Support,31443.84
E13605,2025-07-09,Customer Support,Support,65319.92
E13606,2025-11-17,Operations,Operations,5700.61
E13607,2026-08-06,Salaries,HR,46341.2
E13608,2025-07-13,Salaries,HR,140218.57
E13609,2025-03-12,Infrastructure,Technology,137935.62
E13610,2025-05-06,Infrastructure,Technology,93557.63
E13611,2025-05-05,Logistics,Operations,66121.11
E13612,2026-02-19,Customer Support,Support,83540.24
E13613,2025-05-23,Infrastructure,Technology,100221.78
E13614,2026-01-07,Salaries,HR,85299.48
E13615,2026-07-07,Logistics,Operations,137508.72
E13616,2025-06-18,Technology,Technology,61856.45
E13617,2025-12-09,Salaries,HR,63210.33
E13618,2025-09-29,Logistics,Operations,98676.51
E13619,2026-01-05,Logistics,Operations,119929.14
E13620,2025-08-29,Marketing,Marketing,40728.82
E13621,2026-08-06,Infrastructure,Technology,35447.26
E13622,2025-06-20,Salaries,HR,98342.08
E13623,2026-02-26,Operations,Operations,118246.74
E13624,2025-09-28,Operations,Operations,137997.39
E13625,2025-06-04,Salaries,HR,5565.39
E13626,2026-03-02,Technology,Technology,44819.54
E13627,2026-06-26,Infrastructure,Technology,107151.32
E13628,2026-02-16,Operations,Operations,22158.01
E13629,2026-06-07,Logistics,Operations,6543.53
E13630,2025-08-07,Logistics,Operations,70106.82
E13631,2026-01-03,Customer Support,Support,94900.41
E13632,2025-12-29,Logistics,Operations,147249.85
E13633,2026-02-22,Customer Support,Support,57301.35
E13634,2026-02-14,Technology,Technology,2037.6
E13635,2026-01-12,Customer Support,Support,105117.67
E13636,2025-02-03,Customer Support,Support,89593.57
E13637,2025-11-02,Infrastructure,Technology,116226.5
E13638,2025-03-09,Salaries,HR,69021.18
E13639,2025-04-07,Infrastructure,Technology,108807.48
E13640,2026-03-13,Salaries,HR,147712.49
E13641,2025-10-03,Technology,Technology,122389.4
E13642,2025-08-26,Technology,Technology,79817.15
E13643,2025-06-04,Logistics,Operations,23285.78
E13644,2026-07-26,Logistics,Operations,113626.86
E13645,2025-06-06,Customer Support,Support,99109.39
E13646,2025-09-06,Marketing,Marketing,69779.5
E13647,2025-12-19,Salaries,HR,91797.55
E13648,2026-02-02,Technology,Technology,147452.77
E13649,2025-05-25,Infrastructure,Technology,131136.9
E13650,2025-09-16,Logistics,Operations,60948.32
E13651,2026-04-14,Customer Support,Support,75779.46
E13652,2025-11-18,Operations,Operations,20936.07
E13653,2025-05-01,Customer Support,Support,85721.3
E13654,2025-12-18,Logistics,Operations,45110.23
E13655,2025-12-14,Marketing,Marketing,133656.71
E13656,2025-05-14,Marketing,Marketing,37238.76
E13657,2025-09-25,Infrastructure,Technology,83923.23
E13658,2025-04-14,Technology,Technology,61553.46
E13659,2025-08-01,Customer Support,Support,11898.83
E13660,2026-01-01,Infrastructure,Technology,65684.8
E13661,2025-10-17,Infrastructure,Technology,89149.36
E13662,2025-06-04,Infrastructure,Technology,7030.85
E13663,2026-06-04,Infrastructure,Technology,25650.1
E13664,2026-03-20,Technology,Technology,93358.11
E13665,2025-12-26,Operations,Operations,42764.42
E13666,2025-08-29,Operations,Operations,73662.32
E13667,2025-09-01,Logistics,Operations,101617.47
E13668,2026-04-23,Infrastructure,Technology,114142.68
E13669,2025-12-13,Technology,Technology,11516.66
E13670,2026-01-17,Customer Support,Support,20940.13
E13671,2026-01-02,Customer Support,Support,17205.57
E13672,2026-05-15,Operations,Operations,103953.46
E13673,2025-02-21,Infrastructure,Technology,14343.01
E13674,2026-02-06,Marketing,Marketing,115812.58
E13675,2025-03-11,Marketing,Marketing,83564.43
E13676,2025-11-29,Salaries,HR,83344.04
E13677,2025-11-20,Marketing,Marketing,27223.12
E13678,2026-03-13,Customer Support,Support,13452.04
E13679,2026-08-07,Logistics,Operations,146069.45
E13680,2025-09-10,Salaries,HR,61364.58
E13681,2026-06-30,Marketing,Marketing,67391.42
E13682,2025-04-16,Infrastructure,Technology,91240.82
E13683,2026-05-21,Salaries,HR,4736.18
E13684,2026-04-09,Salaries,HR,137544.92
E13685,2025-01-01,Technology,Technology,70523.5
E13686,2026-03-02,Salaries,HR,113282.17
E13687,2025-02-15,Technology,Technology,144473.13
E13688,2025-01-18,Technology,Technology,114341.31
E13689,2025-08-29,Marketing,Marketing,147412.58
E13690,2026-01-31,Infrastructure,Technology,27489.72
E13691,2025-01-21,Marketing,Marketing,145957.63
E13692,2026-03-01,Technology,Technology,27308.05
E13693,2026-06-04,Infrastructure,Technology,116007.51
E13694,2026-02-19,Technology,Technology,57444.63
E13695,2026-07-19,Technology,Technology,112654.2
E13696,2025-05-17,Logistics,Operations,72818.16
E13697,2026-07-18,Customer Support,Support,135262.21
E13698,2025-07-05,Marketing,Marketing,40417.73
E13699,2025-02-19,Technology,Technology,102349.75
E13700,2026-06-10,Marketing,Marketing,94766.57
E13701,2026-07-15,Customer Support,Support,10197.15
E13702,2026-07-27,Logistics,Operations,80651.81
E13703,2026-08-04,Marketing,Marketing,110491.25
E13704,2025-12-13,Technology,Technology,125615.09
E13705,2025-08-14,Infrastructure,Technology,52122.7
E13706,2026-06-11,Infrastructure,Technology,36306.9
E13707,2025-12-29,Customer Support,Support,53022.13
E13708,2026-06-05,Logistics,Operations,40935.53
E13709,2025-03-10,Customer Support,Support,71070.52
E13710,2025-02-02,Customer Support,Support,37431.0
E13711,2025-12-19,Marketing,Marketing,91578.67
E13712,2025-06-30,Infrastructure,Technology,34756.42
E13713,2025-12-21,Infrastructure,Technology,108250.95
E13714,2026-03-13,Operations,Operations,69452.94
E13715,2025-11-23,Customer Support,Support,66114.97
E13716,2025-06-30,Salaries,HR,36344.17
E13717,2025-08-27,Logistics,Operations,11356.65
E13718,2025-02-03,Technology,Technology,126778.53
E13719,2025-09-30,Infrastructure,Technology,92373.18
E13720,2026-02-26,Operations,Operations,43195.36
E13721,2025-01-10,Technology,Technology,29309.98
E13722,2026-08-04,Marketing,Marketing,48808.34
E13723,2025-07-01,Infrastructure,Technology,41638.83
E13724,2025-12-09,Infrastructure,Technology,93092.13
E13725,2025-02-06,Marketing,Marketing,65583.5
E13726,2025-04-28,Customer Support,Support,10618.96
E13727,2026-01-29,Operations,Operations,9531.4
E13728,2026-02-19,Technology,Technology,110322.16
E13729,2025-05-20,Operations,Operations,11681.62
E13730,2025-10-02,Operations,Operations,122071.69
E13731,2025-12-28,Technology,Technology,139217.18
E13732,2026-06-11,Infrastructure,Technology,136833.1
E13733,2025-09-16,Salaries,HR,33702.38
E13734,2026-02-06,Marketing,Marketing,122020.26
E13735,2026-01-28,Marketing,Marketing,52970.16
E13736,2025-04-05,Logistics,Operations,135071.46
E13737,2025-06-02,Marketing,Marketing,85794.9
E13738,2026-06-17,Operations,Operations,86300.16
E13739,2026-06-18,Infrastructure,Technology,38081.66
E13740,2025-04-12,Infrastructure,Technology,68426.0
E13741,2025-03-08,Technology,Technology,67789.92
E13742,2026-05-22,Operations,Operations,50950.31
E13743,2025-06-02,Salaries,HR,37524.27
E13744,2026-04-26,Marketing,Marketing,20923.61
E13745,2025-01-28,Infrastructure,Technology,74566.75
E13746,2025-08-29,Logistics,Operations,137611.13
E13747,2025-02-15,Marketing,Marketing,61040.33
E13748,2026-06-30,Salaries,HR,10207.38
E13749,2026-05-28,Salaries,HR,135135.55
E13750,2025-07-28,Salaries,HR,135834.92
E13751,2025-11-01,Operations,Operations,134713.17
E13752,2025-05-04,Logistics,Operations,97807.27
E13753,2026-07-12,Customer Support,Support,44373.56
E13754,2025-02-12,Infrastructure,Technology,87108.36
E13755,2026-03-15,Logistics,Operations,31651.64
E13756,2025-12-09,Infrastructure,Technology,29104.1
E13757,2025-07-11,Logistics,Operations,91947.86
E13758,2026-06-19,Operations,Operations,119158.68
E13759,2025-04-23,Technology,Technology,111076.26
E13760,2025-02-07,Salaries,HR,38003.26
E13761,2026-07-12,Salaries,HR,32524.1
E13762,2026-07-05,Salaries,HR,36341.32
E13763,2026-07-11,Customer Support,Support,47020.05
E13764,2025-03-22,Infrastructure,Technology,50307.39
E13765,2025-08-21,Customer Support,Support,39313.99
E13766,2025-12-25,Technology,Technology,62112.53
E13767,2026-06-25,Logistics,Operations,147628.87
E13768,2025-06-30,Operations,Operations,22019.68
E13769,2025-01-14,Infrastructure,Technology,74059.99
E13770,2025-04-01,Technology,Technology,2927.93
E13771,2026-07-20,Logistics,Operations,32664.85
E13772,2026-01-31,Infrastructure,Technology,90507.98
E13773,2026-04-07,Infrastructure,Technology,10676.08
E13774,2026-05-31,Salaries,HR,97523.68
E13775,2026-02-19,Customer Support,Support,49758.4
E13776,2025-04-17,Marketing,Marketing,83365.64
E13777,2026-07-28,Infrastructure,Technology,26383.24
E13778,2026-01-13,Infrastructure,Technology,114093.99
E13779,2025-01-27,Salaries,HR,64700.17
E13780,2025-02-17,Logistics,Operations,105190.8
E13781,2025-06-18,Marketing,Marketing,20022.76
E13782,2026-06-20,Operations,Operations,61924.65
E13783,2025-05-17,Marketing,Marketing,136316.53
E13784,2026-03-14,Infrastructure,Technology,21695.74
E13785,2026-05-24,Operations,Operations,65058.01
E13786,2026-01-05,Technology,Technology,61328.46
E13787,2026-04-03,Technology,Technology,72534.95
E13788,2025-01-14,Marketing,Marketing,53411.35
E13789,2025-09-18,Salaries,HR,24384.51
E13790,2026-01-02,Operations,Operations,129200.94
E13791,2025-07-07,Salaries,HR,63319.7
E13792,2025-04-30,Operations,Operations,53156.43
E13793,2025-11-12,Logistics,Operations,117165.68
E13794,2025-11-18,Logistics,Operations,64210.75
E13795,2025-05-17,Salaries,HR,68210.3
E13796,2025-02-18,Logistics,Operations,67181.29
E13797,2025-01-13,Infrastructure,Technology,14378.93
E13798,2025-04-07,Operations,Operations,32253.01
E13799,2025-09-09,Technology,Technology,87613.82
E13800,2025-08-19,Infrastructure,Technology,100510.76
E13801,2025-08-20,Technology,Technology,7671.77
E13802,2025-07-22,Logistics,Operations,143631.83
E13803,2025-07-25,Technology,Technology,11257.99
E13804,2026-02-25,Customer Support,Support,101602.09
E13805,2026-01-17,Logistics,Operations,71902.32
E13806,2025-08-24,Salaries,HR,130589.98
E13807,2025-02-03,Technology,Technology,2169.68
E13808,2025-03-30,Marketing,Marketing,132661.71
E13809,2025-09-23,Salaries,HR,7280.82
E13810,2026-06-11,Marketing,Marketing,110425.54
E13811,2026-03-17,Infrastructure,Technology,77895.81
E13812,2025-12-15,Operations,Operations,18386.26
E13813,2025-09-09,Marketing,Marketing,12109.36
E13814,2025-03-22,Salaries,HR,109092.92
E13815,2025-02-22,Operations,Operations,146444.38
E13816,2025-02-13,Technology,Technology,32999.15
E13817,2025-10-11,Technology,Technology,118547.35
E13818,2026-05-23,Infrastructure,Technology,82028.9
E13819,2026-05-05,Customer Support,Support,29211.67
E13820,2025-04-27,Infrastructure,Technology,139321.98
E13821,2026-05-19,Salaries,HR,20266.65
E13822,2026-02-08,Marketing,Marketing,125160.38
E13823,2025-06-15,Salaries,HR,38916.07
E13824,2025-07-15,Technology,Technology,47265.0
E13825,2026-06-11,Operations,Operations,32041.33
E13826,2026-06-22,Operations,Operations,122091.16
E13827,2025-10-03,Salaries,HR,121142.02
E13828,2026-04-20,Infrastructure,Technology,12457.35
E13829,2025-05-03,Operations,Operations,70440.69
E13830,2026-06-30,Infrastructure,Technology,93238.38
E13831,2025-10-16,Technology,Technology,127690.82
E13832,2025-12-15,Infrastructure,Technology,53079.88
E13833,2025-12-30,Infrastructure,Technology,24861.42
E13834,2025-01-11,Marketing,Marketing,72310.91
E13835,2026-05-03,Marketing,Marketing,36609.95
E13836,2026-05-29,Customer Support,Support,139890.91
E13837,2025-02-23,Infrastructure,Technology,88269.95
E13838,2026-04-30,Infrastructure,Technology,22415.5
E13839,2025-09-07,Infrastructure,Technology,35878.32
E13840,2026-05-20,Marketing,Marketing,4098.43
E13841,2025-07-09,Customer Support,Support,51575.22
E13842,2025-03-24,Infrastructure,Technology,43352.62
E13843,2026-01-17,Technology,Technology,134979.72
E13844,2025-09-30,Marketing,Marketing,9404.36
E13845,2025-01-23,Salaries,HR,14861.13
E13846,2026-02-17,Customer Support,Support,145385.57
E13847,2025-02-10,Logistics,Operations,70694.59
E13848,2025-10-27,Infrastructure,Technology,22061.65
E13849,2025-10-13,Customer Support,Support,75388.23
E13850,2026-03-06,Infrastructure,Technology,95437.95
E13851,2025-11-23,Salaries,HR,17022.15
E13852,2025-08-04,Operations,Operations,35943.14
E13853,2026-06-22,Marketing,Marketing,52901.4
E13854,2025-02-24,Logistics,Operations,51712.04
E13855,2026-06-10,Infrastructure,Technology,122157.56
E13856,2025-05-01,Technology,Technology,122903.29
E13857,2025-08-29,Operations,Operations,135932.13
E13858,2025-03-30,Technology,Technology,136648.85
E13859,2025-09-15,Logistics,Operations,134879.95
E13860,2025-09-15,Marketing,Marketing,31603.99
E13861,2026-02-02,Infrastructure,Technology,24704.07
E13862,2025-03-26,Logistics,Operations,122990.84
E13863,2026-01-30,Technology,Technology,109182.21
E13864,2025-07-16,Salaries,HR,141499.08
E13865,2025-03-05,Salaries,HR,107995.11
E13866,2026-01-27,Marketing,Marketing,46172.25
E13867,2026-03-29,Infrastructure,Technology,98838.88
E13868,2026-02-11,Infrastructure,Technology,68700.7
E13869,2026-02-23,Operations,Operations,67652.85
E13870,2025-08-19,Marketing,Marketing,53909.58
E13871,2025-01-04,Salaries,HR,123775.58
E13872,2026-07-18,Salaries,HR,75832.67
E13873,2025-03-09,Infrastructure,Technology,133039.66
E13874,2026-05-15,Infrastructure,Technology,136628.96
E13875,2026-01-25,Customer Support,Support,68424.86
E13876,2025-01-15,Customer Support,Support,17967.98
E13877,2025-03-24,Marketing,Marketing,18182.33
E13878,2025-06-16,Customer Support,Support,78056.26
E13879,2025-03-24,Infrastructure,Technology,4810.81
E13880,2026-03-19,Technology,Technology,21361.93
E13881,2025-11-11,Logistics,Operations,64025.56
E13882,2025-05-05,Salaries,HR,87551.98
E13883,2025-07-21,Operations,Operations,51910.68
E13884,2026-07-16,Salaries,HR,120578.49
E13885,2025-04-05,Logistics,Operations,104154.89
E13886,2026-02-04,Customer Support,Support,102979.79
E13887,2025-12-11,Marketing,Marketing,69658.56
E13888,2025-11-04,Technology,Technology,48664.31
E13889,2026-01-25,Salaries,HR,108372.86
E13890,2025-12-21,Logistics,Operations,68569.3
E13891,2025-11-22,Marketing,Marketing,45412.43
E13892,2026-04-16,Marketing,Marketing,27806.03
E13893,2026-03-22,Technology,Technology,70972.21
E13894,2025-12-18,Salaries,HR,16183.76
E13895,2026-02-18,Marketing,Marketing,95783.49
E13896,2025-05-04,Marketing,Marketing,94421.93
E13897,2025-11-24,Salaries,HR,116835.92
E13898,2025-07-15,Operations,Operations,32627.73
E13899,2026-04-05,Operations,Operations,29182.14
E13900,2026-01-19,Customer Support,Support,45217.29
E13901,2025-02-04,Marketing,Marketing,135838.27
E13902,2026-07-15,Infrastructure,Technology,130679.87
E13903,2025-02-13,Marketing,Marketing,42489.45
E13904,2025-12-02,Technology,Technology,128180.85
E13905,2025-04-21,Customer Support,Support,49325.2
E13906,2025-03-07,Logistics,Operations,134026.59
E13907,2025-08-08,Marketing,Marketing,90122.25
E13908,2025-05-03,Customer Support,Support,56140.59
E13909,2025-05-01,Operations,Operations,60488.08
E13910,2026-06-23,Operations,Operations,141851.22
E13911,2025-03-24,Operations,Operations,132727.92
E13912,2026-04-03,Marketing,Marketing,142011.83
E13913,2025-02-06,Logistics,Operations,148554.31
E13914,2025-06-10,Marketing,Marketing,54036.51
E13915,2025-01-04,Infrastructure,Technology,85469.79
E13916,2025-02-16,Customer Support,Support,79005.0
E13917,2025-08-09,Customer Support,Support,33428.04
E13918,2026-07-21,Infrastructure,Technology,14645.58
E13919,2026-02-20,Technology,Technology,80976.16
E13920,2026-07-20,Logistics,Operations,20379.76
E13921,2026-07-31,Marketing,Marketing,138781.55
E13922,2025-01-21,Technology,Technology,131824.59
E13923,2026-06-06,Salaries,HR,109669.82
E13924,2025-10-10,Customer Support,Support,56637.8
E13925,2025-02-15,Customer Support,Support,65363.19
E13926,2025-11-19,Marketing,Marketing,87863.39
E13927,2026-03-31,Technology,Technology,148543.84
E13928,2026-05-28,Salaries,HR,4173.15
E13929,2025-05-04,Infrastructure,Technology,102675.11
E13930,2025-07-06,Customer Support,Support,120116.57
E13931,2026-04-26,Infrastructure,Technology,54965.39
E13932,2026-07-23,Operations,Operations,58822.87
E13933,2025-05-03,Infrastructure,Technology,8306.14
E13934,2025-12-12,Operations,Operations,117994.06
E13935,2025-07-22,Customer Support,Support,21830.04
E13936,2026-04-28,Customer Support,Support,35958.33
E13937,2025-12-07,Technology,Technology,86594.58
E13938,2025-10-12,Customer Support,Support,149983.76
E13939,2026-07-20,Marketing,Marketing,135925.72
E13940,2025-02-28,Operations,Operations,76925.38
E13941,2025-06-03,Operations,Operations,92687.42
E13942,2025-06-21,Customer Support,Support,104990.62
E13943,2025-04-17,Technology,Technology,41858.88
E13944,2026-01-31,Infrastructure,Technology,132977.5
E13945,2025-12-01,Logistics,Operations,89753.77
E13946,2025-05-29,Customer Support,Support,118127.35
E13947,2025-05-03,Technology,Technology,55230.12
E13948,2026-03-27,Technology,Technology,148295.05
E13949,2026-05-07,Customer Support,Support,60508.94
E13950,2026-04-28,Operations,Operations,4033.8
E13951,2025-08-24,Salaries,HR,103370.11
E13952,2026-01-16,Infrastructure,Technology,90200.68
E13953,2025-01-16,Technology,Technology,39286.76
E13954,2026-05-05,Logistics,Operations,33475.62
E13955,2025-06-16,Infrastructure,Technology,138245.57
E13956,2025-03-14,Salaries,HR,136703.96
E13957,2025-03-25,Operations,Operations,128818.79
E13958,2025-10-22,Technology,Technology,15282.53
E13959,2026-08-02,Customer Support,Support,91827.81
E13960,2025-03-26,Infrastructure,Technology,27004.08
E13961,2026-02-20,Salaries,HR,79327.68
E13962,2025-03-22,Customer Support,Support,61272.25
E13963,2025-01-24,Customer Support,Support,25474.06
E13964,2025-07-20,Marketing,Marketing,127139.28
E13965,2025-12-07,Infrastructure,Technology,103785.97
E13966,2025-04-30,Operations,Operations,29447.45
E13967,2025-11-16,Marketing,Marketing,100604.85
E13968,2025-09-04,Customer Support,Support,119042.64
E13969,2025-12-05,Salaries,HR,3463.42
E13970,2025-02-18,Technology,Technology,55062.41
E13971,2026-06-09,Marketing,Marketing,22472.07
E13972,2025-12-04,Operations,Operations,26348.88
E13973,2026-05-20,Infrastructure,Technology,29102.28
E13974,2026-02-24,Technology,Technology,102354.04
E13975,2026-07-02,Technology,Technology,18282.86
E13976,2025-01-20,Salaries,HR,80236.33
E13977,2026-03-14,Operations,Operations,95169.51
E13978,2025-08-08,Infrastructure,Technology,77446.2
E13979,2025-09-20,Logistics,Operations,143890.97
E13980,2026-05-26,Operations,Operations,52654.67
E13981,2026-07-14,Technology,Technology,72008.45
E13982,2025-08-02,Technology,Technology,51348.34
E13983,2025-11-17,Customer Support,Support,35046.6
E13984,2025-03-09,Operations,Operations,107568.87
E13985,2025-02-11,Operations,Operations,5013.32
E13986,2025-07-25,Salaries,HR,77246.84
E13987,2025-08-15,Operations,Operations,67825.47
E13988,2026-04-11,Marketing,Marketing,54755.99
E13989,2025-08-21,Operations,Operations,58232.03
E13990,2025-05-13,Logistics,Operations,56630.22
E13991,2025-04-02,Customer Support,Support,64685.55
E13992,2025-08-01,Customer Support,Support,67775.11
E13993,2025-05-08,Salaries,HR,65090.92
E13994,2025-11-12,Operations,Operations,92018.34
E13995,2025-09-26,Technology,Technology,31915.56
E13996,2025-01-11,Infrastructure,Technology,78476.44
E13997,2025-03-08,Operations,Operations,14268.13
E13998,2025-07-01,Marketing,Marketing,34174.1
E13999,2025-07-09,Operations,Operations,107800.77
E14000,2026-02-17,Operations,Operations,107300.52
E14001,2025-04-24,Customer Support,Support,97812.03
E14002,2026-05-18,Salaries,HR,143972.82
E14003,2025-07-25,Salaries,HR,99159.04
E14004,2026-03-11,Salaries,HR,21077.82
E14005,2025-12-07,Operations,Operations,88324.68
E14006,2025-07-28,Marketing,Marketing,143901.37
E14007,2025-03-14,Marketing,Marketing,131910.22
E14008,2025-12-18,Customer Support,Support,79295.44
E14009,2026-04-02,Marketing,Marketing,64736.96
E14010,2026-05-02,Operations,Operations,21892.67
E14011,2025-02-18,Salaries,HR,14842.73
E14012,2025-09-07,Technology,Technology,144327.61
E14013,2025-07-25,Salaries,HR,17213.61
E14014,2026-06-22,Technology,Technology,67064.67
E14015,2026-06-06,Infrastructure,Technology,130641.68
E14016,2025-11-15,Operations,Operations,76943.18
E14017,2025-09-20,Infrastructure,Technology,97891.24
E14018,2025-10-24,Marketing,Marketing,117824.29
E14019,2025-05-13,Technology,Technology,71701.46
E14020,2025-09-26,Customer Support,Support,120695.0
E14021,2026-03-26,Operations,Operations,111272.73
E14022,2025-07-28,Salaries,HR,12649.13
E14023,2026-07-05,Salaries,HR,140861.9
E14024,2025-02-22,Customer Support,Support,107207.44
E14025,2026-08-01,Logistics,Operations,120123.87
E14026,2025-09-14,Operations,Operations,33251.57
E14027,2025-04-16,Operations,Operations,72499.03
E14028,2025-03-11,Salaries,HR,31868.2
E14029,2026-06-24,Customer Support,Support,94039.94
E14030,2025-06-08,Infrastructure,Technology,3532.29
E14031,2026-08-02,Customer Support,Support,133824.95
E14032,2026-02-19,Salaries,HR,128658.8
E14033,2025-11-20,Marketing,Marketing,86832.17
E14034,2025-04-26,Salaries,HR,83624.81
E14035,2025-08-12,Customer Support,Support,75146.68
E14036,2025-04-13,Infrastructure,Technology,71410.71
E14037,2025-06-18,Salaries,HR,57882.14
E14038,2026-06-01,Marketing,Marketing,11484.36
E14039,2025-01-13,Operations,Operations,42684.59
E14040,2025-07-08,Infrastructure,Technology,115446.61
E14041,2026-01-18,Operations,Operations,62128.02
E14042,2026-01-19,Technology,Technology,39970.29
E14043,2026-06-04,Operations,Operations,130026.81
E14044,2025-03-04,Infrastructure,Technology,129405.2
E14045,2026-03-22,Infrastructure,Technology,42204.28
E14046,2025-01-01,Operations,Operations,17778.68
E14047,2025-10-17,Marketing,Marketing,106848.94
E14048,2026-05-29,Marketing,Marketing,4247.08
E14049,2025-04-16,Marketing,Marketing,55017.76
E14050,2025-12-20,Marketing,Marketing,149986.8
E14051,2025-04-22,Customer Support,Support,7408.39
E14052,2025-07-20,Logistics,Operations,104571.17
E14053,2025-02-21,Logistics,Operations,126452.4
E14054,2025-10-10,Infrastructure,Technology,65267.87
E14055,2025-10-17,Customer Support,Support,56638.08
E14056,2025-06-15,Marketing,Marketing,147138.76
E14057,2026-02-22,Marketing,Marketing,20136.9
E14058,2026-07-11,Marketing,Marketing,82786.64
E14059,2026-03-22,Technology,Technology,88474.91
E14060,2026-07-31,Operations,Operations,74820.29
E14061,2025-04-10,Infrastructure,Technology,97800.15
E14062,2025-05-14,Salaries,HR,71097.42
E14063,2026-06-07,Marketing,Marketing,60896.69
E14064,2025-10-21,Operations,Operations,4797.12
E14065,2025-06-15,Customer Support,Support,122803.21
E14066,2025-08-28,Technology,Technology,26964.95
E14067,2025-11-28,Salaries,HR,19396.37
E14068,2026-07-29,Operations,Operations,137389.5
E14069,2026-05-14,Operations,Operations,75660.7
E14070,2025-02-05,Infrastructure,Technology,132960.96
E14071,2025-01-15,Infrastructure,Technology,84917.09
E14072,2025-02-18,Customer Support,Support,17007.18
E14073,2026-04-02,Infrastructure,Technology,112010.15
E14074,2025-08-17,Logistics,Operations,33658.23
E14075,2025-10-08,Operations,Operations,145153.76
E14076,2026-08-01,Logistics,Operations,112894.4
E14077,2025-07-19,Marketing,Marketing,20561.28
E14078,2025-11-27,Operations,Operations,106286.91
E14079,2025-02-19,Customer Support,Support,101415.1
E14080,2025-03-08,Marketing,Marketing,46327.62
E14081,2026-03-18,Infrastructure,Technology,8282.69
E14082,2026-08-05,Operations,Operations,112558.16
E14083,2025-10-27,Technology,Technology,61613.08
E14084,2025-06-14,Salaries,HR,32617.15
E14085,2026-01-10,Logistics,Operations,88169.41
E14086,2025-09-20,Operations,Operations,65711.51
E14087,2026-03-08,Salaries,HR,116856.16
E14088,2025-10-14,Infrastructure,Technology,41326.34
E14089,2025-09-25,Technology,Technology,135956.67
E14090,2026-04-16,Salaries,HR,31587.31
E14091,2025-11-05,Salaries,HR,21583.34
E14092,2026-03-09,Operations,Operations,97629.03
E14093,2025-05-08,Operations,Operations,130779.12
E14094,2025-04-05,Marketing,Marketing,27560.85
E14095,2025-03-12,Salaries,HR,10703.37
E14096,2025-09-12,Operations,Operations,39348.66
E14097,2026-04-15,Infrastructure,Technology,40390.1
E14098,2026-03-21,Operations,Operations,127756.83
E14099,2025-01-20,Salaries,HR,5326.04
E14100,2025-01-18,Operations,Operations,87503.05
E14101,2025-01-16,Logistics,Operations,9533.61
E14102,2025-02-20,Marketing,Marketing,24430.48
E14103,2025-04-28,Customer Support,Support,136401.24
E14104,2026-04-26,Customer Support,Support,39391.7
E14105,2026-02-19,Technology,Technology,148845.72
E14106,2025-10-28,Infrastructure,Technology,131729.21
E14107,2025-09-09,Marketing,Marketing,51773.03
E14108,2025-04-01,Marketing,Marketing,12627.03
E14109,2025-05-15,Operations,Operations,27826.55
E14110,2025-01-20,Logistics,Operations,141978.73
E14111,2025-04-18,Infrastructure,Technology,117093.79
E14112,2025-04-16,Operations,Operations,5476.81
E14113,2025-11-20,Customer Support,Support,129249.3
E14114,2025-07-15,Customer Support,Support,97694.92
E14115,2025-03-28,Marketing,Marketing,27339.85
E14116,2025-01-02,Infrastructure,Technology,14178.3
E14117,2025-08-22,Infrastructure,Technology,148146.01
E14118,2026-01-26,Infrastructure,Technology,3793.16
E14119,2025-01-06,Salaries,HR,78866.11
E14120,2025-09-27,Marketing,Marketing,101344.07
E14121,2026-06-22,Salaries,HR,105058.2
E14122,2025-02-03,Marketing,Marketing,32509.98
E14123,2025-04-13,Logistics,Operations,70888.87
E14124,2025-05-01,Logistics,Operations,79007.28
E14125,2026-05-08,Marketing,Marketing,133390.83
E14126,2026-06-16,Customer Support,Support,130744.0
E14127,2026-01-20,Marketing,Marketing,12896.94
E14128,2025-10-27,Customer Support,Support,145739.63
E14129,2025-05-31,Operations,Operations,62492.62
E14130,2025-05-01,Marketing,Marketing,99569.95
E14131,2025-03-11,Customer Support,Support,139345.1
E14132,2026-06-11,Marketing,Marketing,123293.9
E14133,2026-04-26,Customer Support,Support,143516.92
E14134,2025-06-01,Customer Support,Support,64554.13
E14135,2026-05-04,Marketing,Marketing,123842.35
E14136,2025-01-24,Customer Support,Support,133759.84
E14137,2026-01-07,Marketing,Marketing,130841.85
E14138,2026-07-19,Infrastructure,Technology,102427.56
E14139,2026-02-16,Logistics,Operations,87849.82
E14140,2025-10-17,Infrastructure,Technology,97929.68
E14141,2025-01-01,Operations,Operations,100704.42
E14142,2025-08-01,Salaries,HR,71645.93
E14143,2025-05-05,Salaries,HR,11513.94
E14144,2026-04-30,Operations,Operations,25977.26
E14145,2025-03-04,Salaries,HR,25715.94
E14146,2025-12-18,Salaries,HR,117740.83
E14147,2025-11-20,Marketing,Marketing,30800.68
E14148,2026-02-21,Salaries,HR,130022.38
E14149,2026-03-12,Operations,Operations,89806.85
E14150,2026-04-07,Infrastructure,Technology,84148.72
E14151,2025-08-30,Logistics,Operations,34328.8
E14152,2025-01-28,Logistics,Operations,86911.9
E14153,2025-04-06,Logistics,Operations,147794.45
E14154,2025-10-05,Logistics,Operations,87608.39
E14155,2025-07-10,Logistics,Operations,7685.59
E14156,2025-11-17,Logistics,Operations,66863.68
E14157,2025-11-03,Logistics,Operations,18403.4
E14158,2026-03-01,Operations,Operations,56758.85
E14159,2026-03-15,Technology,Technology,92075.84
E14160,2026-04-29,Operations,Operations,63629.96
E14161,2026-05-07,Customer Support,Support,86719.02
E14162,2026-01-19,Logistics,Operations,148298.46
E14163,2025-09-05,Marketing,Marketing,48701.68
E14164,2026-07-23,Technology,Technology,68585.29
E14165,2025-05-20,Salaries,HR,10484.09
E14166,2025-05-02,Logistics,Operations,134417.58
E14167,2025-06-09,Operations,Operations,48244.14
E14168,2025-12-21,Customer Support,Support,121820.85
E14169,2026-01-03,Technology,Technology,111077.72
E14170,2026-04-01,Technology,Technology,111811.51
E14171,2025-10-29,Logistics,Operations,38407.43
E14172,2025-11-28,Customer Support,Support,43110.61
E14173,2026-06-27,Marketing,Marketing,129918.37
E14174,2026-07-24,Logistics,Operations,149027.52
E14175,2026-02-25,Technology,Technology,19498.29
E14176,2026-02-03,Operations,Operations,11855.34
E14177,2025-10-29,Salaries,HR,7061.85
E14178,2026-01-20,Infrastructure,Technology,54998.65
E14179,2026-05-07,Salaries,HR,115962.91
E14180,2025-01-17,Technology,Technology,5484.49
E14181,2025-11-10,Technology,Technology,79636.57
E14182,2025-09-12,Customer Support,Support,24595.39
E14183,2026-08-01,Customer Support,Support,122056.63
E14184,2026-03-11,Marketing,Marketing,9510.07
E14185,2025-11-25,Salaries,HR,103370.77
E14186,2026-04-10,Marketing,Marketing,17534.34
E14187,2025-09-16,Technology,Technology,47273.03
E14188,2025-10-20,Salaries,HR,5799.7
E14189,2025-02-23,Marketing,Marketing,9361.13
E14190,2026-07-08,Marketing,Marketing,52872.73
E14191,2025-02-26,Logistics,Operations,70507.62
E14192,2025-09-28,Marketing,Marketing,20187.05
E14193,2025-09-19,Operations,Operations,4961.26
E14194,2025-01-19,Operations,Operations,106301.24
E14195,2025-07-01,Infrastructure,Technology,68186.87
E14196,2026-01-03,Logistics,Operations,126954.39
E14197,2026-04-27,Customer Support,Support,91464.46
E14198,2025-08-20,Technology,Technology,82310.18
E14199,2025-09-17,Infrastructure,Technology,87543.46
E14200,2026-07-03,Technology,Technology,50692.92
E14201,2026-04-06,Customer Support,Support,75417.45
E14202,2026-03-27,Marketing,Marketing,105294.78
E14203,2026-04-17,Operations,Operations,30205.81
E14204,2025-05-23,Salaries,HR,115664.89
E14205,2025-10-13,Customer Support,Support,78929.17
E14206,2026-01-06,Customer Support,Support,35961.91
E14207,2025-12-25,Customer Support,Support,95095.79
E14208,2025-11-01,Marketing,Marketing,15774.02
E14209,2026-05-31,Salaries,HR,138654.03
E14210,2026-08-06,Technology,Technology,96680.3
E14211,2025-12-14,Operations,Operations,29161.81
E14212,2026-04-24,Customer Support,Support,63436.7
E14213,2025-04-10,Marketing,Marketing,118470.66
E14214,2025-11-02,Operations,Operations,92837.54
E14215,2026-06-22,Infrastructure,Technology,71748.42
E14216,2026-05-30,Salaries,HR,144301.33
E14217,2025-10-24,Salaries,HR,117150.23
E14218,2026-06-18,Operations,Operations,19886.08
E14219,2025-08-24,Infrastructure,Technology,58085.77
E14220,2025-07-13,Customer Support,Support,48275.07
E14221,2025-08-04,Technology,Technology,77671.37
E14222,2026-05-18,Operations,Operations,111746.46
E14223,2025-01-13,Technology,Technology,103641.5
E14224,2025-05-20,Salaries,HR,16394.86
E14225,2025-01-24,Technology,Technology,61089.17
E14226,2025-06-22,Customer Support,Support,127351.1
E14227,2026-02-22,Operations,Operations,107506.16
E14228,2026-04-09,Marketing,Marketing,61340.64
E14229,2025-02-06,Technology,Technology,129173.72
E14230,2025-01-01,Salaries,HR,131852.28
E14231,2026-02-20,Operations,Operations,86206.81
E14232,2025-07-23,Infrastructure,Technology,13238.8
E14233,2025-09-23,Technology,Technology,49327.09
E14234,2026-05-11,Salaries,HR,81057.11
E14235,2025-11-09,Operations,Operations,75520.16
E14236,2025-07-11,Marketing,Marketing,99107.37
E14237,2026-01-10,Marketing,Marketing,79870.82
E14238,2026-07-30,Infrastructure,Technology,145094.9
E14239,2026-07-15,Technology,Technology,75043.92
E14240,2026-02-22,Technology,Technology,10764.55
E14241,2025-03-31,Infrastructure,Technology,149805.33
E14242,2025-10-30,Operations,Operations,19484.64
E14243,2025-04-17,Operations,Operations,116236.82
E14244,2026-06-18,Marketing,Marketing,127642.56
E14245,2026-07-30,Technology,Technology,81423.26
E14246,2025-04-21,Salaries,HR,91025.17
E14247,2025-10-24,Logistics,Operations,130083.95
E14248,2025-05-22,Logistics,Operations,65674.51
E14249,2025-03-19,Logistics,Operations,5834.54
E14250,2026-04-16,Salaries,HR,108030.38
E14251,2026-02-25,Customer Support,Support,13921.99
E14252,2025-10-01,Logistics,Operations,114824.39
E14253,2026-01-29,Logistics,Operations,136641.61
E14254,2026-07-31,Logistics,Operations,109321.69
E14255,2025-10-17,Logistics,Operations,8875.38
E14256,2025-01-03,Customer Support,Support,97206.31
E14257,2025-08-15,Operations,Operations,43929.71
E14258,2025-05-15,Operations,Operations,62176.76
E14259,2025-10-01,Logistics,Operations,120123.42
E14260,2025-04-30,Logistics,Operations,90901.13
E14261,2026-01-09,Customer Support,Support,138415.22
E14262,2025-07-24,Customer Support,Support,136964.38
E14263,2025-10-07,Customer Support,Support,82676.7
E14264,2025-04-14,Logistics,Operations,116776.21
E14265,2025-02-11,Logistics,Operations,129055.22
E14266,2025-03-25,Technology,Technology,129680.52
E14267,2026-01-28,Customer Support,Support,29189.55
E14268,2026-03-22,Logistics,Operations,117230.63
E14269,2025-08-27,Logistics,Operations,24153.23
E14270,2026-03-06,Salaries,HR,94336.5
E14271,2025-05-07,Technology,Technology,14367.84
E14272,2026-06-03,Logistics,Operations,120241.16
E14273,2026-01-10,Salaries,HR,108399.76
E14274,2025-01-01,Customer Support,Support,26114.38
E14275,2025-04-28,Logistics,Operations,6177.32
E14276,2026-03-26,Operations,Operations,64031.94
E14277,2026-04-09,Operations,Operations,114734.21
E14278,2025-05-17,Salaries,HR,140657.41
E14279,2025-12-27,Customer Support,Support,34131.63
E14280,2025-09-09,Logistics,Operations,110140.51
E14281,2025-08-26,Customer Support,Support,94851.2
E14282,2025-08-14,Customer Support,Support,34461.63
E14283,2025-03-28,Customer Support,Support,145802.9
E14284,2026-04-22,Salaries,HR,129048.49
E14285,2026-04-06,Customer Support,Support,28333.66
E14286,2025-06-14,Technology,Technology,88194.04
E14287,2025-08-08,Salaries,HR,104739.11
E14288,2025-02-04,Customer Support,Support,2187.96
E14289,2025-10-26,Operations,Operations,35515.03
E14290,2025-05-05,Salaries,HR,90467.61
E14291,2025-01-01,Logistics,Operations,45888.63
E14292,2026-02-16,Technology,Technology,118421.43
E14293,2025-10-03,Operations,Operations,36355.44
E14294,2025-08-01,Salaries,HR,36625.37
E14295,2025-10-30,Marketing,Marketing,146128.17
E14296,2025-02-26,Infrastructure,Technology,108647.24
E14297,2025-10-19,Logistics,Operations,72794.06
E14298,2025-01-06,Marketing,Marketing,130041.38
E14299,2026-07-28,Salaries,HR,102337.25
E14300,2026-01-03,Operations,Operations,8863.93
E14301,2025-11-06,Customer Support,Support,89433.61
E14302,2025-12-25,Infrastructure,Technology,18716.35
E14303,2025-05-03,Logistics,Operations,55690.59
E14304,2026-06-25,Infrastructure,Technology,40168.55
E14305,2025-02-11,Marketing,Marketing,83877.89
E14306,2025-06-25,Customer Support,Support,128008.92
E14307,2025-11-13,Technology,Technology,67311.69
E14308,2025-11-12,Technology,Technology,6993.99
E14309,2025-08-10,Customer Support,Support,30901.94
E14310,2026-03-12,Customer Support,Support,13937.44
E14311,2025-06-30,Technology,Technology,72164.9
E14312,2025-01-26,Operations,Operations,29618.8
E14313,2025-04-02,Customer Support,Support,97537.86
E14314,2025-08-17,Salaries,HR,39152.22
E14315,2025-12-08,Salaries,HR,96429.05
E14316,2025-02-11,Customer Support,Support,46111.44
E14317,2025-04-11,Customer Support,Support,48221.3
E14318,2025-09-20,Logistics,Operations,2548.82
E14319,2025-05-03,Salaries,HR,109508.66
E14320,2025-06-28,Customer Support,Support,8200.57
E14321,2026-04-07,Salaries,HR,82798.43
E14322,2026-02-25,Infrastructure,Technology,120406.96
E14323,2025-01-31,Operations,Operations,35329.25
E14324,2025-03-05,Operations,Operations,117644.77
E14325,2025-04-21,Infrastructure,Technology,115780.76
E14326,2025-03-08,Marketing,Marketing,36946.4
E14327,2026-01-24,Logistics,Operations,14115.31
E14328,2025-01-18,Technology,Technology,112836.7
E14329,2026-07-30,Technology,Technology,30165.85
E14330,2025-08-13,Marketing,Marketing,118443.24
E14331,2026-05-14,Salaries,HR,114067.11
E14332,2026-04-10,Operations,Operations,87330.18
E14333,2026-06-16,Logistics,Operations,93108.75
E14334,2025-08-09,Logistics,Operations,5182.64
E14335,2025-11-30,Logistics,Operations,105504.63
E14336,2025-06-20,Logistics,Operations,60334.66
E14337,2025-11-26,Marketing,Marketing,128973.84
E14338,2025-08-03,Technology,Technology,10115.35
E14339,2025-12-10,Technology,Technology,59312.15
E14340,2026-01-31,Technology,Technology,115754.63
E14341,2026-02-21,Salaries,HR,43322.12
E14342,2026-05-27,Infrastructure,Technology,8623.34
E14343,2025-02-16,Logistics,Operations,124269.57
E14344,2025-08-03,Technology,Technology,124105.83
E14345,2025-12-05,Salaries,HR,147193.43
E14346,2026-06-07,Logistics,Operations,40132.62
E14347,2025-05-15,Marketing,Marketing,144755.27
E14348,2026-07-15,Infrastructure,Technology,40982.87
E14349,2025-07-01,Logistics,Operations,125864.71
E14350,2025-04-13,Infrastructure,Technology,26174.47
E14351,2025-07-04,Customer Support,Support,97935.88
E14352,2026-08-08,Logistics,Operations,77380.93
E14353,2025-02-24,Marketing,Marketing,103334.86
E14354,2025-05-17,Customer Support,Support,65441.97
E14355,2025-08-18,Technology,Technology,39999.57
E14356,2026-03-26,Infrastructure,Technology,140256.86
E14357,2025-11-18,Logistics,Operations,68606.43
E14358,2025-05-25,Customer Support,Support,137985.07
E14359,2025-06-21,Customer Support,Support,119588.65
E14360,2026-08-07,Infrastructure,Technology,104460.01
E14361,2025-06-24,Infrastructure,Technology,77718.53
E14362,2026-03-08,Technology,Technology,127843.9
E14363,2026-02-16,Technology,Technology,67501.81
E14364,2025-07-02,Operations,Operations,129152.63
E14365,2026-05-15,Technology,Technology,53595.67
E14366,2025-11-28,Technology,Technology,64425.81
E14367,2026-06-18,Customer Support,Support,113668.05
E14368,2025-11-12,Infrastructure,Technology,99529.33
E14369,2025-11-29,Operations,Operations,29846.41
E14370,2025-11-03,Logistics,Operations,10386.98
E14371,2025-03-21,Technology,Technology,50407.21
E14372,2025-04-02,Salaries,HR,145419.29
E14373,2025-01-17,Salaries,HR,133114.96
E14374,2025-02-16,Logistics,Operations,114245.4
E14375,2025-08-09,Customer Support,Support,149923.13
E14376,2025-01-20,Operations,Operations,91285.3
E14377,2025-03-17,Infrastructure,Technology,127649.18
E14378,2026-06-08,Logistics,Operations,102613.56
E14379,2026-08-05,Infrastructure,Technology,82137.54
E14380,2025-02-18,Marketing,Marketing,63212.41
E14381,2025-07-03,Salaries,HR,72428.83
E14382,2026-02-04,Marketing,Marketing,104947.48
E14383,2025-11-30,Marketing,Marketing,92230.18
E14384,2026-05-11,Technology,Technology,58937.92
E14385,2026-07-29,Operations,Operations,8232.15
E14386,2025-05-27,Infrastructure,Technology,129448.0
E14387,2025-02-26,Customer Support,Support,55488.49
E14388,2025-09-04,Infrastructure,Technology,9004.5
E14389,2025-09-12,Technology,Technology,45799.15
E14390,2025-07-21,Operations,Operations,74384.16
E14391,2025-08-12,Logistics,Operations,80247.87
E14392,2026-02-16,Customer Support,Support,74855.33
E14393,2026-04-05,Logistics,Operations,58460.01
E14394,2026-08-06,Marketing,Marketing,81358.67
E14395,2026-06-25,Technology,Technology,69874.45
E14396,2026-01-29,Infrastructure,Technology,4008.84
E14397,2026-06-07,Operations,Operations,21578.28
E14398,2026-07-15,Operations,Operations,24271.82
E14399,2026-05-06,Operations,Operations,147561.83
E14400,2025-04-01,Salaries,HR,22668.73
E14401,2025-12-21,Marketing,Marketing,100234.44
E14402,2025-10-15,Logistics,Operations,147700.96
E14403,2026-04-30,Customer Support,Support,42571.12
E14404,2025-09-28,Customer Support,Support,127969.31
E14405,2025-05-04,Logistics,Operations,102080.98
E14406,2025-03-27,Marketing,Marketing,68469.64
E14407,2025-08-08,Technology,Technology,82223.22
E14408,2025-11-29,Customer Support,Support,82179.25
E14409,2026-05-05,Technology,Technology,30930.56
E14410,2026-04-02,Infrastructure,Technology,145316.53
E14411,2025-02-24,Infrastructure,Technology,109650.41
E14412,2026-04-02,Salaries,HR,29047.29
E14413,2025-06-27,Customer Support,Support,63197.74
E14414,2025-02-27,Infrastructure,Technology,107928.22
E14415,2026-06-28,Salaries,HR,102776.09
E14416,2025-05-25,Technology,Technology,135257.47
E14417,2025-04-28,Marketing,Marketing,24920.89
E14418,2025-07-09,Salaries,HR,127379.96
E14419,2025-05-25,Salaries,HR,108007.3
E14420,2025-08-24,Marketing,Marketing,130624.01
E14421,2025-03-19,Salaries,HR,129597.99
E14422,2025-03-27,Marketing,Marketing,75231.0
E14423,2025-02-22,Technology,Technology,113659.79
E14424,2026-02-27,Operations,Operations,95247.33
E14425,2026-08-06,Operations,Operations,84009.53
E14426,2025-07-06,Salaries,HR,131885.4
E14427,2025-01-11,Customer Support,Support,61938.93
E14428,2025-05-27,Salaries,HR,30806.6
E14429,2026-04-11,Infrastructure,Technology,18652.46
E14430,2025-12-01,Technology,Technology,13168.67
E14431,2026-01-28,Marketing,Marketing,33780.19
E14432,2025-02-01,Marketing,Marketing,121663.9
E14433,2025-10-24,Infrastructure,Technology,82023.77
E14434,2025-11-18,Salaries,HR,45971.3
E14435,2025-08-26,Operations,Operations,40297.52
E14436,2025-04-15,Infrastructure,Technology,99431.85
E14437,2025-08-21,Infrastructure,Technology,83021.15
E14438,2025-06-03,Infrastructure,Technology,36320.51
E14439,2026-03-02,Infrastructure,Technology,133482.86
E14440,2025-06-28,Salaries,HR,97983.87
E14441,2025-03-09,Logistics,Operations,136185.21
E14442,2026-07-13,Customer Support,Support,138138.83
E14443,2026-03-19,Technology,Technology,23945.87
E14444,2026-02-19,Logistics,Operations,45835.75
E14445,2025-10-13,Logistics,Operations,9050.72
E14446,2025-02-17,Salaries,HR,43744.51
E14447,2025-10-14,Technology,Technology,8230.17
E14448,2026-01-25,Marketing,Marketing,34088.4
E14449,2025-08-06,Infrastructure,Technology,54816.03
E14450,2025-05-19,Logistics,Operations,50228.3
E14451,2025-09-18,Operations,Operations,143174.79
E14452,2025-04-16,Logistics,Operations,55797.31
E14453,2026-02-11,Logistics,Operations,145630.05
E14454,2026-07-30,Salaries,HR,32319.58
E14455,2026-05-24,Technology,Technology,64624.85
E14456,2025-05-21,Salaries,HR,47773.94
E14457,2026-05-08,Marketing,Marketing,30422.7
E14458,2026-05-04,Technology,Technology,43510.48
E14459,2025-05-10,Logistics,Operations,86768.51
E14460,2025-05-06,Salaries,HR,46638.38
E14461,2025-06-26,Infrastructure,Technology,41679.25
E14462,2026-03-14,Operations,Operations,85370.57
E14463,2026-01-02,Infrastructure,Technology,32500.93
E14464,2025-07-16,Operations,Operations,89431.43
E14465,2025-07-02,Technology,Technology,123774.98
E14466,2025-04-19,Salaries,HR,40328.53
E14467,2025-04-09,Infrastructure,Technology,116765.67
E14468,2025-05-15,Marketing,Marketing,135611.28
E14469,2025-08-22,Marketing,Marketing,104945.39
E14470,2025-04-17,Marketing,Marketing,140327.49
E14471,2025-09-18,Infrastructure,Technology,25310.84
E14472,2026-04-22,Technology,Technology,135110.65
E14473,2025-10-12,Customer Support,Support,100366.9
E14474,2025-03-18,Marketing,Marketing,77570.92
E14475,2025-10-01,Salaries,HR,130993.1
E14476,2026-05-09,Marketing,Marketing,22522.15
E14477,2025-08-22,Customer Support,Support,93112.88
E14478,2026-06-29,Infrastructure,Technology,7004.11
E14479,2025-04-21,Salaries,HR,109574.73
E14480,2025-02-13,Salaries,HR,71418.44
E14481,2026-02-14,Infrastructure,Technology,58012.99
E14482,2025-10-02,Technology,Technology,131651.96
E14483,2026-02-18,Operations,Operations,46186.15
E14484,2025-09-27,Operations,Operations,95715.29
E14485,2025-05-05,Technology,Technology,68129.94
E14486,2025-05-30,Infrastructure,Technology,139588.69
E14487,2025-05-27,Infrastructure,Technology,132506.42
E14488,2025-04-12,Infrastructure,Technology,120879.32
E14489,2025-02-15,Logistics,Operations,38237.36
E14490,2025-12-08,Logistics,Operations,124672.63
E14491,2025-07-13,Customer Support,Support,42720.41
E14492,2025-10-15,Customer Support,Support,110297.35
E14493,2025-12-11,Customer Support,Support,82898.69
E14494,2026-07-23,Operations,Operations,116246.38
E14495,2025-10-17,Customer Support,Support,69008.23
E14496,2026-05-04,Infrastructure,Technology,110439.88
E14497,2026-05-14,Operations,Operations,101976.18
E14498,2025-10-15,Salaries,HR,134002.57
E14499,2026-01-14,Marketing,Marketing,148762.5
E14500,2026-05-12,Technology,Technology,48483.92
E14501,2025-02-09,Marketing,Marketing,108150.97
E14502,2026-02-22,Technology,Technology,113445.61
E14503,2025-12-07,Operations,Operations,138884.3
E14504,2025-04-01,Salaries,HR,104833.35
E14505,2025-08-15,Infrastructure,Technology,70288.64
E14506,2026-06-01,Customer Support,Support,64731.54
E14507,2026-02-07,Salaries,HR,29982.72
E14508,2026-07-29,Operations,Operations,149777.65
E14509,2026-04-09,Salaries,HR,59575.6
E14510,2025-07-03,Operations,Operations,139011.38
E14511,2025-09-28,Technology,Technology,21982.92
E14512,2025-07-10,Technology,Technology,3442.18
E14513,2025-04-22,Logistics,Operations,148219.62
E14514,2025-10-15,Operations,Operations,53290.79
E14515,2026-06-09,Technology,Technology,88198.55
E14516,2025-10-22,Salaries,HR,121724.13
E14517,2026-04-21,Marketing,Marketing,58589.87
E14518,2025-01-03,Salaries,HR,117374.55
E14519,2026-01-14,Technology,Technology,68909.73
E14520,2026-02-03,Technology,Technology,82959.65
E14521,2026-02-18,Technology,Technology,54730.43
E14522,2025-02-01,Salaries,HR,12817.4
E14523,2025-12-02,Infrastructure,Technology,112093.0
E14524,2026-03-18,Customer Support,Support,51737.42
E14525,2025-02-26,Infrastructure,Technology,71356.31
E14526,2026-02-12,Marketing,Marketing,146412.02
E14527,2026-07-27,Infrastructure,Technology,15280.12
E14528,2026-06-20,Technology,Technology,77196.0
E14529,2025-07-24,Salaries,HR,92328.57
E14530,2025-01-05,Technology,Technology,89561.51
E14531,2025-06-11,Salaries,HR,75514.53
E14532,2025-07-02,Marketing,Marketing,143753.59
E14533,2026-02-20,Marketing,Marketing,13815.95
E14534,2026-03-07,Infrastructure,Technology,86507.55
E14535,2025-03-09,Operations,Operations,121079.94
E14536,2026-05-29,Technology,Technology,127048.19
E14537,2025-03-29,Logistics,Operations,2204.58
E14538,2025-04-28,Technology,Technology,46205.86
E14539,2025-09-19,Operations,Operations,74244.92
E14540,2025-07-25,Salaries,HR,10789.96
E14541,2026-04-17,Marketing,Marketing,55265.3
E14542,2025-09-01,Marketing,Marketing,137053.65
E14543,2025-12-13,Customer Support,Support,16668.98
E14544,2026-07-31,Customer Support,Support,115567.06
E14545,2025-03-15,Operations,Operations,20059.06
E14546,2025-11-13,Salaries,HR,105857.88
E14547,2025-01-13,Customer Support,Support,93935.73
E14548,2025-05-22,Marketing,Marketing,133834.46
E14549,2025-06-20,Customer Support,Support,75347.06
E14550,2026-05-11,Infrastructure,Technology,88614.17
E14551,2025-05-31,Salaries,HR,11536.7
E14552,2026-04-23,Operations,Operations,72068.9
E14553,2025-01-15,Technology,Technology,17607.2
E14554,2025-03-16,Customer Support,Support,2377.45
E14555,2025-06-12,Infrastructure,Technology,11562.46
E14556,2026-05-06,Logistics,Operations,84699.19
E14557,2026-06-03,Logistics,Operations,108941.73
E14558,2025-03-16,Customer Support,Support,92706.31
E14559,2025-08-19,Marketing,Marketing,46358.16
E14560,2025-02-22,Logistics,Operations,77490.61
E14561,2025-05-09,Technology,Technology,117927.91
E14562,2026-04-19,Operations,Operations,57960.37
E14563,2026-03-12,Customer Support,Support,65977.49
E14564,2026-02-23,Marketing,Marketing,136585.91
E14565,2025-10-17,Technology,Technology,41166.96
E14566,2025-05-27,Technology,Technology,115638.79
E14567,2026-07-27,Technology,Technology,135427.41
E14568,2025-07-02,Infrastructure,Technology,130868.14
E14569,2025-02-21,Logistics,Operations,148626.93
E14570,2025-12-01,Customer Support,Support,142526.94
E14571,2025-03-08,Logistics,Operations,53257.81
E14572,2026-04-05,Technology,Technology,12805.57
E14573,2026-03-05,Operations,Operations,144435.33
E14574,2025-04-25,Technology,Technology,81120.99
E14575,2026-08-05,Salaries,HR,118704.77
E14576,2026-07-31,Marketing,Marketing,61774.04
E14577,2026-01-18,Logistics,Operations,134701.33
E14578,2025-08-04,Customer Support,Support,80839.26
E14579,2025-07-29,Logistics,Operations,13712.46
E14580,2025-03-10,Infrastructure,Technology,99904.05
E14581,2025-10-11,Marketing,Marketing,38063.44
E14582,2025-11-11,Technology,Technology,113025.94
E14583,2025-10-07,Technology,Technology,18164.05
E14584,2026-04-04,Operations,Operations,86106.38
E14585,2025-04-19,Salaries,HR,26919.74
E14586,2026-07-31,Marketing,Marketing,120130.48
E14587,2025-06-15,Salaries,HR,148640.21
E14588,2025-04-02,Logistics,Operations,135056.24
E14589,2025-06-05,Technology,Technology,79710.24
E14590,2025-06-14,Infrastructure,Technology,14140.52
E14591,2026-02-06,Operations,Operations,48795.83
E14592,2025-03-07,Infrastructure,Technology,76703.24
E14593,2026-04-16,Customer Support,Support,12695.59
E14594,2025-08-05,Marketing,Marketing,29261.89
E14595,2026-06-13,Marketing,Marketing,123976.57
E14596,2026-05-03,Customer Support,Support,24859.81
E14597,2026-07-14,Salaries,HR,42859.98
E14598,2025-11-24,Customer Support,Support,84458.51
E14599,2025-01-17,Logistics,Operations,23321.09
E14600,2026-03-04,Logistics,Operations,96235.07
E14601,2026-06-19,Logistics,Operations,149888.49
E14602,2025-05-28,Operations,Operations,142875.69
E14603,2025-08-16,Customer Support,Support,93801.27
E14604,2025-03-13,Technology,Technology,74384.44
E14605,2025-01-28,Salaries,HR,73542.88
E14606,2025-07-03,Customer Support,Support,99483.21
E14607,2025-09-25,Customer Support,Support,112833.56
E14608,2025-12-11,Operations,Operations,8772.06
E14609,2025-03-07,Customer Support,Support,6550.39
E14610,2025-01-22,Salaries,HR,78664.7
E14611,2026-07-31,Technology,Technology,114708.46
E14612,2026-04-12,Infrastructure,Technology,113883.7
E14613,2025-05-23,Infrastructure,Technology,19238.95
E14614,2026-01-15,Logistics,Operations,139808.36
E14615,2025-10-23,Salaries,HR,32395.36
E14616,2026-02-16,Logistics,Operations,89049.55
E14617,2025-10-08,Salaries,HR,120264.86
E14618,2026-04-19,Technology,Technology,83952.99
E14619,2025-01-11,Salaries,HR,148640.56
E14620,2026-01-20,Infrastructure,Technology,3459.9
E14621,2025-01-02,Logistics,Operations,23719.31
E14622,2025-09-09,Technology,Technology,62772.16
E14623,2025-09-12,Customer Support,Support,124235.58
E14624,2026-07-19,Marketing,Marketing,43080.43
E14625,2025-01-02,Operations,Operations,100819.45
E14626,2025-08-21,Technology,Technology,38911.41
E14627,2025-01-20,Technology,Technology,134205.76
E14628,2025-01-19,Customer Support,Support,85566.22
E14629,2025-12-12,Infrastructure,Technology,60731.72
E14630,2025-09-11,Salaries,HR,133343.56
E14631,2025-05-13,Marketing,Marketing,20066.84
E14632,2025-08-24,Operations,Operations,140016.49
E14633,2026-05-24,Salaries,HR,35756.32
E14634,2025-09-19,Operations,Operations,130759.44
E14635,2025-08-19,Customer Support,Support,63322.09
E14636,2025-08-27,Logistics,Operations,2828.88
E14637,2025-08-14,Operations,Operations,49206.06
E14638,2025-12-21,Salaries,HR,2958.03
E14639,2026-01-11,Infrastructure,Technology,43178.21
E14640,2025-08-25,Infrastructure,Technology,32192.1
E14641,2025-10-23,Salaries,HR,65176.55
E14642,2026-01-28,Customer Support,Support,39374.6
E14643,2025-11-02,Marketing,Marketing,3089.18
E14644,2026-04-16,Operations,Operations,27038.98
E14645,2025-02-20,Logistics,Operations,119318.59
E14646,2025-11-09,Infrastructure,Technology,145382.77
E14647,2025-12-30,Infrastructure,Technology,72026.13
E14648,2026-02-18,Technology,Technology,98816.04
E14649,2025-06-12,Logistics,Operations,56476.4
E14650,2025-03-31,Infrastructure,Technology,102631.24
E14651,2025-07-20,Marketing,Marketing,110528.3
E14652,2025-01-12,Customer Support,Support,132450.36
E14653,2025-07-31,Customer Support,Support,133841.72
E14654,2025-02-08,Salaries,HR,39501.0
E14655,2025-01-02,Logistics,Operations,74081.73
E14656,2025-10-20,Salaries,HR,127783.71
E14657,2025-05-24,Technology,Technology,35457.69
E14658,2025-11-08,Logistics,Operations,96916.62
E14659,2025-08-27,Salaries,HR,84572.86
E14660,2026-02-24,Operations,Operations,114753.72
E14661,2025-12-19,Salaries,HR,15750.43
E14662,2025-10-16,Technology,Technology,60661.0
E14663,2025-05-22,Technology,Technology,60185.87
E14664,2025-04-08,Logistics,Operations,51135.23
E14665,2025-03-27,Technology,Technology,101761.76
E14666,2025-07-16,Marketing,Marketing,133349.13
E14667,2025-10-30,Customer Support,Support,26693.92
E14668,2026-02-07,Salaries,HR,129877.31
E14669,2026-01-20,Customer Support,Support,107884.84
E14670,2026-06-26,Marketing,Marketing,59604.58
E14671,2026-04-03,Marketing,Marketing,18254.34
E14672,2025-11-19,Operations,Operations,141043.54
E14673,2025-07-20,Logistics,Operations,26221.34
E14674,2026-05-17,Customer Support,Support,2482.57
E14675,2025-12-24,Customer Support,Support,90487.5
E14676,2025-08-19,Infrastructure,Technology,128085.07
E14677,2025-06-07,Customer Support,Support,128048.6
E14678,2026-02-21,Technology,Technology,69664.88
E14679,2026-04-20,Salaries,HR,93481.59
E14680,2026-05-17,Marketing,Marketing,54603.93
E14681,2026-01-19,Operations,Operations,75431.89
E14682,2026-04-30,Operations,Operations,136118.12
E14683,2026-03-01,Infrastructure,Technology,114878.32
E14684,2026-05-23,Salaries,HR,106845.77
E14685,2025-05-04,Marketing,Marketing,64174.85
E14686,2025-07-23,Customer Support,Support,28228.3
E14687,2026-03-08,Customer Support,Support,145655.1
E14688,2025-09-21,Logistics,Operations,96446.35
E14689,2025-04-20,Operations,Operations,57721.18
E14690,2025-08-08,Infrastructure,Technology,7251.86
E14691,2025-05-15,Technology,Technology,12949.75
E14692,2025-05-16,Infrastructure,Technology,104560.34
E14693,2025-11-11,Customer Support,Support,80467.41
E14694,2025-03-22,Logistics,Operations,118479.22
E14695,2025-12-05,Salaries,HR,100447.19
E14696,2026-05-01,Salaries,HR,148638.75
E14697,2025-09-15,Technology,Technology,121262.66
E14698,2025-08-17,Marketing,Marketing,11677.34
E14699,2026-08-07,Marketing,Marketing,34443.15
E14700,2026-05-25,Operations,Operations,95013.21
E14701,2025-05-10,Logistics,Operations,61078.28
E14702,2026-05-18,Marketing,Marketing,20520.9
E14703,2026-07-13,Salaries,HR,74373.55
E14704,2025-02-27,Infrastructure,Technology,75214.61
E14705,2026-08-05,Technology,Technology,88074.42
E14706,2026-02-25,Operations,Operations,66042.87
E14707,2026-05-25,Marketing,Marketing,111861.22
E14708,2026-07-29,Salaries,HR,89192.14
E14709,2025-10-23,Salaries,HR,134358.33
E14710,2025-10-19,Customer Support,Support,98564.15
E14711,2026-08-04,Salaries,HR,48932.36
E14712,2025-07-21,Salaries,HR,95091.69
E14713,2025-09-18,Customer Support,Support,80997.9
E14714,2026-05-12,Operations,Operations,148019.5
E14715,2026-05-31,Infrastructure,Technology,145564.2
E14716,2025-10-28,Technology,Technology,112610.69
E14717,2025-03-12,Marketing,Marketing,133798.97
E14718,2026-05-25,Infrastructure,Technology,104185.28
E14719,2026-04-06,Infrastructure,Technology,10529.91
E14720,2025-01-07,Customer Support,Support,119530.28
E14721,2026-05-10,Customer Support,Support,85908.61
E14722,2026-02-21,Logistics,Operations,9755.73
E14723,2025-07-24,Infrastructure,Technology,73337.47
E14724,2025-01-31,Infrastructure,Technology,130294.87
E14725,2025-10-13,Technology,Technology,120739.9
E14726,2025-08-07,Logistics,Operations,124400.25
E14727,2025-02-28,Salaries,HR,53429.37
E14728,2025-05-15,Customer Support,Support,28568.95
E14729,2025-09-26,Operations,Operations,81148.07
E14730,2025-11-28,Logistics,Operations,147225.3
E14731,2025-04-24,Salaries,HR,15488.27
E14732,2026-06-16,Marketing,Marketing,11117.67
E14733,2025-05-03,Marketing,Marketing,110638.02
E14734,2025-02-21,Marketing,Marketing,63458.06
E14735,2026-03-07,Infrastructure,Technology,24228.93
E14736,2026-04-08,Technology,Technology,17588.9
E14737,2025-03-23,Technology,Technology,90576.96
E14738,2025-08-22,Customer Support,Support,43973.38
E14739,2026-03-07,Logistics,Operations,74638.34
E14740,2026-04-08,Marketing,Marketing,87852.7
E14741,2026-01-07,Operations,Operations,15291.53
E14742,2025-03-30,Technology,Technology,125165.71
E14743,2025-04-24,Technology,Technology,104546.81
E14744,2026-01-03,Operations,Operations,43447.21
E14745,2026-04-24,Logistics,Operations,131340.69
E14746,2025-07-09,Salaries,HR,11352.82
E14747,2026-02-21,Infrastructure,Technology,65969.81
E14748,2025-07-20,Operations,Operations,84763.2
E14749,2026-06-12,Marketing,Marketing,106303.69
E14750,2025-09-24,Technology,Technology,34141.26
E14751,2025-02-01,Salaries,HR,137242.15
E14752,2025-12-25,Salaries,HR,102706.78
E14753,2025-07-16,Marketing,Marketing,134950.6
E14754,2026-03-21,Logistics,Operations,65677.36
E14755,2025-08-28,Marketing,Marketing,104577.47
E14756,2025-08-16,Logistics,Operations,128665.19
E14757,2026-01-01,Technology,Technology,55467.25
E14758,2025-01-29,Infrastructure,Technology,43541.43
E14759,2026-01-07,Infrastructure,Technology,61855.39
E14760,2025-12-08,Infrastructure,Technology,94347.54
E14761,2026-07-18,Infrastructure,Technology,90418.33
E14762,2025-11-17,Customer Support,Support,126904.29
E14763,2025-07-31,Operations,Operations,126136.16
E14764,2025-08-22,Operations,Operations,44522.62
E14765,2026-06-24,Marketing,Marketing,131803.61
E14766,2025-11-29,Infrastructure,Technology,71219.97
E14767,2025-07-04,Technology,Technology,51007.0
E14768,2026-04-18,Salaries,HR,97037.78
E14769,2025-08-19,Salaries,HR,108098.36
E14770,2026-06-21,Technology,Technology,68402.36
E14771,2026-06-02,Customer Support,Support,15809.85
E14772,2026-03-20,Technology,Technology,122749.14
E14773,2025-04-09,Logistics,Operations,51427.21
E14774,2025-03-30,Operations,Operations,80523.02
E14775,2026-08-05,Infrastructure,Technology,142028.61
E14776,2026-05-18,Marketing,Marketing,44540.15
E14777,2025-07-24,Technology,Technology,116913.41
E14778,2026-01-15,Customer Support,Support,134320.66
E14779,2025-08-16,Salaries,HR,88046.3
E14780,2025-05-08,Salaries,HR,4285.34
E14781,2025-06-09,Infrastructure,Technology,33586.62
E14782,2025-10-01,Operations,Operations,133136.53
E14783,2025-11-30,Infrastructure,Technology,81361.84
E14784,2025-05-24,Salaries,HR,110443.13
E14785,2025-07-25,Customer Support,Support,129762.06
E14786,2025-02-02,Logistics,Operations,119145.62
E14787,2026-04-26,Operations,Operations,127280.55
E14788,2025-12-25,Operations,Operations,123585.55
E14789,2025-08-10,Salaries,HR,28783.59
E14790,2025-12-30,Infrastructure,Technology,126001.9
E14791,2026-04-09,Marketing,Marketing,129030.97
E14792,2025-02-26,Customer Support,Support,99958.09
E14793,2025-01-19,Marketing,Marketing,29146.84
E14794,2026-08-07,Infrastructure,Technology,51895.85
E14795,2025-08-08,Infrastructure,Technology,133733.31
E14796,2025-11-23,Operations,Operations,90609.25
E14797,2026-01-14,Salaries,HR,92833.38
E14798,2025-12-06,Marketing,Marketing,136282.08
E14799,2025-08-17,Infrastructure,Technology,140260.27
E14800,2025-04-30,Salaries,HR,74171.98
E14801,2025-08-10,Infrastructure,Technology,119458.87
E14802,2025-02-25,Salaries,HR,107559.47
E14803,2025-06-26,Logistics,Operations,60963.27
E14804,2025-02-06,Logistics,Operations,45642.0
E14805,2025-12-23,Marketing,Marketing,62542.1
E14806,2026-06-01,Marketing,Marketing,114856.31
E14807,2026-01-17,Customer Support,Support,65584.42
E14808,2025-06-06,Marketing,Marketing,139905.49
E14809,2025-05-17,Operations,Operations,38255.99
E14810,2026-03-17,Infrastructure,Technology,147747.33
E14811,2025-06-10,Marketing,Marketing,5649.68
E14812,2026-05-28,Logistics,Operations,76745.99
E14813,2026-07-07,Logistics,Operations,51007.65
E14814,2026-04-01,Technology,Technology,30219.85
E14815,2025-08-06,Marketing,Marketing,118680.94
E14816,2025-05-02,Customer Support,Support,77226.87
E14817,2025-11-05,Salaries,HR,132205.2
E14818,2025-09-17,Marketing,Marketing,146801.44
E14819,2025-09-03,Technology,Technology,34847.82
E14820,2026-05-06,Operations,Operations,5393.04
E14821,2025-02-23,Technology,Technology,110301.45
E14822,2025-07-16,Logistics,Operations,109358.6
E14823,2026-01-17,Technology,Technology,29152.01
E14824,2026-03-20,Operations,Operations,100678.73
E14825,2026-03-16,Marketing,Marketing,114955.46
E14826,2025-06-30,Salaries,HR,103560.58
E14827,2026-05-01,Technology,Technology,41639.39
E14828,2026-06-25,Customer Support,Support,147896.77
E14829,2025-11-24,Logistics,Operations,98326.54
E14830,2025-08-07,Logistics,Operations,133079.39
E14831,2026-08-03,Technology,Technology,40253.54
E14832,2025-09-24,Infrastructure,Technology,16541.19
E14833,2025-02-09,Technology,Technology,9656.58
E14834,2025-03-27,Infrastructure,Technology,120909.54
E14835,2025-01-04,Technology,Technology,62974.78
E14836,2025-02-27,Salaries,HR,108536.91
E14837,2026-01-26,Customer Support,Support,86919.08
E14838,2026-02-09,Infrastructure,Technology,69752.02
E14839,2026-05-15,Technology,Technology,13193.55
E14840,2025-06-22,Logistics,Operations,122471.67
E14841,2025-02-02,Infrastructure,Technology,57526.37
E14842,2025-12-03,Operations,Operations,50655.27
E14843,2026-06-01,Technology,Technology,47652.09
E14844,2025-01-04,Logistics,Operations,95228.03
E14845,2025-10-18,Customer Support,Support,7725.44
E14846,2026-06-28,Infrastructure,Technology,26510.88
E14847,2026-06-19,Technology,Technology,40885.87
E14848,2025-08-13,Operations,Operations,141240.06
E14849,2025-06-16,Customer Support,Support,80150.74
E14850,2025-05-12,Operations,Operations,31846.36
E14851,2025-01-03,Customer Support,Support,114373.25
E14852,2026-03-19,Customer Support,Support,16341.4
E14853,2026-06-22,Marketing,Marketing,66183.98
E14854,2025-04-20,Salaries,HR,38023.48
E14855,2025-05-26,Infrastructure,Technology,79921.8
E14856,2025-11-30,Operations,Operations,103797.81
E14857,2026-01-18,Marketing,Marketing,28733.92
E14858,2025-12-21,Infrastructure,Technology,11092.82
E14859,2025-07-23,Operations,Operations,82436.29
E14860,2025-06-22,Customer Support,Support,118498.45
E14861,2025-02-02,Marketing,Marketing,50305.72
E14862,2025-05-18,Infrastructure,Technology,91660.4
E14863,2026-05-20,Logistics,Operations,141687.36
E14864,2025-11-13,Marketing,Marketing,84008.19
E14865,2025-11-30,Infrastructure,Technology,43015.13
E14866,2025-08-27,Salaries,HR,102780.67
E14867,2025-11-19,Logistics,Operations,88607.82
E14868,2026-06-13,Operations,Operations,46011.41
E14869,2025-10-19,Logistics,Operations,54996.05
E14870,2025-05-17,Salaries,HR,140733.91
E14871,2025-01-02,Technology,Technology,48744.16
E14872,2025-02-02,Customer Support,Support,44637.14
E14873,2025-03-01,Operations,Operations,35695.81
E14874,2026-02-05,Customer Support,Support,88258.86
E14875,2025-05-23,Operations,Operations,37543.33
E14876,2025-01-18,Logistics,Operations,45977.44
E14877,2025-01-11,Infrastructure,Technology,123183.16
E14878,2025-04-22,Customer Support,Support,43205.99
E14879,2025-06-23,Logistics,Operations,116835.51
E14880,2026-03-10,Salaries,HR,90364.05
E14881,2025-03-17,Technology,Technology,7770.59
E14882,2025-10-01,Customer Support,Support,49115.64
E14883,2026-04-22,Operations,Operations,48375.3
E14884,2026-07-21,Marketing,Marketing,19095.35
E14885,2026-04-09,Operations,Operations,111066.86
E14886,2026-06-04,Logistics,Operations,86915.84
E14887,2026-06-20,Operations,Operations,115981.28
E14888,2025-06-29,Customer Support,Support,10471.92
E14889,2025-12-07,Operations,Operations,69469.22
E14890,2025-12-04,Logistics,Operations,126381.61
E14891,2026-03-11,Salaries,HR,92137.38
E14892,2026-05-25,Marketing,Marketing,137613.29
E14893,2026-05-19,Operations,Operations,142037.06
E14894,2025-10-23,Customer Support,Support,45869.18
E14895,2025-12-04,Technology,Technology,20952.05
E14896,2026-04-17,Technology,Technology,91529.03
E14897,2025-04-15,Technology,Technology,122195.99
E14898,2026-02-12,Salaries,HR,141917.02
E14899,2025-09-13,Customer Support,Support,33856.28
E14900,2025-01-30,Marketing,Marketing,14707.32
E14901,2026-04-28,Salaries,HR,129525.6
E14902,2025-10-21,Salaries,HR,18986.07
E14903,2025-05-18,Operations,Operations,88846.14
E14904,2026-06-02,Customer Support,Support,55865.5
E14905,2026-07-20,Logistics,Operations,57191.25
E14906,2026-05-05,Operations,Operations,90823.65
E14907,2026-04-04,Customer Support,Support,114471.64
E14908,2025-11-17,Technology,Technology,132304.28
E14909,2026-06-05,Operations,Operations,58954.54
E14910,2026-07-10,Infrastructure,Technology,11113.26
E14911,2026-05-30,Salaries,HR,118326.52
E14912,2025-08-05,Marketing,Marketing,97860.44
E14913,2025-04-22,Operations,Operations,112384.01
E14914,2026-02-07,Logistics,Operations,117278.55
E14915,2026-02-20,Logistics,Operations,122102.84
E14916,2025-12-05,Operations,Operations,58474.88
E14917,2025-06-20,Customer Support,Support,73583.57
E14918,2025-12-17,Customer Support,Support,137114.92
E14919,2026-05-06,Technology,Technology,20973.63
E14920,2026-03-09,Salaries,HR,101524.51
E14921,2026-03-23,Customer Support,Support,69236.43
E14922,2025-06-16,Technology,Technology,25514.58
E14923,2026-05-18,Marketing,Marketing,133050.97
E14924,2025-04-27,Customer Support,Support,21432.52
E14925,2026-05-09,Operations,Operations,126214.7
E14926,2025-11-10,Infrastructure,Technology,120040.66
E14927,2026-07-09,Marketing,Marketing,107994.95
E14928,2026-06-19,Technology,Technology,106255.38
E14929,2025-02-28,Marketing,Marketing,16927.12
E14930,2025-08-22,Technology,Technology,92621.64
E14931,2025-08-08,Salaries,HR,112041.09
E14932,2026-03-24,Marketing,Marketing,15959.63
E14933,2026-04-07,Logistics,Operations,124644.95
E14934,2025-06-01,Logistics,Operations,35028.11
E14935,2025-05-04,Operations,Operations,141586.94
E14936,2025-01-18,Logistics,Operations,45483.5
E14937,2026-07-31,Logistics,Operations,113547.32
E14938,2025-09-24,Customer Support,Support,59242.0
E14939,2026-01-30,Technology,Technology,56471.65
E14940,2025-03-04,Marketing,Marketing,105345.41
E14941,2026-04-06,Salaries,HR,104828.0
E14942,2025-04-09,Marketing,Marketing,23895.75
E14943,2026-02-28,Logistics,Operations,102042.71
E14944,2026-03-10,Operations,Operations,34135.49
E14945,2026-06-19,Logistics,Operations,79861.88
E14946,2025-10-06,Customer Support,Support,118300.75
E14947,2025-01-31,Logistics,Operations,53365.67
E14948,2025-05-19,Salaries,HR,4125.49
E14949,2026-06-03,Infrastructure,Technology,134946.31
E14950,2025-07-02,Salaries,HR,15984.7
E14951,2025-11-29,Salaries,HR,130202.1
E14952,2025-01-10,Infrastructure,Technology,35162.95
E14953,2025-06-10,Operations,Operations,80014.49
E14954,2025-04-04,Marketing,Marketing,61725.93
E14955,2025-04-17,Salaries,HR,11925.11
E14956,2025-10-22,Logistics,Operations,111165.16
E14957,2025-12-18,Infrastructure,Technology,55723.17
E14958,2026-07-31,Salaries,HR,47913.55
E14959,2025-07-22,Marketing,Marketing,33425.8
E14960,2025-11-24,Marketing,Marketing,14643.1
E14961,2025-03-01,Customer Support,Support,29449.36
E14962,2025-07-27,Marketing,Marketing,78276.51
E14963,2025-12-06,Marketing,Marketing,82144.28
E14964,2026-06-26,Marketing,Marketing,64448.13
E14965,2026-03-05,Technology,Technology,22073.32
E14966,2026-04-29,Operations,Operations,67469.06
E14967,2025-01-17,Operations,Operations,44925.15
E14968,2025-11-24,Logistics,Operations,35320.82
E14969,2026-03-27,Salaries,HR,19757.29
E14970,2026-02-23,Salaries,HR,69821.1
E14971,2026-02-25,Customer Support,Support,11097.43
E14972,2025-06-03,Customer Support,Support,74025.21
E14973,2025-02-06,Infrastructure,Technology,118583.88
E14974,2025-01-22,Logistics,Operations,46368.71
E14975,2025-07-13,Infrastructure,Technology,111625.45
E14976,2025-01-07,Operations,Operations,37409.05
E14977,2025-12-31,Logistics,Operations,89096.05
E14978,2026-07-26,Customer Support,Support,102916.16
E14979,2026-02-22,Logistics,Operations,54103.44
E14980,2025-07-18,Marketing,Marketing,143178.8
E14981,2026-06-28,Customer Support,Support,126668.27
E14982,2026-04-25,Salaries,HR,44466.69
E14983,2025-07-12,Marketing,Marketing,68019.7
E14984,2025-12-27,Customer Support,Support,50727.35
E14985,2026-06-16,Technology,Technology,97502.97
E14986,2025-09-09,Operations,Operations,46385.38
E14987,2026-01-13,Operations,Operations,110506.08
E14988,2026-02-18,Operations,Operations,69150.01
E14989,2025-10-13,Salaries,HR,4508.99
E14990,2026-01-06,Logistics,Operations,21917.96
E14991,2026-06-07,Customer Support,Support,142674.47
E14992,2026-04-24,Technology,Technology,65571.51
E14993,2025-07-25,Infrastructure,Technology,58358.5
E14994,2026-01-08,Infrastructure,Technology,70696.27
E14995,2026-05-28,Salaries,HR,97997.56
E14996,2026-07-30,Marketing,Marketing,5744.25
E14997,2026-07-15,Customer Support,Support,121200.27
E14998,2025-11-13,Operations,Operations,67549.64
E14999,2025-08-28,Marketing,Marketing,73006.69
