customer_id,customer_name,gender,age,city,state,signup_date,acquisition_channel,customer_segment
C100000,Sai Kumar,Female,61.0,Delhi,Delhi,2024-03-06,YouTube,Premium
C100001,Aditya Patel,Female,53.0,Mumbai,Maharashtra,2025-07-18,YouTube,Premium
C100002,Rohan Sharma,Male,27.0,Pune,Maharashtra,2025-04-22,Organic Search,Standard
C100003,Sai Naidu,Male,65.0,Kolkata,West Bengal,2024-11-16,Google Ads,Basic
C100004,Arjun Varma,Male,65.0,Mumbai,Maharashtra,2024-11-12,Referral,Standard
C100005,Sneha Kumar,Male,19.0,Ahmedabad,Gujarat,2025-09-18,Referral,Basic
C100006,Aarav Reddy,Male,19.0,Kolkata,West Bengal,2024-03-03,Instagram,Basic
C100007,Sanjay Patel,Female,29.0,Bengaluru,Karnataka,2025-05-24,Organic Search,Premium
C100008,Aarav Naidu,Male,56.0,Kakinada,Andhra Pradesh,2024-05-27,Email,Standard
C100009,Sanjay Naidu,Male,46.0,Hyderabad,Telangana,2024-03-09,Email,Premium
C100010,Sneha Patel,Female,42.0,Kolkata,West Bengal,2025-01-19,Google Ads,Premium
C100011,Divya Varma,Female,37.0,Chennai,Tamil Nadu,2025-12-13,Instagram,Standard
C100012,Aditya Kumar,Male,41.0,Kolkata,West Bengal,2025-06-21,Organic Search,Premium
C100013,Kiran Gupta,Male,48.0,Ahmedabad,Gujarat,2025-07-09,Instagram,Standard
C100014,Ananya Rao,Female,21.0,Kolkata,West Bengal,2025-06-07,Instagram,Standard
C100015,Rahul Patel,Male,46.0,Kolkata,West Bengal,2025-07-27,Email,Standard
C100016,Ananya Reddy,Female,28.0,Visakhapatnam,Andhra Pradesh,2025-01-09,Email,Standard
C100017,Arjun Gupta,Female,55.0,Ahmedabad,Gujarat,2024-04-03,Instagram,Basic
C100018,Sai Singh,Male,27.0,Visakhapatnam,Andhra Pradesh,2025-09-05,Instagram,Basic
C100019,Priya Varma,Female,21.0,Chennai,Tamil Nadu,2024-11-24,Organic Search,Basic
C100020,Aditya Kumar,Male,38.0,Mumbai,Maharashtra,2024-12-31,YouTube,Standard
C100021,Divya Naidu,Male,39.0,Mumbai,Maharashtra,2024-09-27,Referral,Standard
C100022,Sai Gupta,Male,42.0,Kolkata,West Bengal,2024-05-13,Organic Search,Standard
C100023,Arjun Naidu,Other,59.0,Pune,Maharashtra,2025-11-07,Google Ads,Standard
C100024,Nikhil Varma,Male,51.0,Hyderabad,Telangana,2025-07-24,Email,Premium
C100025,Priya Varma,Male,35.0,Mumbai,Maharashtra,2025-04-15,Referral,Basic
C100026,Sanjay Reddy,Female,52.0,Kakinada,Andhra Pradesh,2024-10-20,Organic Search,Basic
C100027,Vihaan Patel,Male,42.0,Ahmedabad,Gujarat,2025-08-23,Organic Search,Basic
C100028,Nikhil Reddy,Female,28.0,Ahmedabad,Gujarat,2025-02-02,Google Ads,Standard
C100029,Rohan Reddy,Female,19.0,Bengaluru,Karnataka,2024-11-19,Instagram,Premium
C100030,Kavya Rao,Female,18.0,Hyderabad,Telangana,2024-11-24,Organic Search,Premium
C100031,Divya Singh,Female,28.0,Mumbai,Maharashtra,2024-06-14,Instagram,Basic
C100032,Kiran Singh,Female,,Visakhapatnam,Andhra Pradesh,2024-03-08,Email,Standard
C100033,Priya Patel,Male,40.0,Pune,Maharashtra,2025-02-08,Referral,Basic
C100034,Aditya Reddy,Other,39.0,Ahmedabad,Gujarat,2025-10-10,Instagram,Basic
C100035,Kiran Naidu,Female,37.0,Chennai,Tamil Nadu,2024-02-16,Email,Standard
C100036,Rohan Sharma,Female,30.0,Chennai,Tamil Nadu,2025-09-18,Referral,Standard
C100037,Divya Gupta,Female,52.0,Kolkata,West Bengal,2025-08-27,Organic Search,Basic
C100038,Aditya Naidu,Female,18.0,Kakinada,Andhra Pradesh,2024-07-21,Instagram,Standard
C100039,Rohan Singh,Female,47.0,Chennai,Tamil Nadu,2025-04-06,Instagram,Standard
C100040,Vihaan Patel,Male,62.0,Pune,Maharashtra,2024-04-30,Instagram,Standard
C100041,Vihaan Singh,Female,60.0,Kakinada,Andhra Pradesh,2025-07-07,Google Ads,Standard
C100042,Kavya Rao,Female,35.0,Delhi,Delhi,2025-05-26,Email,Basic
C100043,Arjun Patel,Female,59.0,Visakhapatnam,Andhra Pradesh,2024-09-15,Google Ads,Premium
C100044,Ananya Patel,Male,29.0,Pune,Maharashtra,2024-02-19,Instagram,Standard
C100045,Meera Gupta,Male,29.0,Visakhapatnam,Andhra Pradesh,2025-12-09,YouTube,Basic
C100046,Divya Sharma,Female,34.0,Chennai,Tamil Nadu,2024-11-21,Instagram,Standard
C100047,Aditya Sharma,Male,18.0,Kolkata,West Bengal,2025-10-13,Google Ads,Standard
C100048,Rohan Naidu,Female,30.0,Delhi,Delhi,2025-05-09,Organic Search,Basic
C100049,Aditya Varma,Female,59.0,Kolkata,West Bengal,2025-07-22,Email,Standard
C100050,Sneha Varma,Male,54.0,Delhi,Delhi,2025-07-08,Google Ads,Premium
C100051,Kavya Singh,Male,33.0,Kolkata,West Bengal,2024-05-22,YouTube,Premium
C100052,Rohan Sharma,Female,32.0,Ahmedabad,Gujarat,2024-09-22,Referral,Premium
C100053,Meera Reddy,Male,34.0,Chennai,Tamil Nadu,2024-12-06,Instagram,Standard
C100054,Vihaan Reddy,Female,23.0,Chennai,Tamil Nadu,2024-12-29,Instagram,Premium
C100055,Rahul Sharma,Male,25.0,Delhi,Delhi,2024-02-01,YouTube,Standard
C100056,Sneha Varma,Male,65.0,Ahmedabad,Gujarat,2025-02-02,Google Ads,Basic
C100057,Arjun Gupta,Male,51.0,Pune,Maharashtra,2024-04-22,Organic Search,Standard
C100058,Kavya Varma,Female,50.0,Pune,Maharashtra,2025-06-26,Instagram,Standard
C100059,Divya Naidu,Female,31.0,Hyderabad,Telangana,2025-05-13,Instagram,Premium
C100060,Aditya Naidu,Female,59.0,Bengaluru,Karnataka,2025-11-04,Organic Search,Standard
C100061,Aarav Reddy,Male,26.0,Hyderabad,Telangana,2025-06-27,YouTube,Standard
C100062,Aditya Singh,Female,64.0,Visakhapatnam,Andhra Pradesh,2024-09-24,Instagram,Premium
C100063,Sai Rao,Male,42.0,Visakhapatnam,Andhra Pradesh,2025-12-07,Instagram,Basic
C100064,Sneha Sharma,Female,33.0,Hyderabad,Telangana,2024-10-26,Organic Search,Basic
C100065,Divya Kumar,Female,54.0,Hyderabad,Telangana,2024-08-25,Referral,Standard
C100066,Aditya Naidu,Male,38.0,Ahmedabad,Gujarat,2025-10-23,Google Ads,Standard
C100067,Kiran Naidu,Female,30.0,Pune,Maharashtra,2024-09-27,Instagram,Standard
C100068,Sai Rao,Male,50.0,Delhi,Delhi,2024-02-25,YouTube,Standard
C100069,Sanjay Sharma,Male,52.0,Kolkata,West Bengal,2024-12-08,Instagram,Standard
C100070,Priya Sharma,Female,46.0,Mumbai,Maharashtra,2025-08-03,Google Ads,Basic
C100071,Aarav Varma,Female,40.0,Bengaluru,Karnataka,2024-05-18,Google Ads,Basic
C100072,Ananya Das,Male,33.0,Delhi,Delhi,2024-12-03,Instagram,Standard
C100073,Aarav Reddy,Female,37.0,Visakhapatnam,Andhra Pradesh,2024-04-04,Referral,Standard
C100074,Priya Rao,Male,59.0,Ahmedabad,Gujarat,2025-05-16,Google Ads,Standard
C100075,Rohan Kumar,Female,35.0,Bengaluru,Karnataka,2024-12-13,Email,Standard
C100076,Rohan Varma,Female,64.0,Pune,Maharashtra,2024-08-29,Google Ads,Standard
C100077,Arjun Reddy,Male,24.0,Visakhapatnam,Andhra Pradesh,2024-06-14,Instagram,Standard
C100078,Meera Reddy,Female,25.0,Kakinada,Andhra Pradesh,2025-02-16,Organic Search,Premium
C100079,Rahul Sharma,Female,33.0,Ahmedabad,Gujarat,2025-05-03,Referral,Standard
C100080,Meera Naidu,Female,18.0,Bengaluru,Karnataka,2025-11-17,Google Ads,Basic
C100081,Kiran Rao,Male,60.0,Mumbai,Maharashtra,2024-11-15,Instagram,Standard
C100082,Sneha Patel,Male,34.0,Mumbai,Maharashtra,2024-04-27,Referral,Standard
C100083,Sanjay Rao,Female,22.0,Bengaluru,Karnataka,2025-08-30,Organic Search,Standard
C100084,Kavya Singh,Female,47.0,Bengaluru,Karnataka,2025-04-04,Email,Premium
C100085,Divya Naidu,Female,63.0,Delhi,Delhi,2025-05-26,Organic Search,Standard
C100086,Divya Reddy,Female,65.0,Pune,Maharashtra,2024-03-11,Instagram,Standard
C100087,Rohan Patel,Female,23.0,Delhi,Delhi,2024-08-16,YouTube,Basic
C100088,Arjun Singh,Male,56.0,Chennai,Tamil Nadu,2025-07-14,Instagram,Standard
C100089,Aarav Varma,Female,35.0,Mumbai,Maharashtra,2025-08-30,Google Ads,Basic
C100090,Rohan Varma,Female,58.0,Bengaluru,Karnataka,2024-11-13,Referral,Premium
C100091,Rohan Kumar,Male,47.0,Kakinada,Andhra Pradesh,2025-08-10,Instagram,Standard
C100092,Arjun Kumar,Male,53.0,Pune,Maharashtra,2025-09-06,Google Ads,Standard
C100093,Rohan Reddy,Female,58.0,Mumbai,Maharashtra,2024-10-09,Instagram,Standard
C100094,Vihaan Singh,Female,60.0,Visakhapatnam,Andhra Pradesh,2025-10-17,Organic Search,Standard
C100095,Arjun Naidu,Female,24.0,Visakhapatnam,Andhra Pradesh,2024-07-29,Organic Search,Premium
C100096,Rohan Rao,Male,52.0,Kakinada,Andhra Pradesh,2024-06-23,Email,Standard
C100097,Meera Patel,Female,24.0,Bengaluru,Karnataka,2025-05-13,Google Ads,Standard
C100098,Rahul Varma,Male,63.0,Kolkata,West Bengal,2025-04-09,Google Ads,Standard
C100099,Meera Patel,Male,48.0,Kakinada,Andhra Pradesh,2024-04-12,Organic Search,Standard
C100100,Meera Gupta,Female,27.0,Visakhapatnam,Andhra Pradesh,2025-08-30,Referral,Basic
C100101,Sanjay Reddy,Female,32.0,Mumbai,Maharashtra,2024-05-25,Referral,Premium
C100102,Sai Gupta,Female,60.0,Visakhapatnam,Andhra Pradesh,2025-08-10,Instagram,Standard
C100103,Priya Gupta,Female,48.0,Chennai,Tamil Nadu,2024-01-06,Instagram,Basic
C100104,Sneha Das,Female,29.0,Chennai,Tamil Nadu,2025-08-04,Google Ads,Premium
C100105,Vihaan Reddy,Male,57.0,Pune,Maharashtra,2025-07-28,Email,Standard
C100106,Vihaan Gupta,Male,52.0,Ahmedabad,Gujarat,2025-07-23,Organic Search,Standard
C100107,Ananya Reddy,Female,21.0,Bengaluru,Karnataka,2025-04-30,YouTube,Standard
C100108,Rohan Patel,Female,31.0,Pune,Maharashtra,2024-12-10,Google Ads,Basic
C100109,Sanjay Naidu,Male,58.0,Visakhapatnam,Andhra Pradesh,2025-05-29,Google Ads,Standard
C100110,Divya Sharma,Male,34.0,Pune,Maharashtra,2024-07-21,Organic Search,Standard
C100111,Sneha Sharma,Male,19.0,Mumbai,Maharashtra,2025-07-23,Google Ads,Standard
C100112,Aditya Das,Male,46.0,Hyderabad,Telangana,2025-02-09,Referral,Premium
C100113,Rohan Reddy,Female,61.0,Pune,Maharashtra,2024-12-01,Email,Standard
C100114,Divya Naidu,Male,44.0,Ahmedabad,Gujarat,2025-01-04,Google Ads,Premium
C100115,Sai Kumar,Male,64.0,Pune,Maharashtra,2025-02-19,Google Ads,Basic
C100116,Aarav Reddy,Female,23.0,Kakinada,Andhra Pradesh,2024-01-28,Google Ads,Premium
C100117,Rohan Sharma,Female,50.0,Kolkata,West Bengal,2024-04-12,Referral,Premium
C100118,Sneha Das,Male,49.0,Pune,Maharashtra,2024-06-28,Google Ads,Basic
C100119,Meera Patel,Male,65.0,Hyderabad,Telangana,2024-03-24,Instagram,Premium
C100120,Kavya Kumar,Male,43.0,Pune,Maharashtra,2024-11-16,Instagram,Standard
C100121,Kiran Gupta,Male,57.0,Bengaluru,Karnataka,2025-05-02,Organic Search,Basic
C100122,Aarav Gupta,Male,24.0,Ahmedabad,Gujarat,2025-04-22,Organic Search,Basic
C100123,Aditya Das,Male,20.0,Bengaluru,Karnataka,2024-12-09,YouTube,Standard
C100124,Nikhil Gupta,Male,52.0,Kakinada,Andhra Pradesh,2025-09-16,Organic Search,Standard
C100125,Meera Sharma,Male,18.0,Delhi,Delhi,2025-02-16,Instagram,Standard
C100126,Sanjay Rao,Male,59.0,Chennai,Tamil Nadu,2024-02-27,Instagram,Standard
C100127,Sanjay Kumar,Female,18.0,Bengaluru,Karnataka,2025-07-12,Referral,Premium
C100128,Vihaan Singh,Male,51.0,Mumbai,Maharashtra,2025-02-23,Referral,Premium
C100129,Vihaan Kumar,Male,39.0,Kakinada,Andhra Pradesh,2025-04-08,Organic Search,Basic
C100130,Meera Naidu,Female,48.0,Mumbai,Maharashtra,2025-02-16,Google Ads,Standard
C100131,Kiran Kumar,Male,47.0,Pune,Maharashtra,2025-02-08,YouTube,Basic
C100132,Arjun Sharma,Male,39.0,Kakinada,Andhra Pradesh,2024-03-07,Google Ads,Premium
C100133,Arjun Varma,Female,41.0,Kolkata,West Bengal,2025-02-12,Referral,Standard
C100134,Arjun Patel,Female,42.0,Hyderabad,Telangana,2025-08-03,Organic Search,Standard
C100135,Kavya Reddy,Male,50.0,Delhi,Delhi,2024-08-09,Referral,Standard
C100136,Rohan Varma,Female,52.0,Delhi,Delhi,2025-03-16,Organic Search,Standard
C100137,Vihaan Varma,Female,39.0,Mumbai,Maharashtra,2024-01-23,Organic Search,Premium
C100138,Arjun Gupta,Male,34.0,Mumbai,Maharashtra,2024-09-10,Organic Search,Basic
C100139,Ananya Rao,Male,20.0,Pune,Maharashtra,2024-11-14,Organic Search,Standard
C100140,Sanjay Singh,Male,55.0,Delhi,Delhi,2025-12-18,Google Ads,Standard
C100141,Rohan Rao,Female,28.0,Mumbai,Maharashtra,2024-06-05,Google Ads,Standard
C100142,Kavya Sharma,Male,38.0,Chennai,Tamil Nadu,2024-07-20,Organic Search,Basic
C100143,Nikhil Das,Male,65.0,Delhi,Delhi,2024-10-25,Referral,Standard
C100144,Ananya Reddy,Female,55.0,Mumbai,Maharashtra,2025-12-25,Email,Standard
C100145,Aarav Das,Female,34.0,Chennai,Tamil Nadu,2025-09-14,Google Ads,Basic
C100146,Sai Reddy,Male,40.0,Kakinada,Andhra Pradesh,2024-01-26,Instagram,Premium
C100147,Sanjay Naidu,Male,33.0,Pune,Maharashtra,2024-06-19,Google Ads,Standard
C100148,Aditya Sharma,Male,48.0,Pune,Maharashtra,2025-08-22,YouTube,Standard
C100149,Priya Reddy,Female,25.0,Kakinada,Andhra Pradesh,2024-02-12,Google Ads,Standard
C100150,Rohan Singh,Male,63.0,Kolkata,West Bengal,2025-09-16,Google Ads,Standard
C100151,Nikhil Sharma,Female,65.0,Mumbai,Maharashtra,2024-07-24,Instagram,Premium
C100152,Divya Naidu,Male,32.0,Delhi,Delhi,2025-10-31,Referral,Basic
C100153,Nikhil Varma,Male,29.0,Chennai,Tamil Nadu,2024-08-02,Google Ads,Standard
C100154,Aarav Naidu,Male,43.0,Chennai,Tamil Nadu,2024-11-13,Email,Standard
C100155,Nikhil Reddy,Male,49.0,Bengaluru,Karnataka,2025-04-28,Instagram,Standard
C100156,Rahul Rao,Male,48.0,Bengaluru,Karnataka,2024-04-02,Google Ads,Standard
C100157,Sai Reddy,Female,20.0,Delhi,Delhi,2025-02-10,Instagram,Premium
C100158,Rahul Rao,Male,52.0,Kakinada,Andhra Pradesh,2025-01-03,Instagram,Standard
C100159,Nikhil Varma,Female,21.0,Ahmedabad,Gujarat,2025-07-26,Organic Search,Basic
C100160,Sanjay Singh,Male,34.0,Visakhapatnam,Andhra Pradesh,2025-12-28,YouTube,Standard
C100161,Sanjay Rao,Female,52.0,Bengaluru,Karnataka,2025-04-29,Organic Search,Basic
C100162,Meera Rao,Male,60.0,Chennai,Tamil Nadu,2024-10-25,Organic Search,Standard
C100163,Vihaan Reddy,Female,48.0,Pune,Maharashtra,2024-10-23,Instagram,Premium
C100164,Sneha Rao,Male,25.0,Chennai,Tamil Nadu,2024-11-01,Organic Search,Standard
C100165,Vihaan Kumar,Female,50.0,Chennai,Tamil Nadu,2025-08-17,Referral,Standard
C100166,Ananya Sharma,Female,19.0,Delhi,Delhi,2024-08-22,Organic Search,Basic
C100167,Aditya Sharma,Female,29.0,Hyderabad,Telangana,2024-05-01,Email,Standard
C100168,Divya Naidu,Female,23.0,Visakhapatnam,Andhra Pradesh,2024-09-01,Google Ads,Premium
C100169,Sneha Naidu,Male,65.0,Kakinada,Andhra Pradesh,2024-01-17,Google Ads,Premium
C100170,Aarav Reddy,Female,35.0,Hyderabad,Telangana,2024-03-18,Instagram,Standard
C100171,Arjun Sharma,Male,44.0,Chennai,Tamil Nadu,2024-03-06,Google Ads,Standard
C100172,Vihaan Singh,Female,55.0,Pune,Maharashtra,2025-07-17,Referral,Basic
C100173,Rahul Gupta,Male,64.0,Ahmedabad,Gujarat,2025-06-11,YouTube,Basic
C100174,Rahul Kumar,Male,65.0,Kakinada,Andhra Pradesh,2025-05-23,Instagram,Basic
C100175,Nikhil Singh,Female,25.0,Chennai,Tamil Nadu,2024-12-03,Referral,Standard
C100176,Vihaan Singh,Male,36.0,Ahmedabad,Gujarat,2025-06-07,Referral,Premium
C100177,Sanjay Patel,Female,37.0,Kakinada,Andhra Pradesh,2024-04-27,Instagram,Standard
C100178,Sai Singh,Male,56.0,Visakhapatnam,Andhra Pradesh,2025-10-19,Google Ads,Premium
C100179,Sneha Varma,Female,34.0,Mumbai,Maharashtra,2024-12-31,Google Ads,Premium
C100180,Rahul Patel,Female,29.0,Visakhapatnam,Andhra Pradesh,2025-11-15,Referral,Standard
C100181,Kiran Sharma,Female,54.0,Chennai,Tamil Nadu,2024-04-21,Google Ads,Basic
C100182,Sneha Kumar,Male,41.0,Hyderabad,Telangana,2024-12-29,Instagram,Standard
C100183,Kiran Singh,Male,53.0,Ahmedabad,Gujarat,2025-05-23,Google Ads,Premium
C100184,Sneha Patel,Male,36.0,Visakhapatnam,Andhra Pradesh,2024-12-27,Organic Search,Basic
C100185,Aditya Sharma,Male,41.0,Delhi,Delhi,2024-11-21,Organic Search,Basic
C100186,Sai Gupta,Female,18.0,Chennai,Tamil Nadu,2024-05-01,Instagram,Standard
C100187,Vihaan Das,Male,18.0,Delhi,Delhi,2024-10-05,Email,Premium
C100188,Rohan Patel,Male,18.0,Bengaluru,Karnataka,2024-06-23,YouTube,Standard
C100189,Divya Singh,Male,26.0,Kakinada,Andhra Pradesh,2024-08-08,Instagram,Standard
C100190,Nikhil Patel,Female,34.0,Hyderabad,Telangana,2025-05-14,Instagram,Standard
C100191,Rohan Kumar,Male,20.0,Pune,Maharashtra,2025-04-05,Instagram,Standard
C100192,Sanjay Gupta,Male,25.0,Hyderabad,Telangana,2025-03-19,Instagram,Standard
C100193,Ananya Rao,Male,58.0,Kolkata,West Bengal,2024-09-21,Organic Search,Standard
C100194,Arjun Rao,Male,59.0,Kakinada,Andhra Pradesh,2025-12-01,Organic Search,Standard
C100195,Priya Naidu,Female,31.0,Kolkata,West Bengal,2024-03-04,Referral,Basic
C100196,Kavya Naidu,Male,63.0,Kolkata,West Bengal,2024-09-07,Google Ads,Premium
C100197,Ananya Kumar,Female,23.0,Visakhapatnam,Andhra Pradesh,2024-03-27,Organic Search,Standard
C100198,Sai Rao,Female,19.0,Kakinada,Andhra Pradesh,2024-09-04,Instagram,Basic
C100199,Kiran Varma,Female,35.0,Visakhapatnam,Andhra Pradesh,2025-12-03,Instagram,Standard
C100200,Aditya Kumar,Female,30.0,Mumbai,Maharashtra,2024-09-24,Instagram,Standard
C100201,Sai Varma,Female,21.0,Pune,Maharashtra,2025-10-25,Organic Search,Standard
C100202,Sneha Singh,Male,58.0,Visakhapatnam,Andhra Pradesh,2024-12-27,Email,Basic
C100203,Ananya Gupta,Male,64.0,Mumbai,Maharashtra,2025-05-25,Email,Basic
C100204,Sai Gupta,Female,30.0,Kolkata,West Bengal,2024-11-29,Organic Search,Premium
C100205,Sanjay Rao,Female,33.0,Hyderabad,Telangana,2024-07-13,Instagram,Premium
C100206,Vihaan Gupta,Female,52.0,Visakhapatnam,Andhra Pradesh,2025-07-11,Google Ads,Premium
C100207,Aarav Naidu,Male,62.0,Kolkata,West Bengal,2025-12-08,Organic Search,Premium
C100208,Sanjay Singh,Male,31.0,Ahmedabad,Gujarat,2024-07-11,YouTube,Standard
C100209,Sneha Reddy,Male,50.0,Visakhapatnam,Andhra Pradesh,2025-07-22,Referral,Standard
C100210,Ananya Varma,Male,19.0,Mumbai,Maharashtra,2024-07-09,Instagram,Standard
C100211,Ananya Reddy,Male,45.0,Chennai,Tamil Nadu,2025-06-07,YouTube,Standard
C100212,Nikhil Naidu,Male,65.0,Visakhapatnam,Andhra Pradesh,2025-07-29,Google Ads,Standard
C100213,Nikhil Gupta,Female,40.0,Bengaluru,Karnataka,2024-11-24,Google Ads,Premium
C100214,Ananya Gupta,Female,48.0,Visakhapatnam,Andhra Pradesh,2025-06-21,Instagram,Standard
C100215,Nikhil Naidu,Female,50.0,Mumbai,Maharashtra,2024-07-17,Instagram,Premium
C100216,Rahul Patel,Female,48.0,Pune,Maharashtra,2024-02-27,Email,Basic
C100217,Sneha Gupta,Male,50.0,Pune,Maharashtra,2024-03-11,Email,Standard
C100218,Kiran Varma,Male,60.0,Kolkata,West Bengal,2024-11-22,Google Ads,Premium
C100219,Nikhil Gupta,Female,18.0,Visakhapatnam,Andhra Pradesh,2025-10-20,Instagram,Premium
C100220,Aarav Rao,Female,60.0,Delhi,Delhi,2024-04-03,Referral,Standard
C100221,Nikhil Patel,Female,61.0,Bengaluru,Karnataka,2024-11-28,Google Ads,Standard
C100222,Sneha Varma,Female,61.0,Chennai,Tamil Nadu,2025-05-28,Google Ads,Basic
C100223,Ananya Das,Female,35.0,Kolkata,West Bengal,2024-05-27,Instagram,Standard
C100224,Divya Das,Female,45.0,Ahmedabad,Gujarat,2025-06-10,Organic Search,Premium
C100225,Sanjay Naidu,Female,34.0,Ahmedabad,Gujarat,2024-08-11,YouTube,Basic
C100226,Meera Sharma,Female,58.0,Delhi,Delhi,2025-08-13,Google Ads,Standard
C100227,Arjun Rao,Male,37.0,Kakinada,Andhra Pradesh,2025-02-26,Email,Standard
C100228,Ananya Reddy,Male,33.0,Hyderabad,Telangana,2025-02-03,Organic Search,Basic
C100229,Rohan Rao,Male,50.0,Bengaluru,Karnataka,2024-05-09,Instagram,Standard
C100230,Rohan Patel,Female,20.0,Hyderabad,Telangana,2024-12-04,YouTube,Standard
C100231,Rahul Kumar,Female,36.0,Kakinada,Andhra Pradesh,2025-09-17,Referral,Basic
C100232,Vihaan Patel,Male,27.0,Bengaluru,Karnataka,2024-01-15,Referral,Standard
C100233,Meera Varma,Male,35.0,Kolkata,West Bengal,2025-07-07,Referral,Premium
C100234,Arjun Das,Female,39.0,Visakhapatnam,Andhra Pradesh,2024-12-25,Google Ads,Standard
C100235,Sneha Varma,Male,21.0,Ahmedabad,Gujarat,2025-06-09,Organic Search,Premium
C100236,Sanjay Gupta,Female,59.0,Kakinada,Andhra Pradesh,2025-04-29,Organic Search,Standard
C100237,Meera Gupta,Male,37.0,Hyderabad,Telangana,2024-11-11,Instagram,Basic
C100238,Rohan Sharma,Male,35.0,Chennai,Tamil Nadu,2024-08-13,Referral,Basic
C100239,Aarav Reddy,Male,25.0,Pune,Maharashtra,2025-04-02,YouTube,Standard
C100240,Sneha Patel,Male,65.0,Kolkata,West Bengal,2024-04-12,Organic Search,Basic
C100241,Kiran Naidu,Male,59.0,Kolkata,West Bengal,2025-03-02,Email,Standard
C100242,Divya Kumar,Male,41.0,Pune,Maharashtra,2024-03-10,Instagram,Standard
C100243,Rohan Reddy,Male,34.0,Delhi,Delhi,2025-04-19,Google Ads,Premium
C100244,Divya Sharma,Male,40.0,Bengaluru,Karnataka,2025-04-03,Instagram,Standard
C100245,Divya Naidu,Female,64.0,Chennai,Tamil Nadu,2024-03-02,Organic Search,Standard
C100246,Ananya Das,Male,28.0,Mumbai,Maharashtra,2025-07-06,Organic Search,Premium
C100247,Sneha Naidu,Male,50.0,Pune,Maharashtra,2024-10-30,YouTube,Basic
C100248,Divya Sharma,Male,61.0,Ahmedabad,Gujarat,2025-07-28,Instagram,Premium
C100249,Meera Das,Female,54.0,Pune,Maharashtra,2024-01-31,YouTube,Standard
C100250,Aditya Patel,Female,59.0,Pune,Maharashtra,2024-05-11,YouTube,Premium
C100251,Aditya Naidu,Other,63.0,Hyderabad,Telangana,2024-12-26,Email,Standard
C100252,Meera Patel,Female,20.0,Kolkata,West Bengal,2024-05-17,Organic Search,Standard
C100253,Aditya Das,Male,29.0,Chennai,Tamil Nadu,2024-08-28,Google Ads,Standard
C100254,Arjun Rao,Female,24.0,Bengaluru,Karnataka,2025-04-27,Google Ads,Premium
C100255,Rohan Rao,Male,45.0,Mumbai,Maharashtra,2024-04-15,Instagram,Standard
C100256,Ananya Singh,Female,37.0,Ahmedabad,Gujarat,2025-05-09,Instagram,Standard
C100257,Arjun Sharma,Male,19.0,Kakinada,Andhra Pradesh,2024-03-16,Instagram,Standard
C100258,Rahul Patel,Male,44.0,Pune,Maharashtra,2024-05-07,Email,Standard
C100259,Kavya Sharma,Female,22.0,Kakinada,Andhra Pradesh,2025-03-04,Google Ads,Premium
C100260,Sanjay Reddy,Female,37.0,Bengaluru,Karnataka,2025-08-02,Instagram,Standard
C100261,Sneha Gupta,Female,35.0,Mumbai,Maharashtra,2024-05-04,Instagram,Basic
C100262,Ananya Naidu,Male,60.0,Kakinada,Andhra Pradesh,2024-08-06,Email,Premium
C100263,Divya Gupta,Male,50.0,Bengaluru,Karnataka,2025-11-06,YouTube,Standard
C100264,Vihaan Patel,Male,,Kolkata,West Bengal,2025-12-23,Google Ads,Standard
C100265,Sneha Gupta,Male,57.0,Mumbai,Maharashtra,2025-02-28,Organic Search,Basic
C100266,Aarav Varma,Male,26.0,Delhi,Delhi,2024-11-22,YouTube,Premium
C100267,Kavya Das,Male,30.0,Chennai,Tamil Nadu,2024-09-10,Email,Standard
C100268,Aarav Singh,Female,54.0,Delhi,Delhi,2025-03-23,Organic Search,Standard
C100269,Nikhil Gupta,Male,53.0,Visakhapatnam,Andhra Pradesh,2025-03-07,Email,Premium
C100270,Sneha Naidu,Female,19.0,Kakinada,Andhra Pradesh,2024-08-03,YouTube,Premium
C100271,Rohan Das,Female,28.0,Pune,Maharashtra,2024-01-17,Google Ads,Basic
C100272,Rohan Rao,Female,28.0,Pune,Maharashtra,2024-04-20,Organic Search,Standard
C100273,Sneha Das,Male,18.0,Hyderabad,Telangana,2025-11-30,Google Ads,Premium
C100274,Aarav Gupta,Male,49.0,Mumbai,Maharashtra,2024-11-01,Instagram,Standard
C100275,Ananya Gupta,Male,20.0,Hyderabad,Telangana,2024-12-18,Organic Search,Standard
C100276,Kiran Das,Female,58.0,Visakhapatnam,Andhra Pradesh,2024-12-06,Organic Search,Premium
C100277,Rahul Varma,Male,46.0,Mumbai,Maharashtra,2025-07-25,Organic Search,Standard
C100278,Aarav Gupta,Male,54.0,Delhi,Delhi,2024-02-17,YouTube,Standard
C100279,Aarav Reddy,Other,41.0,Visakhapatnam,Andhra Pradesh,2024-03-01,Organic Search,Standard
C100280,Sneha Sharma,Female,64.0,Ahmedabad,Gujarat,2024-07-20,Referral,Standard
C100281,Divya Sharma,Female,30.0,Kolkata,West Bengal,2024-12-21,YouTube,Premium
C100282,Vihaan Rao,Male,44.0,Hyderabad,Telangana,2025-05-04,Instagram,Standard
C100283,Kavya Singh,Female,18.0,Pune,Maharashtra,2024-12-24,Instagram,Standard
C100284,Sanjay Das,Male,57.0,Pune,Maharashtra,2024-11-18,Google Ads,Standard
C100285,Ananya Singh,Male,45.0,Delhi,Delhi,2025-11-15,Referral,Premium
C100286,Kavya Rao,Female,26.0,Ahmedabad,Gujarat,2024-04-27,Email,Premium
C100287,Sneha Rao,Female,57.0,Kakinada,Andhra Pradesh,2025-02-21,Organic Search,Basic
C100288,Arjun Das,Female,65.0,Mumbai,Maharashtra,2025-01-30,Instagram,Premium
C100289,Aarav Naidu,Male,21.0,Delhi,Delhi,2024-12-11,Organic Search,Standard
C100290,Vihaan Singh,Male,58.0,Delhi,Delhi,2025-08-12,Email,Standard
C100291,Rohan Reddy,Female,53.0,Visakhapatnam,Andhra Pradesh,2024-07-13,YouTube,Basic
C100292,Vihaan Kumar,Female,35.0,Hyderabad,Telangana,2025-11-27,Google Ads,Basic
C100293,Rohan Patel,Male,48.0,Visakhapatnam,Andhra Pradesh,2024-08-30,Email,Standard
C100294,Aarav Varma,Male,55.0,Ahmedabad,Gujarat,2025-02-01,Organic Search,Basic
C100295,Rahul Patel,Female,41.0,Chennai,Tamil Nadu,2025-01-15,Referral,Premium
C100296,Rahul Das,Female,49.0,Pune,Maharashtra,2025-09-12,Instagram,Basic
C100297,Sai Varma,Male,20.0,Visakhapatnam,Andhra Pradesh,2024-11-16,Instagram,Standard
C100298,Sanjay Das,Female,62.0,Ahmedabad,Gujarat,2024-07-26,Instagram,Basic
C100299,Aditya Singh,Other,62.0,Mumbai,Maharashtra,2024-01-16,Referral,Basic
C100300,Kiran Varma,Male,28.0,Hyderabad,Telangana,2024-09-22,Email,Basic
C100301,Sai Sharma,Female,40.0,Kolkata,West Bengal,2025-08-26,Referral,Standard
C100302,Nikhil Reddy,Female,29.0,Bengaluru,Karnataka,2024-01-08,Email,Standard
C100303,Aarav Rao,Female,37.0,Hyderabad,Telangana,2025-10-16,Instagram,Standard
C100304,Kavya Gupta,Female,31.0,Kakinada,Andhra Pradesh,2025-01-31,Instagram,Premium
C100305,Sanjay Reddy,Female,59.0,Chennai,Tamil Nadu,2024-04-12,Organic Search,Standard
C100306,Rohan Reddy,Female,51.0,Kolkata,West Bengal,2024-08-08,Organic Search,Premium
C100307,Nikhil Varma,Male,58.0,Mumbai,Maharashtra,2025-02-08,Email,Standard
C100308,Sai Varma,Female,56.0,Bengaluru,Karnataka,2024-08-18,Organic Search,Standard
C100309,Vihaan Singh,Male,52.0,Hyderabad,Telangana,2024-03-20,YouTube,Basic
C100310,Sneha Singh,Male,25.0,Delhi,Delhi,2025-05-01,YouTube,Standard
C100311,Arjun Naidu,Male,57.0,Hyderabad,Telangana,2025-05-05,Email,Standard
C100312,Ananya Kumar,Female,55.0,Chennai,Tamil Nadu,2024-03-27,Google Ads,Standard
C100313,Sneha Das,Other,23.0,Delhi,Delhi,2024-07-24,Instagram,Standard
C100314,Sai Gupta,Female,22.0,Pune,Maharashtra,2024-06-27,Email,Standard
C100315,Priya Das,Female,54.0,Pune,Maharashtra,2025-04-26,Google Ads,Premium
C100316,Rahul Gupta,Male,36.0,Delhi,Delhi,2025-06-17,Instagram,Standard
C100317,Kiran Naidu,Female,33.0,Chennai,Tamil Nadu,2025-06-14,Instagram,Standard
C100318,Aditya Varma,Female,37.0,Hyderabad,Telangana,2025-11-16,YouTube,Basic
C100319,Meera Das,Male,59.0,Delhi,Delhi,2025-07-15,Instagram,Standard
C100320,Sneha Varma,Female,35.0,Kakinada,Andhra Pradesh,2024-08-22,Organic Search,Standard
C100321,Aditya Singh,Female,35.0,Kakinada,Andhra Pradesh,2024-03-19,YouTube,Basic
C100322,Rohan Reddy,Male,37.0,Chennai,Tamil Nadu,2025-03-24,Email,Basic
C100323,Aditya Das,Female,20.0,Kakinada,Andhra Pradesh,2025-10-30,Instagram,Standard
C100324,Rohan Das,Male,19.0,Pune,Maharashtra,2025-12-12,Organic Search,Premium
C100325,Kavya Singh,Male,37.0,Bengaluru,Karnataka,2024-06-17,Email,Standard
C100326,Aarav Das,Male,18.0,Visakhapatnam,Andhra Pradesh,2024-06-21,Google Ads,Standard
C100327,Ananya Sharma,Male,54.0,Chennai,Tamil Nadu,2024-01-28,Email,Standard
C100328,Meera Patel,Male,38.0,Kolkata,West Bengal,2024-04-13,Instagram,Premium
C100329,Priya Rao,Female,42.0,Kolkata,West Bengal,2025-02-09,Email,Standard
C100330,Ananya Rao,Male,34.0,Delhi,Delhi,2025-02-03,YouTube,Premium
C100331,Aditya Naidu,Female,54.0,Ahmedabad,Gujarat,2024-09-27,Referral,Basic
C100332,Aarav Naidu,Female,38.0,Pune,Maharashtra,2024-08-14,YouTube,Premium
C100333,Sanjay Reddy,Male,19.0,Delhi,Delhi,2025-08-28,Google Ads,Basic
C100334,Rohan Gupta,Male,41.0,Mumbai,Maharashtra,2024-12-01,Organic Search,Standard
C100335,Meera Naidu,Female,26.0,Ahmedabad,Gujarat,2025-08-13,Organic Search,Basic
C100336,Rohan Das,Female,46.0,Mumbai,Maharashtra,2025-12-04,Instagram,Basic
C100337,Meera Das,Female,45.0,Bengaluru,Karnataka,2024-08-19,YouTube,Premium
C100338,Aarav Reddy,Male,40.0,Visakhapatnam,Andhra Pradesh,2024-05-27,YouTube,Standard
C100339,Nikhil Patel,Female,36.0,Delhi,Delhi,2025-11-26,Google Ads,Premium
C100340,Kavya Patel,Female,46.0,Kolkata,West Bengal,2025-04-08,Organic Search,Standard
C100341,Nikhil Varma,Female,50.0,Ahmedabad,Gujarat,2024-07-31,Google Ads,Premium
C100342,Priya Das,Male,60.0,Visakhapatnam,Andhra Pradesh,2025-03-29,Instagram,Standard
C100343,Priya Gupta,Female,64.0,Kolkata,West Bengal,2025-01-10,Instagram,Basic
C100344,Ananya Singh,Male,21.0,Ahmedabad,Gujarat,2025-10-23,Referral,Standard
C100345,Divya Rao,Female,49.0,Visakhapatnam,Andhra Pradesh,2024-07-05,Instagram,Standard
C100346,Nikhil Rao,Female,22.0,Kakinada,Andhra Pradesh,2025-12-24,Instagram,Basic
C100347,Rohan Reddy,Female,38.0,Hyderabad,Telangana,2025-11-14,YouTube,Basic
C100348,Sanjay Singh,Male,53.0,Ahmedabad,Gujarat,2024-05-11,Referral,Premium
C100349,Sai Naidu,Female,44.0,Bengaluru,Karnataka,2024-04-30,Organic Search,Standard
C100350,Kiran Patel,Male,56.0,Visakhapatnam,Andhra Pradesh,2025-01-24,Instagram,Standard
C100351,Sanjay Das,Female,61.0,Hyderabad,Telangana,2024-02-02,Instagram,Standard
C100352,Aditya Varma,Female,64.0,Mumbai,Maharashtra,2024-08-06,Organic Search,Standard
C100353,Nikhil Reddy,Female,50.0,Bengaluru,Karnataka,2024-11-13,Google Ads,Basic
C100354,Sanjay Rao,Male,50.0,Kolkata,West Bengal,2025-12-08,Google Ads,Standard
C100355,Rohan Singh,Female,56.0,Hyderabad,Telangana,2025-12-25,YouTube,Standard
C100356,Kiran Rao,Male,29.0,Hyderabad,Telangana,2024-04-20,Google Ads,Premium
C100357,Aarav Naidu,Female,32.0,Pune,Maharashtra,2025-10-12,Referral,Basic
C100358,Rahul Rao,Female,34.0,Kakinada,Andhra Pradesh,2024-03-07,Email,Standard
C100359,Vihaan Kumar,Female,53.0,Pune,Maharashtra,2025-06-30,Instagram,Premium
C100360,Nikhil Sharma,Female,34.0,Chennai,Tamil Nadu,2025-09-09,Email,Standard
C100361,Meera Reddy,Female,24.0,Kolkata,West Bengal,2025-10-12,Google Ads,Standard
C100362,Aarav Varma,Male,56.0,Pune,Maharashtra,2024-06-12,Instagram,Standard
C100363,Nikhil Das,Female,53.0,Delhi,Delhi,2025-10-14,Google Ads,Standard
C100364,Meera Das,Male,46.0,Pune,Maharashtra,2024-03-25,Referral,Standard
C100365,Ananya Sharma,Male,60.0,Hyderabad,Telangana,2025-01-13,Email,Premium
C100366,Vihaan Rao,Female,56.0,Mumbai,Maharashtra,2024-12-08,YouTube,Standard
C100367,Meera Reddy,Male,61.0,Kolkata,West Bengal,2024-08-18,Organic Search,Standard
C100368,Arjun Gupta,Female,30.0,Delhi,Delhi,2024-01-17,Google Ads,Standard
C100369,Meera Reddy,Other,23.0,Hyderabad,Telangana,2025-07-17,YouTube,Basic
C100370,Vihaan Sharma,Male,34.0,Bengaluru,Karnataka,2024-09-01,Organic Search,Standard
C100371,Rahul Varma,Male,57.0,Visakhapatnam,Andhra Pradesh,2025-04-28,Instagram,Standard
C100372,Nikhil Reddy,Male,62.0,Delhi,Delhi,2024-10-26,Instagram,Standard
C100373,Rohan Reddy,Male,23.0,Hyderabad,Telangana,2024-09-29,Instagram,Standard
C100374,Sneha Varma,Female,59.0,Ahmedabad,Gujarat,2025-10-08,Instagram,Premium
C100375,Rohan Naidu,Female,40.0,Pune,Maharashtra,2024-03-09,Referral,Standard
C100376,Kavya Das,Female,57.0,Chennai,Tamil Nadu,2025-06-21,Google Ads,Basic
C100377,Divya Rao,Male,50.0,Visakhapatnam,Andhra Pradesh,2025-06-29,YouTube,Standard
C100378,Sneha Rao,Female,20.0,Delhi,Delhi,2024-10-04,Referral,Premium
C100379,Vihaan Varma,Male,41.0,Pune,Maharashtra,2024-07-10,Instagram,Premium
C100380,Sai Patel,Female,22.0,Ahmedabad,Gujarat,2024-01-04,YouTube,Standard
C100381,Sanjay Rao,Female,34.0,Kolkata,West Bengal,2025-11-14,Referral,Premium
C100382,Arjun Sharma,Male,54.0,Mumbai,Maharashtra,2025-11-22,Instagram,Basic
C100383,Rohan Sharma,Female,50.0,Kolkata,West Bengal,2024-06-24,Instagram,Basic
C100384,Arjun Sharma,Female,51.0,Ahmedabad,Gujarat,2024-01-24,Email,Basic
C100385,Aarav Gupta,Male,49.0,Bengaluru,Karnataka,2024-03-30,Referral,Standard
C100386,Divya Varma,Female,18.0,Bengaluru,Karnataka,2024-02-19,Email,Standard
C100387,Meera Rao,Female,45.0,Kolkata,West Bengal,2025-08-29,Organic Search,Standard
C100388,Vihaan Patel,Male,41.0,Bengaluru,Karnataka,2025-10-13,Email,Premium
C100389,Nikhil Rao,Male,43.0,Visakhapatnam,Andhra Pradesh,2024-04-21,Organic Search,Standard
C100390,Divya Reddy,Female,28.0,Bengaluru,Karnataka,2025-06-29,Organic Search,Premium
C100391,Rohan Rao,Female,51.0,Kakinada,Andhra Pradesh,2024-05-10,Email,Premium
C100392,Sanjay Gupta,Female,47.0,Kolkata,West Bengal,2024-09-25,Instagram,Basic
C100393,Sai Naidu,Female,37.0,Chennai,Tamil Nadu,2025-03-13,Referral,Basic
C100394,Rohan Sharma,Female,20.0,Mumbai,Maharashtra,2025-06-09,Google Ads,Basic
C100395,Aditya Sharma,Male,21.0,Delhi,Delhi,2025-09-30,Referral,Standard
C100396,Arjun Kumar,Male,35.0,Ahmedabad,Gujarat,2024-02-02,Google Ads,Basic
C100397,Kiran Rao,Male,43.0,Ahmedabad,Gujarat,2024-05-23,Email,Standard
C100398,Nikhil Das,Female,65.0,Mumbai,Maharashtra,2024-07-23,Google Ads,Premium
C100399,Sai Das,Female,,Pune,Maharashtra,2024-08-14,Referral,Standard
C100400,Nikhil Gupta,Female,41.0,Kakinada,Andhra Pradesh,2025-12-29,Google Ads,Standard
C100401,Aditya Naidu,Male,32.0,Mumbai,Maharashtra,2025-07-21,YouTube,Standard
C100402,Meera Das,Female,26.0,Kolkata,West Bengal,2024-08-21,Google Ads,Basic
C100403,Arjun Varma,Female,24.0,Bengaluru,Karnataka,2025-12-10,Organic Search,Standard
C100404,Vihaan Gupta,Male,21.0,Visakhapatnam,Andhra Pradesh,2024-12-30,Email,Basic
C100405,Ananya Varma,Male,61.0,Bengaluru,Karnataka,2024-12-31,Google Ads,Premium
C100406,Aditya Kumar,Female,18.0,Mumbai,Maharashtra,2024-11-12,Organic Search,Standard
C100407,Arjun Patel,Female,59.0,Chennai,Tamil Nadu,2024-04-15,YouTube,Basic
C100408,Aarav Rao,Female,46.0,Delhi,Delhi,2025-11-13,Organic Search,Standard
C100409,Vihaan Sharma,Male,47.0,Bengaluru,Karnataka,2024-01-11,YouTube,Basic
C100410,Meera Naidu,Female,64.0,Kolkata,West Bengal,2024-05-07,Google Ads,Standard
C100411,Divya Rao,Male,55.0,Hyderabad,Telangana,2024-06-16,YouTube,Premium
C100412,Kiran Varma,Male,25.0,Kakinada,Andhra Pradesh,2024-07-22,Organic Search,Standard
C100413,Sneha Das,Female,64.0,Hyderabad,Telangana,2024-04-06,Organic Search,Standard
C100414,Arjun Das,Male,26.0,Delhi,Delhi,2024-01-14,Organic Search,Premium
C100415,Priya Gupta,Female,45.0,Kakinada,Andhra Pradesh,2025-05-09,Organic Search,Standard
C100416,Ananya Singh,Male,48.0,Bengaluru,Karnataka,2025-12-08,Referral,Premium
C100417,Sai Sharma,Male,29.0,Hyderabad,Telangana,2024-03-29,Referral,Standard
C100418,Ananya Gupta,Male,48.0,Ahmedabad,Gujarat,2024-08-04,Google Ads,Basic
C100419,Meera Rao,Female,48.0,Hyderabad,Telangana,2025-01-04,Email,Basic
C100420,Kavya Naidu,Male,65.0,Visakhapatnam,Andhra Pradesh,2025-11-08,Google Ads,Standard
C100421,Vihaan Das,Male,61.0,Chennai,Tamil Nadu,2025-05-21,Organic Search,Standard
C100422,Arjun Singh,Male,37.0,Visakhapatnam,Andhra Pradesh,2025-07-13,Referral,Standard
C100423,Aditya Singh,Male,51.0,Mumbai,Maharashtra,2025-02-28,Google Ads,Premium
C100424,Sai Gupta,Female,57.0,Bengaluru,Karnataka,2024-10-31,Instagram,Standard
C100425,Aarav Naidu,Male,19.0,Kakinada,Andhra Pradesh,2024-05-25,Google Ads,Basic
C100426,Divya Gupta,Male,50.0,Ahmedabad,Gujarat,2025-09-22,Email,Standard
C100427,Vihaan Patel,Female,62.0,Kakinada,Andhra Pradesh,2025-08-10,Google Ads,Standard
C100428,Priya Varma,Male,23.0,Delhi,Delhi,2024-01-19,Instagram,Premium
C100429,Meera Das,Female,54.0,Chennai,Tamil Nadu,2025-06-06,Google Ads,Basic
C100430,Vihaan Patel,Male,20.0,Pune,Maharashtra,2024-03-02,Google Ads,Standard
C100431,Aditya Naidu,Female,37.0,Chennai,Tamil Nadu,2025-06-23,Google Ads,Standard
C100432,Rahul Rao,Male,57.0,Mumbai,Maharashtra,2025-08-25,Google Ads,Standard
C100433,Divya Das,Female,65.0,Delhi,Delhi,2024-04-05,Email,Standard
C100434,Sai Kumar,Male,52.0,Kolkata,West Bengal,2024-11-12,Organic Search,Standard
C100435,Rohan Sharma,Other,52.0,Hyderabad,Telangana,2024-03-31,YouTube,Standard
C100436,Nikhil Naidu,Male,30.0,Delhi,Delhi,2025-02-18,Instagram,Standard
C100437,Aarav Naidu,Female,57.0,Mumbai,Maharashtra,2025-11-08,Google Ads,Premium
C100438,Sneha Reddy,Female,49.0,Hyderabad,Telangana,2024-02-29,Instagram,Basic
C100439,Rohan Reddy,Male,63.0,Bengaluru,Karnataka,2024-10-17,Email,Standard
C100440,Divya Reddy,Male,46.0,Chennai,Tamil Nadu,2025-12-11,Instagram,Basic
C100441,Rahul Das,Male,19.0,Bengaluru,Karnataka,2024-08-07,Instagram,Premium
C100442,Nikhil Naidu,Other,42.0,Delhi,Delhi,2024-04-06,Referral,Basic
C100443,Aditya Gupta,Female,55.0,Pune,Maharashtra,2024-12-22,Google Ads,Standard
C100444,Meera Das,Female,55.0,Visakhapatnam,Andhra Pradesh,2025-01-06,Referral,Standard
C100445,Rohan Das,Male,36.0,Hyderabad,Telangana,2025-04-28,Email,Premium
C100446,Rahul Gupta,Female,26.0,Chennai,Tamil Nadu,2024-08-17,Organic Search,Standard
C100447,Sanjay Varma,Male,59.0,Bengaluru,Karnataka,2025-11-28,Google Ads,Basic
C100448,Rahul Reddy,Male,57.0,Chennai,Tamil Nadu,2025-01-15,Google Ads,Standard
C100449,Aditya Gupta,Male,60.0,Chennai,Tamil Nadu,2024-07-28,Referral,Standard
C100450,Ananya Naidu,Male,50.0,Ahmedabad,Gujarat,2025-12-02,Instagram,Standard
C100451,Aditya Kumar,Female,57.0,Chennai,Tamil Nadu,2025-11-06,Instagram,Basic
C100452,Nikhil Rao,Female,37.0,Kakinada,Andhra Pradesh,2024-12-30,Google Ads,Standard
C100453,Meera Sharma,Male,55.0,Bengaluru,Karnataka,2024-01-19,Instagram,Basic
C100454,Divya Naidu,Male,41.0,Hyderabad,Telangana,2025-03-11,Instagram,Standard
C100455,Meera Singh,Female,56.0,Hyderabad,Telangana,2025-02-09,Email,Basic
C100456,Ananya Naidu,Female,25.0,Delhi,Delhi,2024-04-18,Organic Search,Standard
C100457,Kavya Das,Male,32.0,Bengaluru,Karnataka,2025-04-07,Instagram,Standard
C100458,Ananya Patel,Male,28.0,Hyderabad,Telangana,2025-09-05,Referral,Standard
C100459,Rohan Varma,Female,37.0,Mumbai,Maharashtra,2024-03-18,YouTube,Basic
C100460,Kavya Patel,Female,57.0,Kakinada,Andhra Pradesh,2025-06-12,Google Ads,Standard
C100461,Sneha Kumar,Female,23.0,Visakhapatnam,Andhra Pradesh,2024-04-12,Organic Search,Premium
C100462,Ananya Das,Male,53.0,Hyderabad,Telangana,2025-06-30,Instagram,Premium
C100463,Kavya Gupta,Female,57.0,Kakinada,Andhra Pradesh,2024-11-01,YouTube,Standard
C100464,Rahul Das,Male,50.0,Mumbai,Maharashtra,2024-01-05,Instagram,Standard
C100465,Vihaan Sharma,Female,49.0,Chennai,Tamil Nadu,2025-12-06,Google Ads,Standard
C100466,Ananya Reddy,Male,24.0,Delhi,Delhi,2024-05-01,YouTube,Standard
C100467,Divya Reddy,Male,47.0,Chennai,Tamil Nadu,2025-03-11,Email,Standard
C100468,Divya Kumar,Male,28.0,Ahmedabad,Gujarat,2024-05-12,Instagram,Premium
C100469,Rahul Gupta,Male,29.0,Ahmedabad,Gujarat,2025-11-12,Organic Search,Standard
C100470,Rahul Reddy,Male,59.0,Pune,Maharashtra,2025-06-22,Organic Search,Standard
C100471,Meera Rao,Female,47.0,Kolkata,West Bengal,2025-08-10,Referral,Standard
C100472,Ananya Varma,Female,65.0,Ahmedabad,Gujarat,2024-11-11,Instagram,Premium
C100473,Kavya Reddy,Female,39.0,Bengaluru,Karnataka,2024-12-07,Google Ads,Standard
C100474,Ananya Naidu,Male,35.0,Delhi,Delhi,2025-04-08,YouTube,Standard
C100475,Kavya Singh,Male,65.0,Bengaluru,Karnataka,2025-07-26,Instagram,Standard
C100476,Meera Naidu,Male,47.0,Ahmedabad,Gujarat,2025-09-10,Google Ads,Premium
C100477,Vihaan Varma,Male,59.0,Chennai,Tamil Nadu,2024-01-14,Instagram,Standard
C100478,Arjun Patel,Male,20.0,Kolkata,West Bengal,2025-04-29,Instagram,Standard
C100479,Nikhil Patel,Female,43.0,Pune,Maharashtra,2024-03-20,Referral,Premium
C100480,Arjun Gupta,Female,57.0,Mumbai,Maharashtra,2024-07-29,Google Ads,Basic
C100481,Sai Reddy,Male,56.0,Bengaluru,Karnataka,2025-08-28,Instagram,Basic
C100482,Divya Sharma,Female,52.0,Kakinada,Andhra Pradesh,2024-07-01,Instagram,Standard
C100483,Nikhil Kumar,Female,25.0,Mumbai,Maharashtra,2025-08-04,Instagram,Standard
C100484,Vihaan Singh,Male,44.0,Bengaluru,Karnataka,2024-12-03,Instagram,Standard
C100485,Vihaan Rao,Female,22.0,Delhi,Delhi,2024-06-18,Instagram,Premium
C100486,Priya Singh,Male,56.0,Kakinada,Andhra Pradesh,2024-08-31,Organic Search,Standard
C100487,Sneha Sharma,Male,48.0,Mumbai,Maharashtra,2025-01-22,Instagram,Basic
C100488,Rohan Naidu,Other,27.0,Kakinada,Andhra Pradesh,2025-07-12,Google Ads,Premium
C100489,Sneha Varma,Female,52.0,Chennai,Tamil Nadu,2025-03-18,Referral,Standard
C100490,Kiran Sharma,Male,52.0,Visakhapatnam,Andhra Pradesh,2025-11-12,Organic Search,Standard
C100491,Kiran Reddy,Male,20.0,Kolkata,West Bengal,2025-09-25,Email,Premium
C100492,Kavya Varma,Female,22.0,Hyderabad,Telangana,2025-07-03,YouTube,Standard
C100493,Rohan Das,Male,27.0,Pune,Maharashtra,2025-03-16,Google Ads,Basic
C100494,Rahul Patel,Female,21.0,Chennai,Tamil Nadu,2024-07-30,Instagram,Premium
C100495,Divya Rao,Female,43.0,Mumbai,Maharashtra,2024-10-28,Instagram,Premium
C100496,Divya Rao,Male,60.0,Pune,Maharashtra,2024-03-27,Instagram,Standard
C100497,Aarav Das,Female,21.0,Bengaluru,Karnataka,2024-09-30,YouTube,Basic
C100498,Nikhil Naidu,Female,47.0,Kolkata,West Bengal,2025-11-07,Referral,Standard
C100499,Kiran Reddy,Female,,Visakhapatnam,Andhra Pradesh,2024-11-06,Organic Search,Standard
C100500,Divya Singh,Male,58.0,Hyderabad,Telangana,2024-03-24,YouTube,Basic
C100501,Nikhil Gupta,Male,41.0,Chennai,Tamil Nadu,2025-04-20,Organic Search,Basic
C100502,Aditya Das,Male,50.0,Kolkata,West Bengal,2025-12-03,Google Ads,Premium
C100503,Nikhil Patel,Female,62.0,Hyderabad,Telangana,2025-09-25,Organic Search,Basic
C100504,Kavya Das,Female,24.0,Delhi,Delhi,2024-07-19,Google Ads,Standard
C100505,Sai Patel,Female,33.0,Mumbai,Maharashtra,2024-11-27,Instagram,Premium
C100506,Kavya Varma,Female,30.0,Hyderabad,Telangana,2025-01-22,Referral,Standard
C100507,Priya Varma,Male,26.0,Visakhapatnam,Andhra Pradesh,2024-06-29,YouTube,Standard
C100508,Nikhil Rao,Male,49.0,Chennai,Tamil Nadu,2024-07-15,Organic Search,Basic
C100509,Aarav Gupta,Female,18.0,Ahmedabad,Gujarat,2024-06-21,Google Ads,Standard
C100510,Aditya Kumar,Female,36.0,Pune,Maharashtra,2025-12-27,Organic Search,Standard
C100511,Vihaan Varma,Female,23.0,Visakhapatnam,Andhra Pradesh,2025-06-28,Referral,Premium
C100512,Meera Rao,Male,47.0,Kakinada,Andhra Pradesh,2025-09-05,Email,Premium
C100513,Rohan Varma,Male,54.0,Kolkata,West Bengal,2025-08-19,Google Ads,Basic
C100514,Priya Patel,Female,40.0,Delhi,Delhi,2025-12-01,Instagram,Basic
C100515,Sanjay Varma,Male,39.0,Chennai,Tamil Nadu,2024-03-17,Google Ads,Standard
C100516,Aditya Sharma,Male,39.0,Visakhapatnam,Andhra Pradesh,2025-10-05,Organic Search,Standard
C100517,Sai Kumar,Female,27.0,Chennai,Tamil Nadu,2024-02-18,YouTube,Premium
C100518,Nikhil Das,Female,36.0,Pune,Maharashtra,2024-12-13,Google Ads,Basic
C100519,Vihaan Varma,Female,62.0,Bengaluru,Karnataka,2025-03-09,Instagram,Premium
C100520,Priya Sharma,Female,19.0,Kakinada,Andhra Pradesh,2024-09-18,Instagram,Standard
C100521,Arjun Rao,Female,55.0,Kolkata,West Bengal,2024-04-16,Organic Search,Standard
C100522,Ananya Gupta,Male,25.0,Delhi,Delhi,2024-05-20,Referral,Basic
C100523,Kiran Patel,Male,23.0,Pune,Maharashtra,2025-08-25,Referral,Premium
C100524,Rahul Naidu,Female,31.0,Chennai,Tamil Nadu,2024-08-20,Instagram,Basic
C100525,Priya Naidu,Male,30.0,Bengaluru,Karnataka,2024-08-14,Instagram,Standard
C100526,Aditya Sharma,Female,33.0,Visakhapatnam,Andhra Pradesh,2025-11-05,YouTube,Standard
C100527,Aditya Das,Female,58.0,Visakhapatnam,Andhra Pradesh,2024-04-15,Referral,Premium
C100528,Nikhil Singh,Male,61.0,Visakhapatnam,Andhra Pradesh,2025-10-30,Instagram,Basic
C100529,Sai Das,Female,51.0,Delhi,Delhi,2025-11-03,Instagram,Standard
C100530,Arjun Sharma,Female,25.0,Mumbai,Maharashtra,2025-03-12,Google Ads,Basic
C100531,Rohan Gupta,Male,63.0,Hyderabad,Telangana,2024-04-30,Instagram,Standard
C100532,Priya Reddy,Male,58.0,Ahmedabad,Gujarat,2024-04-23,Instagram,Basic
C100533,Kavya Kumar,Female,21.0,Delhi,Delhi,2024-07-26,Email,Standard
C100534,Aditya Naidu,Male,36.0,Visakhapatnam,Andhra Pradesh,2025-02-25,Google Ads,Standard
C100535,Sai Das,Male,55.0,Visakhapatnam,Andhra Pradesh,2024-04-22,Google Ads,Premium
C100536,Priya Rao,Female,22.0,Bengaluru,Karnataka,2024-11-28,Referral,Basic
C100537,Kavya Singh,Female,21.0,Kakinada,Andhra Pradesh,2024-03-25,Google Ads,Standard
C100538,Sai Patel,Female,47.0,Bengaluru,Karnataka,2025-01-29,Referral,Standard
C100539,Meera Kumar,Female,34.0,Chennai,Tamil Nadu,2024-01-16,Organic Search,Standard
C100540,Ananya Varma,Female,39.0,Chennai,Tamil Nadu,2025-06-01,Google Ads,Basic
C100541,Rohan Reddy,Male,54.0,Kakinada,Andhra Pradesh,2024-02-10,Organic Search,Standard
C100542,Divya Rao,Male,44.0,Kolkata,West Bengal,2024-05-22,Google Ads,Standard
C100543,Sneha Reddy,Female,52.0,Visakhapatnam,Andhra Pradesh,2024-05-07,Instagram,Standard
C100544,Rahul Kumar,Male,24.0,Pune,Maharashtra,2025-08-29,Instagram,Standard
C100545,Vihaan Rao,Female,18.0,Visakhapatnam,Andhra Pradesh,2024-02-08,Email,Standard
C100546,Meera Reddy,Female,,Visakhapatnam,Andhra Pradesh,2024-11-09,Google Ads,Basic
C100547,Sai Patel,Male,27.0,Visakhapatnam,Andhra Pradesh,2025-03-07,Organic Search,Basic
C100548,Rahul Gupta,Female,33.0,Chennai,Tamil Nadu,2025-01-11,Instagram,Standard
C100549,Divya Singh,Female,55.0,Delhi,Delhi,2025-05-11,Email,Premium
C100550,Sneha Varma,Female,25.0,Kakinada,Andhra Pradesh,2025-08-09,Instagram,Standard
C100551,Rahul Gupta,Male,24.0,Ahmedabad,Gujarat,2024-10-14,Google Ads,Basic
C100552,Sai Das,Female,27.0,Kakinada,Andhra Pradesh,2025-08-27,Email,Basic
C100553,Sneha Rao,Male,33.0,Pune,Maharashtra,2024-08-20,Instagram,Standard
C100554,Vihaan Singh,Female,27.0,Kakinada,Andhra Pradesh,2025-12-19,Google Ads,Basic
C100555,Sanjay Das,Female,26.0,Ahmedabad,Gujarat,2025-01-03,Referral,Standard
C100556,Divya Patel,Male,45.0,Ahmedabad,Gujarat,2025-06-21,Organic Search,Basic
C100557,Priya Reddy,Male,23.0,Bengaluru,Karnataka,2025-09-30,Email,Basic
C100558,Priya Naidu,Female,25.0,Pune,Maharashtra,2025-08-01,Instagram,Standard
C100559,Priya Kumar,Female,58.0,Ahmedabad,Gujarat,2025-09-13,Instagram,Basic
C100560,Kavya Rao,Male,18.0,Ahmedabad,Gujarat,2025-01-26,Google Ads,Standard
C100561,Sanjay Reddy,Female,20.0,Kakinada,Andhra Pradesh,2024-02-01,Google Ads,Standard
C100562,Divya Reddy,Female,21.0,Delhi,Delhi,2024-12-25,Google Ads,Basic
C100563,Sanjay Varma,Male,43.0,Delhi,Delhi,2024-05-12,Google Ads,Premium
C100564,Aarav Kumar,Female,51.0,Kakinada,Andhra Pradesh,2025-10-11,Google Ads,Standard
C100565,Ananya Patel,Male,51.0,Kakinada,Andhra Pradesh,2024-06-21,Referral,Standard
C100566,Rahul Varma,Male,51.0,Bengaluru,Karnataka,2024-06-15,Instagram,Standard
C100567,Sanjay Reddy,Female,20.0,Delhi,Delhi,2024-07-01,Google Ads,Standard
C100568,Sanjay Varma,Male,34.0,Kakinada,Andhra Pradesh,2025-04-14,Google Ads,Basic
C100569,Sanjay Patel,Female,48.0,Bengaluru,Karnataka,2025-02-20,Google Ads,Basic
C100570,Ananya Sharma,Female,50.0,Ahmedabad,Gujarat,2025-11-23,Organic Search,Basic
C100571,Aarav Rao,Female,34.0,Bengaluru,Karnataka,2024-10-30,Google Ads,Standard
C100572,Rahul Sharma,Male,58.0,Bengaluru,Karnataka,2024-07-25,Instagram,Basic
C100573,Aditya Sharma,Male,58.0,Ahmedabad,Gujarat,2024-02-05,Organic Search,Standard
C100574,Sai Kumar,Female,54.0,Kolkata,West Bengal,2024-01-06,Google Ads,Standard
C100575,Rahul Kumar,Female,56.0,Pune,Maharashtra,2024-09-29,Instagram,Premium
C100576,Priya Patel,Female,64.0,Visakhapatnam,Andhra Pradesh,2025-11-06,Organic Search,Premium
C100577,Ananya Kumar,Male,56.0,Delhi,Delhi,2025-01-17,Email,Standard
C100578,Kiran Rao,Male,46.0,Pune,Maharashtra,2025-10-14,YouTube,Premium
C100579,Vihaan Sharma,Male,37.0,Kolkata,West Bengal,2024-03-15,Organic Search,Basic
C100580,Sneha Naidu,Female,35.0,Ahmedabad,Gujarat,2024-03-09,Email,Standard
C100581,Sai Reddy,Male,57.0,Delhi,Delhi,2025-08-31,Instagram,Basic
C100582,Meera Das,Female,32.0,Kolkata,West Bengal,2024-03-18,Referral,Standard
C100583,Priya Naidu,Male,48.0,Chennai,Tamil Nadu,2024-02-07,Instagram,Standard
C100584,Sai Das,Male,42.0,Pune,Maharashtra,2024-10-21,Referral,Standard
C100585,Rohan Varma,Female,36.0,Visakhapatnam,Andhra Pradesh,2025-11-06,YouTube,Basic
C100586,Vihaan Naidu,Female,39.0,Delhi,Delhi,2025-05-18,Instagram,Premium
C100587,Nikhil Das,Female,21.0,Kolkata,West Bengal,2024-03-13,Organic Search,Standard
C100588,Aarav Kumar,Male,52.0,Kakinada,Andhra Pradesh,2025-09-03,Referral,Basic
C100589,Meera Gupta,Female,21.0,Ahmedabad,Gujarat,2025-09-07,Instagram,Basic
C100590,Sneha Reddy,Male,21.0,Kakinada,Andhra Pradesh,2025-08-07,Organic Search,Basic
C100591,Meera Das,Female,30.0,Pune,Maharashtra,2025-10-20,Referral,Standard
C100592,Arjun Reddy,Female,43.0,Mumbai,Maharashtra,2024-06-24,Google Ads,Standard
C100593,Ananya Varma,Male,32.0,Kakinada,Andhra Pradesh,2025-12-16,Referral,Premium
C100594,Rahul Reddy,Female,60.0,Kolkata,West Bengal,2024-08-22,Instagram,Standard
C100595,Rahul Rao,Male,62.0,Mumbai,Maharashtra,2025-08-08,Instagram,Premium
C100596,Ananya Gupta,Male,36.0,Delhi,Delhi,2025-02-26,Email,Basic
C100597,Nikhil Das,Male,65.0,Mumbai,Maharashtra,2025-07-23,Organic Search,Basic
C100598,Sneha Reddy,Male,22.0,Visakhapatnam,Andhra Pradesh,2025-04-03,Email,Standard
C100599,Sai Naidu,Female,24.0,Hyderabad,Telangana,2025-04-14,Organic Search,Basic
C100600,Sanjay Gupta,Female,34.0,Ahmedabad,Gujarat,2025-03-25,Organic Search,Standard
C100601,Divya Patel,Female,63.0,Pune,Maharashtra,2025-07-22,Instagram,Premium
C100602,Sneha Singh,Female,42.0,Hyderabad,Telangana,2025-06-23,Organic Search,Standard
C100603,Divya Gupta,Female,51.0,Kolkata,West Bengal,2024-04-08,Organic Search,Standard
C100604,Sneha Reddy,Male,49.0,Ahmedabad,Gujarat,2025-08-26,Google Ads,Standard
C100605,Ananya Gupta,Male,41.0,Ahmedabad,Gujarat,2025-01-26,Google Ads,Basic
C100606,Ananya Rao,Male,62.0,Pune,Maharashtra,2024-08-23,Organic Search,Standard
C100607,Priya Sharma,Female,63.0,Delhi,Delhi,2025-01-10,YouTube,Standard
C100608,Meera Reddy,Female,39.0,Bengaluru,Karnataka,2025-12-06,YouTube,Premium
C100609,Arjun Reddy,Female,52.0,Hyderabad,Telangana,2025-09-18,Referral,Standard
C100610,Arjun Gupta,Male,47.0,Delhi,Delhi,2025-08-31,Organic Search,Standard
C100611,Sai Singh,Male,46.0,Kolkata,West Bengal,2024-12-03,Referral,Standard
C100612,Rahul Naidu,Female,22.0,Hyderabad,Telangana,2025-07-26,Organic Search,Standard
C100613,Vihaan Varma,Male,28.0,Kakinada,Andhra Pradesh,2024-10-08,Email,Basic
C100614,Ananya Reddy,Female,65.0,Pune,Maharashtra,2025-05-15,YouTube,Basic
C100615,Sneha Singh,Male,29.0,Mumbai,Maharashtra,2025-04-11,YouTube,Standard
C100616,Sneha Kumar,Male,49.0,Kakinada,Andhra Pradesh,2024-07-01,Google Ads,Basic
C100617,Nikhil Varma,Female,61.0,Bengaluru,Karnataka,2024-07-13,YouTube,Premium
C100618,Nikhil Singh,Female,46.0,Kakinada,Andhra Pradesh,2024-02-14,Email,Premium
C100619,Sai Varma,Female,28.0,Mumbai,Maharashtra,2024-04-12,Google Ads,Standard
C100620,Sanjay Sharma,Male,59.0,Delhi,Delhi,2024-11-12,Instagram,Standard
C100621,Meera Patel,Male,19.0,Chennai,Tamil Nadu,2024-12-14,Email,Basic
C100622,Sai Singh,Female,52.0,Kakinada,Andhra Pradesh,2024-04-30,Google Ads,Basic
C100623,Priya Reddy,Female,30.0,Mumbai,Maharashtra,2024-10-31,Google Ads,Basic
C100624,Aditya Varma,Female,48.0,Kakinada,Andhra Pradesh,2025-03-17,Referral,Premium
C100625,Rohan Gupta,Female,41.0,Delhi,Delhi,2024-06-18,Instagram,Standard
C100626,Aarav Varma,Male,45.0,Mumbai,Maharashtra,2024-09-03,Google Ads,Standard
C100627,Aditya Kumar,Male,36.0,Kolkata,West Bengal,2024-09-25,Organic Search,Premium
C100628,Kiran Rao,Female,43.0,Kolkata,West Bengal,2025-01-03,Instagram,Basic
C100629,Nikhil Singh,Female,62.0,Delhi,Delhi,2024-09-24,Email,Basic
C100630,Priya Kumar,Male,57.0,Bengaluru,Karnataka,2025-06-21,Instagram,Basic
C100631,Kiran Sharma,Male,38.0,Delhi,Delhi,2024-08-27,Organic Search,Basic
C100632,Kavya Reddy,Other,63.0,Pune,Maharashtra,2024-11-12,Google Ads,Premium
C100633,Rahul Kumar,Female,60.0,Hyderabad,Telangana,2024-10-04,Organic Search,Basic
C100634,Arjun Naidu,Female,48.0,Hyderabad,Telangana,2024-05-13,Organic Search,Basic
C100635,Sanjay Gupta,Male,46.0,Kakinada,Andhra Pradesh,2025-05-15,Organic Search,Standard
C100636,Sneha Das,Female,19.0,Hyderabad,Telangana,2024-06-20,Referral,Premium
C100637,Ananya Sharma,Female,43.0,Chennai,Tamil Nadu,2024-08-04,Referral,Standard
C100638,Priya Rao,Female,28.0,Ahmedabad,Gujarat,2025-08-01,Instagram,Premium
C100639,Ananya Varma,Male,25.0,Delhi,Delhi,2025-11-23,Referral,Premium
C100640,Arjun Kumar,Female,59.0,Chennai,Tamil Nadu,2025-05-04,Referral,Basic
C100641,Rahul Sharma,Female,31.0,Hyderabad,Telangana,2025-10-30,Email,Basic
C100642,Vihaan Reddy,Female,47.0,Ahmedabad,Gujarat,2025-09-15,Instagram,Basic
C100643,Aditya Das,Female,59.0,Kolkata,West Bengal,2024-12-17,Referral,Standard
C100644,Sneha Das,Female,46.0,Visakhapatnam,Andhra Pradesh,2025-07-16,Google Ads,Standard
C100645,Divya Gupta,Male,55.0,Visakhapatnam,Andhra Pradesh,2024-08-27,Referral,Standard
C100646,Aditya Patel,Female,55.0,Delhi,Delhi,2024-12-02,Email,Standard
C100647,Sai Singh,Female,39.0,Hyderabad,Telangana,2025-01-25,Google Ads,Standard
C100648,Sneha Reddy,Male,62.0,Delhi,Delhi,2025-12-02,Referral,Basic
C100649,Nikhil Varma,Male,61.0,Bengaluru,Karnataka,2025-09-11,Google Ads,Basic
C100650,Meera Naidu,Female,34.0,Pune,Maharashtra,2024-12-23,Organic Search,Basic
C100651,Nikhil Kumar,Male,57.0,Bengaluru,Karnataka,2025-04-21,Organic Search,Premium
C100652,Rohan Gupta,Female,26.0,Kakinada,Andhra Pradesh,2024-05-27,Google Ads,Standard
C100653,Vihaan Kumar,Male,23.0,Kolkata,West Bengal,2025-08-10,Google Ads,Standard
C100654,Sanjay Rao,Male,43.0,Mumbai,Maharashtra,2025-02-07,Email,Standard
C100655,Sanjay Sharma,Male,47.0,Kakinada,Andhra Pradesh,2025-01-23,Organic Search,Basic
C100656,Aditya Rao,Female,46.0,Ahmedabad,Gujarat,2025-07-13,Instagram,Premium
C100657,Ananya Reddy,Female,56.0,Chennai,Tamil Nadu,2025-04-07,Google Ads,Premium
C100658,Aarav Das,Male,36.0,Bengaluru,Karnataka,2024-02-22,Google Ads,Basic
C100659,Sneha Sharma,Male,56.0,Delhi,Delhi,2024-07-29,Organic Search,Standard
C100660,Rahul Gupta,Male,61.0,Pune,Maharashtra,2024-05-09,Instagram,Standard
C100661,Rohan Naidu,Female,22.0,Ahmedabad,Gujarat,2025-06-20,Organic Search,Basic
C100662,Priya Reddy,Other,39.0,Mumbai,Maharashtra,2024-01-26,Email,Standard
C100663,Kavya Kumar,Female,28.0,Ahmedabad,Gujarat,2024-05-27,Organic Search,Standard
C100664,Sneha Kumar,Male,49.0,Mumbai,Maharashtra,2025-03-12,YouTube,Premium
C100665,Divya Reddy,Female,37.0,Mumbai,Maharashtra,2025-05-22,Referral,Standard
C100666,Ananya Varma,Male,31.0,Chennai,Tamil Nadu,2025-01-02,Email,Standard
C100667,Sneha Varma,Male,30.0,Bengaluru,Karnataka,2025-09-20,Email,Standard
C100668,Kavya Gupta,Male,35.0,Chennai,Tamil Nadu,2025-11-01,Organic Search,Standard
C100669,Nikhil Reddy,Male,23.0,Delhi,Delhi,2024-04-06,Referral,Premium
C100670,Kavya Kumar,Male,23.0,Mumbai,Maharashtra,2025-11-26,Instagram,Standard
C100671,Ananya Sharma,Female,48.0,Ahmedabad,Gujarat,2025-03-24,YouTube,Standard
C100672,Divya Singh,Male,63.0,Delhi,Delhi,2025-04-09,Instagram,Standard
C100673,Arjun Gupta,Female,42.0,Kolkata,West Bengal,2024-03-10,YouTube,Premium
C100674,Sai Patel,Female,62.0,Ahmedabad,Gujarat,2025-03-29,Google Ads,Basic
C100675,Sneha Varma,Female,25.0,Kolkata,West Bengal,2025-06-13,Referral,Standard
C100676,Kavya Naidu,Male,64.0,Mumbai,Maharashtra,2025-02-27,YouTube,Standard
C100677,Arjun Gupta,Female,46.0,Visakhapatnam,Andhra Pradesh,2024-03-02,Email,Standard
C100678,Nikhil Singh,Male,53.0,Mumbai,Maharashtra,2025-01-16,Referral,Standard
C100679,Rohan Singh,Male,20.0,Mumbai,Maharashtra,2025-11-14,Google Ads,Standard
C100680,Kiran Reddy,Female,46.0,Visakhapatnam,Andhra Pradesh,2025-06-12,Google Ads,Premium
C100681,Sai Naidu,Female,36.0,Delhi,Delhi,2024-04-10,Instagram,Standard
C100682,Sanjay Singh,Female,61.0,Kolkata,West Bengal,2025-12-01,Referral,Premium
C100683,Priya Sharma,Female,56.0,Hyderabad,Telangana,2025-11-30,Google Ads,Standard
C100684,Rohan Reddy,Female,59.0,Kolkata,West Bengal,2024-05-03,Google Ads,Standard
C100685,Rahul Rao,Female,60.0,Visakhapatnam,Andhra Pradesh,2025-08-07,Google Ads,Standard
C100686,Sanjay Sharma,Female,52.0,Ahmedabad,Gujarat,2024-10-23,YouTube,Premium
C100687,Rahul Reddy,Female,29.0,Pune,Maharashtra,2025-03-09,Organic Search,Standard
C100688,Kiran Das,Male,31.0,Visakhapatnam,Andhra Pradesh,2024-11-20,Google Ads,Premium
C100689,Divya Varma,Other,59.0,Mumbai,Maharashtra,2025-07-25,YouTube,Basic
C100690,Divya Varma,Female,46.0,Delhi,Delhi,2025-12-28,Referral,Standard
C100691,Ananya Singh,Female,60.0,Hyderabad,Telangana,2025-08-03,Google Ads,Standard
C100692,Rahul Das,Male,56.0,Kolkata,West Bengal,2025-11-10,Google Ads,Standard
C100693,Arjun Das,Male,47.0,Ahmedabad,Gujarat,2025-11-21,Organic Search,Standard
C100694,Divya Rao,Female,25.0,Ahmedabad,Gujarat,2024-03-06,Google Ads,Standard
C100695,Aditya Varma,Male,65.0,Ahmedabad,Gujarat,2024-07-03,Google Ads,Basic
C100696,Vihaan Singh,Male,29.0,Bengaluru,Karnataka,2025-06-10,YouTube,Premium
C100697,Arjun Rao,Female,29.0,Kolkata,West Bengal,2025-03-06,Organic Search,Standard
C100698,Divya Das,Female,25.0,Ahmedabad,Gujarat,2024-02-06,Organic Search,Basic
C100699,Vihaan Kumar,Female,21.0,Mumbai,Maharashtra,2024-03-10,Organic Search,Standard
C100700,Priya Rao,Female,36.0,Chennai,Tamil Nadu,2025-01-14,Email,Standard
C100701,Arjun Reddy,Male,58.0,Kakinada,Andhra Pradesh,2025-03-25,Instagram,Basic
C100702,Kavya Das,Male,59.0,Chennai,Tamil Nadu,2024-05-02,Organic Search,Standard
C100703,Vihaan Das,Female,41.0,Ahmedabad,Gujarat,2024-05-05,Google Ads,Premium
C100704,Sanjay Singh,Male,33.0,Pune,Maharashtra,2024-04-04,Instagram,Basic
C100705,Meera Naidu,Female,34.0,Kolkata,West Bengal,2025-02-16,YouTube,Premium
C100706,Rahul Kumar,Other,62.0,Kolkata,West Bengal,2024-01-06,Instagram,Basic
C100707,Divya Reddy,Female,20.0,Kolkata,West Bengal,2025-02-21,Instagram,Premium
C100708,Ananya Reddy,Female,20.0,Ahmedabad,Gujarat,2024-12-13,Google Ads,Premium
C100709,Kiran Kumar,Female,21.0,Kakinada,Andhra Pradesh,2024-12-06,Organic Search,Standard
C100710,Rohan Das,Female,60.0,Mumbai,Maharashtra,2025-05-10,YouTube,Basic
C100711,Divya Naidu,Male,22.0,Kakinada,Andhra Pradesh,2025-01-16,Instagram,Premium
C100712,Kiran Singh,Female,63.0,Kolkata,West Bengal,2025-06-15,Google Ads,Standard
C100713,Priya Rao,Male,26.0,Pune,Maharashtra,2025-07-11,Organic Search,Standard
C100714,Kavya Gupta,Female,44.0,Delhi,Delhi,2025-11-02,Email,Premium
C100715,Ananya Varma,Male,64.0,Chennai,Tamil Nadu,2025-08-06,Google Ads,Premium
C100716,Vihaan Singh,Female,23.0,Kolkata,West Bengal,2025-01-12,Google Ads,Basic
C100717,Arjun Singh,Female,31.0,Delhi,Delhi,2024-12-25,Referral,Standard
C100718,Sai Naidu,Male,52.0,Mumbai,Maharashtra,2024-06-21,Instagram,Standard
C100719,Kavya Rao,Female,57.0,Visakhapatnam,Andhra Pradesh,2025-03-13,Organic Search,Standard
C100720,Aditya Varma,Male,61.0,Chennai,Tamil Nadu,2024-04-11,Google Ads,Premium
C100721,Rahul Singh,Male,18.0,Kolkata,West Bengal,2025-11-10,Organic Search,Standard
C100722,Arjun Varma,Male,55.0,Hyderabad,Telangana,2025-09-08,Email,Standard
C100723,Rahul Singh,Male,33.0,Hyderabad,Telangana,2024-03-28,Email,Basic
C100724,Nikhil Gupta,Other,44.0,Visakhapatnam,Andhra Pradesh,2025-07-27,Organic Search,Standard
C100725,Rahul Varma,Other,61.0,Bengaluru,Karnataka,2024-03-26,Instagram,Standard
C100726,Arjun Rao,Female,61.0,Ahmedabad,Gujarat,2025-06-10,Google Ads,Standard
C100727,Kavya Singh,Female,26.0,Kakinada,Andhra Pradesh,2024-03-05,Referral,Standard
C100728,Rahul Naidu,Female,40.0,Chennai,Tamil Nadu,2024-12-22,Organic Search,Basic
C100729,Arjun Gupta,Female,31.0,Visakhapatnam,Andhra Pradesh,2025-04-25,Organic Search,Standard
C100730,Priya Kumar,Female,47.0,Chennai,Tamil Nadu,2025-06-16,Google Ads,Premium
C100731,Priya Rao,Male,57.0,Kakinada,Andhra Pradesh,2024-11-01,Organic Search,Basic
C100732,Kiran Patel,Female,33.0,Mumbai,Maharashtra,2025-11-03,Google Ads,Standard
C100733,Ananya Das,Other,23.0,Chennai,Tamil Nadu,2025-07-19,Instagram,Premium
C100734,Sanjay Patel,Male,21.0,Delhi,Delhi,2024-06-01,Google Ads,Standard
C100735,Rahul Sharma,Male,20.0,Ahmedabad,Gujarat,2025-05-04,YouTube,Standard
C100736,Arjun Rao,Male,35.0,Hyderabad,Telangana,2025-06-17,Referral,Premium
C100737,Sai Naidu,Male,64.0,Visakhapatnam,Andhra Pradesh,2024-08-31,Referral,Standard
C100738,Vihaan Singh,Female,30.0,Hyderabad,Telangana,2025-06-22,Organic Search,Basic
C100739,Rahul Varma,Male,37.0,Delhi,Delhi,2025-10-17,Instagram,Standard
C100740,Kavya Sharma,Female,50.0,Pune,Maharashtra,2025-08-19,Instagram,Standard
C100741,Kiran Sharma,Female,49.0,Bengaluru,Karnataka,2025-07-10,Instagram,Standard
C100742,Kiran Das,Male,30.0,Chennai,Tamil Nadu,2025-04-08,Instagram,Standard
C100743,Vihaan Gupta,Female,24.0,Kakinada,Andhra Pradesh,2024-07-16,Google Ads,Standard
C100744,Priya Patel,Female,25.0,Visakhapatnam,Andhra Pradesh,2025-08-03,Google Ads,Premium
C100745,Divya Varma,Female,28.0,Hyderabad,Telangana,2024-09-22,Organic Search,Standard
C100746,Nikhil Das,Female,22.0,Pune,Maharashtra,2025-01-23,Organic Search,Standard
C100747,Rohan Naidu,Female,40.0,Pune,Maharashtra,2024-08-17,YouTube,Standard
C100748,Rohan Rao,Male,48.0,Hyderabad,Telangana,2024-08-16,Instagram,Standard
C100749,Meera Patel,Male,50.0,Kolkata,West Bengal,2024-04-25,Referral,Standard
C100750,Priya Varma,Male,61.0,Pune,Maharashtra,2025-12-02,Instagram,Standard
C100751,Divya Das,Male,32.0,Kolkata,West Bengal,2024-04-17,Google Ads,Standard
C100752,Nikhil Gupta,Female,49.0,Mumbai,Maharashtra,2024-03-03,Email,Basic
C100753,Sneha Sharma,Male,60.0,Mumbai,Maharashtra,2025-11-14,Google Ads,Basic
C100754,Sanjay Varma,Female,19.0,Ahmedabad,Gujarat,2025-02-09,Email,Basic
C100755,Rahul Rao,Male,55.0,Ahmedabad,Gujarat,2024-11-15,Organic Search,Basic
C100756,Vihaan Das,Female,22.0,Bengaluru,Karnataka,2025-06-22,Instagram,Basic
C100757,Priya Naidu,Male,44.0,Mumbai,Maharashtra,2024-10-06,YouTube,Standard
C100758,Sai Naidu,Female,57.0,Pune,Maharashtra,2024-04-03,Instagram,Standard
C100759,Sai Rao,Female,40.0,Visakhapatnam,Andhra Pradesh,2025-06-16,YouTube,Standard
C100760,Arjun Sharma,Male,44.0,Mumbai,Maharashtra,2024-05-08,Email,Standard
C100761,Aditya Das,Female,47.0,Mumbai,Maharashtra,2025-02-07,Instagram,Basic
C100762,Rahul Gupta,Male,45.0,Visakhapatnam,Andhra Pradesh,2025-11-23,Google Ads,Standard
C100763,Arjun Patel,Female,53.0,Kolkata,West Bengal,2025-11-14,Google Ads,Premium
C100764,Divya Singh,Female,59.0,Kakinada,Andhra Pradesh,2024-09-20,Organic Search,Standard
C100765,Aarav Gupta,Male,24.0,Ahmedabad,Gujarat,2025-07-23,Google Ads,Premium
C100766,Vihaan Gupta,Male,37.0,Kakinada,Andhra Pradesh,2025-03-23,Organic Search,Standard
C100767,Priya Patel,Male,58.0,Bengaluru,Karnataka,2024-12-15,Google Ads,Premium
C100768,Kavya Reddy,Female,36.0,Mumbai,Maharashtra,2024-04-12,YouTube,Premium
C100769,Priya Patel,Female,41.0,Mumbai,Maharashtra,2024-10-01,Google Ads,Standard
C100770,Aarav Singh,Male,53.0,Hyderabad,Telangana,2025-04-20,Email,Standard
C100771,Sai Singh,Male,62.0,Ahmedabad,Gujarat,2025-12-21,Organic Search,Standard
C100772,Rahul Sharma,Male,30.0,Kolkata,West Bengal,2024-01-04,Instagram,Premium
C100773,Vihaan Rao,Female,63.0,Hyderabad,Telangana,2025-06-07,Instagram,Basic
C100774,Meera Sharma,Male,52.0,Bengaluru,Karnataka,2025-09-09,Referral,Premium
C100775,Meera Das,Male,19.0,Bengaluru,Karnataka,2025-11-25,Email,Standard
C100776,Aarav Reddy,Female,59.0,Chennai,Tamil Nadu,2024-11-05,Organic Search,Basic
C100777,Aarav Rao,Male,36.0,Chennai,Tamil Nadu,2024-03-27,Google Ads,Basic
C100778,Sanjay Sharma,Female,31.0,Mumbai,Maharashtra,2024-07-16,Organic Search,Standard
C100779,Sneha Reddy,Male,43.0,Kakinada,Andhra Pradesh,2025-09-12,YouTube,Standard
C100780,Nikhil Patel,Male,45.0,Mumbai,Maharashtra,2025-10-02,Organic Search,Basic
C100781,Nikhil Reddy,Female,43.0,Pune,Maharashtra,2025-04-10,Instagram,Standard
C100782,Vihaan Patel,Male,20.0,Chennai,Tamil Nadu,2024-03-30,Instagram,Basic
C100783,Sneha Varma,Male,57.0,Delhi,Delhi,2024-03-30,YouTube,Standard
C100784,Divya Reddy,Other,34.0,Visakhapatnam,Andhra Pradesh,2024-12-15,Organic Search,Basic
C100785,Sai Das,Female,24.0,Kakinada,Andhra Pradesh,2025-03-05,Email,Basic
C100786,Aarav Naidu,Female,45.0,Hyderabad,Telangana,2024-01-24,YouTube,Standard
C100787,Rohan Sharma,Male,47.0,Chennai,Tamil Nadu,2025-05-15,Instagram,Basic
C100788,Nikhil Gupta,Male,22.0,Bengaluru,Karnataka,2025-02-01,Organic Search,Standard
C100789,Aarav Varma,Male,63.0,Chennai,Tamil Nadu,2024-01-09,Email,Premium
C100790,Priya Patel,Female,46.0,Kolkata,West Bengal,2024-03-10,Organic Search,Standard
C100791,Sneha Sharma,Female,65.0,Chennai,Tamil Nadu,2024-11-27,Organic Search,Standard
C100792,Arjun Naidu,Female,50.0,Delhi,Delhi,2025-06-11,Referral,Standard
C100793,Priya Reddy,Female,18.0,Delhi,Delhi,2025-08-25,Instagram,Standard
C100794,Aarav Gupta,Male,28.0,Mumbai,Maharashtra,2024-11-10,YouTube,Standard
C100795,Meera Kumar,Female,64.0,Delhi,Delhi,2024-08-03,Organic Search,Premium
C100796,Kavya Singh,Male,44.0,Delhi,Delhi,2025-12-07,Google Ads,Basic
C100797,Aditya Kumar,Male,23.0,Kolkata,West Bengal,2024-11-30,YouTube,Basic
C100798,Priya Reddy,Female,21.0,Hyderabad,Telangana,2024-08-18,Google Ads,Premium
C100799,Priya Patel,Female,43.0,Hyderabad,Telangana,2024-11-18,Google Ads,Basic
C100800,Sai Varma,Male,46.0,Pune,Maharashtra,2024-01-09,YouTube,Premium
C100801,Ananya Sharma,Male,29.0,Kolkata,West Bengal,2024-08-08,Email,Standard
C100802,Vihaan Singh,Female,27.0,Mumbai,Maharashtra,2025-01-11,Organic Search,Basic
C100803,Ananya Sharma,Male,47.0,Mumbai,Maharashtra,2025-11-01,Organic Search,Premium
C100804,Divya Das,Female,38.0,Kolkata,West Bengal,2025-06-22,Referral,Premium
C100805,Kiran Sharma,Female,19.0,Delhi,Delhi,2025-07-24,Google Ads,Basic
C100806,Arjun Das,Male,20.0,Ahmedabad,Gujarat,2025-02-01,Organic Search,Premium
C100807,Vihaan Rao,Male,29.0,Bengaluru,Karnataka,2024-03-21,Referral,Standard
C100808,Sanjay Kumar,Male,45.0,Bengaluru,Karnataka,2024-10-12,Referral,Standard
C100809,Sanjay Kumar,Female,32.0,Pune,Maharashtra,2025-12-28,Referral,Premium
C100810,Ananya Rao,Male,18.0,Delhi,Delhi,2024-02-02,Instagram,Premium
C100811,Kavya Naidu,Female,61.0,Ahmedabad,Gujarat,2025-10-03,Instagram,Basic
C100812,Meera Rao,Male,51.0,Pune,Maharashtra,2025-05-14,Email,Standard
C100813,Vihaan Patel,Female,46.0,Delhi,Delhi,2024-07-26,Organic Search,Standard
C100814,Nikhil Singh,Male,29.0,Bengaluru,Karnataka,2025-07-21,Google Ads,Standard
C100815,Vihaan Singh,Male,51.0,Bengaluru,Karnataka,2025-09-02,Instagram,Standard
C100816,Aditya Reddy,Female,63.0,Ahmedabad,Gujarat,2024-02-01,Google Ads,Standard
C100817,Priya Gupta,Female,50.0,Mumbai,Maharashtra,2024-03-18,Organic Search,Basic
C100818,Kavya Das,Male,32.0,Pune,Maharashtra,2025-04-30,Instagram,Basic
C100819,Kavya Singh,Male,36.0,Visakhapatnam,Andhra Pradesh,2025-12-30,Referral,Standard
C100820,Kiran Das,Female,62.0,Visakhapatnam,Andhra Pradesh,2024-01-18,Email,Standard
C100821,Meera Singh,Male,18.0,Mumbai,Maharashtra,2025-04-30,Google Ads,Basic
C100822,Aditya Reddy,Male,28.0,Bengaluru,Karnataka,2024-04-09,Email,Standard
C100823,Sneha Reddy,Male,23.0,Ahmedabad,Gujarat,2025-04-19,Organic Search,Standard
C100824,Sneha Varma,Male,48.0,Kolkata,West Bengal,2025-03-31,Instagram,Standard
C100825,Kiran Naidu,Female,40.0,Delhi,Delhi,2024-03-07,Instagram,Premium
C100826,Nikhil Singh,Female,24.0,Pune,Maharashtra,2025-05-11,Instagram,Basic
C100827,Sai Reddy,Female,63.0,Bengaluru,Karnataka,2025-10-16,Organic Search,Standard
C100828,Ananya Rao,Female,44.0,Ahmedabad,Gujarat,2025-09-22,YouTube,Standard
C100829,Nikhil Das,Male,,Ahmedabad,Gujarat,2024-01-22,Email,Standard
C100830,Sneha Sharma,Female,63.0,Mumbai,Maharashtra,2024-06-28,YouTube,Basic
C100831,Divya Singh,Male,51.0,Chennai,Tamil Nadu,2024-06-24,Email,Standard
C100832,Divya Kumar,Male,24.0,Delhi,Delhi,2024-11-26,Google Ads,Basic
C100833,Priya Varma,Female,57.0,Hyderabad,Telangana,2024-04-14,Google Ads,Basic
C100834,Sneha Rao,Male,20.0,Bengaluru,Karnataka,2025-09-15,Email,Basic
C100835,Vihaan Reddy,Male,61.0,Kakinada,Andhra Pradesh,2025-07-21,Email,Standard
C100836,Kavya Singh,Male,36.0,Chennai,Tamil Nadu,2025-08-13,Referral,Basic
C100837,Kiran Kumar,Female,32.0,Bengaluru,Karnataka,2024-05-24,Referral,Standard
C100838,Rahul Varma,Male,20.0,Hyderabad,Telangana,2024-01-11,Google Ads,Basic
C100839,Divya Kumar,Female,62.0,Delhi,Delhi,2025-10-26,Google Ads,Premium
C100840,Rahul Reddy,Female,44.0,Kakinada,Andhra Pradesh,2024-07-29,Email,Standard
C100841,Rohan Singh,Female,47.0,Delhi,Delhi,2025-04-24,Organic Search,Standard
C100842,Priya Gupta,Male,58.0,Kakinada,Andhra Pradesh,2025-10-25,Organic Search,Basic
C100843,Vihaan Varma,Female,42.0,Chennai,Tamil Nadu,2024-01-27,Google Ads,Standard
C100844,Rahul Das,Male,31.0,Ahmedabad,Gujarat,2024-01-04,Organic Search,Premium
C100845,Priya Singh,Female,55.0,Ahmedabad,Gujarat,2024-01-04,Google Ads,Basic
C100846,Divya Reddy,Female,43.0,Hyderabad,Telangana,2024-04-24,Google Ads,Standard
C100847,Rahul Naidu,Male,29.0,Hyderabad,Telangana,2024-02-07,Organic Search,Standard
C100848,Priya Gupta,Female,,Kakinada,Andhra Pradesh,2025-08-21,YouTube,Premium
C100849,Ananya Rao,Female,57.0,Kakinada,Andhra Pradesh,2025-03-18,YouTube,Basic
C100850,Rohan Reddy,Male,29.0,Bengaluru,Karnataka,2025-12-16,Instagram,Standard
C100851,Aarav Sharma,Male,49.0,Kolkata,West Bengal,2025-08-08,Google Ads,Standard
C100852,Meera Naidu,Female,62.0,Kakinada,Andhra Pradesh,2025-12-04,Organic Search,Basic
C100853,Kavya Naidu,Female,56.0,Kakinada,Andhra Pradesh,2024-06-23,Organic Search,Basic
C100854,Sai Rao,Female,27.0,Mumbai,Maharashtra,2024-07-29,Referral,Standard
C100855,Aditya Das,Male,59.0,Visakhapatnam,Andhra Pradesh,2025-09-12,Instagram,Premium
C100856,Sanjay Varma,Female,20.0,Kolkata,West Bengal,2024-06-27,Referral,Standard
C100857,Nikhil Das,Female,47.0,Kakinada,Andhra Pradesh,2024-02-11,Instagram,Standard
C100858,Sanjay Reddy,Female,42.0,Bengaluru,Karnataka,2025-05-03,Google Ads,Premium
C100859,Rahul Reddy,Female,19.0,Kolkata,West Bengal,2025-08-07,Email,Basic
C100860,Divya Sharma,Male,52.0,Hyderabad,Telangana,2025-12-07,Instagram,Standard
C100861,Divya Reddy,Female,32.0,Delhi,Delhi,2025-11-08,Email,Standard
C100862,Ananya Singh,Male,58.0,Hyderabad,Telangana,2024-03-28,Email,Standard
C100863,Arjun Naidu,Male,60.0,Chennai,Tamil Nadu,2025-07-17,Google Ads,Basic
C100864,Nikhil Rao,Female,46.0,Visakhapatnam,Andhra Pradesh,2025-09-09,Google Ads,Premium
C100865,Kiran Sharma,Male,48.0,Kolkata,West Bengal,2025-05-24,YouTube,Standard
C100866,Priya Naidu,Male,20.0,Delhi,Delhi,2025-08-21,Referral,Standard
C100867,Rohan Reddy,Male,60.0,Chennai,Tamil Nadu,2025-09-03,Organic Search,Basic
C100868,Sanjay Sharma,Female,50.0,Delhi,Delhi,2024-11-21,Google Ads,Standard
C100869,Rohan Das,Female,36.0,Ahmedabad,Gujarat,2024-01-30,Referral,Standard
C100870,Aarav Singh,Male,22.0,Mumbai,Maharashtra,2024-11-29,YouTube,Basic
C100871,Priya Das,Male,42.0,Hyderabad,Telangana,2024-05-27,Instagram,Standard
C100872,Rahul Varma,Female,61.0,Pune,Maharashtra,2024-03-24,Google Ads,Premium
C100873,Arjun Reddy,Male,59.0,Visakhapatnam,Andhra Pradesh,2024-04-01,YouTube,Premium
C100874,Nikhil Gupta,Other,22.0,Chennai,Tamil Nadu,2025-05-24,Google Ads,Standard
C100875,Meera Naidu,Female,54.0,Mumbai,Maharashtra,2025-01-03,Google Ads,Standard
C100876,Sneha Gupta,Male,21.0,Hyderabad,Telangana,2025-01-29,YouTube,Premium
C100877,Arjun Sharma,Female,36.0,Kakinada,Andhra Pradesh,2025-06-27,Instagram,Standard
C100878,Ananya Reddy,Male,39.0,Ahmedabad,Gujarat,2025-02-04,Email,Basic
C100879,Divya Das,Female,19.0,Bengaluru,Karnataka,2025-04-04,Organic Search,Standard
C100880,Priya Sharma,Male,24.0,Hyderabad,Telangana,2024-03-03,Organic Search,Standard
C100881,Kiran Sharma,Female,60.0,Bengaluru,Karnataka,2025-09-13,Google Ads,Premium
C100882,Sneha Naidu,Female,48.0,Delhi,Delhi,2024-11-23,Instagram,Standard
C100883,Vihaan Reddy,Female,55.0,Visakhapatnam,Andhra Pradesh,2024-04-23,Organic Search,Basic
C100884,Rahul Rao,Female,45.0,Bengaluru,Karnataka,2025-08-16,Organic Search,Standard
C100885,Kiran Sharma,Male,39.0,Visakhapatnam,Andhra Pradesh,2025-06-20,Google Ads,Standard
C100886,Ananya Patel,Female,18.0,Hyderabad,Telangana,2024-02-08,Google Ads,Standard
C100887,Priya Naidu,Female,44.0,Ahmedabad,Gujarat,2024-05-20,Referral,Premium
C100888,Nikhil Reddy,Male,54.0,Mumbai,Maharashtra,2024-01-12,Instagram,Standard
C100889,Aditya Patel,Male,27.0,Kakinada,Andhra Pradesh,2024-07-16,Organic Search,Standard
C100890,Aditya Sharma,Male,41.0,Chennai,Tamil Nadu,2024-03-13,YouTube,Basic
C100891,Nikhil Varma,Male,37.0,Mumbai,Maharashtra,2025-06-02,Google Ads,Standard
C100892,Arjun Naidu,Female,59.0,Mumbai,Maharashtra,2025-01-16,YouTube,Standard
C100893,Kiran Varma,Male,25.0,Visakhapatnam,Andhra Pradesh,2025-12-16,Organic Search,Standard
C100894,Rahul Sharma,Female,23.0,Chennai,Tamil Nadu,2025-07-01,Organic Search,Basic
C100895,Ananya Varma,Female,28.0,Delhi,Delhi,2025-03-22,YouTube,Premium
C100896,Vihaan Kumar,Male,25.0,Ahmedabad,Gujarat,2025-01-06,Google Ads,Premium
C100897,Arjun Kumar,Female,58.0,Pune,Maharashtra,2024-02-09,YouTube,Basic
C100898,Aditya Patel,Male,30.0,Kolkata,West Bengal,2024-02-21,Instagram,Basic
C100899,Sneha Varma,Male,35.0,Chennai,Tamil Nadu,2025-03-25,Referral,Standard
C100900,Aarav Das,Male,30.0,Hyderabad,Telangana,2024-01-04,Referral,Premium
C100901,Nikhil Rao,Male,57.0,Hyderabad,Telangana,2024-01-31,Instagram,Standard
C100902,Meera Patel,Male,49.0,Hyderabad,Telangana,2024-06-08,Organic Search,Premium
C100903,Kavya Rao,Male,40.0,Pune,Maharashtra,2025-10-07,Referral,Standard
C100904,Divya Reddy,Male,56.0,Pune,Maharashtra,2024-12-01,Google Ads,Standard
C100905,Vihaan Sharma,Male,21.0,Ahmedabad,Gujarat,2025-06-01,Referral,Standard
C100906,Divya Gupta,Female,50.0,Visakhapatnam,Andhra Pradesh,2024-10-27,Instagram,Standard
C100907,Meera Das,Male,35.0,Bengaluru,Karnataka,2024-05-06,Instagram,Basic
C100908,Sanjay Singh,Female,36.0,Kakinada,Andhra Pradesh,2024-09-27,Instagram,Basic
C100909,Rahul Singh,Female,25.0,Kakinada,Andhra Pradesh,2024-03-07,YouTube,Standard
C100910,Ananya Singh,Female,22.0,Kolkata,West Bengal,2025-07-16,Organic Search,Standard
C100911,Kavya Sharma,Female,51.0,Pune,Maharashtra,2024-05-13,Referral,Basic
C100912,Priya Naidu,Female,58.0,Bengaluru,Karnataka,2024-10-01,Email,Standard
C100913,Sai Singh,Female,61.0,Bengaluru,Karnataka,2025-12-16,Email,Premium
C100914,Rohan Das,Female,29.0,Hyderabad,Telangana,2025-03-08,Google Ads,Premium
C100915,Sai Rao,Female,54.0,Kolkata,West Bengal,2024-11-30,Instagram,Standard
C100916,Divya Patel,Male,23.0,Chennai,Tamil Nadu,2025-01-31,Referral,Premium
C100917,Rahul Reddy,Female,55.0,Bengaluru,Karnataka,2025-07-26,Google Ads,Basic
C100918,Vihaan Rao,Female,45.0,Bengaluru,Karnataka,2024-07-04,Organic Search,Premium
C100919,Kavya Varma,Male,59.0,Hyderabad,Telangana,2025-04-09,Google Ads,Standard
C100920,Sneha Patel,Female,21.0,Kolkata,West Bengal,2025-09-29,Referral,Basic
C100921,Kiran Singh,Female,55.0,Kolkata,West Bengal,2025-02-21,Google Ads,Premium
C100922,Ananya Patel,Female,40.0,Kolkata,West Bengal,2024-11-21,Organic Search,Standard
C100923,Kiran Das,Male,45.0,Bengaluru,Karnataka,2024-04-15,YouTube,Basic
C100924,Divya Das,Male,43.0,Hyderabad,Telangana,2024-06-30,Google Ads,Premium
C100925,Nikhil Das,Male,52.0,Bengaluru,Karnataka,2025-11-21,Instagram,Standard
C100926,Aarav Reddy,Female,46.0,Ahmedabad,Gujarat,2025-01-30,Email,Premium
C100927,Kavya Naidu,Female,37.0,Ahmedabad,Gujarat,2024-08-07,Instagram,Standard
C100928,Divya Patel,Female,38.0,Mumbai,Maharashtra,2024-11-01,Instagram,Standard
C100929,Sanjay Varma,Male,21.0,Hyderabad,Telangana,2025-02-25,Email,Basic
C100930,Priya Kumar,Male,52.0,Delhi,Delhi,2025-01-27,Instagram,Standard
C100931,Vihaan Rao,Female,51.0,Visakhapatnam,Andhra Pradesh,2025-05-25,Instagram,Standard
C100932,Meera Varma,Female,45.0,Bengaluru,Karnataka,2024-07-06,Google Ads,Basic
C100933,Meera Rao,Female,52.0,Ahmedabad,Gujarat,2025-04-18,Google Ads,Premium
C100934,Aarav Reddy,Male,30.0,Chennai,Tamil Nadu,2024-11-19,YouTube,Basic
C100935,Sneha Sharma,Male,28.0,Bengaluru,Karnataka,2025-11-17,Google Ads,Standard
C100936,Aditya Singh,Female,62.0,Kakinada,Andhra Pradesh,2024-04-25,Google Ads,Standard
C100937,Kavya Singh,Female,63.0,Pune,Maharashtra,2024-04-18,Email,Standard
C100938,Vihaan Gupta,Male,58.0,Kolkata,West Bengal,2024-12-03,Organic Search,Premium
C100939,Vihaan Varma,Female,20.0,Hyderabad,Telangana,2025-01-06,Google Ads,Basic
C100940,Sanjay Singh,Female,44.0,Delhi,Delhi,2025-05-19,Email,Standard
C100941,Nikhil Reddy,Female,53.0,Kolkata,West Bengal,2024-10-21,Email,Basic
C100942,Kavya Naidu,Male,19.0,Kolkata,West Bengal,2025-10-29,Google Ads,Basic
C100943,Divya Naidu,Male,64.0,Hyderabad,Telangana,2024-12-12,Instagram,Standard
C100944,Aditya Varma,Female,55.0,Kolkata,West Bengal,2024-04-04,Email,Basic
C100945,Sai Sharma,Female,32.0,Kakinada,Andhra Pradesh,2024-03-28,Google Ads,Premium
C100946,Sai Gupta,Female,42.0,Ahmedabad,Gujarat,2025-12-11,Google Ads,Premium
C100947,Priya Singh,Female,61.0,Mumbai,Maharashtra,2024-04-07,Referral,Standard
C100948,Priya Sharma,Male,58.0,Kakinada,Andhra Pradesh,2025-11-22,Instagram,Standard
C100949,Sanjay Varma,Male,57.0,Kolkata,West Bengal,2024-07-21,Google Ads,Standard
C100950,Kavya Naidu,Male,65.0,Hyderabad,Telangana,2024-03-09,Google Ads,Standard
C100951,Vihaan Kumar,Female,53.0,Bengaluru,Karnataka,2024-08-10,Organic Search,Standard
C100952,Vihaan Sharma,Male,62.0,Kakinada,Andhra Pradesh,2025-03-24,Organic Search,Basic
C100953,Ananya Das,Female,63.0,Mumbai,Maharashtra,2024-11-08,Google Ads,Basic
C100954,Divya Sharma,Female,18.0,Hyderabad,Telangana,2025-07-27,Google Ads,Standard
C100955,Rahul Singh,Female,49.0,Chennai,Tamil Nadu,2025-03-22,YouTube,Basic
C100956,Ananya Sharma,Female,34.0,Pune,Maharashtra,2024-10-19,Email,Basic
C100957,Kavya Varma,Female,41.0,Pune,Maharashtra,2025-04-08,Email,Basic
C100958,Nikhil Varma,Female,26.0,Kolkata,West Bengal,2025-12-10,Instagram,Standard
C100959,Ananya Naidu,Other,50.0,Kakinada,Andhra Pradesh,2024-10-27,Instagram,Standard
C100960,Meera Varma,Male,58.0,Ahmedabad,Gujarat,2024-04-22,Google Ads,Premium
C100961,Nikhil Das,Male,37.0,Hyderabad,Telangana,2024-10-25,Organic Search,Standard
C100962,Aarav Singh,Female,51.0,Hyderabad,Telangana,2025-09-05,YouTube,Premium
C100963,Ananya Reddy,Female,33.0,Hyderabad,Telangana,2024-06-07,Instagram,Standard
C100964,Sneha Varma,Female,53.0,Delhi,Delhi,2025-11-23,Email,Premium
C100965,Nikhil Kumar,Male,21.0,Delhi,Delhi,2025-03-05,Organic Search,Standard
C100966,Meera Rao,Female,60.0,Kakinada,Andhra Pradesh,2025-03-15,Organic Search,Standard
C100967,Rohan Kumar,Female,36.0,Delhi,Delhi,2024-08-19,Google Ads,Standard
C100968,Meera Sharma,Female,42.0,Hyderabad,Telangana,2025-11-02,Google Ads,Standard
C100969,Kavya Sharma,Male,56.0,Visakhapatnam,Andhra Pradesh,2024-01-27,YouTube,Basic
C100970,Rohan Kumar,Female,19.0,Mumbai,Maharashtra,2024-08-06,Google Ads,Basic
C100971,Sai Patel,Female,63.0,Kakinada,Andhra Pradesh,2024-11-01,Google Ads,Basic
C100972,Aarav Das,Female,47.0,Ahmedabad,Gujarat,2024-12-14,Instagram,Standard
C100973,Ananya Gupta,Male,64.0,Visakhapatnam,Andhra Pradesh,2024-12-12,Referral,Standard
C100974,Rahul Gupta,Female,44.0,Visakhapatnam,Andhra Pradesh,2024-04-17,Instagram,Premium
C100975,Sanjay Gupta,Male,27.0,Bengaluru,Karnataka,2024-06-13,Referral,Standard
C100976,Meera Kumar,Male,45.0,Kolkata,West Bengal,2024-03-10,YouTube,Basic
C100977,Rahul Naidu,Male,45.0,Chennai,Tamil Nadu,2025-02-21,Referral,Standard
C100978,Sanjay Naidu,Female,62.0,Kolkata,West Bengal,2024-09-13,YouTube,Standard
C100979,Ananya Das,Female,45.0,Ahmedabad,Gujarat,2025-02-17,YouTube,Basic
C100980,Kavya Singh,Male,37.0,Pune,Maharashtra,2025-03-06,Organic Search,Standard
C100981,Kiran Das,Male,26.0,Delhi,Delhi,2025-05-27,Email,Standard
C100982,Ananya Naidu,Male,33.0,Kakinada,Andhra Pradesh,2025-02-03,Organic Search,Basic
C100983,Priya Rao,Male,45.0,Kolkata,West Bengal,2025-04-18,Referral,Standard
C100984,Meera Patel,Female,35.0,Visakhapatnam,Andhra Pradesh,2025-03-04,Instagram,Basic
C100985,Rohan Rao,Male,35.0,Mumbai,Maharashtra,2025-04-21,YouTube,Standard
C100986,Nikhil Patel,Male,18.0,Visakhapatnam,Andhra Pradesh,2025-03-26,Referral,Standard
C100987,Nikhil Rao,Other,63.0,Delhi,Delhi,2024-08-18,YouTube,Premium
C100988,Sanjay Das,Male,58.0,Chennai,Tamil Nadu,2024-06-28,Google Ads,Standard
C100989,Ananya Das,Female,30.0,Visakhapatnam,Andhra Pradesh,2025-07-28,Google Ads,Premium
C100990,Priya Naidu,Female,24.0,Delhi,Delhi,2024-09-07,Organic Search,Premium
C100991,Aditya Rao,Female,58.0,Mumbai,Maharashtra,2025-02-04,Email,Standard
C100992,Sai Varma,Female,58.0,Kakinada,Andhra Pradesh,2024-05-23,Google Ads,Standard
C100993,Kavya Gupta,Male,61.0,Kakinada,Andhra Pradesh,2024-11-10,Organic Search,Standard
C100994,Priya Sharma,Female,44.0,Delhi,Delhi,2025-01-21,Referral,Premium
C100995,Nikhil Kumar,Female,53.0,Delhi,Delhi,2025-04-01,Instagram,Standard
C100996,Nikhil Reddy,Male,53.0,Mumbai,Maharashtra,2025-01-19,Email,Premium
C100997,Priya Das,Female,28.0,Hyderabad,Telangana,2024-09-20,Instagram,Premium
C100998,Aditya Das,Female,43.0,Pune,Maharashtra,2025-12-03,Referral,Basic
C100999,Sanjay Patel,Female,30.0,Mumbai,Maharashtra,2025-01-09,Instagram,Standard
C101000,Aditya Naidu,Female,54.0,Visakhapatnam,Andhra Pradesh,2025-08-13,Google Ads,Basic
C101001,Aditya Sharma,Male,64.0,Bengaluru,Karnataka,2025-06-21,YouTube,Premium
C101002,Sai Varma,Female,21.0,Kolkata,West Bengal,2025-02-11,Instagram,Standard
C101003,Rohan Patel,Female,21.0,Pune,Maharashtra,2025-10-09,Organic Search,Premium
C101004,Vihaan Naidu,Female,30.0,Kolkata,West Bengal,2024-04-03,Email,Standard
C101005,Rohan Patel,Male,23.0,Bengaluru,Karnataka,2025-11-03,Instagram,Basic
C101006,Vihaan Reddy,Female,18.0,Chennai,Tamil Nadu,2025-09-12,YouTube,Basic
C101007,Sneha Singh,Female,64.0,Kolkata,West Bengal,2025-01-02,Instagram,Standard
C101008,Meera Reddy,Male,45.0,Delhi,Delhi,2025-06-19,Referral,Standard
C101009,Rahul Kumar,Female,55.0,Visakhapatnam,Andhra Pradesh,2025-01-14,Organic Search,Standard
C101010,Kiran Gupta,Female,45.0,Pune,Maharashtra,2024-07-15,Organic Search,Standard
C101011,Meera Das,Female,53.0,Delhi,Delhi,2025-08-06,Google Ads,Standard
C101012,Sanjay Rao,Female,50.0,Hyderabad,Telangana,2024-06-28,Organic Search,Standard
C101013,Ananya Rao,Male,,Bengaluru,Karnataka,2024-08-17,YouTube,Standard
C101014,Vihaan Reddy,Female,25.0,Chennai,Tamil Nadu,2025-01-14,Referral,Standard
C101015,Rohan Naidu,Female,41.0,Chennai,Tamil Nadu,2025-09-03,Email,Standard
C101016,Vihaan Sharma,Female,35.0,Visakhapatnam,Andhra Pradesh,2024-10-07,Google Ads,Premium
C101017,Sneha Sharma,Male,58.0,Ahmedabad,Gujarat,2024-12-26,Google Ads,Standard
C101018,Vihaan Gupta,Male,32.0,Bengaluru,Karnataka,2024-01-31,Referral,Standard
C101019,Meera Sharma,Female,33.0,Pune,Maharashtra,2024-03-25,Instagram,Standard
C101020,Nikhil Kumar,Male,43.0,Chennai,Tamil Nadu,2024-02-10,Email,Standard
C101021,Aarav Rao,Female,27.0,Bengaluru,Karnataka,2024-02-22,Instagram,Standard
C101022,Sai Singh,Female,59.0,Kolkata,West Bengal,2025-09-26,Instagram,Standard
C101023,Nikhil Das,Female,18.0,Pune,Maharashtra,2025-09-06,Google Ads,Premium
C101024,Meera Sharma,Male,58.0,Hyderabad,Telangana,2025-08-22,Instagram,Standard
C101025,Divya Rao,Female,47.0,Chennai,Tamil Nadu,2024-02-10,Referral,Premium
C101026,Sanjay Reddy,Male,60.0,Ahmedabad,Gujarat,2024-02-26,Referral,Standard
C101027,Ananya Sharma,Female,32.0,Delhi,Delhi,2024-07-23,Instagram,Standard
C101028,Divya Rao,Female,61.0,Delhi,Delhi,2025-02-16,Google Ads,Standard
C101029,Kiran Kumar,Female,59.0,Bengaluru,Karnataka,2024-08-31,Instagram,Standard
C101030,Ananya Rao,Male,39.0,Mumbai,Maharashtra,2024-12-21,Referral,Standard
C101031,Sanjay Sharma,Male,31.0,Kakinada,Andhra Pradesh,2024-05-06,Google Ads,Standard
C101032,Kavya Gupta,Other,27.0,Kolkata,West Bengal,2025-06-17,Email,Premium
C101033,Ananya Reddy,Female,25.0,Bengaluru,Karnataka,2024-08-17,Email,Basic
C101034,Kavya Reddy,Female,45.0,Chennai,Tamil Nadu,2024-02-18,Google Ads,Standard
C101035,Kiran Sharma,Female,64.0,Bengaluru,Karnataka,2025-06-26,Instagram,Standard
C101036,Meera Singh,Female,45.0,Chennai,Tamil Nadu,2025-10-21,Google Ads,Premium
C101037,Rohan Kumar,Male,64.0,Bengaluru,Karnataka,2024-01-11,Google Ads,Basic
C101038,Aditya Gupta,Female,54.0,Kolkata,West Bengal,2024-11-14,Google Ads,Standard
C101039,Rohan Das,Female,50.0,Pune,Maharashtra,2025-08-26,YouTube,Standard
C101040,Aditya Singh,Female,52.0,Kolkata,West Bengal,2025-05-30,Instagram,Standard
C101041,Nikhil Varma,Male,62.0,Chennai,Tamil Nadu,2025-09-17,Google Ads,Standard
C101042,Aarav Rao,Female,59.0,Mumbai,Maharashtra,2024-10-30,Organic Search,Basic
C101043,Priya Patel,Male,25.0,Mumbai,Maharashtra,2024-09-28,YouTube,Premium
C101044,Vihaan Reddy,Female,46.0,Mumbai,Maharashtra,2025-06-01,Referral,Basic
C101045,Divya Rao,Female,40.0,Chennai,Tamil Nadu,2024-04-22,Referral,Basic
C101046,Kiran Gupta,Female,60.0,Chennai,Tamil Nadu,2024-06-23,Instagram,Standard
C101047,Nikhil Reddy,Male,27.0,Kolkata,West Bengal,2025-03-14,Organic Search,Basic
C101048,Nikhil Singh,Male,57.0,Hyderabad,Telangana,2025-05-02,Referral,Premium
C101049,Rohan Patel,Male,40.0,Mumbai,Maharashtra,2024-03-28,Referral,Standard
C101050,Rahul Das,Male,62.0,Visakhapatnam,Andhra Pradesh,2025-01-06,Google Ads,Standard
C101051,Rahul Das,Male,55.0,Kakinada,Andhra Pradesh,2024-09-23,Google Ads,Standard
C101052,Priya Gupta,Female,34.0,Kakinada,Andhra Pradesh,2025-01-01,Organic Search,Standard
C101053,Meera Naidu,Male,58.0,Delhi,Delhi,2025-11-30,Instagram,Standard
C101054,Sanjay Patel,Male,26.0,Bengaluru,Karnataka,2024-02-25,Referral,Standard
C101055,Arjun Naidu,Female,18.0,Bengaluru,Karnataka,2025-12-27,Instagram,Standard
C101056,Divya Naidu,Male,42.0,Bengaluru,Karnataka,2024-11-24,Organic Search,Standard
C101057,Priya Reddy,Male,36.0,Kakinada,Andhra Pradesh,2025-07-17,Instagram,Standard
C101058,Sai Kumar,Female,24.0,Visakhapatnam,Andhra Pradesh,2024-11-05,YouTube,Standard
C101059,Sanjay Varma,Male,65.0,Visakhapatnam,Andhra Pradesh,2024-08-15,Referral,Premium
C101060,Rahul Sharma,Male,19.0,Ahmedabad,Gujarat,2025-07-16,Google Ads,Standard
C101061,Ananya Naidu,Female,46.0,Delhi,Delhi,2025-05-16,Google Ads,Basic
C101062,Divya Reddy,Male,30.0,Chennai,Tamil Nadu,2024-04-15,Referral,Basic
C101063,Sanjay Varma,Male,32.0,Visakhapatnam,Andhra Pradesh,2025-05-29,Google Ads,Standard
C101064,Meera Reddy,Male,28.0,Visakhapatnam,Andhra Pradesh,2025-07-03,Google Ads,Standard
C101065,Divya Kumar,Male,36.0,Pune,Maharashtra,2024-10-10,Instagram,Standard
C101066,Divya Sharma,Female,50.0,Visakhapatnam,Andhra Pradesh,2025-11-06,Google Ads,Standard
C101067,Sneha Das,Male,33.0,Delhi,Delhi,2025-04-12,Organic Search,Premium
C101068,Vihaan Naidu,Male,52.0,Chennai,Tamil Nadu,2024-08-31,Google Ads,Basic
C101069,Divya Rao,Male,39.0,Visakhapatnam,Andhra Pradesh,2024-01-08,Organic Search,Standard
C101070,Aarav Gupta,Female,55.0,Delhi,Delhi,2025-05-07,Organic Search,Standard
C101071,Aditya Kumar,Male,39.0,Ahmedabad,Gujarat,2024-06-01,Email,Standard
C101072,Sanjay Varma,Female,35.0,Chennai,Tamil Nadu,2025-07-06,Instagram,Basic
C101073,Arjun Kumar,Male,42.0,Mumbai,Maharashtra,2025-01-18,Referral,Basic
C101074,Sneha Singh,Female,50.0,Mumbai,Maharashtra,2024-12-06,Organic Search,Standard
C101075,Arjun Naidu,Male,40.0,Kolkata,West Bengal,2024-04-29,Google Ads,Standard
C101076,Vihaan Reddy,Male,61.0,Chennai,Tamil Nadu,2025-06-03,Google Ads,Basic
C101077,Meera Kumar,Female,42.0,Delhi,Delhi,2024-05-01,Google Ads,Standard
C101078,Nikhil Gupta,Male,32.0,Ahmedabad,Gujarat,2024-10-31,Google Ads,Premium
C101079,Kiran Sharma,Female,19.0,Hyderabad,Telangana,2025-09-02,Instagram,Standard
C101080,Sneha Singh,Female,36.0,Hyderabad,Telangana,2025-11-02,Google Ads,Basic
C101081,Kavya Das,Female,20.0,Kakinada,Andhra Pradesh,2025-12-23,Email,Premium
C101082,Kavya Gupta,Male,19.0,Kolkata,West Bengal,2025-11-30,Referral,Standard
C101083,Arjun Naidu,Female,35.0,Pune,Maharashtra,2025-02-09,Google Ads,Standard
C101084,Rahul Singh,Male,31.0,Hyderabad,Telangana,2024-05-26,YouTube,Standard
C101085,Sai Sharma,Other,60.0,Pune,Maharashtra,2025-09-04,Google Ads,Premium
C101086,Kavya Naidu,Female,53.0,Chennai,Tamil Nadu,2025-08-08,Instagram,Standard
C101087,Rahul Patel,Female,55.0,Pune,Maharashtra,2025-12-23,Instagram,Standard
C101088,Aarav Kumar,Female,44.0,Hyderabad,Telangana,2025-04-20,Google Ads,Standard
C101089,Nikhil Das,Female,23.0,Pune,Maharashtra,2024-04-13,Referral,Standard
C101090,Sneha Naidu,Female,58.0,Pune,Maharashtra,2025-01-02,Instagram,Standard
C101091,Kavya Patel,Male,41.0,Mumbai,Maharashtra,2024-11-23,Organic Search,Premium
C101092,Rohan Das,Female,38.0,Hyderabad,Telangana,2025-09-07,Organic Search,Standard
C101093,Priya Sharma,Male,47.0,Kakinada,Andhra Pradesh,2024-10-13,Google Ads,Basic
C101094,Aditya Patel,Male,25.0,Ahmedabad,Gujarat,2024-08-27,Organic Search,Standard
C101095,Sai Kumar,Female,41.0,Kolkata,West Bengal,2024-02-28,Referral,Standard
C101096,Sneha Varma,Male,47.0,Ahmedabad,Gujarat,2025-09-01,Organic Search,Standard
C101097,Aarav Patel,Female,51.0,Kolkata,West Bengal,2025-07-05,Google Ads,Standard
C101098,Sanjay Reddy,Male,42.0,Bengaluru,Karnataka,2024-01-31,Email,Standard
C101099,Sai Varma,Male,65.0,Chennai,Tamil Nadu,2024-11-12,Instagram,Basic
C101100,Vihaan Das,Female,65.0,Visakhapatnam,Andhra Pradesh,2024-12-16,Instagram,Standard
C101101,Vihaan Patel,Male,22.0,Mumbai,Maharashtra,2024-12-08,Organic Search,Standard
C101102,Vihaan Gupta,Female,21.0,Kakinada,Andhra Pradesh,2025-11-01,Google Ads,Standard
C101103,Divya Patel,Female,42.0,Hyderabad,Telangana,2024-04-19,Google Ads,Standard
C101104,Sanjay Kumar,Female,57.0,Delhi,Delhi,2024-08-11,Google Ads,Standard
C101105,Rahul Naidu,Male,42.0,Delhi,Delhi,2024-05-12,Organic Search,Standard
C101106,Nikhil Patel,Female,28.0,Kolkata,West Bengal,2024-06-27,Google Ads,Standard
C101107,Ananya Varma,Male,44.0,Bengaluru,Karnataka,2025-10-24,Instagram,Standard
C101108,Ananya Patel,Male,63.0,Mumbai,Maharashtra,2025-11-17,Email,Standard
C101109,Nikhil Sharma,Male,26.0,Kolkata,West Bengal,2024-02-02,Instagram,Basic
C101110,Rohan Gupta,Male,39.0,Mumbai,Maharashtra,2025-04-06,Google Ads,Standard
C101111,Nikhil Rao,Female,48.0,Visakhapatnam,Andhra Pradesh,2024-06-18,Email,Basic
C101112,Vihaan Naidu,Male,36.0,Visakhapatnam,Andhra Pradesh,2024-05-20,YouTube,Standard
C101113,Kiran Gupta,Male,20.0,Delhi,Delhi,2024-08-01,Organic Search,Standard
C101114,Meera Kumar,Female,50.0,Pune,Maharashtra,2024-05-21,Instagram,Standard
C101115,Priya Gupta,Female,53.0,Delhi,Delhi,2024-12-23,Google Ads,Basic
C101116,Ananya Gupta,Male,49.0,Delhi,Delhi,2025-12-27,Organic Search,Standard
C101117,Sneha Sharma,Male,49.0,Kolkata,West Bengal,2025-03-04,Google Ads,Premium
C101118,Nikhil Gupta,Male,49.0,Mumbai,Maharashtra,2025-06-11,Organic Search,Standard
C101119,Kiran Naidu,Female,33.0,Bengaluru,Karnataka,2024-12-26,Referral,Basic
C101120,Meera Patel,Female,18.0,Mumbai,Maharashtra,2024-01-11,Organic Search,Standard
C101121,Rohan Rao,Female,65.0,Kakinada,Andhra Pradesh,2024-03-02,Google Ads,Basic
C101122,Rahul Das,Female,27.0,Mumbai,Maharashtra,2024-07-15,YouTube,Basic
C101123,Vihaan Naidu,Male,57.0,Delhi,Delhi,2024-06-26,Google Ads,Standard
C101124,Sneha Gupta,Female,43.0,Kolkata,West Bengal,2025-09-05,Organic Search,Basic
C101125,Rahul Gupta,Male,43.0,Bengaluru,Karnataka,2025-09-07,Instagram,Standard
C101126,Rohan Rao,Male,19.0,Mumbai,Maharashtra,2025-09-15,Referral,Premium
C101127,Sanjay Singh,Male,65.0,Bengaluru,Karnataka,2025-04-10,Google Ads,Standard
C101128,Arjun Das,Male,43.0,Kakinada,Andhra Pradesh,2025-02-10,Instagram,Basic
C101129,Priya Reddy,Female,57.0,Kakinada,Andhra Pradesh,2025-04-18,Google Ads,Standard
C101130,Sanjay Kumar,Male,55.0,Ahmedabad,Gujarat,2024-10-23,Instagram,Premium
C101131,Aditya Gupta,Male,24.0,Mumbai,Maharashtra,2025-05-04,YouTube,Standard
C101132,Vihaan Reddy,Male,63.0,Kolkata,West Bengal,2025-08-02,Organic Search,Standard
C101133,Sanjay Varma,Female,46.0,Kolkata,West Bengal,2025-07-10,Organic Search,Standard
C101134,Sanjay Das,Female,26.0,Visakhapatnam,Andhra Pradesh,2025-03-24,Google Ads,Standard
C101135,Sanjay Singh,Female,45.0,Bengaluru,Karnataka,2024-02-12,Google Ads,Standard
C101136,Nikhil Kumar,Female,47.0,Ahmedabad,Gujarat,2025-06-13,Google Ads,Standard
C101137,Sanjay Patel,Female,49.0,Bengaluru,Karnataka,2024-09-24,Instagram,Premium
C101138,Sai Das,Male,33.0,Pune,Maharashtra,2025-06-26,Referral,Basic
C101139,Rohan Varma,Male,63.0,Visakhapatnam,Andhra Pradesh,2025-01-28,Organic Search,Premium
C101140,Sanjay Gupta,Male,29.0,Hyderabad,Telangana,2025-10-05,Instagram,Standard
C101141,Rohan Naidu,Male,41.0,Bengaluru,Karnataka,2024-09-04,Instagram,Basic
C101142,Ananya Rao,Female,58.0,Visakhapatnam,Andhra Pradesh,2025-11-10,Instagram,Standard
C101143,Kavya Das,Male,21.0,Hyderabad,Telangana,2025-09-08,Referral,Basic
C101144,Priya Rao,Male,37.0,Kolkata,West Bengal,2024-08-29,Instagram,Standard
C101145,Aditya Singh,Female,41.0,Pune,Maharashtra,2024-12-18,Google Ads,Standard
C101146,Meera Das,Male,55.0,Delhi,Delhi,2025-01-22,Instagram,Standard
C101147,Sai Das,Male,55.0,Visakhapatnam,Andhra Pradesh,2025-07-15,Instagram,Basic
C101148,Ananya Patel,Male,56.0,Visakhapatnam,Andhra Pradesh,2025-05-18,Email,Standard
C101149,Priya Singh,Female,35.0,Delhi,Delhi,2025-09-13,YouTube,Standard
C101150,Sneha Kumar,Male,41.0,Hyderabad,Telangana,2024-09-27,Instagram,Premium
C101151,Rohan Sharma,Male,19.0,Bengaluru,Karnataka,2025-01-03,Google Ads,Basic
C101152,Aarav Rao,Male,57.0,Bengaluru,Karnataka,2024-11-10,Google Ads,Standard
C101153,Sneha Rao,Female,32.0,Kakinada,Andhra Pradesh,2025-10-25,Organic Search,Premium
C101154,Rahul Patel,Male,40.0,Pune,Maharashtra,2024-08-10,Referral,Standard
C101155,Ananya Patel,Male,50.0,Kolkata,West Bengal,2025-03-04,Referral,Premium
C101156,Kavya Varma,Female,55.0,Mumbai,Maharashtra,2024-03-28,Referral,Premium
C101157,Rohan Das,Female,22.0,Visakhapatnam,Andhra Pradesh,2025-09-12,YouTube,Basic
C101158,Ananya Rao,Male,54.0,Ahmedabad,Gujarat,2024-10-07,Instagram,Standard
C101159,Meera Das,Male,36.0,Ahmedabad,Gujarat,2024-09-05,Instagram,Standard
C101160,Divya Sharma,Male,38.0,Chennai,Tamil Nadu,2025-03-01,Google Ads,Basic
C101161,Priya Sharma,Female,24.0,Kolkata,West Bengal,2024-12-30,Referral,Basic
C101162,Rahul Naidu,Male,52.0,Pune,Maharashtra,2025-09-11,Instagram,Basic
C101163,Meera Sharma,Female,40.0,Delhi,Delhi,2025-01-22,Organic Search,Standard
C101164,Vihaan Naidu,Female,22.0,Pune,Maharashtra,2025-01-12,Email,Basic
C101165,Vihaan Reddy,Female,24.0,Delhi,Delhi,2024-03-17,YouTube,Premium
C101166,Vihaan Kumar,Male,52.0,Kakinada,Andhra Pradesh,2024-01-17,YouTube,Basic
C101167,Sneha Sharma,Female,23.0,Ahmedabad,Gujarat,2024-10-17,Referral,Standard
C101168,Rohan Reddy,Female,43.0,Ahmedabad,Gujarat,2025-12-29,Organic Search,Premium
C101169,Rahul Kumar,Female,51.0,Ahmedabad,Gujarat,2025-10-31,Organic Search,Premium
C101170,Sanjay Naidu,Male,61.0,Chennai,Tamil Nadu,2025-04-04,Google Ads,Premium
C101171,Divya Singh,Female,25.0,Kakinada,Andhra Pradesh,2025-04-05,Email,Basic
C101172,Vihaan Varma,Female,32.0,Mumbai,Maharashtra,2024-10-12,YouTube,Basic
C101173,Meera Das,Female,25.0,Pune,Maharashtra,2024-05-09,Organic Search,Premium
C101174,Aarav Kumar,Female,60.0,Hyderabad,Telangana,2024-01-07,Email,Basic
C101175,Sneha Kumar,Female,46.0,Mumbai,Maharashtra,2024-09-04,Google Ads,Basic
C101176,Aarav Naidu,Male,65.0,Pune,Maharashtra,2024-08-19,Organic Search,Premium
C101177,Aditya Naidu,Female,20.0,Chennai,Tamil Nadu,2024-05-19,Google Ads,Standard
C101178,Nikhil Kumar,Female,51.0,Kakinada,Andhra Pradesh,2024-07-08,Email,Premium
C101179,Sneha Sharma,Female,19.0,Kolkata,West Bengal,2024-01-19,Email,Standard
C101180,Sai Reddy,Male,23.0,Chennai,Tamil Nadu,2025-03-19,Referral,Standard
C101181,Rahul Patel,Male,38.0,Chennai,Tamil Nadu,2025-11-08,Instagram,Basic
C101182,Sanjay Varma,Female,35.0,Kolkata,West Bengal,2025-05-19,Email,Premium
C101183,Aditya Singh,Female,35.0,Ahmedabad,Gujarat,2024-11-23,Google Ads,Standard
C101184,Aditya Gupta,Male,21.0,Mumbai,Maharashtra,2024-11-02,Google Ads,Standard
C101185,Arjun Singh,Male,44.0,Pune,Maharashtra,2024-08-12,Instagram,Standard
C101186,Kavya Das,Female,34.0,Pune,Maharashtra,2024-04-13,Email,Basic
C101187,Rohan Patel,Female,65.0,Hyderabad,Telangana,2025-03-12,Instagram,Standard
C101188,Nikhil Reddy,Male,55.0,Kakinada,Andhra Pradesh,2025-02-17,Google Ads,Basic
C101189,Vihaan Reddy,Male,38.0,Pune,Maharashtra,2024-01-06,Organic Search,Standard
C101190,Kavya Gupta,Male,54.0,Mumbai,Maharashtra,2024-10-30,Google Ads,Standard
C101191,Kavya Naidu,Male,45.0,Kolkata,West Bengal,2024-07-21,Organic Search,Standard
C101192,Meera Kumar,Female,41.0,Kolkata,West Bengal,2024-05-04,Referral,Standard
C101193,Aarav Sharma,Female,62.0,Kakinada,Andhra Pradesh,2025-05-28,Instagram,Standard
C101194,Arjun Das,Female,46.0,Hyderabad,Telangana,2025-01-18,Organic Search,Standard
C101195,Sneha Singh,Female,41.0,Chennai,Tamil Nadu,2025-04-07,Google Ads,Standard
C101196,Sai Naidu,Male,45.0,Bengaluru,Karnataka,2025-06-04,YouTube,Basic
C101197,Vihaan Patel,Male,55.0,Pune,Maharashtra,2025-12-17,Google Ads,Basic
C101198,Sanjay Varma,Male,53.0,Pune,Maharashtra,2025-08-09,Organic Search,Standard
C101199,Meera Rao,Male,44.0,Chennai,Tamil Nadu,2025-03-28,Referral,Basic
C101200,Vihaan Reddy,Female,26.0,Kakinada,Andhra Pradesh,2025-10-03,Organic Search,Basic
C101201,Aditya Naidu,Male,48.0,Pune,Maharashtra,2024-12-14,Instagram,Premium
C101202,Vihaan Sharma,Female,38.0,Chennai,Tamil Nadu,2025-12-19,Email,Standard
C101203,Ananya Kumar,Male,62.0,Hyderabad,Telangana,2025-07-09,Instagram,Standard
C101204,Sanjay Varma,Male,61.0,Mumbai,Maharashtra,2025-04-20,Organic Search,Basic
C101205,Rahul Gupta,Male,18.0,Visakhapatnam,Andhra Pradesh,2025-10-21,Google Ads,Premium
C101206,Arjun Rao,Female,65.0,Chennai,Tamil Nadu,2025-01-11,Google Ads,Basic
C101207,Kiran Varma,Female,61.0,Kakinada,Andhra Pradesh,2025-06-10,Email,Standard
C101208,Rohan Varma,Female,61.0,Pune,Maharashtra,2024-07-26,Referral,Standard
C101209,Kavya Naidu,Male,41.0,Pune,Maharashtra,2025-12-04,Organic Search,Basic
C101210,Ananya Gupta,Female,30.0,Chennai,Tamil Nadu,2025-03-31,Email,Premium
C101211,Rahul Reddy,Female,47.0,Pune,Maharashtra,2025-07-24,Instagram,Basic
C101212,Priya Kumar,Male,60.0,Hyderabad,Telangana,2024-12-02,Organic Search,Standard
C101213,Sai Gupta,Male,39.0,Hyderabad,Telangana,2025-09-24,Google Ads,Standard
C101214,Rohan Reddy,Male,65.0,Chennai,Tamil Nadu,2024-02-24,Referral,Standard
C101215,Ananya Varma,Male,30.0,Pune,Maharashtra,2024-03-24,Instagram,Premium
C101216,Kavya Singh,Female,58.0,Pune,Maharashtra,2025-01-05,Google Ads,Standard
C101217,Aarav Rao,Male,21.0,Chennai,Tamil Nadu,2025-06-18,Organic Search,Standard
C101218,Divya Das,Female,58.0,Mumbai,Maharashtra,2025-08-13,YouTube,Standard
C101219,Rohan Singh,Female,63.0,Ahmedabad,Gujarat,2024-11-17,YouTube,Standard
C101220,Kavya Gupta,Male,51.0,Kolkata,West Bengal,2025-04-19,Email,Standard
C101221,Kiran Varma,Female,47.0,Hyderabad,Telangana,2025-02-07,Instagram,Standard
C101222,Kavya Reddy,Male,37.0,Chennai,Tamil Nadu,2025-12-02,Google Ads,Premium
C101223,Nikhil Patel,Male,59.0,Ahmedabad,Gujarat,2025-04-22,Instagram,Basic
C101224,Arjun Reddy,Male,24.0,Ahmedabad,Gujarat,2024-10-31,Email,Standard
C101225,Aditya Sharma,Male,31.0,Mumbai,Maharashtra,2025-12-08,Instagram,Standard
C101226,Kavya Sharma,Male,24.0,Kakinada,Andhra Pradesh,2024-03-19,YouTube,Premium
C101227,Kavya Singh,Female,31.0,Kolkata,West Bengal,2025-12-19,Instagram,Basic
C101228,Priya Reddy,Female,43.0,Chennai,Tamil Nadu,2024-04-22,Instagram,Standard
C101229,Arjun Kumar,Female,34.0,Kolkata,West Bengal,2024-07-29,Organic Search,Premium
C101230,Nikhil Das,Male,38.0,Visakhapatnam,Andhra Pradesh,2025-08-22,Instagram,Basic
C101231,Priya Rao,Other,29.0,Mumbai,Maharashtra,2025-06-19,Instagram,Basic
C101232,Sai Sharma,Male,34.0,Bengaluru,Karnataka,2025-12-09,Referral,Basic
C101233,Arjun Sharma,Female,41.0,Chennai,Tamil Nadu,2025-07-01,YouTube,Standard
C101234,Sneha Das,Female,28.0,Hyderabad,Telangana,2025-04-10,Google Ads,Standard
C101235,Sneha Reddy,Female,62.0,Visakhapatnam,Andhra Pradesh,2024-09-09,Google Ads,Premium
C101236,Aarav Reddy,Male,61.0,Kakinada,Andhra Pradesh,2024-01-04,Google Ads,Standard
C101237,Priya Naidu,Female,60.0,Kolkata,West Bengal,2024-03-31,Referral,Standard
C101238,Arjun Varma,Female,18.0,Kakinada,Andhra Pradesh,2024-08-05,Google Ads,Standard
C101239,Ananya Gupta,Male,41.0,Hyderabad,Telangana,2024-01-30,Referral,Standard
C101240,Aarav Rao,Female,56.0,Kolkata,West Bengal,2025-01-05,Referral,Standard
C101241,Sneha Gupta,Male,34.0,Chennai,Tamil Nadu,2025-07-21,YouTube,Standard
C101242,Arjun Naidu,Female,29.0,Mumbai,Maharashtra,2025-12-04,Email,Premium
C101243,Rohan Varma,Female,,Delhi,Delhi,2024-12-23,Email,Basic
C101244,Kiran Gupta,Female,18.0,Pune,Maharashtra,2025-09-30,Referral,Standard
C101245,Kiran Sharma,Male,47.0,Kolkata,West Bengal,2025-12-20,Google Ads,Standard
C101246,Aditya Rao,Male,39.0,Bengaluru,Karnataka,2025-09-19,Google Ads,Basic
C101247,Aditya Das,Female,50.0,Kolkata,West Bengal,2024-12-05,Referral,Premium
C101248,Rahul Reddy,Male,50.0,Kakinada,Andhra Pradesh,2024-08-25,Instagram,Basic
C101249,Kiran Gupta,Female,43.0,Hyderabad,Telangana,2025-12-14,Instagram,Basic
C101250,Aditya Gupta,Male,46.0,Visakhapatnam,Andhra Pradesh,2024-06-25,Google Ads,Basic
C101251,Nikhil Das,Female,19.0,Kolkata,West Bengal,2024-10-27,Instagram,Standard
C101252,Arjun Singh,Male,65.0,Delhi,Delhi,2024-02-24,Google Ads,Premium
C101253,Aditya Patel,Male,21.0,Ahmedabad,Gujarat,2025-08-02,Referral,Premium
C101254,Meera Varma,Male,64.0,Kolkata,West Bengal,2025-04-19,Organic Search,Basic
C101255,Sanjay Das,Male,64.0,Ahmedabad,Gujarat,2024-03-02,Google Ads,Premium
C101256,Sai Sharma,Male,52.0,Hyderabad,Telangana,2024-06-11,Organic Search,Standard
C101257,Nikhil Kumar,Male,53.0,Hyderabad,Telangana,2025-02-09,Instagram,Basic
C101258,Kavya Singh,Male,19.0,Kolkata,West Bengal,2025-01-29,YouTube,Standard
C101259,Kavya Singh,Male,63.0,Delhi,Delhi,2025-08-08,Referral,Standard
C101260,Divya Singh,Female,43.0,Mumbai,Maharashtra,2024-07-13,Referral,Basic
C101261,Sneha Varma,Female,34.0,Chennai,Tamil Nadu,2025-11-06,Email,Standard
C101262,Rahul Rao,Female,50.0,Ahmedabad,Gujarat,2024-11-20,Referral,Standard
C101263,Ananya Varma,Male,43.0,Bengaluru,Karnataka,2025-08-23,Google Ads,Premium
C101264,Sanjay Das,Male,35.0,Kakinada,Andhra Pradesh,2024-06-23,Google Ads,Standard
C101265,Ananya Sharma,Male,33.0,Chennai,Tamil Nadu,2024-01-27,YouTube,Premium
C101266,Kavya Singh,Female,23.0,Bengaluru,Karnataka,2024-02-10,Organic Search,Basic
C101267,Nikhil Das,Female,61.0,Hyderabad,Telangana,2024-09-29,Referral,Standard
C101268,Rohan Singh,Male,49.0,Visakhapatnam,Andhra Pradesh,2025-11-26,Organic Search,Standard
C101269,Kavya Rao,Male,31.0,Bengaluru,Karnataka,2024-02-05,Instagram,Basic
C101270,Kavya Singh,Male,52.0,Chennai,Tamil Nadu,2024-09-26,Referral,Basic
C101271,Sai Varma,Male,51.0,Kolkata,West Bengal,2024-03-20,Google Ads,Standard
C101272,Sanjay Varma,Female,24.0,Pune,Maharashtra,2025-11-11,Google Ads,Basic
C101273,Kiran Naidu,Male,26.0,Mumbai,Maharashtra,2025-05-07,YouTube,Standard
C101274,Aarav Das,Male,29.0,Bengaluru,Karnataka,2025-07-10,Organic Search,Standard
C101275,Sanjay Das,Male,23.0,Ahmedabad,Gujarat,2025-06-04,YouTube,Basic
C101276,Nikhil Reddy,Male,57.0,Chennai,Tamil Nadu,2025-04-24,Email,Standard
C101277,Sneha Das,Male,25.0,Hyderabad,Telangana,2025-07-18,Google Ads,Standard
C101278,Rahul Rao,Male,56.0,Bengaluru,Karnataka,2024-01-06,Organic Search,Basic
C101279,Rohan Rao,Male,43.0,Pune,Maharashtra,2025-09-23,Instagram,Premium
C101280,Rahul Gupta,Male,23.0,Bengaluru,Karnataka,2025-06-24,Organic Search,Premium
C101281,Kavya Reddy,Female,58.0,Delhi,Delhi,2025-06-23,Instagram,Standard
C101282,Divya Varma,Female,26.0,Bengaluru,Karnataka,2024-10-14,Organic Search,Premium
C101283,Meera Varma,Male,65.0,Ahmedabad,Gujarat,2025-08-07,Email,Premium
C101284,Kavya Naidu,Female,18.0,Kolkata,West Bengal,2024-10-05,Instagram,Standard
C101285,Sneha Naidu,Male,47.0,Ahmedabad,Gujarat,2024-02-05,Instagram,Standard
C101286,Vihaan Singh,Female,33.0,Hyderabad,Telangana,2025-10-24,Google Ads,Standard
C101287,Arjun Reddy,Female,43.0,Delhi,Delhi,2024-06-20,Google Ads,Standard
C101288,Rohan Singh,Male,58.0,Mumbai,Maharashtra,2024-03-15,Organic Search,Standard
C101289,Kiran Varma,Male,55.0,Kolkata,West Bengal,2025-03-29,Instagram,Standard
C101290,Vihaan Varma,Female,31.0,Visakhapatnam,Andhra Pradesh,2024-06-19,Google Ads,Premium
C101291,Kavya Singh,Male,21.0,Mumbai,Maharashtra,2025-09-18,Google Ads,Standard
C101292,Sneha Reddy,Male,31.0,Ahmedabad,Gujarat,2024-11-19,Instagram,Basic
C101293,Aarav Reddy,Female,56.0,Pune,Maharashtra,2024-01-04,Google Ads,Standard
C101294,Aditya Patel,Male,42.0,Visakhapatnam,Andhra Pradesh,2025-11-25,Organic Search,Standard
C101295,Rohan Das,Female,54.0,Hyderabad,Telangana,2025-01-10,Email,Basic
C101296,Priya Gupta,Female,41.0,Kakinada,Andhra Pradesh,2024-07-10,YouTube,Standard
C101297,Divya Varma,Female,43.0,Chennai,Tamil Nadu,2025-05-09,Google Ads,Standard
C101298,Rahul Singh,Female,21.0,Mumbai,Maharashtra,2025-01-22,Google Ads,Standard
C101299,Aarav Das,Female,19.0,Bengaluru,Karnataka,2024-01-22,Instagram,Standard
C101300,Sai Rao,Female,51.0,Kakinada,Andhra Pradesh,2025-07-08,Referral,Standard
C101301,Sneha Reddy,Other,27.0,Visakhapatnam,Andhra Pradesh,2024-10-19,Instagram,Standard
C101302,Sai Sharma,Female,35.0,Bengaluru,Karnataka,2025-05-25,Instagram,Basic
C101303,Priya Rao,Female,35.0,Chennai,Tamil Nadu,2025-10-15,Email,Standard
C101304,Ananya Das,Female,48.0,Ahmedabad,Gujarat,2025-03-21,Instagram,Premium
C101305,Sanjay Naidu,Female,63.0,Pune,Maharashtra,2025-05-05,Referral,Premium
C101306,Meera Singh,Male,54.0,Bengaluru,Karnataka,2024-07-04,Referral,Basic
C101307,Meera Reddy,Female,48.0,Delhi,Delhi,2024-06-22,Organic Search,Basic
C101308,Divya Das,Male,58.0,Delhi,Delhi,2024-10-29,Google Ads,Premium
C101309,Ananya Reddy,Male,42.0,Mumbai,Maharashtra,2025-09-14,Email,Standard
C101310,Nikhil Kumar,Male,24.0,Kakinada,Andhra Pradesh,2025-01-17,Google Ads,Standard
C101311,Sai Kumar,Female,41.0,Mumbai,Maharashtra,2024-09-11,Instagram,Basic
C101312,Ananya Reddy,Female,64.0,Ahmedabad,Gujarat,2025-07-23,Google Ads,Basic
C101313,Kiran Patel,Male,55.0,Kakinada,Andhra Pradesh,2025-09-14,Instagram,Standard
C101314,Kiran Naidu,Male,34.0,Ahmedabad,Gujarat,2025-10-20,Referral,Premium
C101315,Kiran Singh,Male,33.0,Ahmedabad,Gujarat,2024-08-06,Organic Search,Basic
C101316,Sneha Das,Male,62.0,Bengaluru,Karnataka,2025-06-02,Organic Search,Basic
C101317,Rohan Gupta,Male,22.0,Bengaluru,Karnataka,2025-03-06,Google Ads,Standard
C101318,Kiran Sharma,Female,62.0,Ahmedabad,Gujarat,2024-11-23,Instagram,Standard
C101319,Sneha Gupta,Male,50.0,Ahmedabad,Gujarat,2024-10-16,Instagram,Premium
C101320,Aarav Varma,Male,56.0,Ahmedabad,Gujarat,2024-03-24,YouTube,Standard
C101321,Sanjay Das,Male,33.0,Chennai,Tamil Nadu,2024-07-19,Google Ads,Basic
C101322,Sneha Gupta,Female,49.0,Pune,Maharashtra,2025-02-05,Google Ads,Premium
C101323,Aarav Patel,Female,33.0,Hyderabad,Telangana,2025-10-09,Instagram,Basic
C101324,Sanjay Rao,Male,18.0,Mumbai,Maharashtra,2025-09-24,Organic Search,Premium
C101325,Arjun Varma,Male,39.0,Pune,Maharashtra,2024-05-16,Google Ads,Standard
C101326,Sai Naidu,Female,65.0,Bengaluru,Karnataka,2025-05-10,Instagram,Standard
C101327,Kiran Singh,Male,29.0,Bengaluru,Karnataka,2024-03-02,Referral,Premium
C101328,Ananya Patel,Female,25.0,Hyderabad,Telangana,2025-05-07,Email,Standard
C101329,Divya Reddy,Female,62.0,Mumbai,Maharashtra,2024-09-06,Referral,Standard
C101330,Aditya Das,Female,61.0,Kakinada,Andhra Pradesh,2024-11-24,YouTube,Standard
C101331,Ananya Varma,Female,58.0,Kolkata,West Bengal,2025-06-07,Organic Search,Basic
C101332,Kavya Varma,Male,64.0,Kakinada,Andhra Pradesh,2024-11-06,Referral,Standard
C101333,Kavya Varma,Male,65.0,Mumbai,Maharashtra,2025-08-12,YouTube,Premium
C101334,Sai Singh,Male,62.0,Pune,Maharashtra,2025-01-24,Organic Search,Basic
C101335,Priya Das,Male,64.0,Visakhapatnam,Andhra Pradesh,2025-12-30,Google Ads,Standard
C101336,Kiran Rao,Male,53.0,Delhi,Delhi,2025-04-10,Organic Search,Premium
C101337,Arjun Sharma,Male,33.0,Kolkata,West Bengal,2024-08-04,Referral,Basic
C101338,Ananya Reddy,Female,39.0,Kolkata,West Bengal,2025-07-19,Referral,Standard
C101339,Rohan Rao,Male,36.0,Visakhapatnam,Andhra Pradesh,2024-10-24,Referral,Standard
C101340,Sai Sharma,Female,42.0,Kakinada,Andhra Pradesh,2025-01-24,Organic Search,Standard
C101341,Priya Sharma,Male,51.0,Kolkata,West Bengal,2024-04-09,YouTube,Standard
C101342,Kavya Gupta,Male,29.0,Pune,Maharashtra,2024-03-28,Google Ads,Standard
C101343,Rahul Varma,Male,18.0,Visakhapatnam,Andhra Pradesh,2025-02-23,Email,Standard
C101344,Kavya Gupta,Female,46.0,Kolkata,West Bengal,2024-05-16,Email,Standard
C101345,Kiran Das,Female,65.0,Delhi,Delhi,2025-12-29,Organic Search,Standard
C101346,Kiran Naidu,Female,59.0,Kolkata,West Bengal,2025-09-16,Google Ads,Premium
C101347,Kiran Das,Male,18.0,Pune,Maharashtra,2025-05-26,Instagram,Basic
C101348,Nikhil Sharma,Male,46.0,Mumbai,Maharashtra,2025-06-20,Instagram,Basic
C101349,Kiran Singh,Female,43.0,Pune,Maharashtra,2025-03-10,Instagram,Basic
C101350,Divya Varma,Male,38.0,Kolkata,West Bengal,2024-02-14,Instagram,Standard
C101351,Vihaan Singh,Male,50.0,Kakinada,Andhra Pradesh,2024-10-13,Google Ads,Standard
C101352,Aarav Das,Male,38.0,Pune,Maharashtra,2024-12-27,Instagram,Standard
C101353,Rahul Patel,Male,61.0,Bengaluru,Karnataka,2025-10-30,Organic Search,Standard
C101354,Kavya Naidu,Male,61.0,Kakinada,Andhra Pradesh,2024-06-09,Google Ads,Premium
C101355,Meera Gupta,Male,48.0,Pune,Maharashtra,2024-12-28,Google Ads,Standard
C101356,Meera Gupta,Female,40.0,Mumbai,Maharashtra,2024-09-08,Organic Search,Standard
C101357,Divya Das,Female,46.0,Ahmedabad,Gujarat,2024-04-08,Google Ads,Standard
C101358,Kiran Reddy,Male,61.0,Delhi,Delhi,2024-03-16,Email,Standard
C101359,Aarav Patel,Male,32.0,Delhi,Delhi,2024-09-23,Organic Search,Standard
C101360,Nikhil Kumar,Female,59.0,Visakhapatnam,Andhra Pradesh,2024-03-01,Google Ads,Standard
C101361,Aditya Patel,Male,46.0,Visakhapatnam,Andhra Pradesh,2024-02-19,Referral,Basic
C101362,Nikhil Sharma,Female,21.0,Pune,Maharashtra,2024-09-13,Google Ads,Basic
C101363,Divya Varma,Male,53.0,Delhi,Delhi,2024-05-27,Google Ads,Basic
C101364,Meera Naidu,Female,27.0,Visakhapatnam,Andhra Pradesh,2025-02-09,Referral,Basic
C101365,Sai Varma,Female,42.0,Bengaluru,Karnataka,2024-01-13,Google Ads,Standard
C101366,Sai Rao,Male,63.0,Ahmedabad,Gujarat,2024-08-08,Referral,Standard
C101367,Priya Naidu,Female,55.0,Pune,Maharashtra,2024-11-26,Referral,Standard
C101368,Vihaan Das,Female,51.0,Visakhapatnam,Andhra Pradesh,2025-12-04,Instagram,Basic
C101369,Sanjay Gupta,Female,21.0,Chennai,Tamil Nadu,2025-04-08,Instagram,Standard
C101370,Sai Patel,Male,59.0,Visakhapatnam,Andhra Pradesh,2025-10-04,Referral,Standard
C101371,Nikhil Kumar,Male,34.0,Hyderabad,Telangana,2024-09-07,Instagram,Basic
C101372,Divya Rao,Male,20.0,Ahmedabad,Gujarat,2024-11-24,Email,Standard
C101373,Priya Reddy,Female,64.0,Hyderabad,Telangana,2024-11-02,YouTube,Premium
C101374,Divya Reddy,Male,27.0,Kolkata,West Bengal,2025-10-09,Organic Search,Standard
C101375,Rohan Patel,Male,33.0,Bengaluru,Karnataka,2025-12-01,Google Ads,Standard
C101376,Priya Varma,Female,24.0,Kakinada,Andhra Pradesh,2025-12-03,Google Ads,Standard
C101377,Sneha Sharma,Male,47.0,Ahmedabad,Gujarat,2025-07-02,Email,Basic
C101378,Rahul Patel,Female,59.0,Bengaluru,Karnataka,2025-01-02,Email,Standard
C101379,Sanjay Kumar,Male,42.0,Visakhapatnam,Andhra Pradesh,2025-01-29,YouTube,Basic
C101380,Priya Naidu,Female,59.0,Mumbai,Maharashtra,2025-12-16,Referral,Standard
C101381,Aditya Varma,Male,62.0,Pune,Maharashtra,2024-07-26,Google Ads,Premium
C101382,Kiran Singh,Male,59.0,Hyderabad,Telangana,2024-09-10,Google Ads,Standard
C101383,Nikhil Rao,Female,25.0,Bengaluru,Karnataka,2025-10-16,YouTube,Standard
C101384,Aditya Naidu,Male,27.0,Mumbai,Maharashtra,2024-10-09,Email,Basic
C101385,Sai Sharma,Male,32.0,Pune,Maharashtra,2024-06-20,Organic Search,Standard
C101386,Sneha Kumar,Male,48.0,Pune,Maharashtra,2025-02-13,Organic Search,Standard
C101387,Aditya Sharma,Female,59.0,Visakhapatnam,Andhra Pradesh,2024-08-25,YouTube,Standard
C101388,Rahul Patel,Male,33.0,Bengaluru,Karnataka,2025-10-12,Referral,Basic
C101389,Rahul Singh,Male,49.0,Ahmedabad,Gujarat,2025-10-25,YouTube,Premium
C101390,Rohan Gupta,Male,26.0,Hyderabad,Telangana,2024-08-11,Organic Search,Standard
C101391,Meera Sharma,Male,44.0,Mumbai,Maharashtra,2025-01-21,Organic Search,Standard
C101392,Aditya Gupta,Female,55.0,Bengaluru,Karnataka,2025-12-19,YouTube,Standard
C101393,Kavya Das,Male,36.0,Bengaluru,Karnataka,2025-06-25,Referral,Standard
C101394,Arjun Reddy,Female,25.0,Pune,Maharashtra,2024-06-06,Organic Search,Premium
C101395,Kavya Naidu,Female,37.0,Kakinada,Andhra Pradesh,2025-03-07,Referral,Standard
C101396,Aditya Singh,Female,54.0,Kolkata,West Bengal,2025-03-28,Organic Search,Premium
C101397,Divya Das,Female,62.0,Visakhapatnam,Andhra Pradesh,2025-04-22,Organic Search,Premium
C101398,Ananya Varma,Male,47.0,Pune,Maharashtra,2024-01-19,Organic Search,Standard
C101399,Aarav Reddy,Female,50.0,Hyderabad,Telangana,2024-08-06,Google Ads,Premium
C101400,Divya Singh,Female,38.0,Delhi,Delhi,2025-09-15,Organic Search,Standard
C101401,Arjun Naidu,Female,62.0,Visakhapatnam,Andhra Pradesh,2024-06-25,Organic Search,Basic
C101402,Kavya Patel,Male,59.0,Hyderabad,Telangana,2024-08-06,Email,Premium
C101403,Sneha Patel,Male,64.0,Hyderabad,Telangana,2024-08-23,Google Ads,Standard
C101404,Meera Rao,Female,59.0,Visakhapatnam,Andhra Pradesh,2024-05-09,Organic Search,Standard
C101405,Ananya Rao,Male,44.0,Hyderabad,Telangana,2024-04-23,Organic Search,Premium
C101406,Ananya Naidu,Female,64.0,Kakinada,Andhra Pradesh,2024-09-10,Referral,Standard
C101407,Rahul Varma,Male,47.0,Ahmedabad,Gujarat,2025-09-30,Referral,Premium
C101408,Meera Singh,Female,46.0,Kolkata,West Bengal,2024-01-02,Email,Basic
C101409,Vihaan Kumar,Male,49.0,Pune,Maharashtra,2024-07-25,Email,Standard
C101410,Sai Das,Male,26.0,Hyderabad,Telangana,2024-02-14,Google Ads,Standard
C101411,Aarav Reddy,Male,58.0,Chennai,Tamil Nadu,2025-02-13,Google Ads,Basic
C101412,Kiran Das,Female,35.0,Visakhapatnam,Andhra Pradesh,2024-07-01,Organic Search,Standard
C101413,Divya Kumar,Female,49.0,Kakinada,Andhra Pradesh,2025-08-01,YouTube,Standard
C101414,Sneha Patel,Female,58.0,Chennai,Tamil Nadu,2025-03-03,Google Ads,Standard
C101415,Rahul Rao,Female,23.0,Visakhapatnam,Andhra Pradesh,2025-07-26,YouTube,Standard
C101416,Kiran Rao,Female,32.0,Ahmedabad,Gujarat,2025-04-08,Referral,Standard
C101417,Arjun Singh,Female,63.0,Hyderabad,Telangana,2024-11-16,Instagram,Standard
C101418,Aditya Reddy,Female,35.0,Kolkata,West Bengal,2025-09-20,Organic Search,Basic
C101419,Priya Sharma,Female,49.0,Kolkata,West Bengal,2024-12-13,Instagram,Basic
C101420,Vihaan Gupta,Female,44.0,Pune,Maharashtra,2025-11-24,Instagram,Premium
C101421,Nikhil Patel,Male,59.0,Ahmedabad,Gujarat,2025-12-27,YouTube,Basic
C101422,Sneha Reddy,Female,42.0,Visakhapatnam,Andhra Pradesh,2025-03-05,Referral,Premium
C101423,Sai Kumar,Male,38.0,Pune,Maharashtra,2025-05-07,Google Ads,Basic
C101424,Sanjay Das,Male,18.0,Delhi,Delhi,2024-07-05,Referral,Standard
C101425,Arjun Sharma,Female,40.0,Kakinada,Andhra Pradesh,2025-08-17,Referral,Standard
C101426,Rohan Naidu,Female,46.0,Kakinada,Andhra Pradesh,2025-05-05,Email,Standard
C101427,Divya Kumar,Male,51.0,Kolkata,West Bengal,2025-10-20,Google Ads,Premium
C101428,Aarav Singh,Male,55.0,Kolkata,West Bengal,2024-07-13,Google Ads,Basic
C101429,Sai Gupta,Female,55.0,Bengaluru,Karnataka,2025-07-28,Referral,Premium
C101430,Rahul Das,Male,40.0,Chennai,Tamil Nadu,2024-12-09,Email,Standard
C101431,Arjun Patel,Male,21.0,Bengaluru,Karnataka,2024-05-15,YouTube,Basic
C101432,Kavya Reddy,Female,30.0,Pune,Maharashtra,2024-05-04,Google Ads,Standard
C101433,Sai Reddy,Female,37.0,Visakhapatnam,Andhra Pradesh,2025-02-14,Organic Search,Standard
C101434,Ananya Singh,Female,64.0,Mumbai,Maharashtra,2024-08-21,YouTube,Basic
C101435,Nikhil Sharma,Female,54.0,Kakinada,Andhra Pradesh,2024-03-15,Google Ads,Premium
C101436,Kavya Sharma,Male,60.0,Bengaluru,Karnataka,2024-11-07,Instagram,Standard
C101437,Rahul Reddy,Male,65.0,Hyderabad,Telangana,2025-04-21,Email,Premium
C101438,Aarav Varma,Female,24.0,Kakinada,Andhra Pradesh,2024-08-20,YouTube,Premium
C101439,Kiran Das,Female,18.0,Bengaluru,Karnataka,2025-11-28,Instagram,Standard
C101440,Priya Patel,Male,45.0,Ahmedabad,Gujarat,2025-07-23,Instagram,Standard
C101441,Rahul Gupta,Male,30.0,Ahmedabad,Gujarat,2025-01-09,Email,Standard
C101442,Divya Patel,Male,59.0,Delhi,Delhi,2025-11-13,Organic Search,Standard
C101443,Arjun Reddy,Male,40.0,Hyderabad,Telangana,2024-11-12,Instagram,Standard
C101444,Rahul Reddy,Male,18.0,Delhi,Delhi,2024-04-11,Google Ads,Standard
C101445,Kavya Singh,Male,28.0,Hyderabad,Telangana,2024-01-27,Google Ads,Standard
C101446,Sneha Singh,Female,34.0,Kolkata,West Bengal,2025-11-15,YouTube,Premium
C101447,Rahul Patel,Male,19.0,Visakhapatnam,Andhra Pradesh,2025-12-01,Email,Basic
C101448,Aditya Reddy,Female,33.0,Kakinada,Andhra Pradesh,2025-06-23,Referral,Standard
C101449,Rohan Naidu,Female,43.0,Visakhapatnam,Andhra Pradesh,2024-03-16,Organic Search,Basic
C101450,Nikhil Kumar,Female,60.0,Ahmedabad,Gujarat,2024-08-02,Referral,Standard
C101451,Nikhil Patel,Female,49.0,Visakhapatnam,Andhra Pradesh,2024-01-30,YouTube,Standard
C101452,Sanjay Gupta,Male,22.0,Ahmedabad,Gujarat,2024-02-07,Google Ads,Standard
C101453,Nikhil Kumar,Male,37.0,Kolkata,West Bengal,2024-06-28,Instagram,Standard
C101454,Rohan Das,Female,54.0,Kakinada,Andhra Pradesh,2025-02-21,Google Ads,Standard
C101455,Kavya Reddy,Male,35.0,Delhi,Delhi,2024-02-17,Instagram,Standard
C101456,Rohan Das,Male,45.0,Chennai,Tamil Nadu,2025-12-19,Organic Search,Standard
C101457,Arjun Naidu,Male,65.0,Kakinada,Andhra Pradesh,2024-11-28,Referral,Basic
C101458,Aarav Singh,Female,24.0,Delhi,Delhi,2024-07-11,Google Ads,Premium
C101459,Ananya Sharma,Male,40.0,Mumbai,Maharashtra,2025-01-11,Organic Search,Basic
C101460,Kavya Varma,Female,47.0,Bengaluru,Karnataka,2025-07-30,Referral,Basic
C101461,Sneha Singh,Male,56.0,Mumbai,Maharashtra,2024-08-16,Referral,Standard
C101462,Kiran Das,Female,58.0,Pune,Maharashtra,2024-02-04,Instagram,Premium
C101463,Arjun Kumar,Male,31.0,Visakhapatnam,Andhra Pradesh,2024-02-07,YouTube,Standard
C101464,Arjun Kumar,Female,40.0,Bengaluru,Karnataka,2025-09-13,Email,Premium
C101465,Aditya Patel,Female,57.0,Kolkata,West Bengal,2024-03-22,Organic Search,Standard
C101466,Vihaan Kumar,Male,58.0,Ahmedabad,Gujarat,2025-04-08,Organic Search,Standard
C101467,Kavya Naidu,Male,57.0,Visakhapatnam,Andhra Pradesh,2024-10-07,Referral,Standard
C101468,Nikhil Naidu,Female,50.0,Ahmedabad,Gujarat,2025-07-21,Instagram,Premium
C101469,Sneha Gupta,Female,30.0,Bengaluru,Karnataka,2024-02-14,Email,Basic
C101470,Kavya Reddy,Male,35.0,Chennai,Tamil Nadu,2025-10-17,Instagram,Premium
C101471,Rahul Rao,Male,49.0,Kakinada,Andhra Pradesh,2025-05-24,YouTube,Premium
C101472,Arjun Rao,Male,30.0,Kakinada,Andhra Pradesh,2024-11-23,Google Ads,Premium
C101473,Arjun Naidu,Male,,Kolkata,West Bengal,2024-05-31,Google Ads,Basic
C101474,Sanjay Sharma,Male,42.0,Kakinada,Andhra Pradesh,2025-12-14,Referral,Basic
C101475,Ananya Gupta,Male,39.0,Kolkata,West Bengal,2024-08-08,Referral,Premium
C101476,Arjun Rao,Male,,Hyderabad,Telangana,2024-12-24,Email,Standard
C101477,Sneha Patel,Female,55.0,Kakinada,Andhra Pradesh,2024-10-14,Organic Search,Premium
C101478,Vihaan Patel,Female,40.0,Bengaluru,Karnataka,2024-06-17,Organic Search,Premium
C101479,Arjun Gupta,Female,32.0,Delhi,Delhi,2024-10-31,YouTube,Premium
C101480,Sai Das,Female,36.0,Mumbai,Maharashtra,2024-04-20,Referral,Basic
C101481,Vihaan Rao,Female,41.0,Ahmedabad,Gujarat,2024-01-02,Referral,Standard
C101482,Kiran Reddy,Male,47.0,Hyderabad,Telangana,2024-07-30,Organic Search,Standard
C101483,Aarav Sharma,Female,65.0,Kolkata,West Bengal,2024-03-22,Google Ads,Premium
C101484,Aarav Sharma,Male,34.0,Visakhapatnam,Andhra Pradesh,2024-10-29,Google Ads,Basic
C101485,Meera Singh,Female,26.0,Ahmedabad,Gujarat,2025-09-21,Instagram,Basic
C101486,Aditya Sharma,Female,64.0,Delhi,Delhi,2024-04-28,Organic Search,Standard
C101487,Priya Sharma,Female,25.0,Visakhapatnam,Andhra Pradesh,2024-01-01,Email,Standard
C101488,Aditya Reddy,Male,61.0,Delhi,Delhi,2024-03-22,Google Ads,Standard
C101489,Aarav Singh,Female,24.0,Kolkata,West Bengal,2025-01-05,Instagram,Basic
C101490,Sneha Rao,Male,35.0,Pune,Maharashtra,2024-07-19,Instagram,Standard
C101491,Arjun Rao,Male,65.0,Hyderabad,Telangana,2024-12-23,Referral,Standard
C101492,Arjun Das,Male,25.0,Hyderabad,Telangana,2024-01-22,Instagram,Standard
C101493,Divya Naidu,Male,25.0,Bengaluru,Karnataka,2024-08-31,Organic Search,Standard
C101494,Priya Kumar,Female,47.0,Kakinada,Andhra Pradesh,2024-10-26,YouTube,Standard
C101495,Meera Varma,Male,,Kakinada,Andhra Pradesh,2024-11-10,Organic Search,Premium
C101496,Kiran Singh,Male,19.0,Chennai,Tamil Nadu,2025-02-06,Organic Search,Basic
C101497,Kiran Rao,Other,51.0,Kakinada,Andhra Pradesh,2025-07-23,YouTube,Basic
C101498,Sai Varma,Female,64.0,Hyderabad,Telangana,2024-12-07,Organic Search,Standard
C101499,Sai Patel,Male,54.0,Kakinada,Andhra Pradesh,2025-09-06,Referral,Standard
C101500,Aarav Kumar,Female,64.0,Mumbai,Maharashtra,2025-01-21,Organic Search,Standard
C101501,Aarav Patel,Female,43.0,Hyderabad,Telangana,2024-07-09,Referral,Standard
C101502,Vihaan Das,Male,47.0,Ahmedabad,Gujarat,2024-06-16,Google Ads,Premium
C101503,Priya Gupta,Female,65.0,Delhi,Delhi,2024-08-23,Instagram,Standard
C101504,Rahul Sharma,Female,42.0,Mumbai,Maharashtra,2025-03-12,Email,Standard
C101505,Vihaan Naidu,Male,19.0,Ahmedabad,Gujarat,2024-06-26,Organic Search,Basic
C101506,Sneha Patel,Male,29.0,Delhi,Delhi,2025-10-29,Email,Premium
C101507,Ananya Patel,Male,47.0,Ahmedabad,Gujarat,2024-12-16,Google Ads,Standard
C101508,Sneha Singh,Female,59.0,Bengaluru,Karnataka,2025-09-22,Email,Standard
C101509,Aditya Reddy,Male,47.0,Hyderabad,Telangana,2025-05-13,Organic Search,Basic
C101510,Priya Reddy,Male,37.0,Delhi,Delhi,2024-08-31,Organic Search,Standard
C101511,Vihaan Sharma,Other,33.0,Kolkata,West Bengal,2024-06-15,Referral,Standard
C101512,Rohan Naidu,Female,50.0,Mumbai,Maharashtra,2025-06-27,Google Ads,Standard
C101513,Vihaan Gupta,Male,61.0,Bengaluru,Karnataka,2024-08-29,Google Ads,Standard
C101514,Arjun Das,Male,31.0,Ahmedabad,Gujarat,2024-06-29,YouTube,Standard
C101515,Nikhil Rao,Male,44.0,Chennai,Tamil Nadu,2025-11-10,Instagram,Standard
C101516,Ananya Reddy,Other,38.0,Chennai,Tamil Nadu,2024-12-18,Organic Search,Standard
C101517,Divya Kumar,Male,29.0,Mumbai,Maharashtra,2024-02-05,Instagram,Standard
C101518,Priya Patel,Male,37.0,Hyderabad,Telangana,2024-12-27,YouTube,Premium
C101519,Nikhil Varma,Female,22.0,Hyderabad,Telangana,2024-12-02,Google Ads,Standard
C101520,Nikhil Varma,Male,43.0,Kolkata,West Bengal,2025-09-22,Organic Search,Basic
C101521,Rohan Das,Male,23.0,Hyderabad,Telangana,2025-06-03,Organic Search,Standard
C101522,Priya Varma,Female,40.0,Mumbai,Maharashtra,2024-05-19,Organic Search,Basic
C101523,Meera Patel,Male,61.0,Kakinada,Andhra Pradesh,2024-04-19,Organic Search,Standard
C101524,Rohan Sharma,Female,24.0,Delhi,Delhi,2025-03-16,Instagram,Standard
C101525,Aarav Gupta,Female,30.0,Ahmedabad,Gujarat,2024-02-04,Google Ads,Standard
C101526,Aarav Patel,Male,52.0,Delhi,Delhi,2024-08-20,Google Ads,Basic
C101527,Priya Kumar,Female,61.0,Kakinada,Andhra Pradesh,2024-04-10,Email,Standard
C101528,Ananya Kumar,Female,63.0,Visakhapatnam,Andhra Pradesh,2024-01-16,Email,Premium
C101529,Kavya Rao,Female,23.0,Chennai,Tamil Nadu,2025-11-01,Google Ads,Premium
C101530,Sai Patel,Female,29.0,Kolkata,West Bengal,2024-03-06,Organic Search,Standard
C101531,Rohan Gupta,Male,65.0,Chennai,Tamil Nadu,2024-01-07,Google Ads,Standard
C101532,Meera Kumar,Male,42.0,Kakinada,Andhra Pradesh,2025-11-12,Google Ads,Standard
C101533,Rahul Rao,Female,58.0,Delhi,Delhi,2024-05-17,Google Ads,Premium
C101534,Arjun Kumar,Male,18.0,Visakhapatnam,Andhra Pradesh,2025-08-19,Organic Search,Standard
C101535,Rohan Naidu,Male,23.0,Kolkata,West Bengal,2024-01-23,Instagram,Premium
C101536,Sneha Singh,Female,27.0,Kolkata,West Bengal,2024-04-22,YouTube,Basic
C101537,Divya Reddy,Male,22.0,Delhi,Delhi,2024-03-21,Email,Standard
C101538,Sai Naidu,Female,60.0,Visakhapatnam,Andhra Pradesh,2025-05-30,Referral,Standard
C101539,Rahul Gupta,Female,56.0,Ahmedabad,Gujarat,2025-03-28,Google Ads,Standard
C101540,Arjun Varma,Female,36.0,Visakhapatnam,Andhra Pradesh,2024-12-13,Organic Search,Standard
C101541,Vihaan Gupta,Male,21.0,Visakhapatnam,Andhra Pradesh,2024-06-25,Organic Search,Standard
C101542,Rahul Patel,Male,23.0,Bengaluru,Karnataka,2024-03-05,Referral,Basic
C101543,Nikhil Rao,Female,30.0,Visakhapatnam,Andhra Pradesh,2025-02-19,Google Ads,Standard
C101544,Ananya Gupta,Male,52.0,Visakhapatnam,Andhra Pradesh,2024-06-17,Google Ads,Standard
C101545,Ananya Singh,Female,56.0,Mumbai,Maharashtra,2025-03-06,Google Ads,Standard
C101546,Divya Rao,Female,43.0,Kakinada,Andhra Pradesh,2025-05-16,Google Ads,Standard
C101547,Rohan Reddy,Male,61.0,Pune,Maharashtra,2025-09-12,Email,Standard
C101548,Sanjay Sharma,Male,62.0,Delhi,Delhi,2024-12-26,Google Ads,Basic
C101549,Sai Sharma,Female,54.0,Mumbai,Maharashtra,2024-01-04,Organic Search,Standard
C101550,Sai Sharma,Male,21.0,Delhi,Delhi,2024-07-23,Referral,Standard
C101551,Divya Das,Female,60.0,Hyderabad,Telangana,2025-09-14,Email,Basic
C101552,Ananya Gupta,Female,61.0,Kolkata,West Bengal,2025-01-24,YouTube,Premium
C101553,Sai Naidu,Male,44.0,Ahmedabad,Gujarat,2025-03-27,Google Ads,Standard
C101554,Priya Patel,Female,46.0,Kolkata,West Bengal,2024-11-30,Instagram,Standard
C101555,Divya Rao,Male,55.0,Pune,Maharashtra,2024-04-28,Referral,Premium
C101556,Divya Rao,Male,46.0,Delhi,Delhi,2025-10-16,Referral,Premium
C101557,Sai Reddy,Female,34.0,Ahmedabad,Gujarat,2025-07-18,Organic Search,Standard
C101558,Kiran Rao,Female,51.0,Visakhapatnam,Andhra Pradesh,2025-12-27,Organic Search,Premium
C101559,Vihaan Patel,Female,55.0,Hyderabad,Telangana,2025-09-16,Email,Basic
C101560,Ananya Sharma,Female,24.0,Delhi,Delhi,2024-07-31,YouTube,Standard
C101561,Arjun Patel,Female,50.0,Kakinada,Andhra Pradesh,2024-07-04,Google Ads,Standard
C101562,Priya Gupta,Male,26.0,Visakhapatnam,Andhra Pradesh,2024-06-30,Google Ads,Standard
C101563,Vihaan Rao,Male,45.0,Kakinada,Andhra Pradesh,2025-11-01,Google Ads,Standard
C101564,Aditya Sharma,Male,23.0,Bengaluru,Karnataka,2025-02-10,Email,Premium
C101565,Aarav Gupta,Male,65.0,Chennai,Tamil Nadu,2024-11-27,Google Ads,Standard
C101566,Divya Naidu,Male,50.0,Bengaluru,Karnataka,2025-12-07,Instagram,Standard
C101567,Rohan Reddy,Female,40.0,Visakhapatnam,Andhra Pradesh,2025-03-16,YouTube,Standard
C101568,Divya Reddy,Male,42.0,Pune,Maharashtra,2025-10-25,Google Ads,Standard
C101569,Rahul Reddy,Female,47.0,Mumbai,Maharashtra,2025-12-19,Google Ads,Standard
C101570,Aarav Kumar,Female,23.0,Hyderabad,Telangana,2024-02-27,Google Ads,Basic
C101571,Rohan Sharma,Other,42.0,Ahmedabad,Gujarat,2024-09-20,Instagram,Standard
C101572,Sanjay Gupta,Male,52.0,Visakhapatnam,Andhra Pradesh,2025-06-19,Instagram,Basic
C101573,Priya Reddy,Female,30.0,Visakhapatnam,Andhra Pradesh,2025-08-16,Google Ads,Premium
C101574,Aditya Reddy,Female,41.0,Kakinada,Andhra Pradesh,2024-04-18,Google Ads,Standard
C101575,Aarav Reddy,Male,33.0,Visakhapatnam,Andhra Pradesh,2024-08-20,Organic Search,Standard
C101576,Sanjay Das,Male,25.0,Ahmedabad,Gujarat,2025-02-04,Google Ads,Standard
C101577,Rahul Reddy,Male,64.0,Visakhapatnam,Andhra Pradesh,2025-08-06,Organic Search,Premium
C101578,Ananya Reddy,Female,46.0,Kakinada,Andhra Pradesh,2024-03-23,Organic Search,Premium
C101579,Vihaan Das,Female,36.0,Chennai,Tamil Nadu,2025-03-14,Organic Search,Standard
C101580,Vihaan Sharma,Female,34.0,Ahmedabad,Gujarat,2024-08-04,YouTube,Standard
C101581,Sneha Gupta,Female,50.0,Visakhapatnam,Andhra Pradesh,2024-06-06,Referral,Standard
C101582,Meera Kumar,Male,23.0,Bengaluru,Karnataka,2025-01-11,Instagram,Standard
C101583,Kavya Gupta,Male,45.0,Kolkata,West Bengal,2024-10-29,Instagram,Standard
C101584,Kiran Singh,Female,29.0,Delhi,Delhi,2025-04-09,Instagram,Standard
C101585,Sanjay Sharma,Female,60.0,Bengaluru,Karnataka,2024-08-19,Organic Search,Standard
C101586,Aditya Rao,Female,55.0,Bengaluru,Karnataka,2025-08-23,Referral,Premium
C101587,Divya Sharma,Male,54.0,Bengaluru,Karnataka,2024-02-27,Instagram,Standard
C101588,Vihaan Varma,Male,24.0,Visakhapatnam,Andhra Pradesh,2025-09-21,Instagram,Standard
C101589,Rohan Rao,Male,21.0,Ahmedabad,Gujarat,2024-01-22,Organic Search,Standard
C101590,Meera Gupta,Male,40.0,Bengaluru,Karnataka,2025-06-21,Referral,Basic
C101591,Meera Kumar,Male,35.0,Kolkata,West Bengal,2024-09-09,Instagram,Standard
C101592,Arjun Rao,Female,52.0,Kolkata,West Bengal,2024-10-06,Organic Search,Standard
C101593,Kavya Sharma,Female,52.0,Pune,Maharashtra,2024-01-14,Organic Search,Standard
C101594,Sneha Patel,Male,37.0,Kolkata,West Bengal,2025-05-27,Referral,Basic
C101595,Rohan Naidu,Male,25.0,Kakinada,Andhra Pradesh,2024-04-30,Referral,Standard
C101596,Aarav Gupta,Male,33.0,Pune,Maharashtra,2025-04-26,Email,Premium
C101597,Priya Das,Male,42.0,Kolkata,West Bengal,2025-06-13,Google Ads,Basic
C101598,Meera Singh,Female,30.0,Pune,Maharashtra,2025-09-09,YouTube,Standard
C101599,Ananya Gupta,Male,33.0,Delhi,Delhi,2025-05-31,Organic Search,Basic
C101600,Aditya Sharma,Female,29.0,Visakhapatnam,Andhra Pradesh,2024-08-08,Email,Standard
C101601,Aarav Singh,Male,21.0,Chennai,Tamil Nadu,2025-06-23,Email,Standard
C101602,Rohan Kumar,Male,46.0,Ahmedabad,Gujarat,2025-08-25,YouTube,Standard
C101603,Aditya Kumar,Other,65.0,Kolkata,West Bengal,2024-08-19,Instagram,Premium
C101604,Meera Naidu,Male,63.0,Kolkata,West Bengal,2024-03-31,Instagram,Standard
C101605,Priya Varma,Male,62.0,Ahmedabad,Gujarat,2025-10-11,Organic Search,Premium
C101606,Rohan Sharma,Female,49.0,Ahmedabad,Gujarat,2024-04-17,Instagram,Premium
C101607,Sai Patel,Male,,Pune,Maharashtra,2025-03-09,Email,Standard
C101608,Rohan Rao,Male,21.0,Kolkata,West Bengal,2024-06-21,Referral,Basic
C101609,Vihaan Patel,Male,27.0,Pune,Maharashtra,2024-04-01,Google Ads,Basic
C101610,Kavya Singh,Male,51.0,Delhi,Delhi,2025-07-20,Google Ads,Standard
C101611,Kiran Sharma,Female,65.0,Ahmedabad,Gujarat,2024-04-14,Organic Search,Standard
C101612,Rohan Varma,Male,61.0,Visakhapatnam,Andhra Pradesh,2025-05-04,Instagram,Standard
C101613,Ananya Singh,Female,48.0,Ahmedabad,Gujarat,2025-05-20,Instagram,Standard
C101614,Aarav Singh,Female,23.0,Ahmedabad,Gujarat,2024-02-13,Google Ads,Basic
C101615,Rahul Varma,Male,64.0,Visakhapatnam,Andhra Pradesh,2024-05-06,Instagram,Basic
C101616,Sanjay Das,Male,33.0,Delhi,Delhi,2025-08-02,Email,Standard
C101617,Nikhil Sharma,Male,20.0,Hyderabad,Telangana,2025-01-05,YouTube,Standard
C101618,Meera Kumar,Male,54.0,Delhi,Delhi,2024-03-29,Organic Search,Basic
C101619,Arjun Kumar,Male,26.0,Ahmedabad,Gujarat,2025-12-24,Email,Basic
C101620,Rohan Varma,Female,32.0,Visakhapatnam,Andhra Pradesh,2024-07-12,Google Ads,Basic
C101621,Rohan Kumar,Male,50.0,Pune,Maharashtra,2024-01-03,YouTube,Standard
C101622,Meera Kumar,Female,64.0,Ahmedabad,Gujarat,2025-11-05,Organic Search,Premium
C101623,Ananya Varma,Female,61.0,Hyderabad,Telangana,2024-01-13,Organic Search,Basic
C101624,Sanjay Sharma,Female,25.0,Kolkata,West Bengal,2025-02-07,Google Ads,Standard
C101625,Ananya Sharma,Male,26.0,Kolkata,West Bengal,2025-12-25,Instagram,Premium
C101626,Ananya Kumar,Male,56.0,Pune,Maharashtra,2025-02-25,Instagram,Premium
C101627,Aarav Sharma,Female,33.0,Ahmedabad,Gujarat,2025-03-02,Google Ads,Standard
C101628,Rahul Reddy,Male,21.0,Chennai,Tamil Nadu,2024-10-10,Instagram,Basic
C101629,Priya Reddy,Female,46.0,Pune,Maharashtra,2024-04-02,Organic Search,Basic
C101630,Priya Gupta,Female,49.0,Kolkata,West Bengal,2025-02-22,Instagram,Basic
C101631,Sai Singh,Female,65.0,Ahmedabad,Gujarat,2025-10-17,Google Ads,Standard
C101632,Nikhil Singh,Male,,Mumbai,Maharashtra,2024-03-07,Organic Search,Basic
C101633,Rahul Sharma,Male,56.0,Delhi,Delhi,2025-10-04,YouTube,Premium
C101634,Sneha Das,Male,43.0,Chennai,Tamil Nadu,2024-10-29,Google Ads,Premium
C101635,Ananya Sharma,Female,62.0,Mumbai,Maharashtra,2025-01-26,Google Ads,Premium
C101636,Priya Patel,Female,41.0,Delhi,Delhi,2024-04-30,Organic Search,Basic
C101637,Kiran Gupta,Female,50.0,Delhi,Delhi,2025-03-29,YouTube,Basic
C101638,Nikhil Rao,Female,64.0,Delhi,Delhi,2024-05-13,Email,Basic
C101639,Rahul Sharma,Female,60.0,Chennai,Tamil Nadu,2024-07-18,Google Ads,Basic
C101640,Aarav Varma,Female,37.0,Pune,Maharashtra,2025-06-10,Email,Standard
C101641,Kavya Varma,Male,42.0,Kolkata,West Bengal,2024-02-06,Organic Search,Basic
C101642,Vihaan Sharma,Male,46.0,Delhi,Delhi,2024-11-22,Instagram,Standard
C101643,Ananya Varma,Female,23.0,Visakhapatnam,Andhra Pradesh,2025-03-10,Google Ads,Basic
C101644,Rohan Varma,Female,29.0,Chennai,Tamil Nadu,2024-04-06,Organic Search,Basic
C101645,Sai Das,Male,52.0,Ahmedabad,Gujarat,2024-08-03,Email,Standard
C101646,Rahul Singh,Female,21.0,Bengaluru,Karnataka,2024-09-07,Instagram,Premium
C101647,Arjun Patel,Male,46.0,Bengaluru,Karnataka,2025-04-29,Organic Search,Standard
C101648,Priya Singh,Male,41.0,Chennai,Tamil Nadu,2025-12-13,Email,Basic
C101649,Kiran Reddy,Female,41.0,Delhi,Delhi,2025-09-02,Google Ads,Standard
C101650,Ananya Das,Male,58.0,Chennai,Tamil Nadu,2024-05-18,Google Ads,Standard
C101651,Aarav Rao,Female,31.0,Bengaluru,Karnataka,2024-01-14,Google Ads,Basic
C101652,Sanjay Patel,Female,55.0,Chennai,Tamil Nadu,2024-02-07,YouTube,Standard
C101653,Arjun Singh,Female,55.0,Kolkata,West Bengal,2025-03-10,Instagram,Standard
C101654,Aditya Reddy,Male,65.0,Ahmedabad,Gujarat,2024-04-24,Organic Search,Basic
C101655,Aarav Kumar,Female,57.0,Mumbai,Maharashtra,2024-06-17,Referral,Standard
C101656,Kavya Das,Male,42.0,Delhi,Delhi,2025-09-10,Organic Search,Standard
C101657,Sneha Sharma,Female,35.0,Pune,Maharashtra,2025-09-29,YouTube,Standard
C101658,Sneha Das,Male,55.0,Pune,Maharashtra,2025-09-04,YouTube,Standard
C101659,Kavya Singh,Other,62.0,Ahmedabad,Gujarat,2024-07-04,Organic Search,Standard
C101660,Kavya Reddy,Female,31.0,Delhi,Delhi,2025-03-28,Google Ads,Premium
C101661,Meera Varma,Male,35.0,Kolkata,West Bengal,2025-03-21,Google Ads,Basic
C101662,Rohan Sharma,Male,41.0,Visakhapatnam,Andhra Pradesh,2024-05-15,Google Ads,Standard
C101663,Divya Reddy,Male,23.0,Mumbai,Maharashtra,2025-02-08,Email,Basic
C101664,Vihaan Rao,Female,33.0,Visakhapatnam,Andhra Pradesh,2025-01-18,Google Ads,Standard
C101665,Aarav Singh,Female,25.0,Delhi,Delhi,2024-10-16,Google Ads,Standard
C101666,Aditya Reddy,Female,55.0,Delhi,Delhi,2025-07-02,Instagram,Standard
C101667,Arjun Singh,Female,41.0,Kolkata,West Bengal,2025-05-09,Organic Search,Standard
C101668,Kiran Gupta,Male,46.0,Kolkata,West Bengal,2025-01-23,Instagram,Standard
C101669,Kiran Reddy,Female,21.0,Pune,Maharashtra,2025-06-13,Google Ads,Standard
C101670,Arjun Singh,Male,45.0,Mumbai,Maharashtra,2025-07-11,Referral,Standard
C101671,Meera Kumar,Female,52.0,Hyderabad,Telangana,2025-02-17,Referral,Basic
C101672,Sneha Sharma,Male,51.0,Kakinada,Andhra Pradesh,2024-07-14,Organic Search,Standard
C101673,Sneha Sharma,Female,56.0,Visakhapatnam,Andhra Pradesh,2025-07-07,Email,Basic
C101674,Vihaan Reddy,Male,23.0,Visakhapatnam,Andhra Pradesh,2025-06-07,Organic Search,Standard
C101675,Ananya Patel,Male,44.0,Pune,Maharashtra,2025-12-18,Google Ads,Standard
C101676,Sanjay Gupta,Male,41.0,Visakhapatnam,Andhra Pradesh,2024-04-19,Instagram,Standard
C101677,Aditya Rao,Female,60.0,Chennai,Tamil Nadu,2024-11-02,Organic Search,Standard
C101678,Nikhil Patel,Female,51.0,Hyderabad,Telangana,2025-11-05,Instagram,Standard
C101679,Sai Kumar,Male,63.0,Bengaluru,Karnataka,2025-01-10,Organic Search,Standard
C101680,Kavya Varma,Male,19.0,Mumbai,Maharashtra,2025-11-19,YouTube,Basic
C101681,Meera Sharma,Male,39.0,Delhi,Delhi,2024-01-10,Google Ads,Standard
C101682,Vihaan Singh,Female,51.0,Kakinada,Andhra Pradesh,2024-01-26,Organic Search,Standard
C101683,Aarav Gupta,Female,22.0,Delhi,Delhi,2025-08-04,Google Ads,Standard
C101684,Arjun Rao,Female,49.0,Kolkata,West Bengal,2024-09-18,Google Ads,Basic
C101685,Meera Patel,Female,29.0,Mumbai,Maharashtra,2025-01-14,Google Ads,Basic
C101686,Sai Kumar,Male,21.0,Kolkata,West Bengal,2024-11-08,Email,Standard
C101687,Sanjay Sharma,Male,49.0,Pune,Maharashtra,2024-10-24,YouTube,Standard
C101688,Nikhil Reddy,Female,38.0,Bengaluru,Karnataka,2025-11-16,Google Ads,Basic
C101689,Meera Reddy,Female,37.0,Chennai,Tamil Nadu,2024-03-09,Email,Premium
C101690,Nikhil Gupta,Male,33.0,Bengaluru,Karnataka,2025-07-17,Google Ads,Standard
C101691,Meera Das,Female,50.0,Visakhapatnam,Andhra Pradesh,2025-10-11,Google Ads,Basic
C101692,Aditya Reddy,Male,47.0,Ahmedabad,Gujarat,2025-04-24,Email,Standard
C101693,Kavya Sharma,Male,50.0,Kakinada,Andhra Pradesh,2024-10-15,Organic Search,Basic
C101694,Priya Gupta,Male,55.0,Visakhapatnam,Andhra Pradesh,2024-04-26,Email,Standard
C101695,Priya Sharma,Female,47.0,Mumbai,Maharashtra,2025-05-13,YouTube,Standard
C101696,Divya Kumar,Female,21.0,Ahmedabad,Gujarat,2024-12-08,Instagram,Standard
C101697,Aditya Das,Female,25.0,Bengaluru,Karnataka,2024-04-19,Referral,Standard
C101698,Divya Rao,Female,65.0,Kakinada,Andhra Pradesh,2024-09-19,Google Ads,Basic
C101699,Rohan Rao,Female,31.0,Ahmedabad,Gujarat,2025-12-02,Organic Search,Standard
C101700,Vihaan Sharma,Male,38.0,Kolkata,West Bengal,2024-07-12,Instagram,Basic
C101701,Sai Reddy,Female,36.0,Kakinada,Andhra Pradesh,2024-05-10,Instagram,Standard
C101702,Priya Naidu,Male,65.0,Visakhapatnam,Andhra Pradesh,2025-05-12,Organic Search,Basic
C101703,Sneha Varma,Female,57.0,Visakhapatnam,Andhra Pradesh,2024-05-25,Google Ads,Standard
C101704,Rohan Naidu,Male,41.0,Bengaluru,Karnataka,2025-11-02,Email,Premium
C101705,Vihaan Gupta,Male,50.0,Hyderabad,Telangana,2025-09-19,YouTube,Standard
C101706,Sneha Naidu,Female,44.0,Kakinada,Andhra Pradesh,2025-12-18,Google Ads,Standard
C101707,Meera Varma,Male,48.0,Mumbai,Maharashtra,2025-10-28,Referral,Standard
C101708,Rohan Das,Male,63.0,Chennai,Tamil Nadu,2024-06-26,YouTube,Basic
C101709,Nikhil Reddy,Female,50.0,Hyderabad,Telangana,2024-06-03,Organic Search,Basic
C101710,Kavya Kumar,Female,23.0,Kolkata,West Bengal,2024-09-07,Instagram,Premium
C101711,Rahul Reddy,Male,42.0,Visakhapatnam,Andhra Pradesh,2024-12-08,Organic Search,Premium
C101712,Divya Sharma,Male,57.0,Visakhapatnam,Andhra Pradesh,2025-10-04,Referral,Standard
C101713,Kiran Patel,Male,19.0,Pune,Maharashtra,2025-06-19,Organic Search,Basic
C101714,Sanjay Sharma,Female,35.0,Kolkata,West Bengal,2025-04-15,Referral,Standard
C101715,Vihaan Gupta,Female,27.0,Pune,Maharashtra,2025-10-03,Google Ads,Standard
C101716,Arjun Gupta,Male,52.0,Chennai,Tamil Nadu,2025-04-16,Organic Search,Standard
C101717,Sanjay Sharma,Female,24.0,Pune,Maharashtra,2024-10-03,Instagram,Basic
C101718,Aditya Singh,Female,47.0,Kakinada,Andhra Pradesh,2024-10-28,Organic Search,Standard
C101719,Arjun Reddy,Other,21.0,Mumbai,Maharashtra,2025-01-12,Organic Search,Premium
C101720,Kavya Naidu,Male,62.0,Chennai,Tamil Nadu,2024-03-05,YouTube,Standard
C101721,Kavya Naidu,Female,33.0,Kolkata,West Bengal,2025-06-25,Instagram,Basic
C101722,Ananya Rao,Female,37.0,Pune,Maharashtra,2025-04-21,Google Ads,Standard
C101723,Divya Kumar,Male,55.0,Hyderabad,Telangana,2025-06-17,Instagram,Basic
C101724,Sneha Reddy,Male,36.0,Mumbai,Maharashtra,2025-01-24,Google Ads,Basic
C101725,Sneha Sharma,Male,23.0,Kolkata,West Bengal,2025-07-25,Google Ads,Standard
C101726,Rahul Varma,Male,61.0,Kolkata,West Bengal,2025-11-24,Referral,Standard
C101727,Sai Reddy,Female,23.0,Ahmedabad,Gujarat,2025-02-20,Google Ads,Basic
C101728,Sai Rao,Female,41.0,Kakinada,Andhra Pradesh,2024-11-20,YouTube,Premium
C101729,Priya Gupta,Male,23.0,Kolkata,West Bengal,2024-03-17,Google Ads,Standard
C101730,Aditya Gupta,Female,51.0,Pune,Maharashtra,2025-07-22,Google Ads,Standard
C101731,Meera Varma,Male,30.0,Delhi,Delhi,2025-10-21,Email,Basic
C101732,Meera Kumar,Female,62.0,Delhi,Delhi,2025-05-25,Google Ads,Standard
C101733,Kiran Rao,Male,27.0,Visakhapatnam,Andhra Pradesh,2025-09-23,Organic Search,Standard
C101734,Kavya Sharma,Female,50.0,Chennai,Tamil Nadu,2025-09-20,Email,Standard
C101735,Kavya Kumar,Female,18.0,Ahmedabad,Gujarat,2025-08-05,Email,Standard
C101736,Kavya Singh,Female,23.0,Bengaluru,Karnataka,2025-01-02,Email,Premium
C101737,Rohan Kumar,Female,31.0,Bengaluru,Karnataka,2024-03-13,Organic Search,Standard
C101738,Meera Rao,Male,60.0,Mumbai,Maharashtra,2024-01-03,YouTube,Basic
C101739,Priya Kumar,Female,65.0,Bengaluru,Karnataka,2024-05-29,Instagram,Basic
C101740,Ananya Rao,Female,47.0,Kolkata,West Bengal,2024-11-10,Referral,Standard
C101741,Nikhil Rao,Male,34.0,Kolkata,West Bengal,2025-06-26,Organic Search,Premium
C101742,Meera Reddy,Other,32.0,Pune,Maharashtra,2024-11-28,Instagram,Standard
C101743,Rohan Sharma,Male,,Mumbai,Maharashtra,2024-01-17,Referral,Standard
C101744,Nikhil Das,Male,34.0,Pune,Maharashtra,2024-06-02,Email,Standard
C101745,Ananya Rao,Female,41.0,Bengaluru,Karnataka,2025-12-15,Instagram,Standard
C101746,Sneha Varma,Male,50.0,Chennai,Tamil Nadu,2025-12-22,Google Ads,Premium
C101747,Arjun Patel,Male,29.0,Bengaluru,Karnataka,2024-10-02,Organic Search,Premium
C101748,Divya Patel,Male,19.0,Hyderabad,Telangana,2025-08-10,Instagram,Standard
C101749,Sneha Das,Female,44.0,Bengaluru,Karnataka,2025-06-09,Instagram,Standard
C101750,Priya Kumar,Female,29.0,Bengaluru,Karnataka,2025-11-10,Organic Search,Standard
C101751,Kiran Reddy,Male,37.0,Chennai,Tamil Nadu,2025-10-09,Organic Search,Standard
C101752,Nikhil Naidu,Female,52.0,Pune,Maharashtra,2025-04-03,Referral,Standard
C101753,Kavya Sharma,Female,61.0,Kolkata,West Bengal,2024-10-15,Google Ads,Standard
C101754,Aarav Sharma,Female,43.0,Chennai,Tamil Nadu,2025-04-02,Instagram,Standard
C101755,Sanjay Patel,Female,62.0,Bengaluru,Karnataka,2024-08-20,Organic Search,Premium
C101756,Vihaan Patel,Female,30.0,Hyderabad,Telangana,2024-09-11,Google Ads,Premium
C101757,Vihaan Das,Male,52.0,Ahmedabad,Gujarat,2025-03-20,YouTube,Standard
C101758,Vihaan Singh,Male,65.0,Kakinada,Andhra Pradesh,2025-02-21,Organic Search,Standard
C101759,Sanjay Rao,Female,28.0,Mumbai,Maharashtra,2025-02-28,Instagram,Standard
C101760,Priya Das,Male,53.0,Mumbai,Maharashtra,2024-10-07,Email,Standard
C101761,Kavya Reddy,Male,40.0,Delhi,Delhi,2024-10-25,YouTube,Premium
C101762,Aarav Patel,Male,60.0,Mumbai,Maharashtra,2024-01-08,Organic Search,Premium
C101763,Priya Das,Male,32.0,Mumbai,Maharashtra,2025-03-15,Email,Standard
C101764,Divya Sharma,Female,,Chennai,Tamil Nadu,2025-02-24,Instagram,Standard
C101765,Meera Varma,Male,56.0,Ahmedabad,Gujarat,2025-11-13,Email,Standard
C101766,Priya Singh,Female,51.0,Ahmedabad,Gujarat,2025-01-03,Email,Premium
C101767,Kiran Rao,Female,19.0,Kakinada,Andhra Pradesh,2024-12-07,Referral,Basic
C101768,Arjun Rao,Male,21.0,Delhi,Delhi,2024-02-19,Google Ads,Standard
C101769,Aarav Gupta,Male,49.0,Chennai,Tamil Nadu,2024-05-23,YouTube,Standard
C101770,Vihaan Sharma,Male,40.0,Delhi,Delhi,2024-09-03,Referral,Standard
C101771,Sanjay Patel,Female,33.0,Hyderabad,Telangana,2024-10-02,Google Ads,Standard
C101772,Rohan Patel,Male,58.0,Delhi,Delhi,2024-09-21,Google Ads,Basic
C101773,Aditya Gupta,Female,41.0,Mumbai,Maharashtra,2024-10-14,Google Ads,Premium
C101774,Aarav Kumar,Male,40.0,Chennai,Tamil Nadu,2025-07-15,Referral,Premium
C101775,Meera Sharma,Male,33.0,Bengaluru,Karnataka,2024-04-05,Google Ads,Premium
C101776,Kiran Varma,Male,65.0,Ahmedabad,Gujarat,2024-08-30,Referral,Basic
C101777,Aarav Patel,Male,35.0,Visakhapatnam,Andhra Pradesh,2024-04-28,Instagram,Basic
C101778,Aditya Varma,Male,30.0,Kakinada,Andhra Pradesh,2024-08-12,Google Ads,Standard
C101779,Nikhil Rao,Female,50.0,Hyderabad,Telangana,2025-05-14,Instagram,Standard
C101780,Sneha Gupta,Male,19.0,Bengaluru,Karnataka,2024-02-04,Google Ads,Premium
C101781,Priya Das,Female,46.0,Kakinada,Andhra Pradesh,2024-09-04,Google Ads,Basic
C101782,Aditya Patel,Female,45.0,Visakhapatnam,Andhra Pradesh,2024-01-18,Google Ads,Premium
C101783,Divya Rao,Female,29.0,Pune,Maharashtra,2025-11-28,Organic Search,Standard
C101784,Kavya Varma,Female,54.0,Delhi,Delhi,2025-06-14,Referral,Basic
C101785,Sai Kumar,Male,20.0,Pune,Maharashtra,2024-06-26,Email,Standard
C101786,Priya Naidu,Female,65.0,Pune,Maharashtra,2024-05-24,Instagram,Basic
C101787,Nikhil Rao,Male,59.0,Visakhapatnam,Andhra Pradesh,2024-03-13,Google Ads,Basic
C101788,Sai Das,Female,26.0,Pune,Maharashtra,2024-12-11,Instagram,Basic
C101789,Arjun Singh,Male,41.0,Hyderabad,Telangana,2025-07-04,Referral,Standard
C101790,Aditya Singh,Female,27.0,Kolkata,West Bengal,2025-03-02,Email,Standard
C101791,Aditya Rao,Female,47.0,Ahmedabad,Gujarat,2025-10-05,Organic Search,Standard
C101792,Nikhil Patel,Female,34.0,Mumbai,Maharashtra,2024-09-07,Referral,Basic
C101793,Rahul Naidu,Male,41.0,Bengaluru,Karnataka,2024-07-22,Google Ads,Standard
C101794,Rohan Kumar,Female,63.0,Bengaluru,Karnataka,2024-12-14,Google Ads,Basic
C101795,Kavya Singh,Female,47.0,Visakhapatnam,Andhra Pradesh,2024-05-27,YouTube,Basic
C101796,Rahul Kumar,Male,59.0,Chennai,Tamil Nadu,2025-12-13,Instagram,Standard
C101797,Meera Rao,Male,48.0,Pune,Maharashtra,2024-05-15,Instagram,Basic
C101798,Aditya Gupta,Male,40.0,Kakinada,Andhra Pradesh,2024-12-15,Instagram,Standard
C101799,Kavya Gupta,Male,18.0,Hyderabad,Telangana,2025-01-16,YouTube,Basic
C101800,Vihaan Varma,Female,22.0,Mumbai,Maharashtra,2024-02-11,YouTube,Basic
C101801,Sanjay Singh,Male,43.0,Visakhapatnam,Andhra Pradesh,2024-12-07,Google Ads,Premium
C101802,Rohan Naidu,Female,42.0,Pune,Maharashtra,2024-11-27,Instagram,Standard
C101803,Meera Singh,Female,42.0,Hyderabad,Telangana,2024-07-08,Organic Search,Standard
C101804,Nikhil Sharma,Female,58.0,Ahmedabad,Gujarat,2024-04-03,Google Ads,Basic
C101805,Kiran Rao,Female,22.0,Bengaluru,Karnataka,2024-02-02,Instagram,Premium
C101806,Sai Das,Female,49.0,Ahmedabad,Gujarat,2024-01-07,Google Ads,Standard
C101807,Rahul Rao,Female,53.0,Ahmedabad,Gujarat,2024-12-17,Google Ads,Standard
C101808,Kiran Singh,Male,48.0,Visakhapatnam,Andhra Pradesh,2024-03-06,Google Ads,Standard
C101809,Arjun Patel,Female,29.0,Chennai,Tamil Nadu,2025-12-01,Email,Basic
C101810,Priya Patel,Female,37.0,Mumbai,Maharashtra,2024-06-27,Organic Search,Standard
C101811,Nikhil Gupta,Male,20.0,Visakhapatnam,Andhra Pradesh,2025-04-21,Referral,Standard
C101812,Ananya Singh,Female,26.0,Pune,Maharashtra,2025-05-06,Instagram,Basic
C101813,Aditya Varma,Other,56.0,Kolkata,West Bengal,2024-12-27,Instagram,Premium
C101814,Nikhil Das,Male,47.0,Bengaluru,Karnataka,2025-10-07,Organic Search,Standard
C101815,Sai Das,Female,59.0,Kolkata,West Bengal,2024-03-21,Instagram,Standard
C101816,Vihaan Varma,Female,51.0,Pune,Maharashtra,2024-06-19,Google Ads,Basic
C101817,Arjun Das,Male,29.0,Mumbai,Maharashtra,2024-07-03,Instagram,Basic
C101818,Sanjay Naidu,Male,57.0,Ahmedabad,Gujarat,2024-04-08,Google Ads,Standard
C101819,Sai Gupta,Male,51.0,Bengaluru,Karnataka,2024-08-03,Referral,Standard
C101820,Nikhil Gupta,Female,27.0,Ahmedabad,Gujarat,2024-08-16,Google Ads,Standard
C101821,Vihaan Sharma,Male,18.0,Kakinada,Andhra Pradesh,2025-07-12,Email,Standard
C101822,Rahul Patel,Female,54.0,Pune,Maharashtra,2024-08-08,Google Ads,Standard
C101823,Ananya Gupta,Female,52.0,Bengaluru,Karnataka,2025-10-01,Organic Search,Standard
C101824,Divya Sharma,Female,22.0,Pune,Maharashtra,2025-07-18,Email,Premium
C101825,Ananya Sharma,Male,40.0,Pune,Maharashtra,2025-10-20,Google Ads,Basic
C101826,Arjun Das,Male,61.0,Pune,Maharashtra,2024-03-17,Organic Search,Standard
C101827,Ananya Sharma,Male,56.0,Mumbai,Maharashtra,2025-12-19,YouTube,Premium
C101828,Ananya Kumar,Male,57.0,Kolkata,West Bengal,2025-03-24,Instagram,Basic
C101829,Aarav Das,Male,36.0,Mumbai,Maharashtra,2025-12-18,Email,Standard
C101830,Aditya Patel,Male,23.0,Pune,Maharashtra,2024-09-16,Email,Standard
C101831,Kiran Varma,Male,34.0,Pune,Maharashtra,2025-11-26,Email,Premium
C101832,Kiran Das,Female,50.0,Kolkata,West Bengal,2025-03-05,Instagram,Basic
C101833,Arjun Sharma,Male,58.0,Ahmedabad,Gujarat,2024-02-22,Instagram,Premium
C101834,Sneha Gupta,Male,48.0,Visakhapatnam,Andhra Pradesh,2024-10-26,Google Ads,Basic
C101835,Kavya Gupta,Female,19.0,Ahmedabad,Gujarat,2024-04-10,Instagram,Standard
C101836,Meera Gupta,Female,46.0,Ahmedabad,Gujarat,2025-11-18,Google Ads,Standard
C101837,Aarav Kumar,Female,26.0,Visakhapatnam,Andhra Pradesh,2024-08-10,Organic Search,Premium
C101838,Sanjay Singh,Female,47.0,Mumbai,Maharashtra,2024-06-11,Google Ads,Basic
C101839,Aarav Singh,Male,37.0,Mumbai,Maharashtra,2025-02-07,Google Ads,Premium
C101840,Sanjay Kumar,Female,43.0,Pune,Maharashtra,2024-11-06,Google Ads,Premium
C101841,Aarav Patel,Female,46.0,Chennai,Tamil Nadu,2024-03-11,Google Ads,Standard
C101842,Rohan Singh,Female,48.0,Ahmedabad,Gujarat,2025-08-19,Organic Search,Premium
C101843,Nikhil Sharma,Female,18.0,Hyderabad,Telangana,2025-09-09,Organic Search,Standard
C101844,Sai Gupta,Male,64.0,Bengaluru,Karnataka,2025-06-26,Google Ads,Standard
C101845,Nikhil Sharma,Male,45.0,Ahmedabad,Gujarat,2025-03-26,Google Ads,Premium
C101846,Arjun Kumar,Female,42.0,Visakhapatnam,Andhra Pradesh,2024-10-20,Instagram,Standard
C101847,Nikhil Rao,Female,36.0,Delhi,Delhi,2025-01-30,YouTube,Premium
C101848,Divya Naidu,Male,23.0,Delhi,Delhi,2025-01-15,Google Ads,Basic
C101849,Ananya Gupta,Male,48.0,Pune,Maharashtra,2024-04-30,Google Ads,Standard
C101850,Rahul Singh,Male,35.0,Chennai,Tamil Nadu,2024-02-29,Google Ads,Standard
C101851,Meera Singh,Male,61.0,Bengaluru,Karnataka,2024-07-03,Instagram,Standard
C101852,Sanjay Sharma,Male,49.0,Pune,Maharashtra,2024-11-27,Google Ads,Basic
C101853,Kavya Kumar,Female,39.0,Visakhapatnam,Andhra Pradesh,2024-04-27,YouTube,Standard
C101854,Rohan Patel,Male,19.0,Ahmedabad,Gujarat,2024-03-18,Instagram,Premium
C101855,Rahul Patel,Male,44.0,Visakhapatnam,Andhra Pradesh,2025-09-13,Google Ads,Standard
C101856,Aarav Varma,Male,58.0,Kolkata,West Bengal,2024-09-30,Instagram,Standard
C101857,Kiran Reddy,Female,40.0,Visakhapatnam,Andhra Pradesh,2025-03-02,Google Ads,Basic
C101858,Priya Kumar,Female,49.0,Mumbai,Maharashtra,2025-01-17,YouTube,Premium
C101859,Kavya Rao,Female,23.0,Hyderabad,Telangana,2025-06-20,Email,Basic
C101860,Vihaan Varma,Female,37.0,Bengaluru,Karnataka,2025-06-24,YouTube,Premium
C101861,Vihaan Reddy,Other,56.0,Kakinada,Andhra Pradesh,2024-08-04,Organic Search,Standard
C101862,Aarav Kumar,Female,38.0,Kolkata,West Bengal,2025-09-10,Email,Standard
C101863,Sai Gupta,Female,60.0,Mumbai,Maharashtra,2024-09-28,Referral,Premium
C101864,Divya Gupta,Male,37.0,Visakhapatnam,Andhra Pradesh,2025-09-01,Referral,Basic
C101865,Sai Naidu,Female,,Delhi,Delhi,2024-10-22,Email,Standard
C101866,Aditya Das,Male,48.0,Pune,Maharashtra,2024-03-22,Email,Standard
C101867,Rahul Patel,Female,63.0,Mumbai,Maharashtra,2025-07-08,Referral,Premium
C101868,Aarav Rao,Male,43.0,Hyderabad,Telangana,2024-01-23,Google Ads,Basic
C101869,Sneha Reddy,Male,40.0,Mumbai,Maharashtra,2025-07-17,Email,Basic
C101870,Aditya Varma,Male,34.0,Mumbai,Maharashtra,2024-02-01,Instagram,Premium
C101871,Rahul Gupta,Female,49.0,Pune,Maharashtra,2024-05-30,Referral,Standard
C101872,Sai Naidu,Female,65.0,Hyderabad,Telangana,2025-03-16,Referral,Standard
C101873,Sai Rao,Male,26.0,Mumbai,Maharashtra,2025-11-18,Referral,Standard
C101874,Sai Reddy,Female,62.0,Pune,Maharashtra,2024-10-25,Referral,Standard
C101875,Meera Patel,Male,64.0,Delhi,Delhi,2024-03-29,Organic Search,Standard
C101876,Sanjay Rao,Female,54.0,Kolkata,West Bengal,2024-06-19,Organic Search,Standard
C101877,Sanjay Singh,Male,45.0,Kolkata,West Bengal,2025-10-16,Google Ads,Premium
C101878,Sneha Rao,Male,59.0,Kakinada,Andhra Pradesh,2025-06-14,Google Ads,Standard
C101879,Kiran Kumar,Female,30.0,Visakhapatnam,Andhra Pradesh,2024-03-14,Instagram,Premium
C101880,Meera Patel,Female,48.0,Mumbai,Maharashtra,2024-10-07,Instagram,Premium
C101881,Meera Singh,Female,56.0,Kolkata,West Bengal,2024-07-12,Google Ads,Basic
C101882,Rohan Kumar,Female,56.0,Kolkata,West Bengal,2024-05-09,Organic Search,Premium
C101883,Aarav Reddy,Female,46.0,Pune,Maharashtra,2025-09-09,Organic Search,Premium
C101884,Sai Varma,Male,36.0,Ahmedabad,Gujarat,2025-03-26,Google Ads,Basic
C101885,Meera Sharma,Male,63.0,Bengaluru,Karnataka,2024-05-11,Organic Search,Basic
C101886,Arjun Naidu,Female,50.0,Delhi,Delhi,2025-04-20,Google Ads,Basic
C101887,Arjun Reddy,Male,54.0,Visakhapatnam,Andhra Pradesh,2024-10-28,Organic Search,Premium
C101888,Aditya Patel,Female,47.0,Visakhapatnam,Andhra Pradesh,2024-02-14,Referral,Standard
C101889,Divya Rao,Male,,Hyderabad,Telangana,2024-11-24,Email,Standard
C101890,Aditya Das,Male,40.0,Chennai,Tamil Nadu,2024-05-15,Google Ads,Basic
C101891,Vihaan Reddy,Male,44.0,Mumbai,Maharashtra,2024-06-28,Instagram,Premium
C101892,Kiran Kumar,Female,56.0,Bengaluru,Karnataka,2025-10-03,Google Ads,Standard
C101893,Nikhil Singh,Female,42.0,Hyderabad,Telangana,2025-06-02,Email,Standard
C101894,Ananya Gupta,Male,29.0,Pune,Maharashtra,2024-04-07,YouTube,Standard
C101895,Sai Reddy,Male,54.0,Kolkata,West Bengal,2025-09-13,Email,Standard
C101896,Vihaan Kumar,Male,36.0,Pune,Maharashtra,2025-02-23,Organic Search,Standard
C101897,Rahul Sharma,Male,23.0,Delhi,Delhi,2025-09-30,Instagram,Standard
C101898,Ananya Singh,Male,35.0,Ahmedabad,Gujarat,2025-06-29,Organic Search,Basic
C101899,Divya Varma,Female,20.0,Kolkata,West Bengal,2024-09-04,Organic Search,Basic
C101900,Aditya Reddy,Male,60.0,Kakinada,Andhra Pradesh,2025-01-25,Google Ads,Standard
C101901,Priya Singh,Male,65.0,Delhi,Delhi,2025-01-22,Referral,Premium
C101902,Kiran Reddy,Male,30.0,Mumbai,Maharashtra,2025-06-09,Instagram,Basic
C101903,Kavya Gupta,Male,61.0,Chennai,Tamil Nadu,2024-06-30,Instagram,Standard
C101904,Divya Rao,Male,52.0,Pune,Maharashtra,2024-08-31,Instagram,Premium
C101905,Kavya Das,Female,63.0,Chennai,Tamil Nadu,2024-06-27,Organic Search,Standard
C101906,Sneha Sharma,Female,25.0,Visakhapatnam,Andhra Pradesh,2024-08-04,Organic Search,Standard
C101907,Sai Sharma,Female,20.0,Hyderabad,Telangana,2024-04-27,Instagram,Premium
C101908,Vihaan Sharma,Male,62.0,Pune,Maharashtra,2024-01-27,YouTube,Standard
C101909,Sai Gupta,Female,30.0,Chennai,Tamil Nadu,2025-11-17,Organic Search,Premium
C101910,Meera Varma,Female,46.0,Mumbai,Maharashtra,2024-02-24,Referral,Standard
C101911,Divya Sharma,Female,61.0,Kolkata,West Bengal,2025-10-10,YouTube,Standard
C101912,Kavya Singh,Female,34.0,Visakhapatnam,Andhra Pradesh,2024-01-03,Organic Search,Standard
C101913,Aarav Sharma,Male,22.0,Pune,Maharashtra,2025-07-21,Google Ads,Standard
C101914,Meera Das,Other,55.0,Hyderabad,Telangana,2024-08-27,YouTube,Basic
C101915,Sai Gupta,Female,39.0,Hyderabad,Telangana,2025-01-12,Google Ads,Standard
C101916,Divya Kumar,Female,19.0,Chennai,Tamil Nadu,2024-07-25,Instagram,Standard
C101917,Arjun Rao,Female,34.0,Kolkata,West Bengal,2024-12-24,Instagram,Standard
C101918,Ananya Kumar,Other,,Delhi,Delhi,2024-11-25,Email,Standard
C101919,Rohan Singh,Male,60.0,Delhi,Delhi,2025-01-21,YouTube,Basic
C101920,Sai Gupta,Female,28.0,Visakhapatnam,Andhra Pradesh,2024-10-14,Google Ads,Premium
C101921,Rohan Das,Female,42.0,Hyderabad,Telangana,2025-01-26,Referral,Basic
C101922,Priya Gupta,Female,26.0,Hyderabad,Telangana,2025-08-25,Google Ads,Standard
C101923,Rahul Naidu,Female,31.0,Bengaluru,Karnataka,2024-11-13,Organic Search,Basic
C101924,Vihaan Kumar,Male,30.0,Kakinada,Andhra Pradesh,2024-09-20,Instagram,Standard
C101925,Kiran Naidu,Male,43.0,Chennai,Tamil Nadu,2024-04-06,Referral,Standard
C101926,Meera Das,Male,49.0,Bengaluru,Karnataka,2024-09-19,Referral,Premium
C101927,Kiran Reddy,Female,23.0,Delhi,Delhi,2024-04-01,Instagram,Standard
C101928,Meera Singh,Female,21.0,Kakinada,Andhra Pradesh,2024-05-13,YouTube,Standard
C101929,Rohan Singh,Female,53.0,Kolkata,West Bengal,2025-11-26,YouTube,Basic
C101930,Aditya Kumar,Female,32.0,Mumbai,Maharashtra,2024-03-06,Referral,Basic
C101931,Rohan Naidu,Female,47.0,Mumbai,Maharashtra,2024-12-17,Organic Search,Standard
C101932,Kavya Gupta,Male,21.0,Hyderabad,Telangana,2025-09-01,Organic Search,Basic
C101933,Rohan Reddy,Female,46.0,Ahmedabad,Gujarat,2025-11-26,Instagram,Basic
C101934,Divya Das,Female,61.0,Bengaluru,Karnataka,2024-04-17,Instagram,Basic
C101935,Divya Reddy,Female,39.0,Mumbai,Maharashtra,2024-04-29,Email,Standard
C101936,Meera Das,Female,45.0,Delhi,Delhi,2024-09-28,Referral,Standard
C101937,Ananya Reddy,Other,32.0,Kolkata,West Bengal,2025-02-08,Email,Basic
C101938,Meera Kumar,Male,31.0,Kolkata,West Bengal,2025-12-01,Referral,Standard
C101939,Sai Gupta,Female,21.0,Ahmedabad,Gujarat,2024-05-31,Organic Search,Standard
C101940,Sneha Kumar,Female,40.0,Mumbai,Maharashtra,2024-04-30,Instagram,Standard
C101941,Aarav Reddy,Male,63.0,Delhi,Delhi,2024-07-03,Instagram,Premium
C101942,Nikhil Naidu,Male,23.0,Delhi,Delhi,2025-09-30,Google Ads,Standard
C101943,Sanjay Das,Male,37.0,Hyderabad,Telangana,2024-01-22,Google Ads,Standard
C101944,Ananya Singh,Male,58.0,Ahmedabad,Gujarat,2024-10-04,Organic Search,Standard
C101945,Vihaan Patel,Female,41.0,Pune,Maharashtra,2024-03-27,Organic Search,Standard
C101946,Divya Singh,Male,54.0,Chennai,Tamil Nadu,2024-04-24,Google Ads,Standard
C101947,Meera Singh,Male,36.0,Kakinada,Andhra Pradesh,2025-10-31,Email,Premium
C101948,Divya Reddy,Female,,Bengaluru,Karnataka,2024-01-02,Google Ads,Premium
C101949,Sai Patel,Male,65.0,Kakinada,Andhra Pradesh,2024-08-22,Referral,Standard
C101950,Aarav Singh,Female,46.0,Kolkata,West Bengal,2025-10-30,YouTube,Premium
C101951,Priya Rao,Male,56.0,Mumbai,Maharashtra,2025-03-19,Google Ads,Basic
C101952,Priya Reddy,Male,51.0,Kolkata,West Bengal,2024-02-22,Organic Search,Standard
C101953,Vihaan Sharma,Other,22.0,Ahmedabad,Gujarat,2024-12-05,Instagram,Standard
C101954,Meera Sharma,Female,25.0,Delhi,Delhi,2025-12-09,Google Ads,Standard
C101955,Sneha Reddy,Female,47.0,Delhi,Delhi,2024-10-19,Email,Standard
C101956,Aditya Varma,Female,34.0,Visakhapatnam,Andhra Pradesh,2025-01-20,Organic Search,Premium
C101957,Sanjay Patel,Male,41.0,Bengaluru,Karnataka,2025-01-23,Referral,Standard
C101958,Sai Gupta,Female,41.0,Hyderabad,Telangana,2025-04-27,Organic Search,Premium
C101959,Sanjay Das,Male,56.0,Kolkata,West Bengal,2024-05-16,Organic Search,Standard
C101960,Sanjay Singh,Male,65.0,Kakinada,Andhra Pradesh,2025-09-04,Email,Standard
C101961,Sai Gupta,Male,65.0,Pune,Maharashtra,2025-12-22,Google Ads,Standard
C101962,Vihaan Varma,Female,21.0,Bengaluru,Karnataka,2024-04-14,Google Ads,Standard
C101963,Sai Das,Male,53.0,Pune,Maharashtra,2025-08-20,Email,Basic
C101964,Divya Varma,Male,52.0,Mumbai,Maharashtra,2025-08-19,Email,Standard
C101965,Rahul Das,Male,59.0,Visakhapatnam,Andhra Pradesh,2025-06-25,Google Ads,Premium
C101966,Aarav Naidu,Female,38.0,Kolkata,West Bengal,2024-09-27,Google Ads,Standard
C101967,Vihaan Naidu,Male,42.0,Delhi,Delhi,2024-12-08,Instagram,Standard
C101968,Sneha Varma,Female,39.0,Kolkata,West Bengal,2025-09-04,Instagram,Standard
C101969,Meera Naidu,Male,35.0,Kolkata,West Bengal,2024-04-21,Referral,Standard
C101970,Kiran Varma,Female,29.0,Kolkata,West Bengal,2025-08-27,Organic Search,Standard
C101971,Kiran Sharma,Male,48.0,Delhi,Delhi,2025-11-03,Organic Search,Standard
C101972,Sai Gupta,Female,18.0,Pune,Maharashtra,2025-05-12,YouTube,Standard
C101973,Ananya Naidu,Male,53.0,Hyderabad,Telangana,2024-09-06,Email,Basic
C101974,Kavya Gupta,Male,58.0,Chennai,Tamil Nadu,2025-02-12,Google Ads,Standard
C101975,Rohan Rao,Male,28.0,Delhi,Delhi,2024-02-06,Email,Standard
C101976,Kavya Singh,Male,28.0,Pune,Maharashtra,2025-11-11,Organic Search,Standard
C101977,Nikhil Das,Male,42.0,Kakinada,Andhra Pradesh,2024-09-06,Email,Premium
C101978,Rahul Sharma,Male,58.0,Kakinada,Andhra Pradesh,2024-02-11,Referral,Standard
C101979,Sneha Varma,Female,23.0,Chennai,Tamil Nadu,2025-08-02,Email,Standard
C101980,Nikhil Naidu,Female,38.0,Kolkata,West Bengal,2025-04-25,Instagram,Premium
C101981,Ananya Naidu,Male,28.0,Bengaluru,Karnataka,2025-03-30,Google Ads,Standard
C101982,Sanjay Patel,Male,58.0,Chennai,Tamil Nadu,2024-02-09,Instagram,Standard
C101983,Sanjay Varma,Male,60.0,Kolkata,West Bengal,2025-07-02,Google Ads,Premium
C101984,Nikhil Singh,Male,22.0,Kolkata,West Bengal,2025-04-10,Organic Search,Standard
C101985,Rahul Sharma,Male,24.0,Kakinada,Andhra Pradesh,2025-08-02,Instagram,Basic
C101986,Ananya Reddy,Male,25.0,Chennai,Tamil Nadu,2025-08-26,Instagram,Standard
C101987,Priya Naidu,Male,56.0,Kakinada,Andhra Pradesh,2024-06-03,Organic Search,Basic
C101988,Meera Varma,Female,61.0,Kakinada,Andhra Pradesh,2024-06-02,Organic Search,Basic
C101989,Sneha Naidu,Female,35.0,Pune,Maharashtra,2025-11-05,Referral,Basic
C101990,Nikhil Gupta,Female,25.0,Hyderabad,Telangana,2025-01-22,Google Ads,Standard
C101991,Aarav Naidu,Male,49.0,Delhi,Delhi,2024-11-15,Google Ads,Basic
C101992,Sai Kumar,Female,60.0,Ahmedabad,Gujarat,2024-07-28,Email,Standard
C101993,Kavya Sharma,Male,61.0,Pune,Maharashtra,2025-04-11,Organic Search,Standard
C101994,Vihaan Kumar,Male,39.0,Kakinada,Andhra Pradesh,2025-07-04,Instagram,Standard
C101995,Sanjay Rao,Female,55.0,Visakhapatnam,Andhra Pradesh,2024-01-02,YouTube,Standard
C101996,Kiran Rao,Male,63.0,Hyderabad,Telangana,2025-02-07,Email,Basic
C101997,Aditya Sharma,Male,57.0,Visakhapatnam,Andhra Pradesh,2025-12-26,Organic Search,Standard
C101998,Vihaan Rao,Female,40.0,Delhi,Delhi,2024-07-23,Instagram,Premium
C101999,Sanjay Naidu,Female,30.0,Visakhapatnam,Andhra Pradesh,2024-07-24,YouTube,Premium
C102000,Vihaan Singh,Female,35.0,Pune,Maharashtra,2025-10-03,Referral,Standard
C102001,Divya Reddy,Male,35.0,Chennai,Tamil Nadu,2024-02-15,Google Ads,Basic
C102002,Rohan Naidu,Male,65.0,Hyderabad,Telangana,2024-10-17,Google Ads,Basic
C102003,Kavya Patel,Other,53.0,Bengaluru,Karnataka,2024-11-30,Google Ads,Premium
C102004,Nikhil Kumar,Male,59.0,Pune,Maharashtra,2025-08-05,Instagram,Premium
C102005,Kavya Gupta,Male,55.0,Pune,Maharashtra,2024-04-04,Instagram,Premium
C102006,Sneha Singh,Male,40.0,Pune,Maharashtra,2024-11-12,Google Ads,Standard
C102007,Vihaan Kumar,Female,55.0,Bengaluru,Karnataka,2024-04-21,Referral,Standard
C102008,Aditya Patel,Female,48.0,Pune,Maharashtra,2025-07-28,Email,Standard
C102009,Divya Patel,Male,53.0,Hyderabad,Telangana,2025-04-06,Organic Search,Standard
C102010,Priya Varma,Female,32.0,Bengaluru,Karnataka,2024-12-28,Referral,Premium
C102011,Sanjay Patel,Male,29.0,Chennai,Tamil Nadu,2024-10-13,Instagram,Standard
C102012,Nikhil Das,Female,26.0,Kolkata,West Bengal,2024-04-21,Google Ads,Standard
C102013,Kiran Reddy,Male,31.0,Kolkata,West Bengal,2025-11-03,Email,Standard
C102014,Kiran Sharma,Male,64.0,Kakinada,Andhra Pradesh,2025-04-17,Organic Search,Standard
C102015,Sai Gupta,Male,63.0,Visakhapatnam,Andhra Pradesh,2024-08-20,Google Ads,Basic
C102016,Vihaan Gupta,Other,25.0,Delhi,Delhi,2024-10-29,YouTube,Premium
C102017,Aditya Naidu,Female,44.0,Ahmedabad,Gujarat,2025-06-14,Organic Search,Basic
C102018,Aditya Sharma,Female,63.0,Hyderabad,Telangana,2025-06-09,Organic Search,Standard
C102019,Kiran Varma,Male,54.0,Visakhapatnam,Andhra Pradesh,2024-12-02,Email,Standard
C102020,Aditya Kumar,Male,47.0,Delhi,Delhi,2024-08-09,Google Ads,Premium
C102021,Ananya Das,Male,46.0,Ahmedabad,Gujarat,2025-04-26,YouTube,Standard
C102022,Rahul Kumar,Male,33.0,Kakinada,Andhra Pradesh,2025-04-25,YouTube,Premium
C102023,Rahul Singh,Male,62.0,Ahmedabad,Gujarat,2025-03-13,Organic Search,Standard
C102024,Vihaan Varma,Female,21.0,Kakinada,Andhra Pradesh,2024-02-23,Organic Search,Standard
C102025,Nikhil Das,Female,59.0,Hyderabad,Telangana,2024-12-11,YouTube,Basic
C102026,Priya Reddy,Female,59.0,Bengaluru,Karnataka,2025-03-24,Organic Search,Standard
C102027,Ananya Naidu,Male,30.0,Kolkata,West Bengal,2025-11-24,Instagram,Basic
C102028,Rohan Sharma,Male,42.0,Pune,Maharashtra,2025-01-18,Referral,Standard
C102029,Arjun Naidu,Female,60.0,Bengaluru,Karnataka,2024-09-07,Email,Basic
C102030,Kiran Gupta,Male,40.0,Ahmedabad,Gujarat,2025-02-09,Organic Search,Premium
C102031,Kavya Reddy,Female,32.0,Hyderabad,Telangana,2024-05-09,Referral,Basic
C102032,Priya Patel,Female,21.0,Kakinada,Andhra Pradesh,2024-03-07,Referral,Standard
C102033,Sanjay Singh,Male,39.0,Bengaluru,Karnataka,2025-05-10,YouTube,Standard
C102034,Ananya Singh,Male,31.0,Chennai,Tamil Nadu,2025-12-20,Google Ads,Standard
C102035,Nikhil Patel,Female,58.0,Visakhapatnam,Andhra Pradesh,2025-09-09,Instagram,Premium
C102036,Meera Naidu,Female,59.0,Pune,Maharashtra,2025-03-02,Email,Premium
C102037,Aarav Reddy,Female,33.0,Ahmedabad,Gujarat,2024-01-30,Google Ads,Standard
C102038,Priya Das,Female,28.0,Ahmedabad,Gujarat,2025-12-22,Google Ads,Basic
C102039,Rohan Varma,Female,31.0,Kakinada,Andhra Pradesh,2024-11-24,Email,Basic
C102040,Rohan Kumar,Male,37.0,Chennai,Tamil Nadu,2024-07-30,YouTube,Premium
C102041,Ananya Gupta,Female,50.0,Kakinada,Andhra Pradesh,2025-10-13,Google Ads,Standard
C102042,Sai Gupta,Female,25.0,Pune,Maharashtra,2025-06-28,Google Ads,Standard
C102043,Aditya Naidu,Male,65.0,Visakhapatnam,Andhra Pradesh,2025-07-01,Referral,Standard
C102044,Nikhil Kumar,Male,51.0,Ahmedabad,Gujarat,2024-07-21,Email,Standard
C102045,Priya Naidu,Female,24.0,Bengaluru,Karnataka,2025-12-25,Google Ads,Standard
C102046,Divya Das,Female,33.0,Kolkata,West Bengal,2024-11-26,Google Ads,Standard
C102047,Vihaan Rao,Male,51.0,Visakhapatnam,Andhra Pradesh,2025-01-22,Email,Premium
C102048,Sanjay Singh,Female,42.0,Bengaluru,Karnataka,2025-07-02,YouTube,Premium
C102049,Arjun Reddy,Female,43.0,Visakhapatnam,Andhra Pradesh,2025-04-26,Google Ads,Premium
C102050,Kiran Naidu,Female,19.0,Bengaluru,Karnataka,2024-05-05,Referral,Standard
C102051,Aarav Reddy,Male,37.0,Visakhapatnam,Andhra Pradesh,2024-08-08,Organic Search,Standard
C102052,Sanjay Patel,Male,47.0,Ahmedabad,Gujarat,2024-09-20,Instagram,Standard
C102053,Sneha Reddy,Male,53.0,Bengaluru,Karnataka,2025-11-22,Organic Search,Basic
C102054,Sanjay Naidu,Female,39.0,Ahmedabad,Gujarat,2025-06-05,Google Ads,Standard
C102055,Sneha Reddy,Female,44.0,Bengaluru,Karnataka,2024-09-24,Instagram,Premium
C102056,Rahul Kumar,Male,28.0,Pune,Maharashtra,2025-06-20,Instagram,Premium
C102057,Divya Singh,Female,56.0,Kakinada,Andhra Pradesh,2025-06-23,Instagram,Basic
C102058,Vihaan Reddy,Male,51.0,Mumbai,Maharashtra,2024-10-14,Organic Search,Standard
C102059,Arjun Kumar,Female,53.0,Bengaluru,Karnataka,2024-10-21,Email,Basic
C102060,Kiran Rao,Male,50.0,Chennai,Tamil Nadu,2025-10-14,Organic Search,Basic
C102061,Arjun Varma,Female,65.0,Delhi,Delhi,2025-02-14,Organic Search,Basic
C102062,Rohan Rao,Female,60.0,Hyderabad,Telangana,2024-04-19,Google Ads,Basic
C102063,Sneha Gupta,Female,56.0,Chennai,Tamil Nadu,2025-06-09,YouTube,Standard
C102064,Divya Gupta,Male,34.0,Mumbai,Maharashtra,2025-03-06,Organic Search,Standard
C102065,Sneha Singh,Male,21.0,Bengaluru,Karnataka,2025-01-06,Google Ads,Basic
C102066,Aarav Gupta,Male,18.0,Mumbai,Maharashtra,2025-06-13,Organic Search,Standard
C102067,Sai Naidu,Female,55.0,Hyderabad,Telangana,2025-10-24,Organic Search,Basic
C102068,Aarav Varma,Male,61.0,Kakinada,Andhra Pradesh,2024-08-29,Referral,Basic
C102069,Arjun Varma,Female,49.0,Kakinada,Andhra Pradesh,2024-11-02,Instagram,Standard
C102070,Vihaan Reddy,Female,52.0,Delhi,Delhi,2024-05-18,Google Ads,Standard
C102071,Priya Naidu,Male,22.0,Visakhapatnam,Andhra Pradesh,2025-04-17,YouTube,Standard
C102072,Sai Rao,Male,45.0,Chennai,Tamil Nadu,2024-10-20,Email,Standard
C102073,Nikhil Varma,Male,47.0,Kakinada,Andhra Pradesh,2024-09-06,Organic Search,Standard
C102074,Arjun Rao,Female,25.0,Bengaluru,Karnataka,2025-05-23,YouTube,Standard
C102075,Divya Gupta,Other,54.0,Mumbai,Maharashtra,2024-10-24,Instagram,Basic
C102076,Kavya Kumar,Male,34.0,Ahmedabad,Gujarat,2024-12-04,YouTube,Basic
C102077,Meera Sharma,Other,27.0,Mumbai,Maharashtra,2024-11-17,Referral,Standard
C102078,Rohan Sharma,Male,51.0,Visakhapatnam,Andhra Pradesh,2024-07-07,Organic Search,Basic
C102079,Kavya Naidu,Male,38.0,Chennai,Tamil Nadu,2024-04-01,Google Ads,Premium
C102080,Nikhil Sharma,Female,43.0,Chennai,Tamil Nadu,2025-08-26,Google Ads,Standard
C102081,Nikhil Singh,Female,44.0,Chennai,Tamil Nadu,2024-03-07,Google Ads,Basic
C102082,Aarav Naidu,Male,47.0,Ahmedabad,Gujarat,2024-08-25,Google Ads,Basic
C102083,Rahul Reddy,Female,37.0,Hyderabad,Telangana,2025-05-02,Instagram,Standard
C102084,Vihaan Kumar,Female,57.0,Ahmedabad,Gujarat,2024-04-05,Google Ads,Standard
C102085,Kavya Naidu,Female,60.0,Ahmedabad,Gujarat,2025-04-23,Email,Standard
C102086,Arjun Rao,Female,41.0,Visakhapatnam,Andhra Pradesh,2025-06-19,YouTube,Standard
C102087,Sanjay Singh,Male,26.0,Kakinada,Andhra Pradesh,2025-04-28,Instagram,Standard
C102088,Sanjay Gupta,Male,31.0,Ahmedabad,Gujarat,2024-08-10,Instagram,Premium
C102089,Rahul Sharma,Female,55.0,Pune,Maharashtra,2024-01-15,Referral,Basic
C102090,Kiran Patel,Female,30.0,Chennai,Tamil Nadu,2025-10-09,Email,Premium
C102091,Aditya Patel,Male,55.0,Delhi,Delhi,2024-08-26,Email,Standard
C102092,Sai Sharma,Male,49.0,Visakhapatnam,Andhra Pradesh,2025-08-10,YouTube,Standard
C102093,Vihaan Naidu,Male,39.0,Delhi,Delhi,2024-05-24,Google Ads,Premium
C102094,Divya Naidu,Female,24.0,Pune,Maharashtra,2024-04-28,Referral,Premium
C102095,Arjun Rao,Male,43.0,Hyderabad,Telangana,2025-07-22,YouTube,Premium
C102096,Arjun Rao,Male,51.0,Delhi,Delhi,2025-11-17,Email,Standard
C102097,Sai Patel,Male,25.0,Mumbai,Maharashtra,2025-09-20,Referral,Standard
C102098,Meera Singh,Female,57.0,Chennai,Tamil Nadu,2025-07-02,YouTube,Standard
C102099,Priya Sharma,Female,27.0,Pune,Maharashtra,2024-06-29,Google Ads,Standard
C102100,Rohan Reddy,Male,37.0,Ahmedabad,Gujarat,2025-10-28,Instagram,Basic
C102101,Nikhil Varma,Male,43.0,Chennai,Tamil Nadu,2025-05-02,Instagram,Basic
C102102,Arjun Patel,Male,53.0,Bengaluru,Karnataka,2024-05-05,Organic Search,Standard
C102103,Ananya Das,Female,28.0,Pune,Maharashtra,2024-04-04,Organic Search,Standard
C102104,Divya Singh,Female,34.0,Hyderabad,Telangana,2025-09-27,Google Ads,Standard
C102105,Nikhil Varma,Female,56.0,Visakhapatnam,Andhra Pradesh,2024-07-19,Google Ads,Standard
C102106,Rahul Varma,Female,33.0,Ahmedabad,Gujarat,2025-07-13,Referral,Standard
C102107,Priya Singh,Male,47.0,Mumbai,Maharashtra,2024-04-11,Instagram,Standard
C102108,Sneha Sharma,Male,37.0,Mumbai,Maharashtra,2024-07-23,Organic Search,Standard
C102109,Aarav Singh,Male,20.0,Hyderabad,Telangana,2024-07-25,Google Ads,Standard
C102110,Rohan Patel,Male,42.0,Delhi,Delhi,2024-07-24,Organic Search,Basic
C102111,Sneha Rao,Male,35.0,Hyderabad,Telangana,2025-05-07,Organic Search,Premium
C102112,Priya Sharma,Female,30.0,Kakinada,Andhra Pradesh,2025-10-29,Google Ads,Standard
C102113,Ananya Das,Male,59.0,Bengaluru,Karnataka,2025-10-26,Email,Premium
C102114,Divya Das,Female,55.0,Kolkata,West Bengal,2025-06-25,Organic Search,Basic
C102115,Priya Rao,Male,31.0,Pune,Maharashtra,2024-05-27,Google Ads,Standard
C102116,Meera Naidu,Male,43.0,Mumbai,Maharashtra,2025-12-02,Google Ads,Standard
C102117,Sai Sharma,Female,52.0,Visakhapatnam,Andhra Pradesh,2025-01-30,Organic Search,Standard
C102118,Arjun Rao,Male,20.0,Bengaluru,Karnataka,2025-02-02,Email,Premium
C102119,Rahul Naidu,Male,22.0,Visakhapatnam,Andhra Pradesh,2025-05-27,Organic Search,Basic
C102120,Sanjay Rao,Male,43.0,Ahmedabad,Gujarat,2025-07-15,Google Ads,Basic
C102121,Arjun Reddy,Female,62.0,Kolkata,West Bengal,2025-11-26,Organic Search,Standard
C102122,Aarav Naidu,Male,62.0,Visakhapatnam,Andhra Pradesh,2025-03-01,Email,Standard
C102123,Aarav Varma,Female,39.0,Chennai,Tamil Nadu,2025-03-21,Google Ads,Standard
C102124,Kavya Varma,Other,51.0,Mumbai,Maharashtra,2025-06-28,Google Ads,Standard
C102125,Sanjay Kumar,Female,41.0,Bengaluru,Karnataka,2024-07-05,Google Ads,Basic
C102126,Aditya Naidu,Male,61.0,Kakinada,Andhra Pradesh,2024-08-12,Organic Search,Premium
C102127,Meera Sharma,Female,45.0,Chennai,Tamil Nadu,2025-04-01,Instagram,Basic
C102128,Priya Gupta,Male,60.0,Visakhapatnam,Andhra Pradesh,2024-02-16,Organic Search,Basic
C102129,Rohan Varma,Female,35.0,Delhi,Delhi,2024-08-21,Google Ads,Standard
C102130,Nikhil Sharma,Female,62.0,Kakinada,Andhra Pradesh,2025-06-08,Organic Search,Standard
C102131,Divya Naidu,Male,52.0,Visakhapatnam,Andhra Pradesh,2025-12-13,Instagram,Standard
C102132,Arjun Gupta,Male,54.0,Delhi,Delhi,2025-01-14,Organic Search,Standard
C102133,Priya Naidu,Female,18.0,Chennai,Tamil Nadu,2024-10-18,Referral,Standard
C102134,Aarav Patel,Female,56.0,Ahmedabad,Gujarat,2024-11-17,Email,Premium
C102135,Kiran Naidu,Female,25.0,Mumbai,Maharashtra,2025-05-15,YouTube,Premium
C102136,Rahul Das,Male,62.0,Hyderabad,Telangana,2025-02-01,Instagram,Standard
C102137,Kiran Sharma,Female,27.0,Mumbai,Maharashtra,2024-01-17,Instagram,Basic
C102138,Rahul Das,Female,57.0,Pune,Maharashtra,2025-01-28,Instagram,Premium
C102139,Priya Kumar,Female,48.0,Bengaluru,Karnataka,2024-10-19,Referral,Premium
C102140,Rohan Das,Male,36.0,Delhi,Delhi,2025-05-26,Organic Search,Premium
C102141,Rohan Reddy,Female,60.0,Kakinada,Andhra Pradesh,2025-09-30,Instagram,Premium
C102142,Aditya Singh,Female,36.0,Hyderabad,Telangana,2025-12-03,Organic Search,Basic
C102143,Rohan Kumar,Male,21.0,Hyderabad,Telangana,2025-03-21,Google Ads,Standard
C102144,Sanjay Naidu,Male,21.0,Chennai,Tamil Nadu,2024-09-21,YouTube,Standard
C102145,Priya Gupta,Male,58.0,Hyderabad,Telangana,2024-11-20,Google Ads,Standard
C102146,Meera Das,Male,36.0,Hyderabad,Telangana,2024-05-08,YouTube,Basic
C102147,Vihaan Kumar,Female,57.0,Bengaluru,Karnataka,2025-11-14,Referral,Standard
C102148,Ananya Reddy,Male,18.0,Bengaluru,Karnataka,2025-09-10,YouTube,Basic
C102149,Aditya Rao,Female,21.0,Visakhapatnam,Andhra Pradesh,2025-09-15,Email,Standard
C102150,Kiran Gupta,Male,65.0,Bengaluru,Karnataka,2024-08-27,Google Ads,Basic
C102151,Kavya Singh,Female,24.0,Pune,Maharashtra,2024-08-23,Organic Search,Standard
C102152,Arjun Naidu,Female,51.0,Ahmedabad,Gujarat,2025-09-17,Referral,Basic
C102153,Aditya Gupta,Female,34.0,Kolkata,West Bengal,2025-02-01,Google Ads,Standard
C102154,Rohan Naidu,Female,42.0,Kolkata,West Bengal,2025-05-29,Referral,Standard
C102155,Kavya Singh,Male,23.0,Delhi,Delhi,2024-12-23,Organic Search,Standard
C102156,Priya Das,Female,30.0,Visakhapatnam,Andhra Pradesh,2024-11-19,Organic Search,Standard
C102157,Meera Varma,Female,54.0,Hyderabad,Telangana,2025-04-06,Instagram,Standard
C102158,Aarav Naidu,Male,43.0,Bengaluru,Karnataka,2025-08-16,Organic Search,Premium
C102159,Rahul Das,Other,42.0,Visakhapatnam,Andhra Pradesh,2024-08-31,Google Ads,Basic
C102160,Kiran Patel,Male,63.0,Hyderabad,Telangana,2025-08-13,Instagram,Standard
C102161,Arjun Naidu,Female,37.0,Bengaluru,Karnataka,2024-06-27,Instagram,Premium
C102162,Aditya Patel,Male,56.0,Bengaluru,Karnataka,2024-10-21,Instagram,Standard
C102163,Rahul Sharma,Female,52.0,Hyderabad,Telangana,2025-10-28,Email,Standard
C102164,Kiran Singh,Male,40.0,Bengaluru,Karnataka,2025-11-27,Google Ads,Premium
C102165,Sai Patel,Male,32.0,Pune,Maharashtra,2025-11-05,Instagram,Standard
C102166,Sneha Singh,Male,34.0,Kolkata,West Bengal,2024-08-18,Google Ads,Standard
C102167,Sai Das,Other,59.0,Hyderabad,Telangana,2025-09-07,Organic Search,Basic
C102168,Meera Das,Male,32.0,Kakinada,Andhra Pradesh,2025-11-14,Email,Standard
C102169,Sanjay Varma,Female,49.0,Hyderabad,Telangana,2025-12-15,Referral,Standard
C102170,Kiran Gupta,Female,23.0,Kolkata,West Bengal,2024-01-16,Organic Search,Standard
C102171,Aarav Patel,Female,34.0,Visakhapatnam,Andhra Pradesh,2025-06-27,Instagram,Standard
C102172,Vihaan Sharma,Male,62.0,Pune,Maharashtra,2025-12-28,Organic Search,Basic
C102173,Kiran Sharma,Female,43.0,Chennai,Tamil Nadu,2025-07-12,Instagram,Basic
C102174,Vihaan Varma,Female,57.0,Bengaluru,Karnataka,2024-06-19,Instagram,Basic
C102175,Rahul Kumar,Male,30.0,Mumbai,Maharashtra,2025-07-10,Google Ads,Standard
C102176,Kiran Rao,Male,54.0,Visakhapatnam,Andhra Pradesh,2024-03-17,Instagram,Premium
C102177,Kiran Naidu,Female,65.0,Delhi,Delhi,2024-12-16,Instagram,Standard
C102178,Kavya Varma,Male,62.0,Hyderabad,Telangana,2025-04-02,Organic Search,Premium
C102179,Aarav Rao,Male,38.0,Ahmedabad,Gujarat,2024-11-29,Google Ads,Standard
C102180,Arjun Patel,Male,50.0,Kolkata,West Bengal,2025-05-25,Instagram,Standard
C102181,Divya Varma,Female,61.0,Hyderabad,Telangana,2024-06-24,Email,Standard
C102182,Meera Das,Female,,Hyderabad,Telangana,2025-03-18,Email,Standard
C102183,Kiran Patel,Female,64.0,Bengaluru,Karnataka,2025-04-15,YouTube,Standard
C102184,Sneha Varma,Female,19.0,Hyderabad,Telangana,2025-04-07,Instagram,Standard
C102185,Rahul Varma,Male,43.0,Kolkata,West Bengal,2024-07-30,Organic Search,Standard
C102186,Kiran Varma,Male,55.0,Bengaluru,Karnataka,2024-08-10,Email,Standard
C102187,Aditya Sharma,Male,53.0,Kolkata,West Bengal,2024-07-07,Referral,Standard
C102188,Ananya Das,Male,25.0,Bengaluru,Karnataka,2024-12-03,Google Ads,Standard
C102189,Arjun Patel,Male,45.0,Kakinada,Andhra Pradesh,2025-03-03,Google Ads,Standard
C102190,Kavya Gupta,Female,25.0,Ahmedabad,Gujarat,2024-09-21,Instagram,Basic
C102191,Rahul Reddy,Male,22.0,Delhi,Delhi,2024-10-26,Email,Basic
C102192,Aarav Patel,Male,23.0,Chennai,Tamil Nadu,2024-07-28,Email,Premium
C102193,Sneha Sharma,Male,63.0,Hyderabad,Telangana,2024-06-08,Instagram,Standard
C102194,Sai Sharma,Male,31.0,Hyderabad,Telangana,2025-04-24,Google Ads,Basic
C102195,Meera Varma,Male,39.0,Pune,Maharashtra,2025-08-18,YouTube,Basic
C102196,Vihaan Naidu,Male,30.0,Hyderabad,Telangana,2024-07-31,Referral,Premium
C102197,Sai Reddy,Male,60.0,Kolkata,West Bengal,2025-09-20,Referral,Basic
C102198,Meera Sharma,Female,60.0,Delhi,Delhi,2025-02-20,YouTube,Basic
C102199,Aarav Gupta,Female,49.0,Bengaluru,Karnataka,2024-05-02,Instagram,Basic
C102200,Sneha Singh,Female,57.0,Pune,Maharashtra,2024-09-24,Email,Standard
C102201,Vihaan Naidu,Female,23.0,Pune,Maharashtra,2024-01-06,Organic Search,Standard
C102202,Sneha Patel,Female,65.0,Ahmedabad,Gujarat,2024-01-29,Google Ads,Standard
C102203,Meera Gupta,Female,38.0,Bengaluru,Karnataka,2024-09-02,Google Ads,Standard
C102204,Priya Varma,Female,37.0,Pune,Maharashtra,2024-11-27,Organic Search,Standard
C102205,Sai Gupta,Female,27.0,Visakhapatnam,Andhra Pradesh,2025-08-05,Instagram,Premium
C102206,Rahul Rao,Male,60.0,Mumbai,Maharashtra,2024-04-08,Instagram,Basic
C102207,Meera Patel,Male,26.0,Visakhapatnam,Andhra Pradesh,2025-09-04,Google Ads,Standard
C102208,Arjun Rao,Male,59.0,Ahmedabad,Gujarat,2024-06-20,Organic Search,Standard
C102209,Sneha Rao,Male,52.0,Chennai,Tamil Nadu,2024-04-10,Google Ads,Standard
C102210,Sanjay Kumar,Female,55.0,Visakhapatnam,Andhra Pradesh,2025-05-25,Google Ads,Basic
C102211,Aarav Varma,Male,19.0,Kakinada,Andhra Pradesh,2025-07-19,Google Ads,Basic
C102212,Sai Naidu,Female,53.0,Mumbai,Maharashtra,2025-03-17,Google Ads,Standard
C102213,Aarav Gupta,Female,64.0,Kakinada,Andhra Pradesh,2024-03-25,Organic Search,Standard
C102214,Sanjay Singh,Female,36.0,Hyderabad,Telangana,2024-03-25,Organic Search,Standard
C102215,Sneha Singh,Male,39.0,Bengaluru,Karnataka,2024-10-11,Google Ads,Standard
C102216,Sai Sharma,Male,23.0,Hyderabad,Telangana,2024-11-24,Email,Basic
C102217,Sneha Varma,Male,41.0,Delhi,Delhi,2025-12-29,Email,Basic
C102218,Aditya Rao,Other,50.0,Kakinada,Andhra Pradesh,2024-07-28,Organic Search,Premium
C102219,Sneha Varma,Female,32.0,Kolkata,West Bengal,2024-05-20,Referral,Standard
C102220,Priya Varma,Female,53.0,Kolkata,West Bengal,2025-11-21,Instagram,Standard
C102221,Aditya Gupta,Female,22.0,Hyderabad,Telangana,2024-04-22,Email,Standard
C102222,Sanjay Gupta,Female,50.0,Pune,Maharashtra,2024-01-20,Email,Standard
C102223,Meera Sharma,Female,46.0,Delhi,Delhi,2024-11-04,Email,Standard
C102224,Priya Naidu,Male,29.0,Chennai,Tamil Nadu,2024-10-19,Google Ads,Basic
C102225,Meera Rao,Male,34.0,Mumbai,Maharashtra,2025-03-28,Instagram,Standard
C102226,Nikhil Varma,Male,29.0,Mumbai,Maharashtra,2025-10-02,Instagram,Standard
C102227,Priya Gupta,Female,47.0,Kakinada,Andhra Pradesh,2025-11-12,Instagram,Standard
C102228,Rahul Reddy,Female,48.0,Pune,Maharashtra,2024-07-30,Instagram,Basic
C102229,Rohan Das,Female,44.0,Chennai,Tamil Nadu,2025-12-16,Google Ads,Basic
C102230,Kiran Reddy,Female,27.0,Hyderabad,Telangana,2025-04-06,Instagram,Basic
C102231,Sanjay Naidu,Female,28.0,Ahmedabad,Gujarat,2024-02-20,Google Ads,Standard
C102232,Kavya Singh,Male,56.0,Chennai,Tamil Nadu,2025-11-16,YouTube,Standard
C102233,Vihaan Sharma,Male,40.0,Delhi,Delhi,2024-04-10,Referral,Standard
C102234,Kavya Kumar,Female,38.0,Kolkata,West Bengal,2025-03-05,Google Ads,Basic
C102235,Arjun Sharma,Female,32.0,Bengaluru,Karnataka,2025-07-31,Organic Search,Standard
C102236,Meera Varma,Female,62.0,Pune,Maharashtra,2024-07-01,Referral,Premium
C102237,Sneha Reddy,Male,29.0,Visakhapatnam,Andhra Pradesh,2024-07-16,Instagram,Premium
C102238,Arjun Rao,Female,54.0,Chennai,Tamil Nadu,2024-12-13,Referral,Standard
C102239,Rohan Singh,Female,54.0,Hyderabad,Telangana,2025-10-07,Google Ads,Standard
C102240,Arjun Varma,Female,29.0,Mumbai,Maharashtra,2024-06-12,Referral,Premium
C102241,Vihaan Gupta,Male,18.0,Hyderabad,Telangana,2025-04-29,Instagram,Premium
C102242,Kavya Varma,Female,29.0,Pune,Maharashtra,2024-11-26,Referral,Standard
C102243,Nikhil Varma,Female,30.0,Delhi,Delhi,2024-03-22,Instagram,Standard
C102244,Vihaan Sharma,Female,53.0,Bengaluru,Karnataka,2025-06-02,Google Ads,Standard
C102245,Meera Das,Female,43.0,Kolkata,West Bengal,2025-08-30,Email,Standard
C102246,Aarav Patel,Female,38.0,Bengaluru,Karnataka,2025-02-24,Google Ads,Premium
C102247,Nikhil Patel,Female,40.0,Delhi,Delhi,2024-05-08,Google Ads,Premium
C102248,Vihaan Varma,Female,63.0,Kakinada,Andhra Pradesh,2024-04-23,Instagram,Standard
C102249,Rohan Varma,Male,63.0,Hyderabad,Telangana,2024-11-05,Email,Standard
C102250,Kiran Kumar,Male,19.0,Mumbai,Maharashtra,2025-01-04,Referral,Premium
C102251,Priya Patel,Male,58.0,Delhi,Delhi,2025-02-07,Organic Search,Premium
C102252,Aarav Sharma,Female,35.0,Pune,Maharashtra,2024-06-26,Referral,Premium
C102253,Arjun Rao,Male,54.0,Mumbai,Maharashtra,2024-12-31,YouTube,Standard
C102254,Kavya Singh,Male,65.0,Kakinada,Andhra Pradesh,2024-08-03,Google Ads,Basic
C102255,Kavya Gupta,Female,42.0,Hyderabad,Telangana,2025-05-15,Organic Search,Premium
C102256,Sanjay Naidu,Female,47.0,Kakinada,Andhra Pradesh,2025-08-04,Google Ads,Standard
C102257,Aarav Reddy,Male,38.0,Pune,Maharashtra,2025-04-21,Google Ads,Standard
C102258,Arjun Naidu,Male,21.0,Hyderabad,Telangana,2024-01-01,Organic Search,Basic
C102259,Nikhil Naidu,Female,19.0,Bengaluru,Karnataka,2025-12-25,YouTube,Standard
C102260,Priya Singh,Male,35.0,Bengaluru,Karnataka,2024-01-18,Organic Search,Premium
C102261,Aditya Patel,Male,57.0,Mumbai,Maharashtra,2025-12-30,Google Ads,Standard
C102262,Sanjay Das,Male,34.0,Delhi,Delhi,2024-01-24,Referral,Premium
C102263,Kavya Varma,Male,38.0,Kolkata,West Bengal,2025-01-12,Instagram,Premium
C102264,Aarav Rao,Female,43.0,Delhi,Delhi,2024-03-18,Email,Standard
C102265,Kiran Gupta,Male,33.0,Ahmedabad,Gujarat,2024-03-10,Google Ads,Standard
C102266,Sai Naidu,Female,41.0,Mumbai,Maharashtra,2025-05-13,Google Ads,Premium
C102267,Arjun Naidu,Male,,Mumbai,Maharashtra,2025-06-15,Instagram,Standard
C102268,Nikhil Singh,Male,58.0,Mumbai,Maharashtra,2024-03-27,YouTube,Basic
C102269,Sai Naidu,Male,54.0,Delhi,Delhi,2025-12-13,Instagram,Standard
C102270,Aditya Naidu,Female,57.0,Visakhapatnam,Andhra Pradesh,2024-08-21,Google Ads,Premium
C102271,Aditya Das,Male,43.0,Mumbai,Maharashtra,2024-08-20,Instagram,Standard
C102272,Kavya Varma,Male,51.0,Mumbai,Maharashtra,2024-08-04,Referral,Premium
C102273,Meera Patel,Male,25.0,Kakinada,Andhra Pradesh,2024-12-02,Instagram,Basic
C102274,Ananya Das,Female,25.0,Kolkata,West Bengal,2024-05-09,Organic Search,Standard
C102275,Divya Varma,Male,62.0,Bengaluru,Karnataka,2024-11-06,Google Ads,Premium
C102276,Aarav Das,Female,46.0,Visakhapatnam,Andhra Pradesh,2024-06-02,Instagram,Basic
C102277,Sai Rao,Female,23.0,Bengaluru,Karnataka,2024-02-07,Instagram,Basic
C102278,Arjun Gupta,Female,37.0,Bengaluru,Karnataka,2024-09-26,Google Ads,Standard
C102279,Rohan Patel,Female,64.0,Chennai,Tamil Nadu,2025-05-05,Email,Standard
C102280,Ananya Gupta,Male,19.0,Kolkata,West Bengal,2025-07-11,Instagram,Standard
C102281,Priya Naidu,Female,39.0,Bengaluru,Karnataka,2024-09-14,Email,Basic
C102282,Aarav Rao,Female,58.0,Ahmedabad,Gujarat,2024-08-24,Google Ads,Standard
C102283,Rohan Rao,Male,63.0,Bengaluru,Karnataka,2025-07-28,Instagram,Basic
C102284,Arjun Gupta,Female,35.0,Ahmedabad,Gujarat,2025-05-12,Google Ads,Standard
C102285,Ananya Reddy,Male,61.0,Hyderabad,Telangana,2025-08-30,Referral,Basic
C102286,Kiran Das,Female,52.0,Chennai,Tamil Nadu,2025-10-23,Google Ads,Premium
C102287,Ananya Singh,Female,37.0,Kolkata,West Bengal,2025-08-22,Referral,Basic
C102288,Sanjay Varma,Female,55.0,Mumbai,Maharashtra,2025-11-14,Organic Search,Basic
C102289,Aditya Sharma,Male,56.0,Kolkata,West Bengal,2024-10-31,Instagram,Basic
C102290,Sanjay Das,Female,,Kolkata,West Bengal,2024-10-15,Google Ads,Basic
C102291,Sanjay Patel,Female,22.0,Kolkata,West Bengal,2024-08-22,Google Ads,Basic
C102292,Rohan Rao,Male,55.0,Delhi,Delhi,2024-06-20,Google Ads,Standard
C102293,Sanjay Patel,Female,21.0,Ahmedabad,Gujarat,2025-06-30,Google Ads,Standard
C102294,Sanjay Patel,Female,55.0,Ahmedabad,Gujarat,2025-06-05,Referral,Basic
C102295,Priya Sharma,Female,35.0,Delhi,Delhi,2025-08-08,Referral,Standard
C102296,Sai Reddy,Other,51.0,Ahmedabad,Gujarat,2024-05-02,Email,Standard
C102297,Arjun Das,Male,47.0,Kakinada,Andhra Pradesh,2024-12-24,Instagram,Standard
C102298,Aarav Naidu,Male,19.0,Visakhapatnam,Andhra Pradesh,2024-06-11,Referral,Basic
C102299,Vihaan Das,Male,18.0,Ahmedabad,Gujarat,2025-10-13,Organic Search,Premium
C102300,Priya Varma,Male,48.0,Ahmedabad,Gujarat,2024-07-14,Google Ads,Standard
C102301,Ananya Das,Male,42.0,Visakhapatnam,Andhra Pradesh,2024-04-15,Email,Standard
C102302,Aditya Das,Female,20.0,Mumbai,Maharashtra,2025-02-20,Referral,Basic
C102303,Kiran Naidu,Male,64.0,Ahmedabad,Gujarat,2025-10-03,Referral,Standard
C102304,Aditya Gupta,Female,29.0,Bengaluru,Karnataka,2025-10-30,Instagram,Standard
C102305,Rohan Varma,Male,59.0,Delhi,Delhi,2024-03-11,Email,Premium
C102306,Rahul Kumar,Male,23.0,Kakinada,Andhra Pradesh,2024-08-25,Referral,Standard
C102307,Sneha Das,Female,29.0,Mumbai,Maharashtra,2024-04-22,Instagram,Basic
C102308,Vihaan Naidu,Female,43.0,Visakhapatnam,Andhra Pradesh,2024-08-12,Instagram,Standard
C102309,Priya Gupta,Male,43.0,Chennai,Tamil Nadu,2025-01-24,Instagram,Standard
C102310,Kiran Das,Female,46.0,Mumbai,Maharashtra,2024-07-23,Referral,Standard
C102311,Sai Naidu,Female,26.0,Hyderabad,Telangana,2024-02-19,Instagram,Standard
C102312,Divya Singh,Male,30.0,Pune,Maharashtra,2025-01-07,Organic Search,Basic
C102313,Aarav Kumar,Male,30.0,Chennai,Tamil Nadu,2024-02-08,YouTube,Standard
C102314,Sanjay Gupta,Female,39.0,Pune,Maharashtra,2024-06-14,YouTube,Premium
C102315,Sai Singh,Male,62.0,Hyderabad,Telangana,2024-01-01,Google Ads,Standard
C102316,Priya Varma,Female,40.0,Mumbai,Maharashtra,2024-03-04,Referral,Standard
C102317,Aditya Sharma,Female,65.0,Hyderabad,Telangana,2024-11-14,Organic Search,Standard
C102318,Aditya Patel,Male,30.0,Delhi,Delhi,2025-09-13,Email,Standard
C102319,Aditya Das,Female,29.0,Kakinada,Andhra Pradesh,2025-07-19,Google Ads,Basic
C102320,Ananya Singh,Male,22.0,Bengaluru,Karnataka,2024-03-13,Organic Search,Basic
C102321,Kiran Das,Male,28.0,Kolkata,West Bengal,2024-01-26,Referral,Premium
C102322,Sneha Patel,Male,32.0,Hyderabad,Telangana,2024-09-03,Organic Search,Standard
C102323,Sneha Singh,Male,36.0,Pune,Maharashtra,2025-04-21,YouTube,Standard
C102324,Priya Gupta,Male,52.0,Kakinada,Andhra Pradesh,2025-06-29,YouTube,Basic
C102325,Aditya Das,Male,39.0,Delhi,Delhi,2025-08-23,Referral,Standard
C102326,Kiran Varma,Female,50.0,Bengaluru,Karnataka,2024-09-06,Instagram,Premium
C102327,Rahul Varma,Male,22.0,Pune,Maharashtra,2024-05-02,Email,Standard
C102328,Rohan Reddy,Male,63.0,Mumbai,Maharashtra,2024-01-20,Email,Standard
C102329,Aditya Patel,Female,25.0,Visakhapatnam,Andhra Pradesh,2024-04-17,Referral,Standard
C102330,Sneha Gupta,Male,19.0,Visakhapatnam,Andhra Pradesh,2024-02-17,Google Ads,Basic
C102331,Sanjay Sharma,Female,38.0,Kolkata,West Bengal,2025-09-20,Referral,Standard
C102332,Rahul Das,Female,49.0,Kolkata,West Bengal,2024-07-14,Referral,Premium
C102333,Aarav Sharma,Male,29.0,Kolkata,West Bengal,2025-08-23,YouTube,Premium
C102334,Sneha Das,Male,25.0,Ahmedabad,Gujarat,2025-02-07,Organic Search,Standard
C102335,Rahul Naidu,Male,58.0,Chennai,Tamil Nadu,2025-01-28,Google Ads,Premium
C102336,Ananya Das,Male,57.0,Kakinada,Andhra Pradesh,2024-11-27,Referral,Standard
C102337,Nikhil Rao,Female,54.0,Delhi,Delhi,2025-08-21,Referral,Premium
C102338,Vihaan Gupta,Female,28.0,Hyderabad,Telangana,2024-02-01,Referral,Standard
C102339,Sai Sharma,Female,43.0,Kolkata,West Bengal,2024-03-08,Instagram,Standard
C102340,Vihaan Patel,Male,51.0,Kolkata,West Bengal,2024-11-05,Email,Standard
C102341,Aditya Das,Female,38.0,Kakinada,Andhra Pradesh,2024-10-14,Organic Search,Basic
C102342,Sai Das,Male,26.0,Delhi,Delhi,2025-02-02,Referral,Basic
C102343,Ananya Rao,Female,57.0,Chennai,Tamil Nadu,2025-06-22,YouTube,Standard
C102344,Priya Singh,Female,63.0,Pune,Maharashtra,2025-03-04,YouTube,Standard
C102345,Aditya Singh,Male,25.0,Delhi,Delhi,2024-07-06,Organic Search,Standard
C102346,Aarav Gupta,Male,51.0,Ahmedabad,Gujarat,2024-08-26,YouTube,Standard
C102347,Sai Singh,Male,60.0,Chennai,Tamil Nadu,2025-07-03,Referral,Basic
C102348,Sanjay Varma,Female,43.0,Ahmedabad,Gujarat,2024-05-27,YouTube,Standard
C102349,Kiran Rao,Male,20.0,Chennai,Tamil Nadu,2025-01-03,YouTube,Premium
C102350,Priya Singh,Female,51.0,Mumbai,Maharashtra,2025-01-28,Email,Standard
C102351,Meera Das,Female,62.0,Kakinada,Andhra Pradesh,2025-07-01,Instagram,Basic
C102352,Arjun Gupta,Male,30.0,Pune,Maharashtra,2025-06-05,Instagram,Standard
C102353,Nikhil Das,Female,24.0,Ahmedabad,Gujarat,2024-12-05,Referral,Standard
C102354,Rahul Sharma,Male,30.0,Pune,Maharashtra,2024-08-13,Organic Search,Standard
C102355,Ananya Gupta,Male,56.0,Delhi,Delhi,2024-09-25,Referral,Standard
C102356,Kavya Reddy,Female,44.0,Kakinada,Andhra Pradesh,2024-10-27,Organic Search,Standard
C102357,Arjun Sharma,Male,18.0,Delhi,Delhi,2024-06-09,Organic Search,Standard
C102358,Ananya Patel,Female,46.0,Kakinada,Andhra Pradesh,2025-04-01,Instagram,Premium
C102359,Ananya Singh,Other,,Chennai,Tamil Nadu,2024-06-01,Instagram,Standard
C102360,Nikhil Rao,Male,26.0,Hyderabad,Telangana,2025-04-18,Email,Premium
C102361,Kavya Rao,Female,46.0,Hyderabad,Telangana,2025-07-02,Google Ads,Basic
C102362,Divya Singh,Male,28.0,Kakinada,Andhra Pradesh,2025-12-03,YouTube,Standard
C102363,Divya Gupta,Female,18.0,Pune,Maharashtra,2024-03-27,Organic Search,Premium
C102364,Kiran Sharma,Other,37.0,Delhi,Delhi,2025-07-08,Google Ads,Basic
C102365,Aarav Sharma,Female,55.0,Visakhapatnam,Andhra Pradesh,2024-03-03,Referral,Standard
C102366,Rohan Rao,Female,50.0,Kolkata,West Bengal,2024-09-03,Organic Search,Standard
C102367,Arjun Patel,Male,22.0,Kolkata,West Bengal,2024-05-08,Organic Search,Standard
C102368,Kiran Gupta,Female,26.0,Kolkata,West Bengal,2024-04-28,Referral,Standard
C102369,Sai Reddy,Male,43.0,Bengaluru,Karnataka,2024-05-08,YouTube,Standard
C102370,Arjun Das,Female,33.0,Hyderabad,Telangana,2024-02-02,Referral,Standard
C102371,Vihaan Kumar,Male,33.0,Ahmedabad,Gujarat,2025-08-23,Instagram,Standard
C102372,Kavya Naidu,Male,38.0,Hyderabad,Telangana,2024-02-14,Referral,Standard
C102373,Arjun Reddy,Male,54.0,Ahmedabad,Gujarat,2024-10-17,Organic Search,Basic
C102374,Aditya Varma,Male,45.0,Bengaluru,Karnataka,2025-05-25,YouTube,Basic
C102375,Rahul Reddy,Male,58.0,Mumbai,Maharashtra,2025-12-23,Instagram,Standard
C102376,Kavya Rao,Male,22.0,Ahmedabad,Gujarat,2025-09-15,Google Ads,Standard
C102377,Rohan Patel,Female,40.0,Kolkata,West Bengal,2024-04-10,Referral,Standard
C102378,Nikhil Das,Female,44.0,Ahmedabad,Gujarat,2025-12-22,Organic Search,Basic
C102379,Rahul Sharma,Male,54.0,Kolkata,West Bengal,2025-04-22,Email,Premium
C102380,Kiran Kumar,Female,42.0,Hyderabad,Telangana,2024-05-11,Google Ads,Basic
C102381,Vihaan Singh,Male,61.0,Visakhapatnam,Andhra Pradesh,2024-11-23,Organic Search,Basic
C102382,Ananya Das,Female,58.0,Mumbai,Maharashtra,2025-11-01,Email,Standard
C102383,Divya Naidu,Male,51.0,Bengaluru,Karnataka,2024-10-13,Organic Search,Basic
C102384,Aditya Naidu,Female,37.0,Visakhapatnam,Andhra Pradesh,2024-05-14,Organic Search,Standard
C102385,Divya Sharma,Male,33.0,Bengaluru,Karnataka,2025-09-30,Instagram,Standard
C102386,Kiran Varma,Male,43.0,Pune,Maharashtra,2025-11-26,YouTube,Basic
C102387,Divya Varma,Female,40.0,Chennai,Tamil Nadu,2025-12-13,Google Ads,Standard
C102388,Sneha Naidu,Female,19.0,Ahmedabad,Gujarat,2025-11-28,YouTube,Premium
C102389,Nikhil Singh,Female,29.0,Hyderabad,Telangana,2025-09-29,Instagram,Standard
C102390,Meera Naidu,Male,58.0,Bengaluru,Karnataka,2024-11-27,Organic Search,Standard
C102391,Rohan Reddy,Female,40.0,Chennai,Tamil Nadu,2024-05-20,Google Ads,Standard
C102392,Divya Rao,Female,63.0,Chennai,Tamil Nadu,2025-03-26,Instagram,Standard
C102393,Priya Gupta,Male,29.0,Ahmedabad,Gujarat,2024-06-10,YouTube,Standard
C102394,Aditya Sharma,Male,64.0,Kolkata,West Bengal,2024-12-11,Google Ads,Standard
C102395,Nikhil Kumar,Male,56.0,Bengaluru,Karnataka,2025-04-23,Instagram,Standard
C102396,Aarav Naidu,Male,35.0,Kakinada,Andhra Pradesh,2025-11-22,Organic Search,Standard
C102397,Rahul Singh,Male,47.0,Chennai,Tamil Nadu,2024-07-30,Google Ads,Standard
C102398,Nikhil Das,Male,65.0,Kakinada,Andhra Pradesh,2024-07-02,Referral,Basic
C102399,Aarav Das,Female,48.0,Kakinada,Andhra Pradesh,2025-06-20,YouTube,Premium
C102400,Meera Rao,Female,62.0,Hyderabad,Telangana,2024-01-05,Referral,Premium
C102401,Aarav Gupta,Female,23.0,Pune,Maharashtra,2025-02-17,Instagram,Basic
C102402,Nikhil Varma,Female,25.0,Chennai,Tamil Nadu,2025-06-28,Email,Standard
C102403,Rohan Kumar,Male,18.0,Chennai,Tamil Nadu,2025-02-06,Email,Standard
C102404,Priya Patel,Female,33.0,Delhi,Delhi,2024-10-07,Instagram,Standard
C102405,Sneha Naidu,Female,55.0,Pune,Maharashtra,2025-08-27,Referral,Standard
C102406,Sneha Gupta,Female,64.0,Chennai,Tamil Nadu,2024-09-27,Google Ads,Premium
C102407,Rohan Sharma,Male,44.0,Bengaluru,Karnataka,2025-06-02,Instagram,Basic
C102408,Kavya Gupta,Female,38.0,Mumbai,Maharashtra,2024-12-04,Google Ads,Premium
C102409,Rohan Rao,Female,62.0,Bengaluru,Karnataka,2024-01-20,YouTube,Basic
C102410,Arjun Gupta,Female,46.0,Visakhapatnam,Andhra Pradesh,2025-01-22,Google Ads,Basic
C102411,Rohan Naidu,Female,43.0,Kolkata,West Bengal,2024-02-06,Google Ads,Premium
C102412,Aditya Rao,Female,22.0,Delhi,Delhi,2025-11-10,YouTube,Basic
C102413,Aditya Gupta,Female,28.0,Delhi,Delhi,2025-03-15,Google Ads,Standard
C102414,Sanjay Reddy,Female,51.0,Hyderabad,Telangana,2024-09-28,YouTube,Basic
C102415,Kiran Sharma,Female,51.0,Mumbai,Maharashtra,2024-12-20,Organic Search,Standard
C102416,Nikhil Reddy,Female,41.0,Kakinada,Andhra Pradesh,2025-03-28,Referral,Standard
C102417,Divya Varma,Male,51.0,Hyderabad,Telangana,2024-07-08,Google Ads,Standard
C102418,Divya Rao,Female,51.0,Bengaluru,Karnataka,2024-07-29,Instagram,Standard
C102419,Meera Patel,Male,21.0,Visakhapatnam,Andhra Pradesh,2024-11-01,Instagram,Standard
C102420,Ananya Kumar,Male,58.0,Pune,Maharashtra,2024-07-07,Google Ads,Standard
C102421,Rahul Kumar,Male,51.0,Hyderabad,Telangana,2025-07-07,Referral,Basic
C102422,Aarav Sharma,Male,28.0,Chennai,Tamil Nadu,2024-03-16,Google Ads,Standard
C102423,Sai Rao,Male,28.0,Ahmedabad,Gujarat,2025-08-26,Organic Search,Basic
C102424,Aditya Sharma,Male,63.0,Delhi,Delhi,2024-09-11,Google Ads,Standard
C102425,Divya Kumar,Male,30.0,Delhi,Delhi,2025-02-13,Google Ads,Premium
C102426,Rohan Reddy,Female,19.0,Kolkata,West Bengal,2024-04-25,Instagram,Standard
C102427,Rahul Kumar,Female,19.0,Pune,Maharashtra,2024-10-08,Google Ads,Basic
C102428,Meera Patel,Other,28.0,Kakinada,Andhra Pradesh,2025-07-04,Organic Search,Basic
C102429,Ananya Gupta,Male,48.0,Mumbai,Maharashtra,2024-07-16,Email,Standard
C102430,Nikhil Das,Male,39.0,Mumbai,Maharashtra,2024-04-06,Google Ads,Basic
C102431,Priya Das,Female,53.0,Bengaluru,Karnataka,2025-01-16,Referral,Standard
C102432,Vihaan Singh,Male,29.0,Kolkata,West Bengal,2024-04-28,Google Ads,Standard
C102433,Arjun Sharma,Female,29.0,Pune,Maharashtra,2024-08-17,Organic Search,Premium
C102434,Vihaan Rao,Female,37.0,Delhi,Delhi,2024-11-24,Google Ads,Standard
C102435,Kavya Reddy,Female,56.0,Kolkata,West Bengal,2025-02-15,Organic Search,Standard
C102436,Meera Sharma,Male,42.0,Delhi,Delhi,2025-04-11,Instagram,Premium
C102437,Sanjay Rao,Male,54.0,Bengaluru,Karnataka,2025-05-08,Google Ads,Premium
C102438,Kavya Kumar,Female,22.0,Pune,Maharashtra,2025-09-08,Referral,Standard
C102439,Sai Patel,Male,37.0,Chennai,Tamil Nadu,2024-02-18,Instagram,Standard
C102440,Kavya Das,Female,38.0,Chennai,Tamil Nadu,2024-09-21,Referral,Standard
C102441,Rohan Kumar,Female,21.0,Chennai,Tamil Nadu,2024-01-01,Referral,Standard
C102442,Sanjay Das,Male,33.0,Kakinada,Andhra Pradesh,2024-01-07,Instagram,Premium
C102443,Sai Naidu,Male,31.0,Mumbai,Maharashtra,2024-06-03,YouTube,Premium
C102444,Sanjay Das,Male,39.0,Mumbai,Maharashtra,2025-03-12,Instagram,Standard
C102445,Kavya Rao,Male,25.0,Pune,Maharashtra,2025-10-14,Organic Search,Basic
C102446,Ananya Sharma,Female,30.0,Hyderabad,Telangana,2025-07-18,Referral,Standard
C102447,Vihaan Naidu,Female,64.0,Bengaluru,Karnataka,2025-04-16,Google Ads,Standard
C102448,Sai Rao,Female,24.0,Pune,Maharashtra,2025-07-22,Instagram,Basic
C102449,Meera Rao,Male,57.0,Pune,Maharashtra,2024-05-05,Email,Basic
C102450,Sanjay Singh,Male,44.0,Kolkata,West Bengal,2025-09-05,Organic Search,Standard
C102451,Vihaan Patel,Female,21.0,Bengaluru,Karnataka,2025-10-11,Email,Basic
C102452,Sai Patel,Female,37.0,Visakhapatnam,Andhra Pradesh,2024-03-10,Google Ads,Standard
C102453,Sneha Singh,Female,42.0,Chennai,Tamil Nadu,2024-12-09,Instagram,Standard
C102454,Aarav Sharma,Female,31.0,Bengaluru,Karnataka,2025-08-28,Organic Search,Standard
C102455,Aditya Varma,Female,30.0,Delhi,Delhi,2024-12-13,Organic Search,Standard
C102456,Sai Gupta,Male,52.0,Mumbai,Maharashtra,2025-09-05,Google Ads,Basic
C102457,Rohan Kumar,Male,19.0,Chennai,Tamil Nadu,2025-11-13,Organic Search,Premium
C102458,Vihaan Varma,Female,62.0,Chennai,Tamil Nadu,2024-12-12,Email,Standard
C102459,Meera Varma,Male,33.0,Chennai,Tamil Nadu,2024-02-13,Referral,Premium
C102460,Rahul Singh,Female,36.0,Chennai,Tamil Nadu,2024-09-05,Email,Standard
C102461,Arjun Patel,Male,24.0,Kakinada,Andhra Pradesh,2024-06-06,Instagram,Standard
C102462,Kiran Das,Male,60.0,Kakinada,Andhra Pradesh,2024-12-12,Instagram,Standard
C102463,Arjun Varma,Male,28.0,Chennai,Tamil Nadu,2025-03-03,Organic Search,Basic
C102464,Ananya Kumar,Female,56.0,Kakinada,Andhra Pradesh,2024-12-04,YouTube,Premium
C102465,Vihaan Singh,Female,33.0,Visakhapatnam,Andhra Pradesh,2024-05-22,Referral,Premium
C102466,Rahul Naidu,Male,19.0,Visakhapatnam,Andhra Pradesh,2024-08-07,Instagram,Standard
C102467,Sai Sharma,Male,37.0,Mumbai,Maharashtra,2025-05-11,Instagram,Standard
C102468,Meera Patel,Male,43.0,Chennai,Tamil Nadu,2024-01-20,Referral,Premium
C102469,Ananya Naidu,Male,40.0,Delhi,Delhi,2024-06-05,Email,Standard
C102470,Priya Das,Female,65.0,Hyderabad,Telangana,2025-10-13,Instagram,Standard
C102471,Sanjay Kumar,Male,42.0,Hyderabad,Telangana,2024-03-13,Instagram,Standard
C102472,Kavya Singh,Male,55.0,Kolkata,West Bengal,2024-10-29,Organic Search,Basic
C102473,Rahul Rao,Male,,Chennai,Tamil Nadu,2024-05-31,Instagram,Standard
C102474,Vihaan Das,Female,24.0,Visakhapatnam,Andhra Pradesh,2024-03-17,Google Ads,Standard
C102475,Divya Naidu,Female,41.0,Kolkata,West Bengal,2024-11-04,Organic Search,Standard
C102476,Nikhil Naidu,Female,44.0,Hyderabad,Telangana,2025-01-15,Instagram,Basic
C102477,Meera Patel,Female,38.0,Visakhapatnam,Andhra Pradesh,2024-05-08,Google Ads,Basic
C102478,Kiran Naidu,Female,54.0,Chennai,Tamil Nadu,2024-02-26,Instagram,Standard
C102479,Priya Singh,Male,64.0,Pune,Maharashtra,2024-04-08,Google Ads,Standard
C102480,Divya Rao,Female,21.0,Kakinada,Andhra Pradesh,2025-04-20,YouTube,Standard
C102481,Kiran Reddy,Female,21.0,Kolkata,West Bengal,2025-09-20,Email,Premium
C102482,Rahul Das,Male,31.0,Hyderabad,Telangana,2024-05-11,Instagram,Standard
C102483,Nikhil Rao,Female,46.0,Bengaluru,Karnataka,2024-08-21,Instagram,Standard
C102484,Priya Das,Female,20.0,Chennai,Tamil Nadu,2024-09-07,Google Ads,Standard
C102485,Aarav Naidu,Female,27.0,Hyderabad,Telangana,2024-09-20,Organic Search,Standard
C102486,Kavya Sharma,Male,37.0,Bengaluru,Karnataka,2024-06-27,Organic Search,Standard
C102487,Aarav Varma,Male,36.0,Ahmedabad,Gujarat,2024-02-10,Email,Basic
C102488,Priya Varma,Female,58.0,Bengaluru,Karnataka,2025-01-18,Instagram,Basic
C102489,Rohan Singh,Male,44.0,Bengaluru,Karnataka,2024-09-17,YouTube,Standard
C102490,Arjun Naidu,Male,59.0,Pune,Maharashtra,2024-09-06,Organic Search,Standard
C102491,Kavya Patel,Male,54.0,Hyderabad,Telangana,2024-07-12,Google Ads,Standard
C102492,Meera Naidu,Male,37.0,Mumbai,Maharashtra,2025-11-09,Google Ads,Standard
C102493,Rahul Varma,Female,64.0,Kakinada,Andhra Pradesh,2025-03-21,Google Ads,Standard
C102494,Nikhil Singh,Female,58.0,Kolkata,West Bengal,2024-11-01,Referral,Premium
C102495,Sneha Singh,Female,41.0,Kakinada,Andhra Pradesh,2024-05-29,Google Ads,Basic
C102496,Sai Reddy,Male,58.0,Delhi,Delhi,2025-08-07,Instagram,Standard
C102497,Arjun Kumar,Male,30.0,Kolkata,West Bengal,2025-10-10,Email,Standard
C102498,Rahul Sharma,Male,27.0,Mumbai,Maharashtra,2024-01-24,Email,Standard
C102499,Vihaan Patel,Male,55.0,Delhi,Delhi,2025-11-09,Google Ads,Basic
C102500,Sai Das,Female,55.0,Bengaluru,Karnataka,2025-05-25,Referral,Standard
C102501,Sanjay Reddy,Male,28.0,Visakhapatnam,Andhra Pradesh,2024-03-13,Instagram,Standard
C102502,Vihaan Varma,Male,54.0,Bengaluru,Karnataka,2025-07-03,Google Ads,Standard
C102503,Kavya Das,Female,42.0,Mumbai,Maharashtra,2024-03-19,Organic Search,Standard
C102504,Aditya Kumar,Female,44.0,Chennai,Tamil Nadu,2024-02-07,Referral,Standard
C102505,Priya Patel,Male,58.0,Chennai,Tamil Nadu,2024-03-25,YouTube,Basic
C102506,Arjun Kumar,Female,25.0,Delhi,Delhi,2024-12-01,Email,Standard
C102507,Sanjay Das,Female,37.0,Delhi,Delhi,2025-03-28,Organic Search,Standard
C102508,Arjun Das,Female,31.0,Mumbai,Maharashtra,2024-10-24,Google Ads,Premium
C102509,Vihaan Singh,Female,44.0,Kakinada,Andhra Pradesh,2024-03-30,Instagram,Standard
C102510,Sneha Singh,Male,25.0,Pune,Maharashtra,2024-05-25,YouTube,Basic
C102511,Vihaan Varma,Male,23.0,Kakinada,Andhra Pradesh,2025-09-14,Email,Standard
C102512,Aditya Naidu,Male,51.0,Kakinada,Andhra Pradesh,2025-12-03,YouTube,Basic
C102513,Vihaan Reddy,Female,20.0,Kolkata,West Bengal,2025-07-04,Email,Premium
C102514,Nikhil Reddy,Female,38.0,Visakhapatnam,Andhra Pradesh,2024-03-16,Google Ads,Basic
C102515,Sanjay Naidu,Female,65.0,Bengaluru,Karnataka,2025-08-21,Instagram,Standard
C102516,Sai Reddy,Female,65.0,Kakinada,Andhra Pradesh,2025-05-20,Google Ads,Basic
C102517,Rohan Naidu,Male,26.0,Chennai,Tamil Nadu,2025-01-19,Referral,Standard
C102518,Kavya Patel,Male,62.0,Ahmedabad,Gujarat,2024-04-14,YouTube,Standard
C102519,Sanjay Naidu,Male,34.0,Mumbai,Maharashtra,2025-12-28,Organic Search,Premium
C102520,Rohan Varma,Male,27.0,Hyderabad,Telangana,2024-11-19,Referral,Standard
C102521,Kiran Naidu,Female,42.0,Visakhapatnam,Andhra Pradesh,2024-02-02,Google Ads,Basic
C102522,Sneha Reddy,Female,41.0,Chennai,Tamil Nadu,2024-06-02,Instagram,Premium
C102523,Priya Das,Male,35.0,Bengaluru,Karnataka,2024-10-19,Google Ads,Basic
C102524,Sneha Reddy,Female,38.0,Kolkata,West Bengal,2024-02-15,YouTube,Standard
C102525,Kiran Sharma,Male,22.0,Hyderabad,Telangana,2024-08-24,Organic Search,Standard
C102526,Kavya Naidu,Female,30.0,Chennai,Tamil Nadu,2024-12-07,Referral,Standard
C102527,Ananya Sharma,Male,27.0,Ahmedabad,Gujarat,2025-11-23,Organic Search,Premium
C102528,Divya Singh,Female,62.0,Ahmedabad,Gujarat,2024-03-04,Instagram,Standard
C102529,Ananya Naidu,Male,41.0,Chennai,Tamil Nadu,2025-02-25,YouTube,Basic
C102530,Ananya Singh,Male,44.0,Delhi,Delhi,2025-10-30,Email,Premium
C102531,Sneha Gupta,Female,39.0,Visakhapatnam,Andhra Pradesh,2025-08-11,Instagram,Standard
C102532,Ananya Varma,Male,60.0,Bengaluru,Karnataka,2025-11-06,Email,Premium
C102533,Rohan Varma,Male,56.0,Hyderabad,Telangana,2024-05-04,Instagram,Standard
C102534,Sanjay Gupta,Male,51.0,Bengaluru,Karnataka,2025-08-07,Email,Standard
C102535,Aditya Singh,Female,32.0,Visakhapatnam,Andhra Pradesh,2025-12-15,Google Ads,Basic
C102536,Divya Das,Male,32.0,Chennai,Tamil Nadu,2024-08-26,Instagram,Standard
C102537,Kavya Kumar,Female,63.0,Hyderabad,Telangana,2024-12-30,Email,Premium
C102538,Vihaan Rao,Female,62.0,Bengaluru,Karnataka,2025-01-22,Google Ads,Premium
C102539,Aarav Naidu,Female,31.0,Hyderabad,Telangana,2024-12-26,Instagram,Standard
C102540,Rahul Rao,Male,34.0,Visakhapatnam,Andhra Pradesh,2024-07-30,Organic Search,Standard
C102541,Aarav Rao,Female,33.0,Chennai,Tamil Nadu,2025-12-09,Google Ads,Basic
C102542,Rohan Patel,Male,55.0,Hyderabad,Telangana,2025-11-29,Email,Standard
C102543,Ananya Kumar,Female,63.0,Mumbai,Maharashtra,2024-10-04,Email,Basic
C102544,Aditya Naidu,Male,60.0,Kolkata,West Bengal,2025-08-10,Instagram,Standard
C102545,Rahul Reddy,Female,,Pune,Maharashtra,2024-10-17,YouTube,Basic
C102546,Vihaan Das,Female,34.0,Visakhapatnam,Andhra Pradesh,2025-08-03,Google Ads,Basic
C102547,Priya Sharma,Male,33.0,Hyderabad,Telangana,2025-03-02,Instagram,Basic
C102548,Rahul Rao,Male,60.0,Hyderabad,Telangana,2024-12-09,Google Ads,Standard
C102549,Priya Varma,Male,36.0,Hyderabad,Telangana,2024-04-03,Email,Standard
C102550,Rohan Patel,Female,28.0,Delhi,Delhi,2025-04-22,Instagram,Standard
C102551,Aditya Rao,Male,58.0,Ahmedabad,Gujarat,2024-08-22,Google Ads,Standard
C102552,Arjun Varma,Female,41.0,Kolkata,West Bengal,2024-06-07,Referral,Standard
C102553,Kavya Varma,Female,22.0,Mumbai,Maharashtra,2024-05-21,Email,Basic
C102554,Sanjay Reddy,Female,61.0,Kolkata,West Bengal,2025-12-17,Google Ads,Standard
C102555,Ananya Das,Male,32.0,Kolkata,West Bengal,2024-03-16,Google Ads,Standard
C102556,Kiran Das,Male,32.0,Bengaluru,Karnataka,2025-08-05,Google Ads,Standard
C102557,Sai Varma,Male,,Ahmedabad,Gujarat,2025-09-24,Google Ads,Standard
C102558,Nikhil Kumar,Female,30.0,Chennai,Tamil Nadu,2024-01-23,Email,Standard
C102559,Kavya Reddy,Male,57.0,Hyderabad,Telangana,2025-03-06,Google Ads,Premium
C102560,Vihaan Singh,Male,51.0,Delhi,Delhi,2025-02-25,Google Ads,Premium
C102561,Priya Gupta,Male,45.0,Ahmedabad,Gujarat,2024-09-18,Google Ads,Basic
C102562,Sneha Reddy,Female,27.0,Kolkata,West Bengal,2025-05-01,Email,Standard
C102563,Rohan Varma,Female,41.0,Mumbai,Maharashtra,2024-10-25,Referral,Basic
C102564,Aarav Gupta,Male,31.0,Ahmedabad,Gujarat,2024-11-16,Google Ads,Standard
C102565,Vihaan Rao,Male,64.0,Delhi,Delhi,2024-11-11,Email,Standard
C102566,Vihaan Singh,Male,56.0,Chennai,Tamil Nadu,2025-08-07,Email,Basic
C102567,Rahul Singh,Male,23.0,Hyderabad,Telangana,2025-04-07,Instagram,Basic
C102568,Rohan Sharma,Other,43.0,Kakinada,Andhra Pradesh,2024-10-03,Google Ads,Premium
C102569,Vihaan Gupta,Male,55.0,Visakhapatnam,Andhra Pradesh,2025-11-07,Google Ads,Standard
C102570,Divya Varma,Female,43.0,Bengaluru,Karnataka,2025-08-08,Organic Search,Premium
C102571,Arjun Patel,Female,24.0,Pune,Maharashtra,2025-11-11,Google Ads,Standard
C102572,Sneha Rao,Female,24.0,Ahmedabad,Gujarat,2025-06-17,Google Ads,Premium
C102573,Kavya Sharma,Male,53.0,Pune,Maharashtra,2024-10-12,Referral,Standard
C102574,Rahul Singh,Female,43.0,Mumbai,Maharashtra,2025-07-18,Referral,Standard
C102575,Arjun Das,Male,44.0,Kakinada,Andhra Pradesh,2024-08-28,Organic Search,Basic
C102576,Vihaan Naidu,Male,30.0,Mumbai,Maharashtra,2024-07-16,Google Ads,Basic
C102577,Kavya Rao,Female,30.0,Delhi,Delhi,2024-11-25,Google Ads,Standard
C102578,Arjun Gupta,Male,37.0,Delhi,Delhi,2025-12-08,Email,Standard
C102579,Sneha Sharma,Male,44.0,Visakhapatnam,Andhra Pradesh,2025-02-18,Organic Search,Premium
C102580,Rahul Das,Male,40.0,Pune,Maharashtra,2024-10-07,YouTube,Premium
C102581,Sanjay Das,Male,60.0,Ahmedabad,Gujarat,2024-12-03,Email,Standard
C102582,Kavya Varma,Female,27.0,Kakinada,Andhra Pradesh,2024-07-31,Referral,Basic
C102583,Sanjay Naidu,Female,40.0,Kakinada,Andhra Pradesh,2025-04-25,Instagram,Premium
C102584,Rohan Patel,Female,29.0,Visakhapatnam,Andhra Pradesh,2024-09-12,YouTube,Standard
C102585,Arjun Rao,Male,18.0,Kakinada,Andhra Pradesh,2025-02-08,Email,Basic
C102586,Sneha Singh,Male,37.0,Kakinada,Andhra Pradesh,2024-09-26,Instagram,Standard
C102587,Arjun Reddy,Male,,Kakinada,Andhra Pradesh,2024-08-22,Google Ads,Basic
C102588,Sneha Gupta,Female,35.0,Kolkata,West Bengal,2025-12-09,Referral,Basic
C102589,Priya Singh,Female,48.0,Bengaluru,Karnataka,2024-09-09,Instagram,Premium
C102590,Sanjay Singh,Female,36.0,Bengaluru,Karnataka,2024-02-21,Organic Search,Standard
C102591,Priya Varma,Female,50.0,Ahmedabad,Gujarat,2024-10-03,Email,Premium
C102592,Aarav Rao,Female,32.0,Delhi,Delhi,2025-01-23,Google Ads,Standard
C102593,Kiran Singh,Male,37.0,Visakhapatnam,Andhra Pradesh,2024-03-10,YouTube,Basic
C102594,Divya Varma,Female,60.0,Kakinada,Andhra Pradesh,2024-08-11,YouTube,Premium
C102595,Rahul Das,Female,29.0,Kolkata,West Bengal,2024-05-01,Google Ads,Basic
C102596,Vihaan Patel,Female,42.0,Ahmedabad,Gujarat,2024-12-31,Google Ads,Basic
C102597,Sanjay Singh,Male,52.0,Mumbai,Maharashtra,2025-06-11,Organic Search,Standard
C102598,Rahul Reddy,Female,35.0,Chennai,Tamil Nadu,2025-12-07,Google Ads,Standard
C102599,Sai Kumar,Male,32.0,Kakinada,Andhra Pradesh,2024-10-11,YouTube,Standard
C102600,Rohan Varma,Female,51.0,Visakhapatnam,Andhra Pradesh,2025-09-22,Instagram,Standard
C102601,Rahul Rao,Female,21.0,Mumbai,Maharashtra,2024-06-05,Organic Search,Premium
C102602,Aarav Singh,Female,30.0,Kakinada,Andhra Pradesh,2025-07-23,Referral,Premium
C102603,Sai Rao,Male,37.0,Chennai,Tamil Nadu,2025-02-14,Google Ads,Premium
C102604,Divya Das,Male,28.0,Visakhapatnam,Andhra Pradesh,2025-07-07,Email,Standard
C102605,Aarav Singh,Female,43.0,Pune,Maharashtra,2025-07-05,Instagram,Premium
C102606,Sanjay Naidu,Female,47.0,Kolkata,West Bengal,2025-01-23,Google Ads,Standard
C102607,Sanjay Patel,Female,64.0,Bengaluru,Karnataka,2024-07-06,Google Ads,Standard
C102608,Aditya Naidu,Male,46.0,Delhi,Delhi,2025-01-19,Instagram,Premium
C102609,Meera Varma,Female,46.0,Ahmedabad,Gujarat,2025-08-26,Instagram,Standard
C102610,Rahul Kumar,Female,52.0,Visakhapatnam,Andhra Pradesh,2025-12-09,Google Ads,Premium
C102611,Kavya Varma,Male,27.0,Hyderabad,Telangana,2025-11-08,Instagram,Premium
C102612,Vihaan Rao,Male,40.0,Hyderabad,Telangana,2024-05-12,Instagram,Standard
C102613,Kiran Kumar,Female,57.0,Kolkata,West Bengal,2025-03-12,Instagram,Premium
C102614,Nikhil Patel,Male,26.0,Chennai,Tamil Nadu,2024-03-17,Organic Search,Standard
C102615,Aditya Kumar,Female,31.0,Visakhapatnam,Andhra Pradesh,2025-05-03,Instagram,Premium
C102616,Divya Kumar,Female,28.0,Hyderabad,Telangana,2025-12-25,Organic Search,Standard
C102617,Arjun Gupta,Male,64.0,Delhi,Delhi,2024-02-08,Instagram,Standard
C102618,Aditya Singh,Male,35.0,Hyderabad,Telangana,2025-04-24,Instagram,Standard
C102619,Sai Kumar,Other,33.0,Ahmedabad,Gujarat,2025-11-21,Google Ads,Standard
C102620,Nikhil Gupta,Female,57.0,Visakhapatnam,Andhra Pradesh,2025-09-10,Google Ads,Basic
C102621,Rohan Gupta,Female,61.0,Bengaluru,Karnataka,2024-10-13,Referral,Basic
C102622,Sai Singh,Female,18.0,Delhi,Delhi,2024-03-16,Email,Standard
C102623,Meera Varma,Female,60.0,Visakhapatnam,Andhra Pradesh,2025-11-05,Google Ads,Standard
C102624,Arjun Sharma,Female,51.0,Hyderabad,Telangana,2025-11-03,Instagram,Premium
C102625,Sanjay Naidu,Female,59.0,Kakinada,Andhra Pradesh,2025-02-26,Organic Search,Standard
C102626,Divya Naidu,Female,22.0,Visakhapatnam,Andhra Pradesh,2025-12-15,Instagram,Standard
C102627,Aarav Kumar,Male,19.0,Bengaluru,Karnataka,2024-01-04,Organic Search,Basic
C102628,Rohan Naidu,Male,34.0,Bengaluru,Karnataka,2025-03-26,Referral,Basic
C102629,Nikhil Singh,Female,58.0,Kolkata,West Bengal,2024-01-29,Google Ads,Premium
C102630,Meera Gupta,Male,41.0,Hyderabad,Telangana,2025-11-14,Google Ads,Basic
C102631,Kiran Kumar,Female,52.0,Pune,Maharashtra,2025-05-11,Google Ads,Basic
C102632,Priya Singh,Female,29.0,Hyderabad,Telangana,2025-10-28,Referral,Standard
C102633,Priya Rao,Male,34.0,Pune,Maharashtra,2025-02-14,YouTube,Basic
C102634,Rohan Naidu,Male,60.0,Delhi,Delhi,2024-03-01,Google Ads,Standard
C102635,Aditya Kumar,Female,41.0,Ahmedabad,Gujarat,2024-01-20,YouTube,Standard
C102636,Aditya Gupta,Male,55.0,Visakhapatnam,Andhra Pradesh,2024-09-01,Instagram,Basic
C102637,Aarav Naidu,Female,48.0,Chennai,Tamil Nadu,2025-06-26,Instagram,Premium
C102638,Aditya Patel,Female,26.0,Kolkata,West Bengal,2024-04-20,Referral,Standard
C102639,Rahul Singh,Male,63.0,Kolkata,West Bengal,2025-09-14,YouTube,Basic
C102640,Kavya Sharma,Female,63.0,Kakinada,Andhra Pradesh,2024-06-23,Referral,Basic
C102641,Arjun Gupta,Female,55.0,Mumbai,Maharashtra,2024-12-28,Organic Search,Standard
C102642,Rohan Gupta,Male,40.0,Mumbai,Maharashtra,2024-05-28,Referral,Standard
C102643,Rohan Varma,Male,38.0,Delhi,Delhi,2024-12-06,Organic Search,Premium
C102644,Rahul Gupta,Male,32.0,Ahmedabad,Gujarat,2024-11-26,Organic Search,Basic
C102645,Nikhil Varma,Female,48.0,Visakhapatnam,Andhra Pradesh,2024-01-04,Email,Standard
C102646,Ananya Das,Male,32.0,Mumbai,Maharashtra,2025-02-18,Email,Standard
C102647,Rahul Patel,Male,26.0,Bengaluru,Karnataka,2025-07-28,Referral,Basic
C102648,Rahul Varma,Male,20.0,Kolkata,West Bengal,2025-11-14,YouTube,Standard
C102649,Sanjay Sharma,Male,38.0,Pune,Maharashtra,2024-08-29,Referral,Standard
C102650,Nikhil Naidu,Male,57.0,Delhi,Delhi,2025-10-04,Google Ads,Standard
C102651,Rahul Gupta,Female,55.0,Bengaluru,Karnataka,2025-10-03,Organic Search,Standard
C102652,Rahul Varma,Male,58.0,Visakhapatnam,Andhra Pradesh,2025-12-22,Email,Standard
C102653,Kiran Singh,Female,47.0,Visakhapatnam,Andhra Pradesh,2024-09-29,Referral,Basic
C102654,Arjun Naidu,Male,,Ahmedabad,Gujarat,2025-09-13,Email,Premium
C102655,Sai Sharma,Male,55.0,Pune,Maharashtra,2025-02-16,Google Ads,Standard
C102656,Ananya Sharma,Male,56.0,Mumbai,Maharashtra,2024-02-12,Google Ads,Standard
C102657,Aarav Singh,Female,42.0,Chennai,Tamil Nadu,2024-07-16,Instagram,Premium
C102658,Sneha Gupta,Female,22.0,Hyderabad,Telangana,2025-05-05,Organic Search,Basic
C102659,Nikhil Das,Male,36.0,Mumbai,Maharashtra,2024-04-27,Email,Standard
C102660,Aditya Sharma,Female,58.0,Chennai,Tamil Nadu,2024-11-13,Organic Search,Premium
C102661,Sanjay Reddy,Male,53.0,Chennai,Tamil Nadu,2025-07-19,Google Ads,Standard
C102662,Rahul Sharma,Female,18.0,Hyderabad,Telangana,2024-04-19,YouTube,Standard
C102663,Aarav Varma,Female,22.0,Kakinada,Andhra Pradesh,2024-12-28,Google Ads,Standard
C102664,Aditya Varma,Male,49.0,Mumbai,Maharashtra,2024-06-05,Google Ads,Premium
C102665,Rohan Varma,Male,64.0,Pune,Maharashtra,2025-01-26,YouTube,Premium
C102666,Rohan Patel,Male,53.0,Chennai,Tamil Nadu,2024-06-24,Email,Premium
C102667,Aarav Singh,Female,63.0,Chennai,Tamil Nadu,2025-12-05,YouTube,Standard
C102668,Arjun Das,Male,21.0,Visakhapatnam,Andhra Pradesh,2024-02-25,Email,Standard
C102669,Rahul Naidu,Female,60.0,Ahmedabad,Gujarat,2025-12-04,Google Ads,Standard
C102670,Meera Singh,Male,24.0,Visakhapatnam,Andhra Pradesh,2025-08-01,Google Ads,Premium
C102671,Kiran Gupta,Female,60.0,Delhi,Delhi,2025-09-16,Organic Search,Standard
C102672,Meera Das,Male,64.0,Mumbai,Maharashtra,2025-09-13,Referral,Standard
C102673,Rahul Sharma,Female,42.0,Chennai,Tamil Nadu,2024-05-16,Email,Basic
C102674,Sanjay Patel,Male,43.0,Pune,Maharashtra,2025-11-10,Instagram,Standard
C102675,Vihaan Gupta,Male,41.0,Delhi,Delhi,2025-03-09,Google Ads,Standard
C102676,Aarav Rao,Male,44.0,Chennai,Tamil Nadu,2025-12-03,Organic Search,Standard
C102677,Sneha Patel,Female,57.0,Bengaluru,Karnataka,2025-10-03,YouTube,Standard
C102678,Sanjay Patel,Male,31.0,Pune,Maharashtra,2025-02-27,Google Ads,Standard
C102679,Arjun Sharma,Female,31.0,Ahmedabad,Gujarat,2024-09-30,Instagram,Premium
C102680,Divya Varma,Female,64.0,Pune,Maharashtra,2024-03-26,Instagram,Premium
C102681,Meera Singh,Male,58.0,Visakhapatnam,Andhra Pradesh,2024-03-14,Instagram,Basic
C102682,Divya Patel,Male,43.0,Kakinada,Andhra Pradesh,2024-10-11,Organic Search,Standard
C102683,Sneha Gupta,Male,27.0,Kakinada,Andhra Pradesh,2025-08-15,Google Ads,Standard
C102684,Vihaan Varma,Male,63.0,Hyderabad,Telangana,2025-01-03,Google Ads,Standard
C102685,Kavya Singh,Male,60.0,Visakhapatnam,Andhra Pradesh,2024-12-17,Organic Search,Premium
C102686,Kavya Varma,Female,33.0,Delhi,Delhi,2024-06-27,Organic Search,Standard
C102687,Vihaan Naidu,Male,43.0,Chennai,Tamil Nadu,2025-02-16,Google Ads,Standard
C102688,Sai Das,Male,38.0,Chennai,Tamil Nadu,2025-04-10,YouTube,Premium
C102689,Divya Kumar,Female,58.0,Mumbai,Maharashtra,2025-12-17,Referral,Basic
C102690,Rohan Naidu,Male,50.0,Visakhapatnam,Andhra Pradesh,2025-06-16,Google Ads,Premium
C102691,Kavya Kumar,Female,41.0,Kolkata,West Bengal,2025-03-19,Organic Search,Standard
C102692,Kavya Naidu,Female,64.0,Kakinada,Andhra Pradesh,2025-10-26,Instagram,Standard
C102693,Vihaan Patel,Male,47.0,Kakinada,Andhra Pradesh,2024-11-06,YouTube,Basic
C102694,Nikhil Das,Female,41.0,Chennai,Tamil Nadu,2025-11-13,Email,Basic
C102695,Kavya Rao,Female,62.0,Ahmedabad,Gujarat,2024-09-27,YouTube,Standard
C102696,Nikhil Das,Female,39.0,Pune,Maharashtra,2024-04-03,Instagram,Standard
C102697,Kiran Gupta,Female,38.0,Chennai,Tamil Nadu,2024-10-31,Google Ads,Basic
C102698,Nikhil Varma,Female,36.0,Ahmedabad,Gujarat,2024-04-03,Organic Search,Standard
C102699,Vihaan Naidu,Female,28.0,Kolkata,West Bengal,2024-03-27,Organic Search,Premium
C102700,Rahul Das,Female,31.0,Kakinada,Andhra Pradesh,2025-10-05,Organic Search,Basic
C102701,Divya Reddy,Female,22.0,Ahmedabad,Gujarat,2025-08-03,Google Ads,Standard
C102702,Sai Sharma,Female,52.0,Kolkata,West Bengal,2024-06-10,Email,Standard
C102703,Rahul Gupta,Female,46.0,Kakinada,Andhra Pradesh,2025-09-03,Google Ads,Basic
C102704,Sneha Singh,Male,62.0,Bengaluru,Karnataka,2024-02-20,Google Ads,Basic
C102705,Divya Kumar,Female,47.0,Ahmedabad,Gujarat,2024-07-26,Referral,Premium
C102706,Kiran Das,Male,21.0,Delhi,Delhi,2025-05-30,Email,Standard
C102707,Sanjay Das,Male,47.0,Chennai,Tamil Nadu,2024-08-09,Referral,Standard
C102708,Arjun Rao,Male,26.0,Ahmedabad,Gujarat,2025-06-17,Google Ads,Basic
C102709,Ananya Sharma,Male,19.0,Mumbai,Maharashtra,2025-09-30,Organic Search,Basic
C102710,Sai Reddy,Female,49.0,Visakhapatnam,Andhra Pradesh,2024-02-18,YouTube,Basic
C102711,Sai Das,Male,19.0,Chennai,Tamil Nadu,2024-01-18,Google Ads,Premium
C102712,Priya Reddy,Female,37.0,Delhi,Delhi,2025-11-17,Organic Search,Premium
C102713,Kavya Naidu,Female,60.0,Delhi,Delhi,2025-01-14,Organic Search,Standard
C102714,Kiran Gupta,Male,30.0,Chennai,Tamil Nadu,2025-01-04,Google Ads,Premium
C102715,Kavya Kumar,Male,51.0,Kakinada,Andhra Pradesh,2024-12-04,Email,Premium
C102716,Kiran Singh,Female,36.0,Bengaluru,Karnataka,2024-11-12,YouTube,Standard
C102717,Rahul Sharma,Female,23.0,Pune,Maharashtra,2025-05-18,Organic Search,Standard
C102718,Rahul Sharma,Male,27.0,Visakhapatnam,Andhra Pradesh,2025-02-27,Instagram,Standard
C102719,Vihaan Gupta,Male,21.0,Chennai,Tamil Nadu,2024-04-29,Email,Basic
C102720,Nikhil Rao,Male,25.0,Pune,Maharashtra,2025-04-02,Organic Search,Premium
C102721,Divya Rao,Male,25.0,Delhi,Delhi,2025-05-02,Email,Basic
C102722,Kiran Reddy,Male,60.0,Bengaluru,Karnataka,2024-03-23,Instagram,Standard
C102723,Rahul Patel,Female,56.0,Kolkata,West Bengal,2024-10-02,Instagram,Standard
C102724,Aarav Varma,Male,34.0,Kakinada,Andhra Pradesh,2025-07-31,Organic Search,Standard
C102725,Aditya Kumar,Male,52.0,Pune,Maharashtra,2025-03-27,Referral,Basic
C102726,Divya Das,Female,27.0,Chennai,Tamil Nadu,2024-04-09,YouTube,Premium
C102727,Meera Naidu,Female,48.0,Bengaluru,Karnataka,2024-01-30,Google Ads,Basic
C102728,Aarav Varma,Male,27.0,Kakinada,Andhra Pradesh,2025-02-28,Organic Search,Standard
C102729,Meera Patel,Female,48.0,Visakhapatnam,Andhra Pradesh,2024-12-03,Instagram,Standard
C102730,Sanjay Varma,Female,35.0,Kakinada,Andhra Pradesh,2025-12-02,Organic Search,Basic
C102731,Meera Das,Male,59.0,Delhi,Delhi,2025-01-16,Organic Search,Standard
C102732,Sneha Das,Male,58.0,Kolkata,West Bengal,2025-11-10,Google Ads,Standard
C102733,Arjun Varma,Female,34.0,Chennai,Tamil Nadu,2024-06-05,Google Ads,Standard
C102734,Aarav Patel,Female,19.0,Mumbai,Maharashtra,2024-11-22,YouTube,Standard
C102735,Aditya Varma,Other,33.0,Mumbai,Maharashtra,2024-04-11,Organic Search,Basic
C102736,Sanjay Kumar,Male,31.0,Delhi,Delhi,2025-02-23,Referral,Basic
C102737,Kiran Sharma,Female,38.0,Pune,Maharashtra,2024-05-17,Google Ads,Basic
C102738,Vihaan Singh,Male,45.0,Bengaluru,Karnataka,2024-12-25,YouTube,Basic
C102739,Vihaan Sharma,Female,65.0,Ahmedabad,Gujarat,2024-09-08,Organic Search,Standard
C102740,Vihaan Varma,Female,21.0,Chennai,Tamil Nadu,2024-05-15,Google Ads,Basic
C102741,Nikhil Singh,Male,44.0,Visakhapatnam,Andhra Pradesh,2024-03-11,Referral,Standard
C102742,Arjun Kumar,Male,26.0,Mumbai,Maharashtra,2025-01-08,Instagram,Standard
C102743,Sai Gupta,Female,44.0,Hyderabad,Telangana,2025-11-22,Organic Search,Standard
C102744,Kiran Sharma,Female,48.0,Delhi,Delhi,2024-05-25,Organic Search,Standard
C102745,Nikhil Varma,Male,56.0,Kakinada,Andhra Pradesh,2024-10-22,Google Ads,Standard
C102746,Kiran Das,Female,44.0,Delhi,Delhi,2024-06-12,Google Ads,Basic
C102747,Priya Kumar,Male,26.0,Ahmedabad,Gujarat,2025-08-13,Google Ads,Basic
C102748,Arjun Rao,Male,61.0,Visakhapatnam,Andhra Pradesh,2024-10-29,Instagram,Basic
C102749,Ananya Singh,Male,37.0,Mumbai,Maharashtra,2025-12-12,YouTube,Basic
C102750,Kavya Reddy,Female,41.0,Kolkata,West Bengal,2024-06-27,Organic Search,Basic
C102751,Sneha Naidu,Male,48.0,Mumbai,Maharashtra,2024-02-28,Google Ads,Standard
C102752,Arjun Rao,Female,30.0,Delhi,Delhi,2025-03-01,Instagram,Standard
C102753,Meera Sharma,Male,65.0,Mumbai,Maharashtra,2025-04-20,Instagram,Basic
C102754,Sai Rao,Female,20.0,Kolkata,West Bengal,2025-12-24,Email,Standard
C102755,Ananya Naidu,Female,25.0,Visakhapatnam,Andhra Pradesh,2025-09-28,Instagram,Standard
C102756,Sneha Naidu,Male,65.0,Mumbai,Maharashtra,2025-10-07,Google Ads,Premium
C102757,Sanjay Patel,Male,39.0,Mumbai,Maharashtra,2025-04-07,YouTube,Standard
C102758,Vihaan Reddy,Male,60.0,Visakhapatnam,Andhra Pradesh,2024-09-19,Referral,Standard
C102759,Arjun Das,Male,61.0,Chennai,Tamil Nadu,2024-11-09,Organic Search,Standard
C102760,Nikhil Gupta,Female,65.0,Pune,Maharashtra,2024-04-07,Instagram,Basic
C102761,Ananya Rao,Female,52.0,Ahmedabad,Gujarat,2024-11-10,Google Ads,Premium
C102762,Priya Sharma,Male,50.0,Bengaluru,Karnataka,2024-09-23,Organic Search,Premium
C102763,Meera Naidu,Female,47.0,Visakhapatnam,Andhra Pradesh,2024-01-27,Organic Search,Basic
C102764,Meera Das,Male,50.0,Delhi,Delhi,2024-05-29,Organic Search,Standard
C102765,Kiran Varma,Male,30.0,Kolkata,West Bengal,2025-01-25,Referral,Standard
C102766,Rohan Rao,Male,57.0,Chennai,Tamil Nadu,2024-09-26,Google Ads,Basic
C102767,Sanjay Kumar,Male,26.0,Ahmedabad,Gujarat,2025-12-26,Referral,Standard
C102768,Sai Kumar,Female,41.0,Kolkata,West Bengal,2024-12-15,Instagram,Premium
C102769,Divya Reddy,Male,35.0,Bengaluru,Karnataka,2025-11-30,Instagram,Standard
C102770,Sanjay Varma,Female,54.0,Bengaluru,Karnataka,2025-04-27,Referral,Basic
C102771,Sneha Gupta,Male,30.0,Visakhapatnam,Andhra Pradesh,2024-01-30,Instagram,Standard
C102772,Vihaan Singh,Female,27.0,Pune,Maharashtra,2024-05-28,Google Ads,Standard
C102773,Priya Naidu,Male,56.0,Mumbai,Maharashtra,2025-05-30,Instagram,Standard
C102774,Sanjay Kumar,Male,41.0,Bengaluru,Karnataka,2025-02-01,Google Ads,Basic
C102775,Sanjay Rao,Male,52.0,Bengaluru,Karnataka,2024-08-08,Organic Search,Standard
C102776,Aditya Reddy,Male,60.0,Kakinada,Andhra Pradesh,2025-01-16,YouTube,Standard
C102777,Nikhil Rao,Male,58.0,Kakinada,Andhra Pradesh,2025-10-21,Instagram,Premium
C102778,Ananya Kumar,Male,37.0,Delhi,Delhi,2024-10-10,Google Ads,Basic
C102779,Sai Singh,Female,26.0,Mumbai,Maharashtra,2024-02-02,Organic Search,Standard
C102780,Ananya Gupta,Male,64.0,Chennai,Tamil Nadu,2024-08-15,Instagram,Standard
C102781,Aarav Sharma,Female,32.0,Bengaluru,Karnataka,2025-11-14,Organic Search,Premium
C102782,Sanjay Singh,Female,54.0,Pune,Maharashtra,2025-07-10,Instagram,Basic
C102783,Ananya Das,Female,54.0,Kolkata,West Bengal,2025-09-03,Email,Premium
C102784,Meera Kumar,Female,39.0,Kakinada,Andhra Pradesh,2025-10-27,Google Ads,Standard
C102785,Rahul Das,Male,,Delhi,Delhi,2024-03-26,Organic Search,Standard
C102786,Rahul Das,Female,40.0,Bengaluru,Karnataka,2024-07-25,Referral,Basic
C102787,Ananya Das,Female,24.0,Bengaluru,Karnataka,2024-02-13,Instagram,Standard
C102788,Sneha Kumar,Female,34.0,Delhi,Delhi,2024-01-04,Google Ads,Basic
C102789,Nikhil Varma,Male,36.0,Kolkata,West Bengal,2025-09-01,Referral,Premium
C102790,Ananya Naidu,Female,42.0,Hyderabad,Telangana,2025-11-14,YouTube,Standard
C102791,Aarav Patel,Male,26.0,Ahmedabad,Gujarat,2024-04-23,Referral,Premium
C102792,Ananya Singh,Female,58.0,Chennai,Tamil Nadu,2025-06-11,Instagram,Standard
C102793,Arjun Sharma,Male,21.0,Ahmedabad,Gujarat,2025-01-25,Referral,Standard
C102794,Aditya Kumar,Male,65.0,Chennai,Tamil Nadu,2024-02-20,Google Ads,Standard
C102795,Ananya Gupta,Female,33.0,Bengaluru,Karnataka,2025-10-30,Organic Search,Basic
C102796,Kiran Varma,Female,41.0,Hyderabad,Telangana,2025-09-28,Organic Search,Basic
C102797,Kavya Sharma,Male,60.0,Pune,Maharashtra,2025-02-18,Instagram,Standard
C102798,Sai Rao,Female,49.0,Pune,Maharashtra,2025-05-31,Referral,Standard
C102799,Ananya Kumar,Female,20.0,Visakhapatnam,Andhra Pradesh,2024-10-16,Email,Standard
C102800,Aditya Gupta,Female,46.0,Visakhapatnam,Andhra Pradesh,2025-08-01,Google Ads,Basic
C102801,Arjun Das,Female,45.0,Bengaluru,Karnataka,2024-11-20,Email,Premium
C102802,Rohan Singh,Male,62.0,Delhi,Delhi,2025-12-23,Referral,Standard
C102803,Divya Rao,Male,45.0,Mumbai,Maharashtra,2024-02-16,Referral,Standard
C102804,Sanjay Naidu,Female,65.0,Bengaluru,Karnataka,2024-05-05,Referral,Standard
C102805,Nikhil Sharma,Male,43.0,Hyderabad,Telangana,2025-12-08,Referral,Standard
C102806,Sai Singh,Female,27.0,Hyderabad,Telangana,2024-07-29,Email,Standard
C102807,Vihaan Patel,Female,42.0,Pune,Maharashtra,2024-08-14,Google Ads,Premium
C102808,Arjun Das,Female,62.0,Bengaluru,Karnataka,2025-07-31,Organic Search,Basic
C102809,Aarav Das,Male,18.0,Bengaluru,Karnataka,2024-05-18,Referral,Premium
C102810,Rahul Patel,Female,37.0,Bengaluru,Karnataka,2025-01-09,Email,Standard
C102811,Ananya Das,Female,20.0,Ahmedabad,Gujarat,2024-07-27,Google Ads,Standard
C102812,Nikhil Singh,Male,58.0,Kolkata,West Bengal,2024-05-24,Referral,Standard
C102813,Rahul Reddy,Male,42.0,Kakinada,Andhra Pradesh,2025-12-04,Referral,Standard
C102814,Rahul Patel,Male,52.0,Bengaluru,Karnataka,2024-05-25,Google Ads,Basic
C102815,Vihaan Das,Male,64.0,Mumbai,Maharashtra,2024-03-09,Instagram,Standard
C102816,Kavya Naidu,Female,57.0,Chennai,Tamil Nadu,2025-05-06,Referral,Premium
C102817,Sai Kumar,Female,37.0,Kolkata,West Bengal,2025-09-25,Instagram,Premium
C102818,Nikhil Kumar,Male,62.0,Bengaluru,Karnataka,2024-04-03,Google Ads,Standard
C102819,Arjun Singh,Female,40.0,Mumbai,Maharashtra,2025-05-31,Google Ads,Standard
C102820,Divya Kumar,Male,64.0,Chennai,Tamil Nadu,2025-01-29,Email,Basic
C102821,Sai Naidu,Male,65.0,Hyderabad,Telangana,2025-08-28,YouTube,Standard
C102822,Nikhil Kumar,Male,28.0,Delhi,Delhi,2024-04-02,Organic Search,Standard
C102823,Nikhil Patel,Female,55.0,Ahmedabad,Gujarat,2025-12-13,YouTube,Basic
C102824,Ananya Patel,Female,51.0,Pune,Maharashtra,2025-03-27,YouTube,Basic
C102825,Sanjay Rao,Female,54.0,Chennai,Tamil Nadu,2025-09-06,Instagram,Standard
C102826,Aditya Naidu,Female,26.0,Chennai,Tamil Nadu,2024-09-21,Google Ads,Standard
C102827,Ananya Das,Male,42.0,Kakinada,Andhra Pradesh,2025-11-19,Google Ads,Standard
C102828,Sai Rao,Female,25.0,Pune,Maharashtra,2025-04-02,Instagram,Standard
C102829,Rahul Sharma,Male,61.0,Pune,Maharashtra,2024-04-02,Organic Search,Premium
C102830,Aditya Reddy,Male,59.0,Kakinada,Andhra Pradesh,2025-11-04,Organic Search,Standard
C102831,Aarav Varma,Female,45.0,Bengaluru,Karnataka,2025-08-03,Email,Basic
C102832,Sai Patel,Male,24.0,Hyderabad,Telangana,2024-08-07,Organic Search,Standard
C102833,Priya Naidu,Male,49.0,Chennai,Tamil Nadu,2025-02-02,Email,Premium
C102834,Ananya Rao,Male,39.0,Delhi,Delhi,2024-10-10,Google Ads,Premium
C102835,Rahul Rao,Male,55.0,Mumbai,Maharashtra,2025-01-31,Instagram,Basic
C102836,Rohan Sharma,Female,22.0,Bengaluru,Karnataka,2025-12-05,YouTube,Standard
C102837,Arjun Rao,Male,37.0,Visakhapatnam,Andhra Pradesh,2025-10-18,Email,Standard
C102838,Ananya Naidu,Female,35.0,Kolkata,West Bengal,2024-06-06,Google Ads,Basic
C102839,Divya Kumar,Other,63.0,Kolkata,West Bengal,2025-12-10,Instagram,Standard
C102840,Rahul Kumar,Female,32.0,Bengaluru,Karnataka,2024-11-15,Organic Search,Standard
C102841,Meera Kumar,Male,65.0,Delhi,Delhi,2025-05-29,Organic Search,Premium
C102842,Sai Gupta,Female,62.0,Kolkata,West Bengal,2025-07-11,Referral,Standard
C102843,Vihaan Reddy,Male,46.0,Pune,Maharashtra,2024-12-18,YouTube,Premium
C102844,Sneha Gupta,Male,26.0,Kolkata,West Bengal,2024-11-29,Google Ads,Standard
C102845,Kiran Varma,Female,28.0,Kolkata,West Bengal,2024-11-29,YouTube,Standard
C102846,Divya Varma,Male,18.0,Chennai,Tamil Nadu,2025-09-21,Email,Basic
C102847,Priya Rao,Female,55.0,Ahmedabad,Gujarat,2024-10-09,Organic Search,Standard
C102848,Ananya Patel,Male,52.0,Mumbai,Maharashtra,2024-07-23,YouTube,Basic
C102849,Arjun Das,Female,33.0,Hyderabad,Telangana,2024-09-20,Organic Search,Standard
C102850,Rahul Reddy,Female,53.0,Kakinada,Andhra Pradesh,2024-05-22,Google Ads,Basic
C102851,Divya Reddy,Female,45.0,Hyderabad,Telangana,2024-10-12,Organic Search,Standard
C102852,Divya Rao,Male,57.0,Mumbai,Maharashtra,2024-03-24,Referral,Standard
C102853,Divya Das,Male,22.0,Bengaluru,Karnataka,2024-03-06,Instagram,Standard
C102854,Rohan Patel,Female,27.0,Mumbai,Maharashtra,2025-06-12,Email,Standard
C102855,Rahul Varma,Female,56.0,Delhi,Delhi,2024-02-26,Referral,Basic
C102856,Aditya Singh,Male,35.0,Bengaluru,Karnataka,2025-02-18,Referral,Basic
C102857,Kavya Sharma,Male,64.0,Chennai,Tamil Nadu,2025-07-23,Google Ads,Premium
C102858,Ananya Singh,Female,60.0,Kakinada,Andhra Pradesh,2025-06-12,Instagram,Basic
C102859,Divya Das,Female,22.0,Bengaluru,Karnataka,2024-11-21,Instagram,Premium
C102860,Aarav Reddy,Female,37.0,Kakinada,Andhra Pradesh,2024-05-21,Organic Search,Standard
C102861,Meera Reddy,Female,53.0,Chennai,Tamil Nadu,2025-11-10,Google Ads,Basic
C102862,Priya Das,Male,24.0,Pune,Maharashtra,2025-09-01,Email,Standard
C102863,Divya Sharma,Male,59.0,Chennai,Tamil Nadu,2025-03-22,Referral,Premium
C102864,Nikhil Singh,Female,22.0,Delhi,Delhi,2024-03-04,Google Ads,Basic
C102865,Rahul Naidu,Female,23.0,Bengaluru,Karnataka,2024-01-26,Google Ads,Standard
C102866,Sai Gupta,Male,44.0,Pune,Maharashtra,2024-08-18,Google Ads,Standard
C102867,Sai Singh,Female,29.0,Kakinada,Andhra Pradesh,2024-04-24,Organic Search,Basic
C102868,Arjun Rao,Male,48.0,Pune,Maharashtra,2025-09-20,YouTube,Standard
C102869,Divya Gupta,Male,36.0,Pune,Maharashtra,2024-05-30,Google Ads,Premium
C102870,Sneha Patel,Female,30.0,Kolkata,West Bengal,2024-07-25,Instagram,Basic
C102871,Rohan Naidu,Male,58.0,Delhi,Delhi,2025-12-13,Email,Standard
C102872,Kiran Das,Male,25.0,Bengaluru,Karnataka,2025-08-20,Google Ads,Standard
C102873,Kavya Reddy,Female,41.0,Pune,Maharashtra,2024-06-08,Referral,Standard
C102874,Ananya Patel,Male,26.0,Visakhapatnam,Andhra Pradesh,2024-10-06,Google Ads,Basic
C102875,Sneha Gupta,Male,24.0,Delhi,Delhi,2025-01-11,Email,Standard
C102876,Ananya Naidu,Female,27.0,Visakhapatnam,Andhra Pradesh,2025-04-29,Google Ads,Premium
C102877,Rohan Sharma,Male,30.0,Visakhapatnam,Andhra Pradesh,2025-11-14,Organic Search,Standard
C102878,Arjun Varma,Female,37.0,Mumbai,Maharashtra,2025-09-27,Google Ads,Standard
C102879,Meera Reddy,Male,40.0,Pune,Maharashtra,2025-12-14,Google Ads,Standard
C102880,Divya Singh,Male,24.0,Ahmedabad,Gujarat,2024-01-30,YouTube,Standard
C102881,Sai Das,Female,19.0,Chennai,Tamil Nadu,2024-06-21,Google Ads,Standard
C102882,Kiran Rao,Male,22.0,Kolkata,West Bengal,2025-02-14,Instagram,Standard
C102883,Kavya Reddy,Female,48.0,Kakinada,Andhra Pradesh,2024-02-05,Instagram,Premium
C102884,Sai Varma,Female,64.0,Kolkata,West Bengal,2024-09-16,Email,Standard
C102885,Kavya Singh,Female,19.0,Visakhapatnam,Andhra Pradesh,2024-04-22,Referral,Standard
C102886,Meera Kumar,Male,19.0,Visakhapatnam,Andhra Pradesh,2025-11-12,Referral,Standard
C102887,Arjun Patel,Male,55.0,Visakhapatnam,Andhra Pradesh,2024-02-16,Instagram,Premium
C102888,Rahul Varma,Female,52.0,Visakhapatnam,Andhra Pradesh,2024-04-18,Instagram,Basic
C102889,Aarav Sharma,Male,53.0,Mumbai,Maharashtra,2024-05-22,Google Ads,Standard
C102890,Rahul Das,Female,26.0,Hyderabad,Telangana,2024-04-18,Google Ads,Premium
C102891,Nikhil Gupta,Female,59.0,Bengaluru,Karnataka,2025-02-19,Google Ads,Standard
C102892,Divya Patel,Male,47.0,Mumbai,Maharashtra,2024-09-22,Referral,Premium
C102893,Sanjay Singh,Male,25.0,Kolkata,West Bengal,2025-10-28,Organic Search,Standard
C102894,Nikhil Varma,Female,23.0,Pune,Maharashtra,2024-07-09,Email,Standard
C102895,Nikhil Gupta,Female,46.0,Chennai,Tamil Nadu,2025-01-27,Email,Premium
C102896,Priya Reddy,Male,55.0,Hyderabad,Telangana,2025-04-26,Referral,Basic
C102897,Aarav Varma,Female,55.0,Kolkata,West Bengal,2025-04-01,Instagram,Standard
C102898,Kavya Sharma,Female,46.0,Delhi,Delhi,2025-08-04,Email,Standard
C102899,Nikhil Kumar,Male,42.0,Ahmedabad,Gujarat,2024-05-27,Instagram,Premium
C102900,Priya Naidu,Male,51.0,Bengaluru,Karnataka,2025-01-05,Email,Premium
C102901,Vihaan Kumar,Female,24.0,Mumbai,Maharashtra,2025-08-07,Google Ads,Basic
C102902,Priya Reddy,Female,35.0,Hyderabad,Telangana,2025-09-22,Referral,Standard
C102903,Nikhil Kumar,Female,22.0,Mumbai,Maharashtra,2025-03-26,Organic Search,Basic
C102904,Rohan Gupta,Male,58.0,Kakinada,Andhra Pradesh,2025-04-20,Google Ads,Standard
C102905,Kavya Singh,Female,47.0,Chennai,Tamil Nadu,2025-09-22,Instagram,Standard
C102906,Kavya Gupta,Female,55.0,Chennai,Tamil Nadu,2025-04-01,Organic Search,Standard
C102907,Kavya Gupta,Female,41.0,Mumbai,Maharashtra,2025-11-23,Google Ads,Standard
C102908,Sanjay Sharma,Male,62.0,Mumbai,Maharashtra,2024-04-03,Google Ads,Premium
C102909,Meera Sharma,Male,62.0,Kolkata,West Bengal,2024-09-10,Google Ads,Premium
C102910,Sanjay Naidu,Female,47.0,Kakinada,Andhra Pradesh,2024-03-22,Google Ads,Basic
C102911,Kavya Singh,Male,58.0,Ahmedabad,Gujarat,2024-03-07,Referral,Standard
C102912,Sneha Sharma,Male,49.0,Ahmedabad,Gujarat,2024-12-10,Organic Search,Premium
C102913,Nikhil Sharma,Female,52.0,Chennai,Tamil Nadu,2024-06-13,Organic Search,Basic
C102914,Rahul Kumar,Male,29.0,Hyderabad,Telangana,2024-10-24,Referral,Standard
C102915,Arjun Kumar,Female,65.0,Ahmedabad,Gujarat,2024-11-15,Organic Search,Basic
C102916,Rahul Das,Female,26.0,Visakhapatnam,Andhra Pradesh,2025-03-29,Organic Search,Basic
C102917,Sneha Sharma,Female,51.0,Pune,Maharashtra,2025-11-21,Instagram,Premium
C102918,Arjun Sharma,Male,47.0,Hyderabad,Telangana,2025-09-12,Referral,Basic
C102919,Sneha Das,Female,22.0,Ahmedabad,Gujarat,2024-10-03,Instagram,Premium
C102920,Sneha Varma,Female,55.0,Kakinada,Andhra Pradesh,2024-08-25,Google Ads,Standard
C102921,Kiran Das,Female,21.0,Mumbai,Maharashtra,2025-07-16,Organic Search,Standard
C102922,Sneha Naidu,Male,42.0,Bengaluru,Karnataka,2024-03-31,Organic Search,Standard
C102923,Divya Gupta,Male,57.0,Ahmedabad,Gujarat,2025-01-29,Organic Search,Premium
C102924,Priya Patel,Female,24.0,Delhi,Delhi,2024-11-04,Referral,Premium
C102925,Kiran Gupta,Male,35.0,Ahmedabad,Gujarat,2024-05-13,Instagram,Standard
C102926,Aarav Varma,Female,42.0,Ahmedabad,Gujarat,2025-03-26,Instagram,Standard
C102927,Meera Patel,Male,62.0,Mumbai,Maharashtra,2024-08-22,Google Ads,Standard
C102928,Aditya Gupta,Male,36.0,Hyderabad,Telangana,2024-05-15,Google Ads,Premium
C102929,Priya Kumar,Female,23.0,Pune,Maharashtra,2025-04-21,Referral,Basic
C102930,Vihaan Varma,Female,24.0,Chennai,Tamil Nadu,2024-05-07,Email,Basic
C102931,Meera Singh,Female,27.0,Visakhapatnam,Andhra Pradesh,2025-05-06,Instagram,Basic
C102932,Sai Varma,Male,59.0,Delhi,Delhi,2024-04-28,Instagram,Premium
C102933,Meera Reddy,Female,55.0,Mumbai,Maharashtra,2024-11-13,Instagram,Premium
C102934,Rahul Naidu,Other,38.0,Visakhapatnam,Andhra Pradesh,2025-08-12,Organic Search,Standard
C102935,Aditya Das,Male,58.0,Ahmedabad,Gujarat,2024-06-15,Google Ads,Standard
C102936,Arjun Naidu,Male,62.0,Kolkata,West Bengal,2025-07-14,Instagram,Standard
C102937,Arjun Patel,Male,59.0,Kakinada,Andhra Pradesh,2025-06-10,Google Ads,Premium
C102938,Meera Reddy,Female,18.0,Ahmedabad,Gujarat,2025-10-20,Google Ads,Basic
C102939,Nikhil Varma,Male,22.0,Visakhapatnam,Andhra Pradesh,2024-05-03,Google Ads,Standard
C102940,Vihaan Singh,Female,52.0,Ahmedabad,Gujarat,2025-06-06,Organic Search,Standard
C102941,Aarav Das,Male,36.0,Chennai,Tamil Nadu,2025-11-14,Google Ads,Standard
C102942,Divya Naidu,Female,25.0,Hyderabad,Telangana,2025-07-11,Instagram,Premium
C102943,Meera Varma,Female,49.0,Kolkata,West Bengal,2024-05-17,Google Ads,Standard
C102944,Ananya Gupta,Female,35.0,Ahmedabad,Gujarat,2025-08-23,Instagram,Basic
C102945,Priya Rao,Male,62.0,Kakinada,Andhra Pradesh,2024-03-19,YouTube,Standard
C102946,Nikhil Sharma,Male,45.0,Kolkata,West Bengal,2025-03-05,Email,Premium
C102947,Vihaan Varma,Female,29.0,Pune,Maharashtra,2024-12-29,Referral,Standard
C102948,Nikhil Varma,Male,62.0,Pune,Maharashtra,2025-01-22,Referral,Premium
C102949,Aditya Kumar,Female,46.0,Bengaluru,Karnataka,2025-01-14,Google Ads,Basic
C102950,Meera Varma,Male,32.0,Hyderabad,Telangana,2024-01-23,Google Ads,Basic
C102951,Kiran Varma,Male,24.0,Hyderabad,Telangana,2025-01-05,Google Ads,Standard
C102952,Vihaan Rao,Male,44.0,Kakinada,Andhra Pradesh,2025-11-14,Organic Search,Basic
C102953,Aarav Rao,Female,53.0,Ahmedabad,Gujarat,2024-11-14,Organic Search,Standard
C102954,Meera Reddy,Female,58.0,Mumbai,Maharashtra,2024-07-21,Google Ads,Basic
C102955,Rahul Naidu,Male,24.0,Chennai,Tamil Nadu,2025-12-27,Organic Search,Standard
C102956,Arjun Rao,Male,38.0,Chennai,Tamil Nadu,2024-03-13,Instagram,Basic
C102957,Aditya Sharma,Male,65.0,Mumbai,Maharashtra,2024-12-20,Instagram,Basic
C102958,Aditya Rao,Female,49.0,Chennai,Tamil Nadu,2025-01-09,Instagram,Standard
C102959,Aditya Kumar,Female,22.0,Delhi,Delhi,2024-12-14,Google Ads,Premium
C102960,Sai Varma,Male,62.0,Kolkata,West Bengal,2025-11-03,Google Ads,Premium
C102961,Kiran Varma,Female,50.0,Ahmedabad,Gujarat,2024-11-03,YouTube,Standard
C102962,Rahul Das,Female,40.0,Hyderabad,Telangana,2025-12-11,Google Ads,Standard
C102963,Priya Sharma,Female,55.0,Chennai,Tamil Nadu,2024-02-18,Google Ads,Standard
C102964,Aditya Patel,Male,49.0,Kakinada,Andhra Pradesh,2025-06-19,Instagram,Standard
C102965,Meera Sharma,Female,30.0,Visakhapatnam,Andhra Pradesh,2025-03-08,Instagram,Premium
C102966,Vihaan Singh,Female,56.0,Ahmedabad,Gujarat,2024-06-24,Instagram,Basic
C102967,Arjun Sharma,Male,30.0,Ahmedabad,Gujarat,2024-06-15,Instagram,Premium
C102968,Rahul Das,Male,28.0,Hyderabad,Telangana,2025-06-09,Google Ads,Premium
C102969,Sneha Gupta,Male,46.0,Kakinada,Andhra Pradesh,2025-04-10,Instagram,Premium
C102970,Rohan Das,Male,18.0,Ahmedabad,Gujarat,2025-03-22,Instagram,Basic
C102971,Kiran Patel,Male,48.0,Visakhapatnam,Andhra Pradesh,2024-02-07,Email,Standard
C102972,Priya Kumar,Female,44.0,Kakinada,Andhra Pradesh,2025-03-12,YouTube,Premium
C102973,Aditya Reddy,Female,52.0,Mumbai,Maharashtra,2025-12-17,Instagram,Premium
C102974,Vihaan Sharma,Male,25.0,Hyderabad,Telangana,2024-01-13,Email,Standard
C102975,Divya Gupta,Male,45.0,Kolkata,West Bengal,2024-12-08,Email,Basic
C102976,Meera Rao,Female,39.0,Chennai,Tamil Nadu,2024-12-26,Referral,Standard
C102977,Meera Naidu,Female,26.0,Hyderabad,Telangana,2025-10-16,Email,Standard
C102978,Rohan Gupta,Male,39.0,Mumbai,Maharashtra,2024-07-25,Referral,Standard
C102979,Kavya Das,Female,62.0,Kakinada,Andhra Pradesh,2024-12-13,YouTube,Premium
C102980,Aditya Sharma,Male,57.0,Delhi,Delhi,2025-06-07,Instagram,Standard
C102981,Sneha Kumar,Male,25.0,Mumbai,Maharashtra,2024-02-14,Referral,Standard
C102982,Nikhil Das,Female,58.0,Kolkata,West Bengal,2025-08-07,Email,Standard
C102983,Kavya Singh,Female,45.0,Kolkata,West Bengal,2025-08-23,YouTube,Premium
C102984,Vihaan Reddy,Male,20.0,Delhi,Delhi,2025-06-09,Referral,Premium
C102985,Priya Gupta,Female,62.0,Visakhapatnam,Andhra Pradesh,2025-04-18,YouTube,Standard
C102986,Aditya Singh,Female,43.0,Pune,Maharashtra,2025-06-29,Email,Standard
C102987,Aditya Rao,Male,61.0,Bengaluru,Karnataka,2025-07-24,Email,Standard
C102988,Sai Rao,Female,22.0,Delhi,Delhi,2025-10-21,Organic Search,Basic
C102989,Kavya Das,Male,26.0,Visakhapatnam,Andhra Pradesh,2024-11-08,Organic Search,Basic
C102990,Rohan Varma,Male,61.0,Hyderabad,Telangana,2024-11-28,Referral,Basic
C102991,Sanjay Naidu,Male,29.0,Hyderabad,Telangana,2025-04-10,Organic Search,Standard
C102992,Ananya Sharma,Male,44.0,Kolkata,West Bengal,2024-05-20,Instagram,Basic
C102993,Ananya Naidu,Male,46.0,Chennai,Tamil Nadu,2025-09-17,YouTube,Standard
C102994,Aarav Kumar,Female,63.0,Mumbai,Maharashtra,2025-07-16,Organic Search,Standard
C102995,Arjun Kumar,Male,34.0,Chennai,Tamil Nadu,2025-04-05,Email,Standard
C102996,Sneha Reddy,Female,54.0,Bengaluru,Karnataka,2024-08-08,Instagram,Premium
C102997,Sai Das,Male,53.0,Delhi,Delhi,2024-09-10,Google Ads,Standard
C102998,Priya Patel,Female,51.0,Mumbai,Maharashtra,2024-11-13,Google Ads,Basic
C102999,Nikhil Rao,Female,43.0,Pune,Maharashtra,2025-04-28,Google Ads,Basic
C103000,Sanjay Kumar,Male,21.0,Kolkata,West Bengal,2025-07-21,Email,Standard
C103001,Aarav Varma,Female,30.0,Kakinada,Andhra Pradesh,2025-05-05,Organic Search,Basic
C103002,Arjun Kumar,Female,44.0,Hyderabad,Telangana,2025-11-09,Email,Premium
C103003,Sanjay Varma,Male,37.0,Delhi,Delhi,2025-12-02,Google Ads,Basic
C103004,Sai Reddy,Male,26.0,Mumbai,Maharashtra,2025-05-29,YouTube,Standard
C103005,Arjun Varma,Female,51.0,Pune,Maharashtra,2024-09-27,Organic Search,Standard
C103006,Rahul Gupta,Female,40.0,Pune,Maharashtra,2025-03-13,Email,Standard
C103007,Kiran Reddy,Male,55.0,Visakhapatnam,Andhra Pradesh,2024-11-06,Google Ads,Basic
C103008,Kiran Rao,Female,44.0,Kakinada,Andhra Pradesh,2025-04-04,Email,Premium
C103009,Nikhil Das,Male,35.0,Ahmedabad,Gujarat,2025-08-15,Google Ads,Standard
C103010,Arjun Das,Male,23.0,Bengaluru,Karnataka,2024-09-26,Instagram,Basic
C103011,Aditya Gupta,Female,23.0,Hyderabad,Telangana,2025-01-04,Email,Premium
C103012,Ananya Rao,Other,42.0,Visakhapatnam,Andhra Pradesh,2024-02-03,Email,Standard
C103013,Kiran Reddy,Male,34.0,Kakinada,Andhra Pradesh,2025-06-21,Google Ads,Standard
C103014,Aditya Kumar,Male,52.0,Mumbai,Maharashtra,2024-12-23,YouTube,Basic
C103015,Kavya Gupta,Male,48.0,Hyderabad,Telangana,2024-12-01,Organic Search,Basic
C103016,Ananya Kumar,Female,31.0,Kolkata,West Bengal,2025-01-23,Referral,Standard
C103017,Aditya Rao,Male,54.0,Pune,Maharashtra,2024-06-06,Instagram,Standard
C103018,Kiran Das,Male,45.0,Visakhapatnam,Andhra Pradesh,2025-03-12,Instagram,Standard
C103019,Arjun Das,Male,60.0,Pune,Maharashtra,2025-06-27,Email,Standard
C103020,Sanjay Varma,Female,63.0,Ahmedabad,Gujarat,2024-09-12,Organic Search,Standard
C103021,Kavya Sharma,Male,64.0,Ahmedabad,Gujarat,2024-04-05,Referral,Standard
C103022,Meera Reddy,Female,24.0,Hyderabad,Telangana,2024-10-09,Instagram,Standard
C103023,Rahul Naidu,Male,43.0,Bengaluru,Karnataka,2024-05-24,Instagram,Premium
C103024,Sneha Patel,Male,19.0,Ahmedabad,Gujarat,2024-09-29,Instagram,Standard
C103025,Sai Das,Male,60.0,Bengaluru,Karnataka,2025-04-02,Email,Premium
C103026,Aditya Reddy,Male,51.0,Mumbai,Maharashtra,2024-03-23,Referral,Basic
C103027,Vihaan Reddy,Male,30.0,Ahmedabad,Gujarat,2025-06-29,Instagram,Basic
C103028,Arjun Varma,Male,47.0,Mumbai,Maharashtra,2024-06-12,Referral,Standard
C103029,Aditya Das,Male,44.0,Bengaluru,Karnataka,2025-10-15,Organic Search,Basic
C103030,Aarav Das,Male,44.0,Hyderabad,Telangana,2025-06-18,Google Ads,Basic
C103031,Rahul Kumar,Male,43.0,Chennai,Tamil Nadu,2024-07-17,Instagram,Basic
C103032,Vihaan Gupta,Male,65.0,Kolkata,West Bengal,2025-02-15,Referral,Standard
C103033,Aditya Sharma,Male,54.0,Ahmedabad,Gujarat,2024-03-21,YouTube,Standard
C103034,Ananya Gupta,Male,37.0,Kakinada,Andhra Pradesh,2024-03-13,Instagram,Basic
C103035,Aarav Naidu,Female,55.0,Kolkata,West Bengal,2025-11-28,Instagram,Standard
C103036,Meera Das,Female,24.0,Ahmedabad,Gujarat,2025-08-08,Referral,Standard
C103037,Sneha Gupta,Female,31.0,Mumbai,Maharashtra,2024-04-22,Google Ads,Standard
C103038,Arjun Naidu,Male,23.0,Delhi,Delhi,2024-07-25,Organic Search,Standard
C103039,Rohan Kumar,Other,60.0,Delhi,Delhi,2024-05-24,Email,Basic
C103040,Kavya Das,Female,19.0,Hyderabad,Telangana,2024-10-15,Instagram,Basic
C103041,Sai Varma,Male,60.0,Kakinada,Andhra Pradesh,2024-07-31,Organic Search,Premium
C103042,Priya Singh,Male,57.0,Mumbai,Maharashtra,2024-08-27,Email,Premium
C103043,Nikhil Gupta,Female,63.0,Chennai,Tamil Nadu,2025-01-21,Referral,Basic
C103044,Vihaan Reddy,Female,54.0,Delhi,Delhi,2024-05-18,Google Ads,Premium
C103045,Priya Naidu,Female,39.0,Hyderabad,Telangana,2025-10-06,Email,Standard
C103046,Ananya Reddy,Female,56.0,Kakinada,Andhra Pradesh,2025-06-15,Organic Search,Standard
C103047,Divya Rao,Female,65.0,Mumbai,Maharashtra,2025-07-09,Instagram,Standard
C103048,Sanjay Sharma,Female,60.0,Bengaluru,Karnataka,2024-05-03,Google Ads,Premium
C103049,Vihaan Gupta,Male,55.0,Delhi,Delhi,2025-05-31,YouTube,Premium
C103050,Sanjay Rao,Male,54.0,Bengaluru,Karnataka,2025-09-02,Google Ads,Standard
C103051,Kavya Reddy,Female,49.0,Kakinada,Andhra Pradesh,2024-05-07,Instagram,Standard
C103052,Priya Das,Male,60.0,Bengaluru,Karnataka,2025-07-02,Instagram,Basic
C103053,Arjun Das,Male,38.0,Delhi,Delhi,2024-09-18,Email,Basic
C103054,Sanjay Sharma,Male,42.0,Mumbai,Maharashtra,2025-07-28,Email,Basic
C103055,Vihaan Patel,Male,58.0,Hyderabad,Telangana,2024-12-15,Instagram,Standard
C103056,Aarav Varma,Male,30.0,Hyderabad,Telangana,2025-08-08,Instagram,Standard
C103057,Rohan Das,Female,54.0,Pune,Maharashtra,2024-04-17,Referral,Premium
C103058,Kavya Reddy,Male,23.0,Mumbai,Maharashtra,2024-10-11,Email,Standard
C103059,Nikhil Das,Female,46.0,Hyderabad,Telangana,2024-07-18,Instagram,Standard
C103060,Divya Kumar,Male,19.0,Mumbai,Maharashtra,2024-06-30,Google Ads,Basic
C103061,Vihaan Singh,Female,65.0,Mumbai,Maharashtra,2024-08-13,Referral,Standard
C103062,Vihaan Singh,Female,58.0,Chennai,Tamil Nadu,2024-10-06,Instagram,Premium
C103063,Vihaan Gupta,Female,29.0,Kakinada,Andhra Pradesh,2024-04-02,Google Ads,Standard
C103064,Sai Patel,Male,25.0,Delhi,Delhi,2025-05-31,YouTube,Standard
C103065,Divya Naidu,Male,48.0,Ahmedabad,Gujarat,2025-02-05,Organic Search,Basic
C103066,Rahul Varma,Female,61.0,Ahmedabad,Gujarat,2025-08-28,Google Ads,Standard
C103067,Rohan Reddy,Female,33.0,Hyderabad,Telangana,2025-05-29,Organic Search,Standard
C103068,Vihaan Sharma,Male,64.0,Pune,Maharashtra,2024-04-18,Email,Premium
C103069,Meera Kumar,Female,39.0,Chennai,Tamil Nadu,2024-02-21,YouTube,Basic
C103070,Meera Varma,Female,39.0,Pune,Maharashtra,2024-11-04,YouTube,Standard
C103071,Vihaan Patel,Male,34.0,Bengaluru,Karnataka,2024-12-17,Email,Basic
C103072,Rahul Kumar,Female,30.0,Chennai,Tamil Nadu,2024-06-24,Referral,Standard
C103073,Kiran Kumar,Male,34.0,Bengaluru,Karnataka,2025-07-25,Instagram,Basic
C103074,Nikhil Reddy,Male,26.0,Kakinada,Andhra Pradesh,2025-02-28,Referral,Standard
C103075,Divya Varma,Female,36.0,Pune,Maharashtra,2025-06-30,Google Ads,Premium
C103076,Kiran Varma,Female,31.0,Hyderabad,Telangana,2024-03-20,Email,Standard
C103077,Arjun Reddy,Female,20.0,Pune,Maharashtra,2025-08-18,Instagram,Standard
C103078,Sai Das,Female,35.0,Kakinada,Andhra Pradesh,2024-05-30,Organic Search,Basic
C103079,Rohan Reddy,Other,19.0,Ahmedabad,Gujarat,2024-11-23,YouTube,Basic
C103080,Sanjay Gupta,Male,26.0,Mumbai,Maharashtra,2024-11-16,Instagram,Standard
C103081,Ananya Gupta,Male,,Visakhapatnam,Andhra Pradesh,2025-08-22,Email,Standard
C103082,Ananya Reddy,Male,19.0,Bengaluru,Karnataka,2024-07-21,Organic Search,Basic
C103083,Rahul Singh,Female,32.0,Mumbai,Maharashtra,2024-06-24,Referral,Basic
C103084,Sanjay Kumar,Male,50.0,Bengaluru,Karnataka,2024-09-04,YouTube,Standard
C103085,Kiran Singh,Female,19.0,Kakinada,Andhra Pradesh,2024-09-20,Referral,Standard
C103086,Arjun Reddy,Male,53.0,Ahmedabad,Gujarat,2024-05-12,Google Ads,Standard
C103087,Aditya Sharma,Male,21.0,Pune,Maharashtra,2024-05-08,Referral,Standard
C103088,Sneha Sharma,Female,20.0,Kolkata,West Bengal,2024-06-17,Referral,Basic
C103089,Priya Naidu,Female,27.0,Mumbai,Maharashtra,2024-12-07,Google Ads,Standard
C103090,Kiran Das,Male,59.0,Hyderabad,Telangana,2024-09-07,Organic Search,Premium
C103091,Rohan Varma,Female,20.0,Visakhapatnam,Andhra Pradesh,2024-10-13,Email,Standard
C103092,Vihaan Sharma,Female,22.0,Kakinada,Andhra Pradesh,2025-06-08,Google Ads,Standard
C103093,Sai Varma,Female,63.0,Hyderabad,Telangana,2024-06-24,Google Ads,Standard
C103094,Kavya Sharma,Male,47.0,Hyderabad,Telangana,2025-10-26,Google Ads,Basic
C103095,Aarav Das,Female,45.0,Pune,Maharashtra,2025-07-02,Google Ads,Premium
C103096,Arjun Kumar,Male,19.0,Hyderabad,Telangana,2024-05-07,Referral,Standard
C103097,Aarav Sharma,Male,36.0,Ahmedabad,Gujarat,2024-08-17,Google Ads,Basic
C103098,Arjun Varma,Female,45.0,Kakinada,Andhra Pradesh,2024-05-13,Organic Search,Premium
C103099,Nikhil Gupta,Male,43.0,Mumbai,Maharashtra,2024-07-18,YouTube,Standard
C103100,Meera Sharma,Male,43.0,Mumbai,Maharashtra,2024-09-23,Referral,Standard
C103101,Sanjay Sharma,Male,23.0,Visakhapatnam,Andhra Pradesh,2024-04-05,Email,Standard
C103102,Aditya Naidu,Male,65.0,Delhi,Delhi,2024-01-11,YouTube,Standard
C103103,Divya Gupta,Female,51.0,Mumbai,Maharashtra,2024-11-16,Instagram,Standard
C103104,Rohan Sharma,Male,29.0,Hyderabad,Telangana,2025-05-26,Instagram,Basic
C103105,Vihaan Varma,Female,64.0,Visakhapatnam,Andhra Pradesh,2024-08-09,Instagram,Basic
C103106,Kiran Das,Female,32.0,Kakinada,Andhra Pradesh,2025-09-20,Google Ads,Premium
C103107,Arjun Rao,Male,24.0,Hyderabad,Telangana,2024-09-26,Google Ads,Standard
C103108,Priya Gupta,Female,60.0,Visakhapatnam,Andhra Pradesh,2025-10-19,Referral,Standard
C103109,Aarav Naidu,Male,25.0,Bengaluru,Karnataka,2024-06-21,Google Ads,Standard
C103110,Rohan Patel,Male,20.0,Bengaluru,Karnataka,2025-01-28,Instagram,Standard
C103111,Sai Naidu,Male,48.0,Delhi,Delhi,2025-07-11,Google Ads,Standard
C103112,Sai Varma,Male,30.0,Chennai,Tamil Nadu,2024-02-13,Instagram,Standard
C103113,Priya Naidu,Male,25.0,Visakhapatnam,Andhra Pradesh,2025-11-09,Referral,Basic
C103114,Rohan Das,Male,22.0,Kolkata,West Bengal,2024-09-23,Google Ads,Premium
C103115,Sanjay Rao,Female,24.0,Bengaluru,Karnataka,2024-12-29,Instagram,Premium
C103116,Vihaan Patel,Female,64.0,Pune,Maharashtra,2025-04-03,Instagram,Basic
C103117,Sai Sharma,Female,50.0,Visakhapatnam,Andhra Pradesh,2025-04-14,Email,Basic
C103118,Meera Das,Female,58.0,Kolkata,West Bengal,2024-01-18,Google Ads,Standard
C103119,Kiran Sharma,Female,47.0,Mumbai,Maharashtra,2025-09-25,Email,Basic
C103120,Vihaan Kumar,Male,44.0,Bengaluru,Karnataka,2025-03-31,Organic Search,Basic
C103121,Priya Rao,Female,28.0,Chennai,Tamil Nadu,2025-12-30,Referral,Standard
C103122,Sanjay Gupta,Male,64.0,Chennai,Tamil Nadu,2024-12-10,Instagram,Standard
C103123,Aditya Singh,Female,57.0,Delhi,Delhi,2025-03-23,Email,Standard
C103124,Divya Kumar,Female,43.0,Bengaluru,Karnataka,2024-11-17,Instagram,Standard
C103125,Sai Kumar,Male,23.0,Bengaluru,Karnataka,2025-10-11,Organic Search,Basic
C103126,Kiran Sharma,Female,54.0,Pune,Maharashtra,2025-08-30,Organic Search,Basic
C103127,Aarav Das,Female,33.0,Kakinada,Andhra Pradesh,2025-10-25,Google Ads,Standard
C103128,Sai Reddy,Female,28.0,Pune,Maharashtra,2025-01-03,Google Ads,Premium
C103129,Rohan Das,Male,53.0,Chennai,Tamil Nadu,2025-07-31,Email,Basic
C103130,Ananya Gupta,Female,58.0,Kakinada,Andhra Pradesh,2024-09-18,Referral,Standard
C103131,Sanjay Singh,Female,47.0,Kolkata,West Bengal,2024-12-02,Instagram,Premium
C103132,Rohan Reddy,Male,21.0,Ahmedabad,Gujarat,2025-07-08,Organic Search,Standard
C103133,Ananya Patel,Female,46.0,Pune,Maharashtra,2024-02-29,Google Ads,Standard
C103134,Sai Patel,Male,62.0,Ahmedabad,Gujarat,2025-06-02,Organic Search,Premium
C103135,Sneha Patel,Female,50.0,Pune,Maharashtra,2024-01-12,Organic Search,Standard
C103136,Kavya Patel,Male,30.0,Kolkata,West Bengal,2025-02-27,Google Ads,Basic
C103137,Arjun Das,Male,49.0,Kolkata,West Bengal,2024-12-14,Google Ads,Basic
C103138,Meera Kumar,Male,29.0,Ahmedabad,Gujarat,2024-12-08,Google Ads,Standard
C103139,Sneha Sharma,Female,59.0,Visakhapatnam,Andhra Pradesh,2024-12-26,Organic Search,Premium
C103140,Sanjay Varma,Female,58.0,Mumbai,Maharashtra,2024-12-25,Instagram,Standard
C103141,Divya Sharma,Male,45.0,Kolkata,West Bengal,2024-10-24,Google Ads,Standard
C103142,Kavya Singh,Male,24.0,Hyderabad,Telangana,2024-11-25,Email,Standard
C103143,Rahul Das,Female,37.0,Pune,Maharashtra,2025-02-18,Instagram,Standard
C103144,Sanjay Singh,Male,23.0,Visakhapatnam,Andhra Pradesh,2025-07-11,Instagram,Premium
C103145,Aditya Patel,Male,54.0,Kolkata,West Bengal,2025-02-07,Organic Search,Basic
C103146,Ananya Sharma,Female,50.0,Mumbai,Maharashtra,2025-04-14,Referral,Basic
C103147,Vihaan Varma,Male,30.0,Kolkata,West Bengal,2025-09-02,Referral,Basic
C103148,Vihaan Rao,Female,59.0,Delhi,Delhi,2025-12-23,Google Ads,Standard
C103149,Rahul Reddy,Male,54.0,Chennai,Tamil Nadu,2024-03-20,Referral,Standard
C103150,Divya Das,Female,62.0,Mumbai,Maharashtra,2025-06-04,Referral,Standard
C103151,Sneha Sharma,Female,31.0,Kolkata,West Bengal,2024-06-13,Google Ads,Standard
C103152,Ananya Patel,Male,26.0,Bengaluru,Karnataka,2024-05-23,YouTube,Standard
C103153,Nikhil Varma,Female,41.0,Chennai,Tamil Nadu,2025-08-01,Instagram,Basic
C103154,Kiran Varma,Female,30.0,Kakinada,Andhra Pradesh,2024-02-20,Google Ads,Basic
C103155,Kiran Varma,Female,53.0,Ahmedabad,Gujarat,2025-09-10,Organic Search,Standard
C103156,Rohan Reddy,Male,38.0,Chennai,Tamil Nadu,2025-07-16,Instagram,Standard
C103157,Sneha Naidu,Male,48.0,Kakinada,Andhra Pradesh,2025-12-27,YouTube,Standard
C103158,Meera Patel,Female,26.0,Hyderabad,Telangana,2025-05-02,Google Ads,Standard
C103159,Meera Das,Male,22.0,Kakinada,Andhra Pradesh,2025-09-29,Instagram,Standard
C103160,Aditya Kumar,Male,63.0,Delhi,Delhi,2024-03-27,Instagram,Basic
C103161,Sneha Patel,Male,39.0,Visakhapatnam,Andhra Pradesh,2025-10-11,Google Ads,Basic
C103162,Rohan Singh,Female,24.0,Kakinada,Andhra Pradesh,2024-04-27,YouTube,Standard
C103163,Sneha Varma,Male,56.0,Kolkata,West Bengal,2024-08-17,YouTube,Basic
C103164,Rohan Varma,Male,24.0,Kolkata,West Bengal,2024-04-03,Referral,Standard
C103165,Rahul Varma,Female,65.0,Ahmedabad,Gujarat,2024-10-20,Instagram,Standard
C103166,Aarav Gupta,Male,36.0,Mumbai,Maharashtra,2025-06-30,Google Ads,Standard
C103167,Vihaan Kumar,Male,40.0,Bengaluru,Karnataka,2024-07-14,Google Ads,Standard
C103168,Meera Naidu,Male,30.0,Delhi,Delhi,2025-08-23,Google Ads,Standard
C103169,Vihaan Gupta,Male,22.0,Chennai,Tamil Nadu,2025-03-18,Instagram,Premium
C103170,Kavya Das,Other,37.0,Ahmedabad,Gujarat,2025-04-04,Google Ads,Standard
C103171,Sai Das,Male,35.0,Mumbai,Maharashtra,2025-11-16,Google Ads,Standard
C103172,Meera Patel,Female,39.0,Pune,Maharashtra,2024-11-11,Email,Standard
C103173,Arjun Naidu,Male,41.0,Hyderabad,Telangana,2024-09-08,Google Ads,Basic
C103174,Aarav Gupta,Male,48.0,Hyderabad,Telangana,2025-12-27,Instagram,Standard
C103175,Sanjay Sharma,Male,21.0,Kakinada,Andhra Pradesh,2025-02-10,Instagram,Premium
C103176,Priya Rao,Female,35.0,Visakhapatnam,Andhra Pradesh,2025-03-24,Email,Standard
C103177,Rohan Reddy,Male,59.0,Visakhapatnam,Andhra Pradesh,2024-08-04,Email,Standard
C103178,Aarav Das,Male,63.0,Delhi,Delhi,2024-06-06,Instagram,Basic
C103179,Nikhil Sharma,Female,43.0,Pune,Maharashtra,2024-05-03,Organic Search,Premium
C103180,Divya Varma,Male,35.0,Kolkata,West Bengal,2024-06-12,Email,Premium
C103181,Aarav Das,Female,37.0,Mumbai,Maharashtra,2024-05-22,Instagram,Basic
C103182,Divya Sharma,Male,55.0,Ahmedabad,Gujarat,2025-06-29,Google Ads,Standard
C103183,Kavya Sharma,Male,37.0,Kolkata,West Bengal,2024-02-12,YouTube,Premium
C103184,Priya Das,Female,63.0,Chennai,Tamil Nadu,2025-04-04,Google Ads,Standard
C103185,Aarav Reddy,Male,19.0,Chennai,Tamil Nadu,2025-11-23,Google Ads,Standard
C103186,Kavya Singh,Male,47.0,Delhi,Delhi,2025-07-12,Referral,Basic
C103187,Vihaan Rao,Male,42.0,Visakhapatnam,Andhra Pradesh,2024-10-21,Instagram,Premium
C103188,Sneha Rao,Male,39.0,Kakinada,Andhra Pradesh,2024-02-13,Organic Search,Premium
C103189,Sanjay Reddy,Female,40.0,Kakinada,Andhra Pradesh,2025-08-31,Organic Search,Basic
C103190,Ananya Kumar,Male,25.0,Ahmedabad,Gujarat,2024-01-03,Organic Search,Standard
C103191,Priya Kumar,Female,34.0,Delhi,Delhi,2025-05-12,Email,Premium
C103192,Sai Gupta,Male,34.0,Ahmedabad,Gujarat,2025-05-04,Email,Premium
C103193,Priya Das,Male,49.0,Mumbai,Maharashtra,2024-05-20,Google Ads,Basic
C103194,Vihaan Singh,Male,46.0,Visakhapatnam,Andhra Pradesh,2025-06-24,Organic Search,Standard
C103195,Priya Sharma,Female,37.0,Mumbai,Maharashtra,2024-05-08,Instagram,Standard
C103196,Arjun Naidu,Female,42.0,Chennai,Tamil Nadu,2024-06-13,Google Ads,Standard
C103197,Sanjay Sharma,Female,45.0,Hyderabad,Telangana,2025-08-15,YouTube,Standard
C103198,Ananya Patel,Male,20.0,Hyderabad,Telangana,2025-12-15,YouTube,Basic
C103199,Sai Das,Male,60.0,Delhi,Delhi,2024-07-12,Referral,Basic
C103200,Sanjay Patel,Female,60.0,Pune,Maharashtra,2025-11-03,Referral,Standard
C103201,Ananya Singh,Male,35.0,Hyderabad,Telangana,2025-10-28,Instagram,Basic
C103202,Aditya Naidu,Female,54.0,Visakhapatnam,Andhra Pradesh,2025-07-15,Email,Premium
C103203,Sneha Rao,Male,37.0,Bengaluru,Karnataka,2024-04-12,Instagram,Standard
C103204,Vihaan Reddy,Male,21.0,Kakinada,Andhra Pradesh,2024-08-06,Google Ads,Standard
C103205,Priya Singh,Male,59.0,Mumbai,Maharashtra,2025-05-09,Google Ads,Standard
C103206,Divya Das,Male,30.0,Delhi,Delhi,2025-12-30,Organic Search,Premium
C103207,Sai Das,Female,35.0,Bengaluru,Karnataka,2025-08-17,YouTube,Premium
C103208,Nikhil Das,Female,45.0,Visakhapatnam,Andhra Pradesh,2024-11-02,YouTube,Standard
C103209,Priya Reddy,Female,39.0,Ahmedabad,Gujarat,2024-06-20,Organic Search,Basic
C103210,Sanjay Das,Female,30.0,Hyderabad,Telangana,2025-12-02,Google Ads,Premium
C103211,Arjun Reddy,Male,56.0,Bengaluru,Karnataka,2024-07-20,Instagram,Standard
C103212,Kavya Sharma,Female,35.0,Kolkata,West Bengal,2024-09-06,Google Ads,Premium
C103213,Nikhil Reddy,Male,46.0,Visakhapatnam,Andhra Pradesh,2025-12-05,Google Ads,Standard
C103214,Sai Sharma,Female,49.0,Bengaluru,Karnataka,2025-02-14,Email,Standard
C103215,Aditya Reddy,Male,62.0,Mumbai,Maharashtra,2024-07-12,Google Ads,Premium
C103216,Rahul Das,Female,40.0,Pune,Maharashtra,2024-01-04,Organic Search,Standard
C103217,Rahul Patel,Female,40.0,Bengaluru,Karnataka,2024-11-09,Google Ads,Standard
C103218,Aarav Rao,Female,61.0,Delhi,Delhi,2025-12-20,Google Ads,Standard
C103219,Sneha Naidu,Female,40.0,Hyderabad,Telangana,2024-11-11,Organic Search,Standard
C103220,Rahul Das,Female,32.0,Chennai,Tamil Nadu,2025-05-25,Referral,Basic
C103221,Priya Gupta,Female,20.0,Ahmedabad,Gujarat,2024-07-03,Google Ads,Standard
C103222,Divya Kumar,Female,33.0,Chennai,Tamil Nadu,2025-07-20,Email,Standard
C103223,Nikhil Patel,Male,27.0,Mumbai,Maharashtra,2025-07-20,Referral,Standard
C103224,Arjun Kumar,Female,32.0,Chennai,Tamil Nadu,2025-03-20,Instagram,Standard
C103225,Rohan Naidu,Male,43.0,Pune,Maharashtra,2025-07-17,Referral,Standard
C103226,Ananya Gupta,Female,43.0,Bengaluru,Karnataka,2025-02-26,YouTube,Standard
C103227,Ananya Singh,Female,26.0,Bengaluru,Karnataka,2024-10-03,Instagram,Standard
C103228,Meera Varma,Male,40.0,Bengaluru,Karnataka,2025-06-22,Google Ads,Basic
C103229,Divya Das,Female,39.0,Kakinada,Andhra Pradesh,2025-09-01,Google Ads,Standard
C103230,Nikhil Varma,Male,20.0,Ahmedabad,Gujarat,2025-09-05,Referral,Premium
C103231,Rahul Rao,Female,31.0,Bengaluru,Karnataka,2024-06-04,YouTube,Standard
C103232,Kiran Rao,Female,52.0,Delhi,Delhi,2025-05-08,Google Ads,Basic
C103233,Rohan Das,Female,18.0,Chennai,Tamil Nadu,2024-01-04,Organic Search,Basic
C103234,Priya Rao,Female,32.0,Bengaluru,Karnataka,2025-02-21,Organic Search,Standard
C103235,Vihaan Sharma,Male,40.0,Visakhapatnam,Andhra Pradesh,2025-02-20,Google Ads,Standard
C103236,Priya Rao,Male,25.0,Kakinada,Andhra Pradesh,2024-09-22,Organic Search,Basic
C103237,Divya Sharma,Female,49.0,Mumbai,Maharashtra,2025-12-26,YouTube,Premium
C103238,Kiran Naidu,Male,52.0,Hyderabad,Telangana,2025-10-06,YouTube,Standard
C103239,Nikhil Sharma,Male,34.0,Mumbai,Maharashtra,2024-01-29,Email,Standard
C103240,Kiran Sharma,Male,29.0,Pune,Maharashtra,2024-06-01,Instagram,Basic
C103241,Kiran Patel,Male,55.0,Visakhapatnam,Andhra Pradesh,2024-05-31,Instagram,Standard
C103242,Sai Kumar,Other,28.0,Delhi,Delhi,2025-10-17,Google Ads,Standard
C103243,Ananya Varma,Male,25.0,Mumbai,Maharashtra,2025-01-13,Email,Premium
C103244,Rahul Das,Male,19.0,Mumbai,Maharashtra,2025-06-16,Google Ads,Premium
C103245,Aditya Singh,Female,22.0,Hyderabad,Telangana,2025-08-14,Email,Premium
C103246,Kiran Patel,Female,59.0,Hyderabad,Telangana,2025-07-14,Organic Search,Standard
C103247,Vihaan Singh,Male,62.0,Chennai,Tamil Nadu,2024-03-06,Instagram,Basic
C103248,Priya Sharma,Female,44.0,Kolkata,West Bengal,2024-04-12,YouTube,Premium
C103249,Priya Das,Male,62.0,Hyderabad,Telangana,2024-10-15,Instagram,Premium
C103250,Kiran Naidu,Female,51.0,Mumbai,Maharashtra,2024-09-04,Google Ads,Basic
C103251,Nikhil Reddy,Male,37.0,Kakinada,Andhra Pradesh,2025-06-29,Organic Search,Standard
C103252,Aarav Gupta,Male,52.0,Kakinada,Andhra Pradesh,2024-04-24,Instagram,Standard
C103253,Meera Sharma,Male,38.0,Kolkata,West Bengal,2024-09-28,Google Ads,Premium
C103254,Divya Singh,Female,64.0,Pune,Maharashtra,2024-06-21,YouTube,Basic
C103255,Rahul Kumar,Male,58.0,Pune,Maharashtra,2024-05-17,YouTube,Standard
C103256,Ananya Rao,Male,58.0,Delhi,Delhi,2024-05-06,Organic Search,Premium
C103257,Meera Rao,Female,43.0,Mumbai,Maharashtra,2024-05-22,Instagram,Standard
C103258,Rahul Varma,Male,42.0,Delhi,Delhi,2025-02-15,Google Ads,Standard
C103259,Divya Singh,Female,23.0,Kolkata,West Bengal,2024-10-26,Google Ads,Standard
C103260,Sai Das,Male,49.0,Kolkata,West Bengal,2024-11-13,Instagram,Standard
C103261,Vihaan Sharma,Male,23.0,Kolkata,West Bengal,2024-12-15,YouTube,Standard
C103262,Sai Rao,Male,43.0,Kolkata,West Bengal,2025-06-24,Instagram,Standard
C103263,Aarav Gupta,Male,24.0,Hyderabad,Telangana,2025-09-21,Organic Search,Premium
C103264,Rohan Das,Male,40.0,Kolkata,West Bengal,2025-01-19,Instagram,Basic
C103265,Priya Reddy,Female,55.0,Visakhapatnam,Andhra Pradesh,2025-04-13,Referral,Premium
C103266,Ananya Kumar,Female,32.0,Kolkata,West Bengal,2025-06-23,Instagram,Standard
C103267,Sanjay Varma,Male,46.0,Pune,Maharashtra,2025-05-18,Instagram,Premium
C103268,Rohan Rao,Male,30.0,Mumbai,Maharashtra,2024-04-08,Google Ads,Standard
C103269,Sanjay Kumar,Female,32.0,Ahmedabad,Gujarat,2025-12-18,YouTube,Standard
C103270,Arjun Naidu,Male,26.0,Chennai,Tamil Nadu,2024-04-30,Email,Standard
C103271,Divya Reddy,Female,25.0,Mumbai,Maharashtra,2024-10-27,Email,Basic
C103272,Kavya Patel,Female,35.0,Chennai,Tamil Nadu,2025-04-21,Google Ads,Standard
C103273,Meera Singh,Male,23.0,Bengaluru,Karnataka,2024-10-21,Organic Search,Basic
C103274,Vihaan Singh,Female,60.0,Kakinada,Andhra Pradesh,2024-06-26,Email,Basic
C103275,Kavya Sharma,Female,53.0,Ahmedabad,Gujarat,2025-11-05,Referral,Basic
C103276,Sneha Singh,Female,28.0,Delhi,Delhi,2024-02-22,Email,Standard
C103277,Kavya Singh,Female,60.0,Ahmedabad,Gujarat,2024-06-28,Organic Search,Premium
C103278,Aarav Rao,Male,35.0,Hyderabad,Telangana,2025-12-25,YouTube,Standard
C103279,Priya Singh,Female,43.0,Delhi,Delhi,2025-06-16,YouTube,Standard
C103280,Nikhil Das,Male,51.0,Kolkata,West Bengal,2024-03-04,Referral,Basic
C103281,Arjun Patel,Male,55.0,Hyderabad,Telangana,2025-07-04,Instagram,Premium
C103282,Divya Gupta,Other,18.0,Ahmedabad,Gujarat,2025-12-08,Google Ads,Basic
C103283,Divya Rao,Male,31.0,Visakhapatnam,Andhra Pradesh,2024-03-12,Instagram,Premium
C103284,Kiran Gupta,Female,34.0,Pune,Maharashtra,2024-10-29,Google Ads,Basic
C103285,Sneha Sharma,Female,46.0,Mumbai,Maharashtra,2024-12-07,Google Ads,Standard
C103286,Arjun Sharma,Female,59.0,Ahmedabad,Gujarat,2024-04-05,Email,Premium
C103287,Sanjay Rao,Female,39.0,Delhi,Delhi,2024-05-26,Referral,Standard
C103288,Meera Naidu,Female,40.0,Ahmedabad,Gujarat,2024-05-06,Email,Standard
C103289,Ananya Reddy,Other,22.0,Kolkata,West Bengal,2024-05-15,YouTube,Basic
C103290,Kavya Reddy,Female,43.0,Hyderabad,Telangana,2024-10-21,Instagram,Standard
C103291,Aarav Gupta,Female,41.0,Hyderabad,Telangana,2024-12-04,Instagram,Standard
C103292,Aditya Gupta,Female,48.0,Hyderabad,Telangana,2024-06-22,Email,Standard
C103293,Kiran Naidu,Male,58.0,Hyderabad,Telangana,2024-07-30,Referral,Standard
C103294,Divya Varma,Male,45.0,Mumbai,Maharashtra,2024-05-20,Referral,Premium
C103295,Rahul Patel,Male,20.0,Hyderabad,Telangana,2025-08-04,Organic Search,Basic
C103296,Kiran Gupta,Male,57.0,Kakinada,Andhra Pradesh,2024-06-03,Instagram,Standard
C103297,Nikhil Naidu,Male,40.0,Kakinada,Andhra Pradesh,2025-10-24,Referral,Basic
C103298,Meera Kumar,Female,41.0,Bengaluru,Karnataka,2025-01-28,YouTube,Basic
C103299,Nikhil Varma,Female,59.0,Delhi,Delhi,2025-08-08,Google Ads,Standard
C103300,Nikhil Das,Female,46.0,Ahmedabad,Gujarat,2025-04-09,Referral,Standard
C103301,Divya Patel,Female,55.0,Kolkata,West Bengal,2024-07-13,Instagram,Standard
C103302,Aarav Kumar,Female,60.0,Pune,Maharashtra,2025-03-14,Google Ads,Standard
C103303,Rahul Rao,Female,41.0,Kakinada,Andhra Pradesh,2024-07-19,Instagram,Premium
C103304,Nikhil Das,Female,65.0,Kolkata,West Bengal,2024-03-27,Referral,Basic
C103305,Sai Rao,Male,26.0,Kolkata,West Bengal,2024-07-04,Referral,Standard
C103306,Sneha Sharma,Female,59.0,Pune,Maharashtra,2024-07-20,YouTube,Standard
C103307,Meera Patel,Male,58.0,Pune,Maharashtra,2024-04-08,Email,Standard
C103308,Aarav Reddy,Male,22.0,Mumbai,Maharashtra,2024-01-18,Instagram,Premium
C103309,Aditya Das,Male,25.0,Pune,Maharashtra,2025-11-19,Organic Search,Standard
C103310,Arjun Varma,Female,19.0,Kakinada,Andhra Pradesh,2025-01-09,Google Ads,Standard
C103311,Priya Varma,Female,31.0,Delhi,Delhi,2024-10-20,Email,Basic
C103312,Meera Varma,Male,65.0,Bengaluru,Karnataka,2025-11-09,Google Ads,Standard
C103313,Sneha Rao,Female,23.0,Pune,Maharashtra,2024-06-13,Organic Search,Premium
C103314,Meera Reddy,Male,19.0,Ahmedabad,Gujarat,2024-10-21,YouTube,Standard
C103315,Priya Naidu,Male,40.0,Kakinada,Andhra Pradesh,2025-09-10,Instagram,Standard
C103316,Aarav Rao,Male,34.0,Pune,Maharashtra,2025-04-06,Referral,Premium
C103317,Kiran Varma,Male,48.0,Ahmedabad,Gujarat,2024-10-18,Referral,Premium
C103318,Vihaan Sharma,Female,47.0,Mumbai,Maharashtra,2024-07-05,Google Ads,Premium
C103319,Ananya Das,Male,57.0,Chennai,Tamil Nadu,2024-01-26,Google Ads,Basic
C103320,Rahul Singh,Male,37.0,Chennai,Tamil Nadu,2024-03-03,Email,Basic
C103321,Kiran Kumar,Male,40.0,Delhi,Delhi,2024-04-28,Google Ads,Standard
C103322,Aditya Singh,Female,19.0,Ahmedabad,Gujarat,2025-07-28,Instagram,Premium
C103323,Sneha Singh,Other,64.0,Visakhapatnam,Andhra Pradesh,2025-04-11,Organic Search,Standard
C103324,Vihaan Rao,Female,28.0,Delhi,Delhi,2024-11-12,Email,Standard
C103325,Nikhil Naidu,Female,46.0,Bengaluru,Karnataka,2025-07-25,Google Ads,Standard
C103326,Arjun Naidu,Female,60.0,Visakhapatnam,Andhra Pradesh,2024-04-27,YouTube,Standard
C103327,Sanjay Sharma,Male,47.0,Visakhapatnam,Andhra Pradesh,2024-06-02,Organic Search,Premium
C103328,Sai Varma,Male,48.0,Kakinada,Andhra Pradesh,2024-10-13,YouTube,Premium
C103329,Kiran Naidu,Female,26.0,Mumbai,Maharashtra,2025-10-31,Referral,Standard
C103330,Ananya Singh,Male,52.0,Ahmedabad,Gujarat,2025-03-24,Google Ads,Standard
C103331,Nikhil Rao,Male,27.0,Ahmedabad,Gujarat,2025-09-13,Instagram,Standard
C103332,Priya Reddy,Male,51.0,Ahmedabad,Gujarat,2024-06-30,YouTube,Basic
C103333,Priya Sharma,Male,45.0,Visakhapatnam,Andhra Pradesh,2025-09-11,Organic Search,Standard
C103334,Aarav Sharma,Male,41.0,Kakinada,Andhra Pradesh,2024-02-22,Organic Search,Basic
C103335,Nikhil Singh,Male,52.0,Chennai,Tamil Nadu,2024-06-15,Referral,Standard
C103336,Meera Gupta,Male,52.0,Hyderabad,Telangana,2025-01-16,Google Ads,Basic
C103337,Ananya Sharma,Female,27.0,Bengaluru,Karnataka,2024-02-06,Email,Standard
C103338,Sai Patel,Female,36.0,Visakhapatnam,Andhra Pradesh,2025-09-18,Instagram,Basic
C103339,Rahul Naidu,Male,41.0,Visakhapatnam,Andhra Pradesh,2025-09-25,Referral,Standard
C103340,Rohan Patel,Male,25.0,Hyderabad,Telangana,2025-01-30,Email,Standard
C103341,Sai Gupta,Male,35.0,Delhi,Delhi,2024-08-11,Organic Search,Standard
C103342,Divya Reddy,Male,19.0,Mumbai,Maharashtra,2024-03-13,Google Ads,Standard
C103343,Sai Sharma,Male,39.0,Delhi,Delhi,2025-03-27,Organic Search,Standard
C103344,Aarav Das,Male,27.0,Kolkata,West Bengal,2025-01-27,Instagram,Basic
C103345,Priya Rao,Female,28.0,Pune,Maharashtra,2025-07-08,Google Ads,Standard
C103346,Priya Sharma,Female,57.0,Chennai,Tamil Nadu,2025-03-15,Instagram,Standard
C103347,Divya Varma,Female,24.0,Chennai,Tamil Nadu,2024-04-03,Google Ads,Standard
C103348,Ananya Sharma,Female,23.0,Kolkata,West Bengal,2024-03-29,Google Ads,Basic
C103349,Nikhil Kumar,Female,33.0,Kolkata,West Bengal,2025-07-24,Google Ads,Basic
C103350,Sai Patel,Female,19.0,Hyderabad,Telangana,2024-04-26,Referral,Standard
C103351,Rahul Sharma,Female,59.0,Bengaluru,Karnataka,2025-11-16,Google Ads,Premium
C103352,Rohan Rao,Female,65.0,Delhi,Delhi,2024-03-18,Referral,Basic
C103353,Rahul Patel,Female,56.0,Chennai,Tamil Nadu,2025-06-15,Organic Search,Basic
C103354,Rahul Reddy,Female,56.0,Kakinada,Andhra Pradesh,2025-12-12,Instagram,Basic
C103355,Sneha Reddy,Female,22.0,Visakhapatnam,Andhra Pradesh,2024-11-18,Google Ads,Standard
C103356,Arjun Kumar,Male,44.0,Kolkata,West Bengal,2024-02-11,Instagram,Premium
C103357,Meera Gupta,Male,22.0,Hyderabad,Telangana,2025-10-01,Instagram,Basic
C103358,Vihaan Patel,Male,32.0,Bengaluru,Karnataka,2024-05-16,Email,Premium
C103359,Sai Kumar,Male,41.0,Chennai,Tamil Nadu,2025-01-20,Organic Search,Premium
C103360,Vihaan Das,Male,50.0,Pune,Maharashtra,2025-12-19,Google Ads,Standard
C103361,Sai Rao,Male,31.0,Kolkata,West Bengal,2025-06-27,Google Ads,Standard
C103362,Vihaan Reddy,Male,30.0,Bengaluru,Karnataka,2024-02-03,Instagram,Basic
C103363,Nikhil Kumar,Female,57.0,Visakhapatnam,Andhra Pradesh,2025-08-21,Instagram,Standard
C103364,Sai Reddy,Male,28.0,Chennai,Tamil Nadu,2024-04-27,Organic Search,Premium
C103365,Sanjay Varma,Male,41.0,Pune,Maharashtra,2025-07-01,Referral,Standard
C103366,Sanjay Sharma,Male,31.0,Hyderabad,Telangana,2025-03-29,Email,Basic
C103367,Priya Kumar,Male,58.0,Visakhapatnam,Andhra Pradesh,2024-07-29,Organic Search,Basic
C103368,Arjun Sharma,Female,43.0,Pune,Maharashtra,2024-11-05,Referral,Premium
C103369,Aditya Varma,Female,23.0,Mumbai,Maharashtra,2024-03-27,Instagram,Standard
C103370,Priya Singh,Male,25.0,Delhi,Delhi,2025-12-21,Email,Premium
C103371,Kiran Naidu,Female,64.0,Delhi,Delhi,2024-06-22,Organic Search,Basic
C103372,Rohan Naidu,Male,63.0,Hyderabad,Telangana,2024-08-13,Google Ads,Standard
C103373,Arjun Reddy,Female,54.0,Kakinada,Andhra Pradesh,2025-01-02,Email,Standard
C103374,Aarav Naidu,Female,21.0,Visakhapatnam,Andhra Pradesh,2025-05-05,Referral,Standard
C103375,Sanjay Patel,Female,53.0,Visakhapatnam,Andhra Pradesh,2025-01-03,Google Ads,Basic
C103376,Nikhil Sharma,Male,49.0,Delhi,Delhi,2025-01-03,Email,Basic
C103377,Aarav Reddy,Female,63.0,Pune,Maharashtra,2025-03-01,Google Ads,Standard
C103378,Sanjay Naidu,Female,41.0,Chennai,Tamil Nadu,2025-09-18,Google Ads,Premium
C103379,Meera Singh,Female,40.0,Chennai,Tamil Nadu,2024-10-15,Google Ads,Standard
C103380,Kiran Das,Male,48.0,Pune,Maharashtra,2025-08-30,Email,Basic
C103381,Sai Sharma,Male,25.0,Chennai,Tamil Nadu,2025-07-28,Organic Search,Standard
C103382,Priya Gupta,Male,53.0,Ahmedabad,Gujarat,2025-12-02,Email,Basic
C103383,Sneha Patel,Male,41.0,Hyderabad,Telangana,2025-10-28,Organic Search,Standard
C103384,Rohan Gupta,Female,27.0,Bengaluru,Karnataka,2025-08-05,Google Ads,Standard
C103385,Sai Singh,Male,57.0,Visakhapatnam,Andhra Pradesh,2024-06-29,Referral,Premium
C103386,Sai Das,Male,30.0,Visakhapatnam,Andhra Pradesh,2025-07-19,Instagram,Standard
C103387,Sai Naidu,Female,59.0,Visakhapatnam,Andhra Pradesh,2025-06-21,Referral,Premium
C103388,Rahul Das,Female,31.0,Delhi,Delhi,2024-07-30,Email,Standard
C103389,Priya Rao,Other,41.0,Chennai,Tamil Nadu,2025-05-09,Instagram,Standard
C103390,Vihaan Reddy,Female,38.0,Hyderabad,Telangana,2024-07-03,YouTube,Basic
C103391,Ananya Das,Female,53.0,Mumbai,Maharashtra,2025-01-16,Google Ads,Standard
C103392,Sai Gupta,Female,26.0,Ahmedabad,Gujarat,2025-08-04,Email,Standard
C103393,Nikhil Das,Male,29.0,Delhi,Delhi,2024-05-17,Referral,Premium
C103394,Nikhil Das,Male,27.0,Chennai,Tamil Nadu,2024-09-02,Organic Search,Standard
C103395,Rohan Naidu,Female,29.0,Bengaluru,Karnataka,2025-08-03,Referral,Standard
C103396,Sneha Rao,Male,39.0,Chennai,Tamil Nadu,2024-11-27,Instagram,Standard
C103397,Sneha Patel,Male,46.0,Ahmedabad,Gujarat,2025-12-02,YouTube,Standard
C103398,Arjun Das,Female,59.0,Pune,Maharashtra,2024-01-06,Email,Basic
C103399,Priya Sharma,Male,38.0,Pune,Maharashtra,2025-06-10,Referral,Standard
C103400,Aarav Das,Male,37.0,Kakinada,Andhra Pradesh,2025-08-17,Email,Standard
C103401,Sai Gupta,Male,25.0,Mumbai,Maharashtra,2025-11-01,Google Ads,Premium
C103402,Divya Naidu,Male,22.0,Mumbai,Maharashtra,2024-04-24,Organic Search,Standard
C103403,Arjun Reddy,Female,54.0,Kolkata,West Bengal,2025-12-19,Google Ads,Standard
C103404,Rahul Gupta,Male,48.0,Chennai,Tamil Nadu,2024-10-13,Organic Search,Standard
C103405,Kavya Varma,Male,43.0,Kakinada,Andhra Pradesh,2024-09-13,Google Ads,Basic
C103406,Sai Sharma,Male,39.0,Hyderabad,Telangana,2024-09-16,Organic Search,Standard
C103407,Arjun Singh,Female,42.0,Bengaluru,Karnataka,2025-04-10,YouTube,Standard
C103408,Sanjay Singh,Male,58.0,Delhi,Delhi,2025-04-26,YouTube,Basic
C103409,Sanjay Varma,Male,27.0,Chennai,Tamil Nadu,2024-12-11,Organic Search,Basic
C103410,Kavya Reddy,Female,41.0,Visakhapatnam,Andhra Pradesh,2024-02-21,Email,Standard
C103411,Rohan Gupta,Male,29.0,Chennai,Tamil Nadu,2025-12-21,Referral,Standard
C103412,Meera Rao,Female,23.0,Chennai,Tamil Nadu,2024-06-11,Instagram,Standard
C103413,Aditya Gupta,Male,51.0,Bengaluru,Karnataka,2024-03-09,Referral,Standard
C103414,Priya Das,Male,51.0,Chennai,Tamil Nadu,2025-03-12,Referral,Premium
C103415,Kavya Das,Male,58.0,Pune,Maharashtra,2024-10-28,Instagram,Standard
C103416,Aditya Sharma,Female,19.0,Pune,Maharashtra,2025-03-25,Email,Premium
C103417,Divya Reddy,Male,26.0,Kolkata,West Bengal,2025-10-01,Instagram,Standard
C103418,Sai Rao,Male,45.0,Chennai,Tamil Nadu,2024-03-12,Referral,Standard
C103419,Meera Das,Female,56.0,Bengaluru,Karnataka,2024-07-26,Referral,Premium
C103420,Rohan Sharma,Male,63.0,Bengaluru,Karnataka,2025-01-12,Organic Search,Standard
C103421,Aarav Reddy,Female,55.0,Bengaluru,Karnataka,2025-07-29,Google Ads,Premium
C103422,Vihaan Reddy,Other,61.0,Kolkata,West Bengal,2025-03-14,Instagram,Basic
C103423,Meera Kumar,Female,57.0,Visakhapatnam,Andhra Pradesh,2024-10-06,Referral,Basic
C103424,Kiran Gupta,Male,33.0,Visakhapatnam,Andhra Pradesh,2025-03-21,Referral,Standard
C103425,Ananya Sharma,Male,45.0,Delhi,Delhi,2025-12-16,Instagram,Premium
C103426,Nikhil Varma,Female,48.0,Hyderabad,Telangana,2024-12-16,Email,Basic
C103427,Sai Reddy,Male,34.0,Kolkata,West Bengal,2025-10-06,YouTube,Basic
C103428,Meera Das,Male,60.0,Hyderabad,Telangana,2025-07-23,Organic Search,Basic
C103429,Sanjay Rao,Female,55.0,Kolkata,West Bengal,2024-08-07,Instagram,Standard
C103430,Meera Das,Female,42.0,Delhi,Delhi,2024-07-01,Google Ads,Premium
C103431,Aditya Naidu,Male,41.0,Visakhapatnam,Andhra Pradesh,2025-07-16,Referral,Basic
C103432,Ananya Naidu,Male,56.0,Kolkata,West Bengal,2024-05-31,Email,Standard
C103433,Aarav Kumar,Female,28.0,Ahmedabad,Gujarat,2024-09-02,YouTube,Standard
C103434,Sneha Reddy,Female,28.0,Chennai,Tamil Nadu,2024-06-20,Instagram,Basic
C103435,Kavya Das,Female,37.0,Visakhapatnam,Andhra Pradesh,2025-03-18,Referral,Standard
C103436,Ananya Gupta,Male,24.0,Pune,Maharashtra,2024-08-02,YouTube,Premium
C103437,Divya Das,Male,39.0,Kolkata,West Bengal,2025-04-25,Instagram,Basic
C103438,Vihaan Kumar,Male,38.0,Delhi,Delhi,2025-11-13,YouTube,Standard
C103439,Kiran Naidu,Male,42.0,Chennai,Tamil Nadu,2025-08-28,Referral,Premium
C103440,Nikhil Sharma,Female,40.0,Visakhapatnam,Andhra Pradesh,2025-11-23,Email,Premium
C103441,Meera Gupta,Male,61.0,Delhi,Delhi,2024-01-18,Google Ads,Standard
C103442,Rahul Rao,Male,31.0,Hyderabad,Telangana,2024-11-28,Organic Search,Standard
C103443,Kavya Das,Female,37.0,Delhi,Delhi,2024-06-09,YouTube,Premium
C103444,Sai Varma,Male,53.0,Delhi,Delhi,2025-11-01,Instagram,Standard
C103445,Meera Naidu,Male,31.0,Chennai,Tamil Nadu,2025-06-03,Organic Search,Standard
C103446,Meera Das,Female,49.0,Hyderabad,Telangana,2024-08-21,Instagram,Standard
C103447,Kiran Naidu,Male,64.0,Bengaluru,Karnataka,2025-02-15,Google Ads,Basic
C103448,Vihaan Gupta,Female,36.0,Delhi,Delhi,2025-03-17,Referral,Standard
C103449,Aditya Das,Male,29.0,Chennai,Tamil Nadu,2024-12-27,Email,Basic
C103450,Kavya Varma,Male,27.0,Hyderabad,Telangana,2024-12-12,Google Ads,Standard
C103451,Priya Rao,Female,18.0,Delhi,Delhi,2024-02-10,Google Ads,Premium
C103452,Ananya Kumar,Male,,Delhi,Delhi,2024-11-26,Instagram,Premium
C103453,Aarav Varma,Female,58.0,Hyderabad,Telangana,2024-09-11,Google Ads,Basic
C103454,Vihaan Sharma,Male,30.0,Mumbai,Maharashtra,2025-08-20,Instagram,Premium
C103455,Priya Singh,Female,63.0,Mumbai,Maharashtra,2025-09-23,Google Ads,Standard
C103456,Aarav Singh,Male,63.0,Bengaluru,Karnataka,2025-07-01,Organic Search,Standard
C103457,Kavya Reddy,Female,50.0,Ahmedabad,Gujarat,2024-01-23,Google Ads,Standard
C103458,Sneha Singh,Female,65.0,Hyderabad,Telangana,2025-09-06,YouTube,Standard
C103459,Priya Gupta,Male,37.0,Pune,Maharashtra,2024-10-16,Google Ads,Premium
C103460,Priya Kumar,Male,63.0,Kolkata,West Bengal,2024-10-30,Referral,Standard
C103461,Rohan Patel,Female,44.0,Visakhapatnam,Andhra Pradesh,2025-11-20,Instagram,Basic
C103462,Rohan Rao,Female,21.0,Pune,Maharashtra,2025-09-25,Instagram,Basic
C103463,Arjun Reddy,Male,57.0,Pune,Maharashtra,2024-02-07,Email,Basic
C103464,Nikhil Reddy,Female,63.0,Ahmedabad,Gujarat,2024-09-19,Google Ads,Standard
C103465,Ananya Sharma,Male,60.0,Visakhapatnam,Andhra Pradesh,2025-07-01,Google Ads,Premium
C103466,Aarav Naidu,Male,38.0,Mumbai,Maharashtra,2025-01-28,Google Ads,Premium
C103467,Ananya Kumar,Female,22.0,Ahmedabad,Gujarat,2024-07-07,Organic Search,Basic
C103468,Divya Gupta,Male,46.0,Chennai,Tamil Nadu,2025-01-18,Google Ads,Standard
C103469,Sneha Rao,Male,59.0,Hyderabad,Telangana,2025-09-24,Instagram,Standard
C103470,Aarav Das,Female,58.0,Kolkata,West Bengal,2024-06-12,Google Ads,Standard
C103471,Aarav Singh,Female,47.0,Kakinada,Andhra Pradesh,2025-06-28,Referral,Standard
C103472,Kavya Varma,Male,55.0,Bengaluru,Karnataka,2025-06-20,YouTube,Standard
C103473,Kavya Singh,Male,19.0,Hyderabad,Telangana,2025-10-08,Instagram,Standard
C103474,Sai Das,Male,47.0,Kakinada,Andhra Pradesh,2024-08-05,Google Ads,Standard
C103475,Sai Patel,Female,23.0,Pune,Maharashtra,2024-06-06,Referral,Standard
C103476,Ananya Das,Male,53.0,Mumbai,Maharashtra,2025-02-03,YouTube,Premium
C103477,Ananya Sharma,Female,20.0,Ahmedabad,Gujarat,2025-01-22,Instagram,Standard
C103478,Nikhil Singh,Female,46.0,Delhi,Delhi,2024-10-25,Organic Search,Basic
C103479,Sneha Patel,Female,63.0,Delhi,Delhi,2025-07-22,Organic Search,Basic
C103480,Meera Reddy,Male,23.0,Mumbai,Maharashtra,2025-08-06,Google Ads,Basic
C103481,Sanjay Rao,Male,38.0,Pune,Maharashtra,2024-06-28,Organic Search,Basic
C103482,Aditya Kumar,Male,19.0,Bengaluru,Karnataka,2025-08-03,Referral,Premium
C103483,Nikhil Varma,Male,52.0,Delhi,Delhi,2024-06-17,Instagram,Premium
C103484,Kavya Patel,Male,62.0,Delhi,Delhi,2024-10-24,Google Ads,Premium
C103485,Arjun Varma,Female,18.0,Hyderabad,Telangana,2024-01-20,Google Ads,Premium
C103486,Sai Varma,Male,44.0,Ahmedabad,Gujarat,2024-09-05,Google Ads,Standard
C103487,Ananya Rao,Male,56.0,Hyderabad,Telangana,2025-11-30,Organic Search,Premium
C103488,Arjun Varma,Female,19.0,Kakinada,Andhra Pradesh,2024-11-19,Email,Basic
C103489,Meera Gupta,Other,41.0,Hyderabad,Telangana,2025-06-02,Organic Search,Standard
C103490,Sanjay Singh,Male,24.0,Delhi,Delhi,2024-03-19,Referral,Premium
C103491,Arjun Rao,Female,62.0,Hyderabad,Telangana,2025-04-08,Google Ads,Basic
C103492,Nikhil Gupta,Female,42.0,Delhi,Delhi,2024-09-28,Instagram,Basic
C103493,Ananya Patel,Male,43.0,Kolkata,West Bengal,2025-06-27,Organic Search,Standard
C103494,Sneha Gupta,Female,65.0,Hyderabad,Telangana,2025-11-08,Instagram,Premium
C103495,Aditya Varma,Male,55.0,Pune,Maharashtra,2025-01-23,Google Ads,Standard
C103496,Divya Naidu,Male,33.0,Ahmedabad,Gujarat,2024-03-16,Email,Standard
C103497,Kiran Kumar,Male,48.0,Chennai,Tamil Nadu,2024-12-13,Organic Search,Standard
C103498,Kiran Varma,Male,32.0,Bengaluru,Karnataka,2024-03-30,Instagram,Standard
C103499,Meera Patel,Female,42.0,Kolkata,West Bengal,2024-11-24,Email,Basic
C103500,Divya Rao,Female,56.0,Bengaluru,Karnataka,2024-02-14,Instagram,Standard
C103501,Sneha Varma,Male,63.0,Hyderabad,Telangana,2025-04-12,Organic Search,Basic
C103502,Vihaan Naidu,Female,63.0,Chennai,Tamil Nadu,2024-08-14,Organic Search,Premium
C103503,Sanjay Singh,Male,41.0,Mumbai,Maharashtra,2024-05-27,Organic Search,Basic
C103504,Divya Sharma,Male,60.0,Hyderabad,Telangana,2024-01-13,Instagram,Premium
C103505,Rohan Sharma,Female,60.0,Ahmedabad,Gujarat,2025-10-10,Referral,Basic
C103506,Nikhil Gupta,Male,44.0,Pune,Maharashtra,2025-09-03,Google Ads,Basic
C103507,Sneha Singh,Female,19.0,Kakinada,Andhra Pradesh,2025-08-15,Referral,Standard
C103508,Arjun Patel,Male,23.0,Chennai,Tamil Nadu,2024-02-12,YouTube,Premium
C103509,Sneha Rao,Female,49.0,Chennai,Tamil Nadu,2024-09-12,Instagram,Basic
C103510,Nikhil Sharma,Male,57.0,Visakhapatnam,Andhra Pradesh,2025-12-10,Referral,Basic
C103511,Aditya Varma,Male,61.0,Hyderabad,Telangana,2025-02-26,Instagram,Basic
C103512,Rohan Gupta,Female,29.0,Delhi,Delhi,2024-04-03,Referral,Standard
C103513,Rohan Reddy,Female,61.0,Ahmedabad,Gujarat,2024-04-12,Referral,Premium
C103514,Rahul Patel,Male,57.0,Mumbai,Maharashtra,2024-07-11,Google Ads,Standard
C103515,Aarav Patel,Female,41.0,Visakhapatnam,Andhra Pradesh,2025-12-10,Email,Standard
C103516,Nikhil Das,Male,35.0,Mumbai,Maharashtra,2024-05-03,YouTube,Premium
C103517,Meera Naidu,Male,40.0,Chennai,Tamil Nadu,2025-10-21,Organic Search,Premium
C103518,Sneha Gupta,Male,50.0,Visakhapatnam,Andhra Pradesh,2025-05-09,YouTube,Basic
C103519,Vihaan Patel,Female,56.0,Mumbai,Maharashtra,2025-11-03,Instagram,Standard
C103520,Kiran Rao,Female,26.0,Kakinada,Andhra Pradesh,2025-08-25,YouTube,Standard
C103521,Rahul Kumar,Female,34.0,Hyderabad,Telangana,2024-08-30,Google Ads,Basic
C103522,Aditya Rao,Female,23.0,Mumbai,Maharashtra,2025-08-27,Instagram,Standard
C103523,Kiran Kumar,Male,62.0,Pune,Maharashtra,2024-05-03,Google Ads,Standard
C103524,Meera Kumar,Male,37.0,Pune,Maharashtra,2024-07-31,Google Ads,Basic
C103525,Vihaan Reddy,Male,30.0,Kakinada,Andhra Pradesh,2024-06-03,Organic Search,Basic
C103526,Ananya Varma,Female,27.0,Kakinada,Andhra Pradesh,2024-04-07,Instagram,Premium
C103527,Nikhil Reddy,Male,21.0,Kolkata,West Bengal,2024-03-06,Referral,Standard
C103528,Sneha Singh,Female,40.0,Kolkata,West Bengal,2024-05-16,Google Ads,Standard
C103529,Arjun Gupta,Female,55.0,Delhi,Delhi,2024-03-28,Instagram,Premium
C103530,Rahul Patel,Female,33.0,Visakhapatnam,Andhra Pradesh,2024-10-04,Organic Search,Standard
C103531,Sai Varma,Male,37.0,Kolkata,West Bengal,2024-02-22,Referral,Premium
C103532,Sai Naidu,Male,48.0,Hyderabad,Telangana,2024-02-14,Google Ads,Standard
C103533,Aditya Das,Female,35.0,Visakhapatnam,Andhra Pradesh,2025-12-23,Organic Search,Premium
C103534,Arjun Patel,Female,53.0,Delhi,Delhi,2024-03-05,Organic Search,Basic
C103535,Sai Singh,Male,33.0,Chennai,Tamil Nadu,2024-02-24,Google Ads,Standard
C103536,Ananya Varma,Female,39.0,Chennai,Tamil Nadu,2024-01-22,Instagram,Standard
C103537,Kavya Patel,Female,65.0,Visakhapatnam,Andhra Pradesh,2024-04-06,YouTube,Basic
C103538,Sneha Patel,Male,58.0,Mumbai,Maharashtra,2025-01-20,Google Ads,Standard
C103539,Rahul Reddy,Female,45.0,Delhi,Delhi,2025-08-26,Instagram,Basic
C103540,Kiran Patel,Male,36.0,Hyderabad,Telangana,2025-06-20,Instagram,Basic
C103541,Aditya Das,Female,65.0,Delhi,Delhi,2025-02-27,Instagram,Basic
C103542,Sneha Rao,Male,40.0,Hyderabad,Telangana,2024-03-03,YouTube,Basic
C103543,Vihaan Das,Male,34.0,Pune,Maharashtra,2025-07-19,YouTube,Standard
C103544,Priya Reddy,Male,46.0,Visakhapatnam,Andhra Pradesh,2024-01-28,Referral,Standard
C103545,Ananya Naidu,Female,37.0,Chennai,Tamil Nadu,2025-04-05,Email,Standard
C103546,Sneha Das,Other,60.0,Kakinada,Andhra Pradesh,2024-10-25,Organic Search,Standard
C103547,Rohan Rao,Male,28.0,Kakinada,Andhra Pradesh,2025-10-05,Referral,Basic
C103548,Rahul Singh,Male,20.0,Hyderabad,Telangana,2024-08-12,Email,Standard
C103549,Meera Singh,Male,38.0,Pune,Maharashtra,2025-04-11,YouTube,Standard
C103550,Nikhil Kumar,Male,63.0,Pune,Maharashtra,2024-11-17,Instagram,Standard
C103551,Vihaan Kumar,Female,20.0,Delhi,Delhi,2025-01-16,Instagram,Standard
C103552,Rohan Rao,Male,56.0,Visakhapatnam,Andhra Pradesh,2025-11-16,Organic Search,Standard
C103553,Kavya Rao,Female,18.0,Delhi,Delhi,2025-06-04,Email,Standard
C103554,Priya Reddy,Female,44.0,Hyderabad,Telangana,2024-10-29,Instagram,Basic
C103555,Rohan Das,Male,39.0,Pune,Maharashtra,2024-11-22,Google Ads,Standard
C103556,Kavya Kumar,Female,25.0,Mumbai,Maharashtra,2025-05-29,Email,Basic
C103557,Kavya Rao,Other,53.0,Delhi,Delhi,2024-09-09,Referral,Basic
C103558,Nikhil Reddy,Female,26.0,Pune,Maharashtra,2024-05-02,Organic Search,Premium
C103559,Rohan Rao,Female,38.0,Ahmedabad,Gujarat,2024-12-07,Organic Search,Standard
C103560,Sanjay Sharma,Male,44.0,Mumbai,Maharashtra,2024-02-19,Referral,Basic
C103561,Divya Singh,Male,42.0,Delhi,Delhi,2024-05-03,Email,Basic
C103562,Sneha Kumar,Female,19.0,Hyderabad,Telangana,2024-11-03,Email,Premium
C103563,Aditya Reddy,Male,39.0,Delhi,Delhi,2025-08-04,Instagram,Standard
C103564,Meera Das,Female,49.0,Pune,Maharashtra,2025-07-24,Google Ads,Standard
C103565,Sneha Singh,Female,43.0,Kolkata,West Bengal,2024-07-09,Google Ads,Standard
C103566,Sneha Reddy,Male,53.0,Mumbai,Maharashtra,2024-11-04,Organic Search,Premium
C103567,Kiran Rao,Male,55.0,Hyderabad,Telangana,2024-04-22,Organic Search,Standard
C103568,Arjun Singh,Male,26.0,Pune,Maharashtra,2025-07-05,Instagram,Standard
C103569,Sneha Varma,Female,56.0,Kolkata,West Bengal,2024-06-28,Organic Search,Standard
C103570,Ananya Das,Male,60.0,Hyderabad,Telangana,2025-08-06,Email,Standard
C103571,Aarav Kumar,Male,58.0,Pune,Maharashtra,2025-09-06,Instagram,Standard
C103572,Kiran Das,Female,58.0,Hyderabad,Telangana,2025-05-18,Google Ads,Basic
C103573,Rahul Kumar,Female,28.0,Chennai,Tamil Nadu,2024-08-29,Organic Search,Standard
C103574,Kavya Patel,Female,49.0,Kolkata,West Bengal,2025-11-26,Google Ads,Basic
C103575,Nikhil Singh,Female,39.0,Ahmedabad,Gujarat,2025-05-15,Email,Basic
C103576,Arjun Reddy,Male,65.0,Ahmedabad,Gujarat,2025-04-16,Referral,Premium
C103577,Kiran Patel,Other,57.0,Ahmedabad,Gujarat,2025-09-17,Referral,Premium
C103578,Rahul Varma,Female,25.0,Mumbai,Maharashtra,2025-10-05,Referral,Standard
C103579,Sneha Singh,Male,63.0,Visakhapatnam,Andhra Pradesh,2024-02-26,Referral,Standard
C103580,Divya Das,Male,51.0,Delhi,Delhi,2025-10-05,YouTube,Basic
C103581,Rahul Rao,Male,44.0,Delhi,Delhi,2025-07-12,Google Ads,Premium
C103582,Kiran Varma,Female,39.0,Ahmedabad,Gujarat,2024-05-30,Instagram,Standard
C103583,Ananya Rao,Female,41.0,Delhi,Delhi,2024-08-12,Google Ads,Basic
C103584,Sanjay Reddy,Female,55.0,Hyderabad,Telangana,2025-07-03,Organic Search,Basic
C103585,Sneha Singh,Female,54.0,Ahmedabad,Gujarat,2024-06-07,Referral,Standard
C103586,Kiran Gupta,Male,44.0,Kolkata,West Bengal,2024-11-26,Organic Search,Standard
C103587,Kavya Varma,Female,65.0,Pune,Maharashtra,2025-05-17,Google Ads,Basic
C103588,Rohan Kumar,Female,29.0,Bengaluru,Karnataka,2025-04-19,Referral,Standard
C103589,Aarav Naidu,Female,38.0,Kolkata,West Bengal,2025-10-26,Organic Search,Basic
C103590,Rohan Reddy,Male,46.0,Bengaluru,Karnataka,2024-03-22,Referral,Basic
C103591,Divya Patel,Female,25.0,Pune,Maharashtra,2024-08-03,Email,Standard
C103592,Aditya Sharma,Female,41.0,Pune,Maharashtra,2025-12-19,Email,Standard
C103593,Vihaan Gupta,Male,58.0,Ahmedabad,Gujarat,2025-02-19,Organic Search,Basic
C103594,Sneha Varma,Female,50.0,Kakinada,Andhra Pradesh,2024-06-30,Google Ads,Standard
C103595,Aditya Sharma,Male,52.0,Bengaluru,Karnataka,2024-07-30,Email,Premium
C103596,Arjun Singh,Male,25.0,Bengaluru,Karnataka,2024-09-04,Google Ads,Standard
C103597,Kiran Varma,Female,24.0,Pune,Maharashtra,2025-02-08,Google Ads,Standard
C103598,Sai Kumar,Male,39.0,Kakinada,Andhra Pradesh,2024-07-26,Referral,Standard
C103599,Sneha Das,Female,33.0,Bengaluru,Karnataka,2025-03-29,Google Ads,Standard
C103600,Meera Reddy,Female,18.0,Chennai,Tamil Nadu,2024-11-21,Instagram,Standard
C103601,Rohan Patel,Male,44.0,Chennai,Tamil Nadu,2025-03-21,Organic Search,Premium
C103602,Sanjay Rao,Male,54.0,Delhi,Delhi,2024-04-23,Referral,Standard
C103603,Nikhil Das,Male,53.0,Kolkata,West Bengal,2025-03-31,Instagram,Standard
C103604,Kavya Sharma,Male,22.0,Mumbai,Maharashtra,2025-11-06,Google Ads,Basic
C103605,Sneha Patel,Female,55.0,Chennai,Tamil Nadu,2024-04-08,Email,Standard
C103606,Sanjay Rao,Male,36.0,Visakhapatnam,Andhra Pradesh,2024-08-27,Referral,Basic
C103607,Sanjay Gupta,Female,25.0,Delhi,Delhi,2025-05-21,Organic Search,Premium
C103608,Kiran Gupta,Male,40.0,Hyderabad,Telangana,2025-03-26,Referral,Standard
C103609,Rahul Kumar,Male,28.0,Visakhapatnam,Andhra Pradesh,2025-05-07,Organic Search,Standard
C103610,Nikhil Rao,Female,50.0,Mumbai,Maharashtra,2025-02-12,Instagram,Basic
C103611,Rohan Varma,Male,53.0,Ahmedabad,Gujarat,2025-05-13,Email,Standard
C103612,Divya Patel,Female,52.0,Ahmedabad,Gujarat,2025-03-20,Google Ads,Basic
C103613,Priya Varma,Female,23.0,Pune,Maharashtra,2024-02-24,Google Ads,Standard
C103614,Divya Reddy,Female,34.0,Hyderabad,Telangana,2025-07-02,YouTube,Basic
C103615,Aarav Das,Male,41.0,Kakinada,Andhra Pradesh,2024-11-22,Organic Search,Basic
C103616,Rahul Singh,Male,65.0,Kolkata,West Bengal,2024-02-07,Instagram,Basic
C103617,Kavya Patel,Other,44.0,Chennai,Tamil Nadu,2024-10-25,Instagram,Standard
C103618,Kavya Gupta,Male,49.0,Visakhapatnam,Andhra Pradesh,2024-11-13,Organic Search,Premium
C103619,Aditya Reddy,Female,34.0,Ahmedabad,Gujarat,2024-03-04,Instagram,Standard
C103620,Sai Naidu,Female,32.0,Ahmedabad,Gujarat,2025-12-28,YouTube,Standard
C103621,Vihaan Kumar,Female,56.0,Bengaluru,Karnataka,2024-06-11,Google Ads,Basic
C103622,Ananya Patel,Female,58.0,Kolkata,West Bengal,2024-08-29,Google Ads,Premium
C103623,Meera Singh,Other,20.0,Mumbai,Maharashtra,2024-11-17,Instagram,Standard
C103624,Vihaan Kumar,Male,43.0,Hyderabad,Telangana,2025-08-30,Referral,Premium
C103625,Aditya Naidu,Female,55.0,Delhi,Delhi,2025-06-26,Instagram,Standard
C103626,Kavya Rao,Female,25.0,Bengaluru,Karnataka,2025-07-16,Google Ads,Premium
C103627,Kavya Singh,Male,49.0,Bengaluru,Karnataka,2024-06-22,YouTube,Basic
C103628,Rahul Naidu,Female,40.0,Ahmedabad,Gujarat,2025-09-09,Google Ads,Premium
C103629,Vihaan Varma,Male,42.0,Pune,Maharashtra,2025-08-28,Email,Standard
C103630,Kiran Rao,Male,46.0,Delhi,Delhi,2024-12-04,Instagram,Premium
C103631,Kiran Naidu,Female,59.0,Bengaluru,Karnataka,2025-02-02,Email,Premium
C103632,Meera Singh,Female,22.0,Ahmedabad,Gujarat,2024-01-28,Google Ads,Standard
C103633,Divya Sharma,Male,27.0,Kolkata,West Bengal,2025-07-09,Email,Premium
C103634,Arjun Singh,Female,34.0,Pune,Maharashtra,2025-12-02,Organic Search,Standard
C103635,Sneha Sharma,Male,56.0,Bengaluru,Karnataka,2024-12-10,Organic Search,Premium
C103636,Aditya Reddy,Male,46.0,Bengaluru,Karnataka,2025-01-29,YouTube,Standard
C103637,Ananya Kumar,Male,27.0,Bengaluru,Karnataka,2024-12-30,Google Ads,Basic
C103638,Rahul Das,Female,19.0,Hyderabad,Telangana,2024-03-01,Instagram,Basic
C103639,Aditya Singh,Male,65.0,Kakinada,Andhra Pradesh,2025-03-28,Instagram,Premium
C103640,Sneha Rao,Male,24.0,Delhi,Delhi,2025-06-10,Organic Search,Standard
C103641,Aditya Varma,Female,19.0,Kolkata,West Bengal,2025-11-08,Instagram,Premium
C103642,Aditya Naidu,Male,37.0,Kakinada,Andhra Pradesh,2025-11-09,Organic Search,Standard
C103643,Ananya Gupta,Male,44.0,Kakinada,Andhra Pradesh,2024-12-25,YouTube,Basic
C103644,Kiran Singh,Male,30.0,Delhi,Delhi,2025-12-01,Instagram,Premium
C103645,Meera Sharma,Female,26.0,Chennai,Tamil Nadu,2025-01-20,Google Ads,Standard
C103646,Divya Kumar,Female,22.0,Chennai,Tamil Nadu,2025-04-13,Referral,Basic
C103647,Sanjay Sharma,Female,37.0,Hyderabad,Telangana,2025-03-15,Google Ads,Standard
C103648,Vihaan Patel,Male,63.0,Ahmedabad,Gujarat,2025-12-30,Google Ads,Standard
C103649,Kiran Kumar,Male,25.0,Pune,Maharashtra,2025-06-22,Instagram,Basic
C103650,Meera Rao,Female,45.0,Delhi,Delhi,2024-03-28,Organic Search,Premium
C103651,Kiran Das,Male,27.0,Pune,Maharashtra,2024-02-22,Email,Basic
C103652,Sneha Reddy,Male,50.0,Ahmedabad,Gujarat,2024-10-26,Instagram,Premium
C103653,Meera Kumar,Male,20.0,Hyderabad,Telangana,2025-01-11,Instagram,Basic
C103654,Divya Singh,Male,27.0,Kolkata,West Bengal,2025-05-03,Organic Search,Basic
C103655,Meera Das,Male,18.0,Visakhapatnam,Andhra Pradesh,2024-12-17,Instagram,Standard
C103656,Meera Reddy,Female,49.0,Ahmedabad,Gujarat,2025-01-10,Organic Search,Basic
C103657,Rahul Reddy,Male,52.0,Kolkata,West Bengal,2025-11-03,Referral,Premium
C103658,Priya Reddy,Female,26.0,Hyderabad,Telangana,2024-09-01,YouTube,Basic
C103659,Sanjay Rao,Male,39.0,Ahmedabad,Gujarat,2024-12-26,Organic Search,Standard
C103660,Kiran Sharma,Female,32.0,Ahmedabad,Gujarat,2025-02-10,Organic Search,Premium
C103661,Aditya Varma,Female,20.0,Chennai,Tamil Nadu,2024-12-07,Organic Search,Standard
C103662,Sanjay Varma,Female,19.0,Pune,Maharashtra,2025-12-07,Referral,Premium
C103663,Aarav Naidu,Male,63.0,Kolkata,West Bengal,2025-12-03,Instagram,Standard
C103664,Kiran Gupta,Female,49.0,Bengaluru,Karnataka,2025-01-09,Organic Search,Standard
C103665,Arjun Patel,Male,49.0,Mumbai,Maharashtra,2024-11-24,Referral,Standard
C103666,Meera Reddy,Female,32.0,Ahmedabad,Gujarat,2025-03-05,Google Ads,Basic
C103667,Ananya Kumar,Female,30.0,Kakinada,Andhra Pradesh,2024-05-12,Referral,Basic
C103668,Nikhil Reddy,Female,56.0,Mumbai,Maharashtra,2024-11-06,Google Ads,Standard
C103669,Kavya Singh,Female,39.0,Chennai,Tamil Nadu,2024-06-07,Google Ads,Standard
C103670,Sai Singh,Female,22.0,Kakinada,Andhra Pradesh,2024-04-15,Instagram,Premium
C103671,Rahul Kumar,Female,41.0,Bengaluru,Karnataka,2024-03-10,Google Ads,Basic
C103672,Arjun Das,Male,43.0,Mumbai,Maharashtra,2025-03-04,Referral,Basic
C103673,Meera Das,Male,45.0,Hyderabad,Telangana,2024-01-01,Organic Search,Basic
C103674,Aditya Varma,Female,43.0,Mumbai,Maharashtra,2025-04-16,Referral,Basic
C103675,Aarav Singh,Other,59.0,Kolkata,West Bengal,2024-11-11,YouTube,Standard
C103676,Vihaan Varma,Female,29.0,Delhi,Delhi,2024-09-24,YouTube,Standard
C103677,Divya Singh,Male,46.0,Kakinada,Andhra Pradesh,2025-07-15,Instagram,Standard
C103678,Rahul Patel,Female,60.0,Visakhapatnam,Andhra Pradesh,2025-01-28,Referral,Premium
C103679,Vihaan Rao,Male,64.0,Visakhapatnam,Andhra Pradesh,2025-06-19,Google Ads,Standard
C103680,Ananya Kumar,Male,64.0,Ahmedabad,Gujarat,2025-06-01,Organic Search,Standard
C103681,Arjun Naidu,Male,52.0,Ahmedabad,Gujarat,2024-01-24,Referral,Standard
C103682,Kavya Reddy,Male,23.0,Pune,Maharashtra,2024-06-06,Instagram,Standard
C103683,Kavya Rao,Female,65.0,Kakinada,Andhra Pradesh,2025-02-20,Instagram,Standard
C103684,Kiran Patel,Male,19.0,Hyderabad,Telangana,2025-12-13,Email,Standard
C103685,Kavya Reddy,Male,44.0,Ahmedabad,Gujarat,2024-04-22,Instagram,Standard
C103686,Aarav Patel,Female,,Bengaluru,Karnataka,2024-03-18,Google Ads,Standard
C103687,Kiran Gupta,Male,50.0,Delhi,Delhi,2025-11-17,Organic Search,Standard
C103688,Kavya Rao,Male,55.0,Mumbai,Maharashtra,2025-12-06,Instagram,Premium
C103689,Rahul Reddy,Male,53.0,Kolkata,West Bengal,2024-05-02,Email,Standard
C103690,Nikhil Das,Male,28.0,Ahmedabad,Gujarat,2024-10-20,Email,Standard
C103691,Sneha Rao,Female,54.0,Hyderabad,Telangana,2025-04-02,Google Ads,Premium
C103692,Rahul Singh,Male,54.0,Kolkata,West Bengal,2024-05-22,Instagram,Standard
C103693,Sai Singh,Male,19.0,Mumbai,Maharashtra,2024-08-26,Instagram,Standard
C103694,Sanjay Das,Male,48.0,Hyderabad,Telangana,2024-10-15,YouTube,Basic
C103695,Divya Gupta,Male,24.0,Chennai,Tamil Nadu,2025-04-13,Email,Premium
C103696,Meera Rao,Male,44.0,Pune,Maharashtra,2024-08-12,Google Ads,Standard
C103697,Sneha Reddy,Male,28.0,Mumbai,Maharashtra,2024-10-27,Organic Search,Premium
C103698,Sneha Singh,Male,35.0,Delhi,Delhi,2024-07-30,Instagram,Premium
C103699,Kiran Gupta,Male,31.0,Kakinada,Andhra Pradesh,2025-07-08,Instagram,Standard
C103700,Sneha Reddy,Female,59.0,Delhi,Delhi,2024-04-21,Instagram,Standard
C103701,Vihaan Naidu,Male,61.0,Kakinada,Andhra Pradesh,2024-06-17,Organic Search,Standard
C103702,Ananya Das,Male,56.0,Visakhapatnam,Andhra Pradesh,2024-07-01,Google Ads,Basic
C103703,Rohan Sharma,Female,52.0,Delhi,Delhi,2025-10-23,Email,Basic
C103704,Meera Naidu,Male,35.0,Pune,Maharashtra,2025-11-20,Google Ads,Basic
C103705,Arjun Rao,Female,24.0,Ahmedabad,Gujarat,2024-12-31,Organic Search,Premium
C103706,Divya Gupta,Male,45.0,Chennai,Tamil Nadu,2024-04-24,Organic Search,Premium
C103707,Arjun Das,Male,38.0,Chennai,Tamil Nadu,2025-07-05,Google Ads,Standard
C103708,Nikhil Sharma,Female,31.0,Delhi,Delhi,2024-12-25,Instagram,Standard
C103709,Rahul Rao,Male,29.0,Bengaluru,Karnataka,2025-09-12,Email,Standard
C103710,Rohan Naidu,Male,25.0,Hyderabad,Telangana,2024-09-19,Google Ads,Standard
C103711,Sneha Rao,Female,57.0,Delhi,Delhi,2025-12-30,Instagram,Basic
C103712,Vihaan Naidu,Female,33.0,Ahmedabad,Gujarat,2025-08-12,Email,Standard
C103713,Arjun Kumar,Male,62.0,Mumbai,Maharashtra,2024-06-12,Referral,Basic
C103714,Sai Naidu,Female,50.0,Bengaluru,Karnataka,2025-06-13,Organic Search,Basic
C103715,Sneha Gupta,Male,25.0,Delhi,Delhi,2024-07-28,Google Ads,Standard
C103716,Sai Das,Female,21.0,Pune,Maharashtra,2024-09-12,Google Ads,Premium
C103717,Aditya Singh,Male,37.0,Mumbai,Maharashtra,2024-07-01,Email,Standard
C103718,Aditya Varma,Female,21.0,Mumbai,Maharashtra,2025-05-13,Email,Standard
C103719,Arjun Naidu,Male,63.0,Bengaluru,Karnataka,2024-07-10,Google Ads,Basic
C103720,Aarav Reddy,Female,61.0,Delhi,Delhi,2025-04-11,Google Ads,Basic
C103721,Divya Sharma,Male,49.0,Mumbai,Maharashtra,2025-03-01,Instagram,Premium
C103722,Kiran Gupta,Female,32.0,Visakhapatnam,Andhra Pradesh,2025-07-02,Referral,Premium
C103723,Vihaan Reddy,Female,59.0,Kakinada,Andhra Pradesh,2025-12-26,YouTube,Basic
C103724,Sneha Rao,Female,49.0,Delhi,Delhi,2024-01-07,Instagram,Standard
C103725,Ananya Varma,Other,35.0,Hyderabad,Telangana,2025-12-23,Referral,Basic
C103726,Divya Das,Male,60.0,Hyderabad,Telangana,2024-03-20,Instagram,Standard
C103727,Aditya Singh,Female,28.0,Delhi,Delhi,2025-01-19,Google Ads,Premium
C103728,Kiran Patel,Male,45.0,Chennai,Tamil Nadu,2024-09-05,Organic Search,Standard
C103729,Kiran Reddy,Female,51.0,Pune,Maharashtra,2025-04-11,Referral,Premium
C103730,Aditya Reddy,Female,61.0,Delhi,Delhi,2025-06-10,Instagram,Standard
C103731,Sneha Naidu,Male,24.0,Delhi,Delhi,2025-09-19,Google Ads,Premium
C103732,Aarav Kumar,Male,31.0,Mumbai,Maharashtra,2024-10-20,Instagram,Standard
C103733,Kavya Reddy,Female,58.0,Pune,Maharashtra,2025-11-12,Google Ads,Basic
C103734,Aarav Sharma,Female,41.0,Kolkata,West Bengal,2024-08-23,Organic Search,Premium
C103735,Meera Das,Female,54.0,Hyderabad,Telangana,2024-05-28,Google Ads,Basic
C103736,Kavya Varma,Female,55.0,Chennai,Tamil Nadu,2024-10-03,Google Ads,Premium
C103737,Meera Rao,Male,32.0,Kolkata,West Bengal,2025-01-20,Referral,Standard
C103738,Priya Gupta,Female,33.0,Kolkata,West Bengal,2025-05-02,Organic Search,Standard
C103739,Nikhil Reddy,Female,41.0,Pune,Maharashtra,2025-08-30,Instagram,Basic
C103740,Rahul Sharma,Female,19.0,Pune,Maharashtra,2024-06-13,Referral,Premium
C103741,Aarav Patel,Female,56.0,Kolkata,West Bengal,2024-08-09,Instagram,Standard
C103742,Sai Kumar,Female,23.0,Delhi,Delhi,2025-11-16,Instagram,Basic
C103743,Sanjay Kumar,Female,62.0,Pune,Maharashtra,2024-11-17,Google Ads,Premium
C103744,Sanjay Das,Female,55.0,Delhi,Delhi,2024-06-25,Email,Basic
C103745,Rahul Patel,Female,34.0,Chennai,Tamil Nadu,2025-12-20,Instagram,Standard
C103746,Sneha Naidu,Female,21.0,Bengaluru,Karnataka,2024-11-23,YouTube,Standard
C103747,Sanjay Reddy,Male,55.0,Delhi,Delhi,2025-12-20,Google Ads,Premium
C103748,Nikhil Das,Male,39.0,Bengaluru,Karnataka,2025-11-02,Organic Search,Basic
C103749,Rahul Das,Female,27.0,Mumbai,Maharashtra,2025-10-23,Google Ads,Basic
C103750,Sneha Kumar,Female,38.0,Chennai,Tamil Nadu,2025-02-28,Google Ads,Premium
C103751,Sai Sharma,Female,61.0,Pune,Maharashtra,2025-08-05,Organic Search,Basic
C103752,Rahul Das,Female,51.0,Kakinada,Andhra Pradesh,2025-12-02,Google Ads,Basic
C103753,Meera Das,Male,50.0,Hyderabad,Telangana,2024-07-15,Referral,Standard
C103754,Aarav Das,Male,42.0,Visakhapatnam,Andhra Pradesh,2024-01-28,Organic Search,Basic
C103755,Rohan Patel,Female,25.0,Delhi,Delhi,2024-08-22,Email,Premium
C103756,Nikhil Varma,Female,63.0,Ahmedabad,Gujarat,2025-04-09,Organic Search,Standard
C103757,Kavya Kumar,Male,53.0,Kolkata,West Bengal,2025-02-03,Instagram,Basic
C103758,Ananya Kumar,Male,42.0,Kakinada,Andhra Pradesh,2024-02-28,Email,Basic
C103759,Sai Gupta,Male,52.0,Bengaluru,Karnataka,2025-02-13,Email,Standard
C103760,Sneha Das,Male,35.0,Kakinada,Andhra Pradesh,2024-05-07,Email,Standard
C103761,Nikhil Kumar,Female,53.0,Hyderabad,Telangana,2025-01-04,Referral,Standard
C103762,Meera Gupta,Male,64.0,Visakhapatnam,Andhra Pradesh,2025-02-24,Organic Search,Standard
C103763,Meera Naidu,Male,34.0,Kolkata,West Bengal,2025-04-09,Organic Search,Premium
C103764,Meera Patel,Female,18.0,Chennai,Tamil Nadu,2024-10-28,Google Ads,Premium
C103765,Vihaan Naidu,Female,53.0,Delhi,Delhi,2024-10-25,Instagram,Standard
C103766,Aarav Gupta,Female,58.0,Hyderabad,Telangana,2025-05-10,Instagram,Standard
C103767,Ananya Naidu,Male,57.0,Visakhapatnam,Andhra Pradesh,2025-06-30,Instagram,Basic
C103768,Arjun Rao,Male,64.0,Ahmedabad,Gujarat,2025-08-12,Email,Basic
C103769,Sneha Das,Male,34.0,Kakinada,Andhra Pradesh,2024-08-31,Google Ads,Standard
C103770,Sai Das,Female,62.0,Ahmedabad,Gujarat,2024-11-05,Google Ads,Premium
C103771,Priya Das,Male,27.0,Kakinada,Andhra Pradesh,2024-08-29,YouTube,Basic
C103772,Sneha Kumar,Female,46.0,Visakhapatnam,Andhra Pradesh,2025-01-20,YouTube,Premium
C103773,Kiran Rao,Female,60.0,Chennai,Tamil Nadu,2024-04-02,Referral,Standard
C103774,Sanjay Das,Female,61.0,Ahmedabad,Gujarat,2024-11-09,Google Ads,Standard
C103775,Priya Das,Male,47.0,Mumbai,Maharashtra,2024-05-17,Google Ads,Basic
C103776,Rohan Naidu,Male,44.0,Ahmedabad,Gujarat,2025-01-23,Google Ads,Standard
C103777,Rohan Varma,Female,40.0,Kolkata,West Bengal,2025-09-12,Google Ads,Basic
C103778,Ananya Varma,Male,59.0,Chennai,Tamil Nadu,2025-12-20,Instagram,Basic
C103779,Divya Sharma,Female,60.0,Kolkata,West Bengal,2024-11-21,Organic Search,Basic
C103780,Nikhil Gupta,Male,29.0,Mumbai,Maharashtra,2024-02-11,Google Ads,Basic
C103781,Sneha Singh,Other,24.0,Kolkata,West Bengal,2024-06-15,Google Ads,Standard
C103782,Meera Sharma,Female,57.0,Chennai,Tamil Nadu,2024-03-17,Email,Basic
C103783,Sanjay Rao,Male,56.0,Delhi,Delhi,2025-07-08,Google Ads,Standard
C103784,Arjun Das,Female,22.0,Kakinada,Andhra Pradesh,2025-12-19,Google Ads,Basic
C103785,Rahul Sharma,Female,41.0,Hyderabad,Telangana,2025-02-08,Google Ads,Premium
C103786,Sanjay Sharma,Female,42.0,Ahmedabad,Gujarat,2024-05-09,Instagram,Standard
C103787,Meera Reddy,Male,20.0,Mumbai,Maharashtra,2024-01-16,Referral,Standard
C103788,Sneha Das,Male,49.0,Mumbai,Maharashtra,2025-12-13,Google Ads,Basic
C103789,Nikhil Patel,Female,64.0,Bengaluru,Karnataka,2024-08-18,Instagram,Standard
C103790,Sanjay Naidu,Male,28.0,Bengaluru,Karnataka,2024-03-22,Organic Search,Standard
C103791,Vihaan Kumar,Female,55.0,Bengaluru,Karnataka,2024-05-09,Organic Search,Standard
C103792,Priya Rao,Male,21.0,Visakhapatnam,Andhra Pradesh,2024-07-05,Referral,Standard
C103793,Priya Sharma,Female,28.0,Kakinada,Andhra Pradesh,2025-04-23,Organic Search,Premium
C103794,Kiran Naidu,Male,45.0,Pune,Maharashtra,2025-10-13,Referral,Standard
C103795,Vihaan Reddy,Female,62.0,Hyderabad,Telangana,2024-07-19,Instagram,Standard
C103796,Ananya Gupta,Male,60.0,Visakhapatnam,Andhra Pradesh,2025-05-16,Referral,Basic
C103797,Sai Varma,Male,62.0,Kolkata,West Bengal,2024-02-17,Google Ads,Basic
C103798,Rohan Reddy,Male,65.0,Pune,Maharashtra,2024-01-08,Google Ads,Standard
C103799,Rohan Das,Female,56.0,Kakinada,Andhra Pradesh,2024-02-10,YouTube,Standard
C103800,Aditya Singh,Male,35.0,Chennai,Tamil Nadu,2025-11-04,Google Ads,Standard
C103801,Priya Kumar,Female,24.0,Delhi,Delhi,2025-02-28,Instagram,Standard
C103802,Aditya Sharma,Male,57.0,Ahmedabad,Gujarat,2025-08-10,Instagram,Standard
C103803,Sai Kumar,Female,26.0,Pune,Maharashtra,2024-01-16,Organic Search,Basic
C103804,Divya Das,Female,42.0,Ahmedabad,Gujarat,2024-01-17,Instagram,Premium
C103805,Sai Reddy,Male,54.0,Kolkata,West Bengal,2025-09-11,YouTube,Basic
C103806,Sai Naidu,Male,19.0,Visakhapatnam,Andhra Pradesh,2024-03-15,Instagram,Standard
C103807,Vihaan Naidu,Male,61.0,Delhi,Delhi,2024-04-23,Organic Search,Basic
C103808,Sai Sharma,Female,32.0,Hyderabad,Telangana,2025-01-13,Google Ads,Standard
C103809,Sai Patel,Female,28.0,Chennai,Tamil Nadu,2025-03-18,Google Ads,Basic
C103810,Priya Sharma,Male,35.0,Kolkata,West Bengal,2024-06-16,Instagram,Premium
C103811,Nikhil Das,Female,40.0,Visakhapatnam,Andhra Pradesh,2024-11-20,Instagram,Standard
C103812,Meera Reddy,Female,39.0,Mumbai,Maharashtra,2025-05-07,Instagram,Premium
C103813,Rahul Singh,Female,25.0,Ahmedabad,Gujarat,2024-11-19,Instagram,Standard
C103814,Ananya Sharma,Female,27.0,Visakhapatnam,Andhra Pradesh,2024-10-06,Referral,Basic
C103815,Sai Patel,Female,40.0,Visakhapatnam,Andhra Pradesh,2024-02-22,Referral,Basic
C103816,Divya Gupta,Female,28.0,Visakhapatnam,Andhra Pradesh,2024-11-25,Google Ads,Standard
C103817,Aarav Patel,Female,48.0,Kakinada,Andhra Pradesh,2025-08-09,Email,Premium
C103818,Meera Singh,Male,61.0,Kolkata,West Bengal,2025-04-02,Organic Search,Basic
C103819,Nikhil Naidu,Female,18.0,Delhi,Delhi,2025-10-13,YouTube,Standard
C103820,Kiran Reddy,Other,19.0,Chennai,Tamil Nadu,2024-04-02,Google Ads,Standard
C103821,Aditya Singh,Female,48.0,Ahmedabad,Gujarat,2024-01-09,Google Ads,Standard
C103822,Sneha Singh,Male,19.0,Mumbai,Maharashtra,2025-02-04,YouTube,Basic
C103823,Rohan Sharma,Female,48.0,Kolkata,West Bengal,2024-05-10,YouTube,Standard
C103824,Sneha Patel,Male,41.0,Pune,Maharashtra,2025-03-09,YouTube,Standard
C103825,Rahul Gupta,Female,39.0,Kolkata,West Bengal,2025-10-21,Email,Premium
C103826,Sneha Gupta,Male,47.0,Chennai,Tamil Nadu,2024-09-03,Email,Standard
C103827,Divya Naidu,Female,60.0,Ahmedabad,Gujarat,2025-02-05,YouTube,Standard
C103828,Priya Kumar,Male,24.0,Hyderabad,Telangana,2025-05-12,Referral,Basic
C103829,Divya Sharma,Male,24.0,Ahmedabad,Gujarat,2024-04-19,Instagram,Basic
C103830,Aarav Naidu,Male,51.0,Visakhapatnam,Andhra Pradesh,2025-10-17,YouTube,Basic
C103831,Arjun Reddy,Male,20.0,Visakhapatnam,Andhra Pradesh,2024-05-28,Organic Search,Standard
C103832,Ananya Singh,Male,38.0,Kakinada,Andhra Pradesh,2025-08-13,Instagram,Standard
C103833,Kavya Sharma,Female,41.0,Delhi,Delhi,2025-04-26,Instagram,Standard
C103834,Sneha Kumar,Female,36.0,Hyderabad,Telangana,2024-04-12,Organic Search,Basic
C103835,Kavya Kumar,Female,43.0,Kolkata,West Bengal,2025-06-13,Google Ads,Standard
C103836,Rahul Varma,Female,23.0,Hyderabad,Telangana,2024-05-23,Email,Standard
C103837,Vihaan Naidu,Male,30.0,Mumbai,Maharashtra,2025-03-13,Instagram,Standard
C103838,Nikhil Gupta,Female,18.0,Ahmedabad,Gujarat,2025-12-01,Instagram,Standard
C103839,Kavya Naidu,Female,64.0,Pune,Maharashtra,2025-11-26,Organic Search,Basic
C103840,Nikhil Singh,Male,57.0,Kolkata,West Bengal,2025-09-28,YouTube,Standard
C103841,Priya Kumar,Female,30.0,Ahmedabad,Gujarat,2024-12-26,Referral,Standard
C103842,Aditya Naidu,Female,19.0,Bengaluru,Karnataka,2025-02-12,Instagram,Standard
C103843,Rahul Gupta,Female,30.0,Ahmedabad,Gujarat,2024-08-07,Google Ads,Premium
C103844,Divya Patel,Female,63.0,Pune,Maharashtra,2025-11-03,Instagram,Basic
C103845,Divya Singh,Male,56.0,Chennai,Tamil Nadu,2024-12-14,YouTube,Basic
C103846,Kavya Patel,Female,49.0,Chennai,Tamil Nadu,2025-07-17,Google Ads,Basic
C103847,Nikhil Reddy,Male,62.0,Pune,Maharashtra,2024-09-19,YouTube,Standard
C103848,Vihaan Naidu,Female,26.0,Pune,Maharashtra,2025-06-24,Organic Search,Basic
C103849,Ananya Gupta,Male,43.0,Delhi,Delhi,2024-06-12,Google Ads,Standard
C103850,Rahul Naidu,Female,56.0,Mumbai,Maharashtra,2025-06-19,Instagram,Standard
C103851,Nikhil Patel,Male,18.0,Bengaluru,Karnataka,2024-02-03,YouTube,Premium
C103852,Arjun Naidu,Male,38.0,Delhi,Delhi,2024-03-17,Instagram,Premium
C103853,Nikhil Naidu,Male,35.0,Mumbai,Maharashtra,2024-09-14,Organic Search,Premium
C103854,Ananya Sharma,Male,26.0,Pune,Maharashtra,2024-12-17,Google Ads,Standard
C103855,Aarav Kumar,Female,28.0,Kakinada,Andhra Pradesh,2025-06-03,Google Ads,Basic
C103856,Aditya Patel,Female,64.0,Bengaluru,Karnataka,2024-09-19,Google Ads,Standard
C103857,Nikhil Gupta,Male,42.0,Delhi,Delhi,2024-01-14,Google Ads,Premium
C103858,Sai Kumar,Female,21.0,Hyderabad,Telangana,2024-08-25,Email,Basic
C103859,Priya Rao,Female,50.0,Kakinada,Andhra Pradesh,2024-11-16,Referral,Premium
C103860,Priya Reddy,Male,46.0,Ahmedabad,Gujarat,2025-01-31,Google Ads,Basic
C103861,Vihaan Reddy,Female,36.0,Mumbai,Maharashtra,2025-04-15,Referral,Standard
C103862,Divya Rao,Male,37.0,Chennai,Tamil Nadu,2024-06-29,Google Ads,Standard
C103863,Aarav Das,Male,43.0,Ahmedabad,Gujarat,2025-03-21,YouTube,Premium
C103864,Ananya Patel,Male,62.0,Kakinada,Andhra Pradesh,2025-04-06,Organic Search,Standard
C103865,Rohan Singh,Male,54.0,Pune,Maharashtra,2025-07-20,Email,Standard
C103866,Nikhil Rao,Female,37.0,Mumbai,Maharashtra,2025-01-16,YouTube,Standard
C103867,Rahul Gupta,Female,29.0,Kolkata,West Bengal,2025-08-14,Google Ads,Premium
C103868,Rohan Reddy,Male,23.0,Kolkata,West Bengal,2024-06-10,Instagram,Standard
C103869,Ananya Naidu,Female,27.0,Kolkata,West Bengal,2025-06-03,Instagram,Premium
C103870,Sanjay Singh,Male,24.0,Hyderabad,Telangana,2024-02-03,Organic Search,Basic
C103871,Divya Reddy,Male,56.0,Ahmedabad,Gujarat,2024-03-16,Google Ads,Standard
C103872,Rahul Gupta,Female,45.0,Hyderabad,Telangana,2025-09-23,Organic Search,Standard
C103873,Sneha Reddy,Female,19.0,Kakinada,Andhra Pradesh,2024-12-12,Google Ads,Standard
C103874,Arjun Kumar,Female,62.0,Visakhapatnam,Andhra Pradesh,2025-03-29,Instagram,Basic
C103875,Sneha Sharma,Male,25.0,Pune,Maharashtra,2025-03-16,Referral,Premium
C103876,Meera Patel,Male,48.0,Kolkata,West Bengal,2025-05-22,Referral,Standard
C103877,Divya Reddy,Male,18.0,Hyderabad,Telangana,2024-06-28,Google Ads,Basic
C103878,Priya Naidu,Female,46.0,Visakhapatnam,Andhra Pradesh,2024-05-10,Organic Search,Standard
C103879,Kavya Varma,Male,44.0,Mumbai,Maharashtra,2024-02-01,Email,Premium
C103880,Kavya Rao,Female,61.0,Mumbai,Maharashtra,2025-09-23,Google Ads,Standard
C103881,Meera Gupta,Male,46.0,Ahmedabad,Gujarat,2024-06-12,Email,Basic
C103882,Divya Das,Male,41.0,Kakinada,Andhra Pradesh,2025-02-23,Google Ads,Premium
C103883,Sneha Sharma,Male,43.0,Chennai,Tamil Nadu,2024-11-28,Organic Search,Premium
C103884,Rahul Naidu,Female,48.0,Pune,Maharashtra,2024-04-28,Google Ads,Basic
C103885,Rahul Das,Female,37.0,Pune,Maharashtra,2024-10-29,Email,Basic
C103886,Divya Sharma,Other,52.0,Mumbai,Maharashtra,2024-03-01,Google Ads,Standard
C103887,Sai Patel,Female,43.0,Pune,Maharashtra,2024-05-08,Instagram,Premium
C103888,Divya Das,Female,64.0,Kakinada,Andhra Pradesh,2024-04-11,Email,Standard
C103889,Vihaan Sharma,Male,27.0,Delhi,Delhi,2025-08-24,Google Ads,Basic
C103890,Priya Reddy,Female,53.0,Ahmedabad,Gujarat,2025-02-18,Email,Standard
C103891,Sneha Reddy,Female,57.0,Ahmedabad,Gujarat,2025-11-06,Referral,Premium
C103892,Sai Singh,Female,52.0,Visakhapatnam,Andhra Pradesh,2024-11-14,Instagram,Basic
C103893,Nikhil Kumar,Male,65.0,Ahmedabad,Gujarat,2024-05-26,Instagram,Basic
C103894,Rahul Reddy,Male,38.0,Kakinada,Andhra Pradesh,2025-03-20,Email,Standard
C103895,Priya Rao,Female,,Ahmedabad,Gujarat,2025-11-09,Referral,Basic
C103896,Priya Rao,Male,25.0,Kakinada,Andhra Pradesh,2025-01-23,Referral,Standard
C103897,Nikhil Das,Male,35.0,Ahmedabad,Gujarat,2024-01-14,Instagram,Basic
C103898,Aarav Sharma,Male,25.0,Visakhapatnam,Andhra Pradesh,2024-08-09,Google Ads,Premium
C103899,Rahul Varma,Female,56.0,Visakhapatnam,Andhra Pradesh,2025-11-06,Email,Standard
C103900,Sneha Kumar,Male,55.0,Kakinada,Andhra Pradesh,2025-01-13,Organic Search,Standard
C103901,Nikhil Rao,Female,27.0,Pune,Maharashtra,2025-11-25,Referral,Standard
C103902,Sanjay Sharma,Female,56.0,Ahmedabad,Gujarat,2025-01-06,Referral,Standard
C103903,Meera Kumar,Female,33.0,Kakinada,Andhra Pradesh,2024-01-09,Referral,Standard
C103904,Sai Naidu,Male,53.0,Delhi,Delhi,2025-09-29,Email,Standard
C103905,Priya Reddy,Female,63.0,Bengaluru,Karnataka,2025-07-11,Organic Search,Standard
C103906,Vihaan Gupta,Male,57.0,Visakhapatnam,Andhra Pradesh,2025-06-06,Google Ads,Standard
C103907,Meera Varma,Male,26.0,Kolkata,West Bengal,2025-12-09,Email,Standard
C103908,Nikhil Varma,Male,26.0,Chennai,Tamil Nadu,2024-05-23,Google Ads,Standard
C103909,Divya Singh,Male,23.0,Ahmedabad,Gujarat,2025-10-23,Instagram,Standard
C103910,Kavya Das,Female,58.0,Hyderabad,Telangana,2024-06-18,Instagram,Standard
C103911,Rahul Sharma,Male,44.0,Chennai,Tamil Nadu,2025-12-09,Instagram,Premium
C103912,Divya Das,Female,25.0,Mumbai,Maharashtra,2024-05-19,Google Ads,Basic
C103913,Divya Sharma,Male,46.0,Mumbai,Maharashtra,2025-02-05,Instagram,Basic
C103914,Ananya Reddy,Other,43.0,Kakinada,Andhra Pradesh,2025-07-30,Instagram,Standard
C103915,Sneha Gupta,Female,46.0,Pune,Maharashtra,2024-02-27,Instagram,Standard
C103916,Rohan Gupta,Male,48.0,Bengaluru,Karnataka,2024-02-18,Instagram,Premium
C103917,Ananya Naidu,Female,25.0,Delhi,Delhi,2025-09-12,Google Ads,Standard
C103918,Vihaan Das,Male,36.0,Mumbai,Maharashtra,2024-02-14,Organic Search,Standard
C103919,Aditya Reddy,Female,52.0,Kakinada,Andhra Pradesh,2025-03-24,Referral,Standard
C103920,Kiran Kumar,Female,61.0,Mumbai,Maharashtra,2025-11-15,Instagram,Standard
C103921,Nikhil Naidu,Female,29.0,Delhi,Delhi,2025-03-24,Google Ads,Premium
C103922,Sai Naidu,Male,45.0,Delhi,Delhi,2024-12-17,Google Ads,Basic
C103923,Arjun Patel,Other,63.0,Bengaluru,Karnataka,2024-10-31,Instagram,Standard
C103924,Vihaan Varma,Female,46.0,Ahmedabad,Gujarat,2025-04-10,Google Ads,Basic
C103925,Sanjay Das,Female,28.0,Pune,Maharashtra,2025-02-21,Google Ads,Standard
C103926,Aarav Reddy,Male,46.0,Chennai,Tamil Nadu,2025-01-01,Referral,Basic
C103927,Kiran Kumar,Male,18.0,Delhi,Delhi,2024-04-22,Email,Standard
C103928,Aditya Patel,Female,41.0,Kolkata,West Bengal,2025-04-28,Referral,Premium
C103929,Rohan Varma,Female,45.0,Hyderabad,Telangana,2025-06-24,Instagram,Standard
C103930,Divya Reddy,Female,20.0,Kakinada,Andhra Pradesh,2025-06-01,Instagram,Standard
C103931,Ananya Gupta,Female,27.0,Pune,Maharashtra,2024-02-24,Organic Search,Premium
C103932,Vihaan Das,Female,65.0,Mumbai,Maharashtra,2025-05-28,Email,Standard
C103933,Aarav Singh,Male,48.0,Pune,Maharashtra,2025-06-16,Email,Premium
C103934,Sneha Sharma,Female,40.0,Visakhapatnam,Andhra Pradesh,2024-05-13,YouTube,Premium
C103935,Sneha Kumar,Male,29.0,Bengaluru,Karnataka,2025-09-11,Referral,Basic
C103936,Ananya Gupta,Female,23.0,Pune,Maharashtra,2025-01-17,Instagram,Standard
C103937,Aditya Reddy,Male,38.0,Pune,Maharashtra,2024-12-10,Email,Standard
C103938,Sai Reddy,Female,44.0,Visakhapatnam,Andhra Pradesh,2025-06-11,Instagram,Premium
C103939,Kiran Rao,Female,26.0,Pune,Maharashtra,2025-01-07,Email,Basic
C103940,Rahul Sharma,Female,56.0,Ahmedabad,Gujarat,2025-02-01,Google Ads,Basic
C103941,Aditya Reddy,Male,38.0,Ahmedabad,Gujarat,2024-08-15,Instagram,Standard
C103942,Rahul Rao,Female,20.0,Visakhapatnam,Andhra Pradesh,2025-11-08,Instagram,Standard
C103943,Sneha Sharma,Male,24.0,Delhi,Delhi,2025-12-08,Google Ads,Standard
C103944,Vihaan Varma,Male,59.0,Ahmedabad,Gujarat,2024-04-05,Referral,Premium
C103945,Ananya Sharma,Female,34.0,Mumbai,Maharashtra,2025-06-19,Instagram,Standard
C103946,Aarav Kumar,Female,35.0,Visakhapatnam,Andhra Pradesh,2024-01-18,Instagram,Standard
C103947,Nikhil Gupta,Male,27.0,Kakinada,Andhra Pradesh,2024-09-26,Google Ads,Standard
C103948,Sai Singh,Female,56.0,Mumbai,Maharashtra,2025-12-09,Organic Search,Standard
C103949,Rahul Gupta,Male,57.0,Pune,Maharashtra,2024-05-07,Organic Search,Standard
C103950,Ananya Rao,Female,29.0,Visakhapatnam,Andhra Pradesh,2024-10-02,Email,Standard
C103951,Kavya Reddy,Female,53.0,Hyderabad,Telangana,2024-06-09,Google Ads,Standard
C103952,Vihaan Patel,Female,39.0,Ahmedabad,Gujarat,2025-06-15,Google Ads,Standard
C103953,Rohan Varma,Female,26.0,Visakhapatnam,Andhra Pradesh,2024-12-04,Google Ads,Basic
C103954,Rohan Das,Female,56.0,Visakhapatnam,Andhra Pradesh,2025-03-08,Instagram,Standard
C103955,Kavya Reddy,Female,21.0,Bengaluru,Karnataka,2025-11-19,Instagram,Standard
C103956,Aditya Kumar,Male,59.0,Ahmedabad,Gujarat,2025-01-15,Organic Search,Standard
C103957,Ananya Das,Male,19.0,Ahmedabad,Gujarat,2025-06-19,Referral,Basic
C103958,Sneha Reddy,Female,33.0,Hyderabad,Telangana,2024-03-12,Instagram,Standard
C103959,Meera Kumar,Male,28.0,Ahmedabad,Gujarat,2024-06-06,Referral,Premium
C103960,Sneha Patel,Female,29.0,Kolkata,West Bengal,2025-11-22,Google Ads,Premium
C103961,Aarav Rao,Male,41.0,Kakinada,Andhra Pradesh,2025-09-19,Google Ads,Standard
C103962,Sai Patel,Female,54.0,Hyderabad,Telangana,2025-04-24,Email,Basic
C103963,Rahul Rao,Male,37.0,Kakinada,Andhra Pradesh,2024-10-03,Organic Search,Premium
C103964,Sneha Das,Female,42.0,Pune,Maharashtra,2024-05-25,Email,Standard
C103965,Arjun Naidu,Female,64.0,Mumbai,Maharashtra,2025-09-13,Organic Search,Standard
C103966,Sanjay Sharma,Male,41.0,Delhi,Delhi,2025-07-27,Google Ads,Standard
C103967,Priya Naidu,Female,56.0,Ahmedabad,Gujarat,2024-06-25,Email,Standard
C103968,Kiran Patel,Male,36.0,Kakinada,Andhra Pradesh,2025-03-06,Organic Search,Standard
C103969,Sneha Naidu,Female,21.0,Delhi,Delhi,2025-03-27,Google Ads,Standard
C103970,Divya Kumar,Female,30.0,Kakinada,Andhra Pradesh,2024-12-14,Organic Search,Basic
C103971,Aarav Das,Male,25.0,Kolkata,West Bengal,2025-11-07,YouTube,Basic
C103972,Nikhil Sharma,Male,61.0,Bengaluru,Karnataka,2024-03-31,Email,Standard
C103973,Aarav Kumar,Male,19.0,Pune,Maharashtra,2024-07-07,Instagram,Standard
C103974,Meera Rao,Male,57.0,Visakhapatnam,Andhra Pradesh,2024-03-10,Google Ads,Standard
C103975,Aditya Gupta,Female,24.0,Hyderabad,Telangana,2025-05-20,Email,Basic
C103976,Priya Patel,Male,25.0,Hyderabad,Telangana,2025-04-15,Organic Search,Standard
C103977,Nikhil Kumar,Female,43.0,Hyderabad,Telangana,2025-12-21,Instagram,Standard
C103978,Kiran Naidu,Female,21.0,Pune,Maharashtra,2025-01-30,Google Ads,Premium
C103979,Arjun Rao,Female,21.0,Hyderabad,Telangana,2024-04-19,Google Ads,Standard
C103980,Arjun Gupta,Female,55.0,Kakinada,Andhra Pradesh,2024-11-25,Google Ads,Standard
C103981,Sai Sharma,Male,20.0,Bengaluru,Karnataka,2024-03-05,Organic Search,Premium
C103982,Aditya Gupta,Female,46.0,Hyderabad,Telangana,2025-05-04,Referral,Standard
C103983,Sanjay Varma,Female,23.0,Mumbai,Maharashtra,2025-05-07,Referral,Basic
C103984,Ananya Singh,Female,22.0,Ahmedabad,Gujarat,2025-09-18,Email,Premium
C103985,Aditya Das,Male,50.0,Kakinada,Andhra Pradesh,2024-09-05,Referral,Standard
C103986,Aditya Patel,Male,36.0,Mumbai,Maharashtra,2024-08-14,Email,Basic
C103987,Ananya Singh,Other,18.0,Pune,Maharashtra,2024-02-22,Instagram,Basic
C103988,Sanjay Das,Female,50.0,Ahmedabad,Gujarat,2024-10-30,Instagram,Standard
C103989,Ananya Kumar,Male,64.0,Ahmedabad,Gujarat,2024-12-12,Organic Search,Premium
C103990,Rahul Kumar,Female,44.0,Bengaluru,Karnataka,2025-07-04,Referral,Standard
C103991,Meera Kumar,Male,36.0,Visakhapatnam,Andhra Pradesh,2025-07-04,Google Ads,Standard
C103992,Aarav Sharma,Female,58.0,Visakhapatnam,Andhra Pradesh,2024-04-12,Google Ads,Standard
C103993,Sneha Naidu,Male,34.0,Ahmedabad,Gujarat,2024-07-27,Email,Standard
C103994,Meera Gupta,Male,47.0,Pune,Maharashtra,2025-01-08,Instagram,Basic
C103995,Arjun Reddy,Male,40.0,Delhi,Delhi,2024-09-01,Referral,Standard
C103996,Aarav Das,Male,52.0,Visakhapatnam,Andhra Pradesh,2024-01-19,Instagram,Basic
C103997,Sai Singh,Male,42.0,Visakhapatnam,Andhra Pradesh,2025-09-09,Organic Search,Standard
C103998,Kavya Varma,Male,41.0,Pune,Maharashtra,2025-06-17,Referral,Standard
C103999,Priya Gupta,Male,38.0,Ahmedabad,Gujarat,2025-01-14,Organic Search,Premium
C104000,Kiran Kumar,Female,,Delhi,Delhi,2024-08-19,Organic Search,Basic
C104001,Sai Das,Female,41.0,Ahmedabad,Gujarat,2025-09-07,Organic Search,Standard
C104002,Priya Patel,Female,20.0,Hyderabad,Telangana,2024-01-26,Google Ads,Standard
C104003,Divya Kumar,Male,34.0,Kakinada,Andhra Pradesh,2024-11-21,Instagram,Standard
C104004,Rohan Kumar,Male,21.0,Pune,Maharashtra,2025-08-07,Organic Search,Standard
C104005,Aditya Singh,Female,33.0,Pune,Maharashtra,2025-11-26,Organic Search,Premium
C104006,Sanjay Reddy,Female,34.0,Bengaluru,Karnataka,2024-07-02,Organic Search,Basic
C104007,Nikhil Patel,Female,19.0,Pune,Maharashtra,2025-04-20,YouTube,Standard
C104008,Rohan Das,Female,32.0,Hyderabad,Telangana,2024-05-18,Referral,Standard
C104009,Priya Kumar,Female,50.0,Visakhapatnam,Andhra Pradesh,2024-03-25,Referral,Standard
C104010,Aditya Das,Female,64.0,Ahmedabad,Gujarat,2024-09-14,Organic Search,Standard
C104011,Sanjay Kumar,Male,47.0,Chennai,Tamil Nadu,2025-10-08,Instagram,Basic
C104012,Sanjay Gupta,Female,52.0,Visakhapatnam,Andhra Pradesh,2025-05-18,Organic Search,Standard
C104013,Sai Rao,Female,50.0,Visakhapatnam,Andhra Pradesh,2024-12-23,Organic Search,Premium
C104014,Meera Sharma,Female,63.0,Bengaluru,Karnataka,2024-07-25,Referral,Premium
C104015,Sanjay Varma,Male,63.0,Hyderabad,Telangana,2024-04-13,Google Ads,Premium
C104016,Kiran Reddy,Male,23.0,Mumbai,Maharashtra,2024-07-16,Email,Standard
C104017,Rahul Reddy,Male,40.0,Hyderabad,Telangana,2024-04-21,YouTube,Premium
C104018,Rahul Rao,Male,61.0,Pune,Maharashtra,2024-05-16,Instagram,Standard
C104019,Rohan Naidu,Female,60.0,Pune,Maharashtra,2025-05-16,Google Ads,Standard
C104020,Aditya Patel,Female,43.0,Pune,Maharashtra,2024-04-06,Email,Basic
C104021,Aarav Naidu,Male,39.0,Hyderabad,Telangana,2024-02-04,Organic Search,Standard
C104022,Aditya Naidu,Female,20.0,Kakinada,Andhra Pradesh,2025-01-30,Email,Basic
C104023,Divya Kumar,Male,40.0,Kakinada,Andhra Pradesh,2024-07-28,Referral,Basic
C104024,Sneha Kumar,Female,42.0,Pune,Maharashtra,2024-11-27,Instagram,Standard
C104025,Ananya Gupta,Male,48.0,Hyderabad,Telangana,2024-04-12,Google Ads,Standard
C104026,Sneha Rao,Female,43.0,Delhi,Delhi,2024-06-02,Organic Search,Standard
C104027,Sai Naidu,Female,28.0,Ahmedabad,Gujarat,2024-11-17,Google Ads,Premium
C104028,Divya Das,Female,64.0,Ahmedabad,Gujarat,2025-05-18,Google Ads,Basic
C104029,Priya Naidu,Female,28.0,Mumbai,Maharashtra,2024-10-29,Google Ads,Basic
C104030,Vihaan Patel,Male,36.0,Visakhapatnam,Andhra Pradesh,2025-01-30,Google Ads,Standard
C104031,Vihaan Rao,Female,42.0,Kakinada,Andhra Pradesh,2025-01-15,Google Ads,Premium
C104032,Sneha Naidu,Male,32.0,Pune,Maharashtra,2024-07-15,Organic Search,Premium
C104033,Divya Singh,Male,21.0,Delhi,Delhi,2024-07-23,Google Ads,Standard
C104034,Aarav Gupta,Female,47.0,Pune,Maharashtra,2024-11-06,Email,Basic
C104035,Sanjay Singh,Female,29.0,Hyderabad,Telangana,2024-01-24,Google Ads,Premium
C104036,Arjun Varma,Female,60.0,Pune,Maharashtra,2025-05-15,Organic Search,Standard
C104037,Aarav Patel,Male,56.0,Hyderabad,Telangana,2025-03-24,Instagram,Basic
C104038,Sneha Reddy,Female,38.0,Hyderabad,Telangana,2024-08-11,Instagram,Standard
C104039,Rohan Patel,Male,40.0,Pune,Maharashtra,2024-09-29,Google Ads,Standard
C104040,Kiran Singh,Female,63.0,Pune,Maharashtra,2024-08-27,YouTube,Standard
C104041,Nikhil Reddy,Female,19.0,Kakinada,Andhra Pradesh,2025-04-20,Email,Premium
C104042,Sai Kumar,Female,36.0,Pune,Maharashtra,2025-07-08,Email,Standard
C104043,Meera Gupta,Female,20.0,Kakinada,Andhra Pradesh,2024-03-20,Google Ads,Premium
C104044,Aarav Varma,Female,24.0,Visakhapatnam,Andhra Pradesh,2024-10-28,Google Ads,Standard
C104045,Ananya Rao,Male,62.0,Delhi,Delhi,2024-01-11,YouTube,Standard
C104046,Rohan Reddy,Other,22.0,Kakinada,Andhra Pradesh,2024-11-26,Google Ads,Basic
C104047,Meera Patel,Female,63.0,Chennai,Tamil Nadu,2024-06-30,Email,Standard
C104048,Ananya Kumar,Male,55.0,Pune,Maharashtra,2024-09-02,Organic Search,Basic
C104049,Ananya Naidu,Male,48.0,Bengaluru,Karnataka,2024-11-29,Email,Standard
C104050,Rohan Reddy,Male,53.0,Mumbai,Maharashtra,2024-08-24,Google Ads,Standard
C104051,Divya Reddy,Female,26.0,Pune,Maharashtra,2024-10-14,Google Ads,Standard
C104052,Divya Varma,Female,23.0,Mumbai,Maharashtra,2025-07-12,Instagram,Standard
C104053,Sai Reddy,Female,35.0,Pune,Maharashtra,2025-08-14,YouTube,Standard
C104054,Vihaan Kumar,Male,54.0,Hyderabad,Telangana,2024-01-05,Organic Search,Standard
C104055,Kavya Singh,Male,32.0,Mumbai,Maharashtra,2024-10-02,Google Ads,Standard
C104056,Arjun Sharma,Female,26.0,Kolkata,West Bengal,2025-09-10,Organic Search,Premium
C104057,Vihaan Das,Male,55.0,Kolkata,West Bengal,2025-01-22,Instagram,Premium
C104058,Vihaan Rao,Male,48.0,Kakinada,Andhra Pradesh,2024-05-29,Instagram,Premium
C104059,Sneha Reddy,Male,43.0,Visakhapatnam,Andhra Pradesh,2025-03-09,Instagram,Premium
C104060,Sai Kumar,Male,37.0,Visakhapatnam,Andhra Pradesh,2024-04-15,Organic Search,Basic
C104061,Vihaan Rao,Male,55.0,Hyderabad,Telangana,2024-01-16,Instagram,Standard
C104062,Kavya Gupta,Female,53.0,Kolkata,West Bengal,2025-04-06,Instagram,Standard
C104063,Sai Varma,Male,35.0,Mumbai,Maharashtra,2025-01-11,Instagram,Premium
C104064,Sneha Patel,Male,24.0,Mumbai,Maharashtra,2025-07-06,Google Ads,Basic
C104065,Aarav Das,Female,59.0,Mumbai,Maharashtra,2024-09-08,Referral,Premium
C104066,Kavya Das,Female,24.0,Chennai,Tamil Nadu,2025-09-15,Google Ads,Standard
C104067,Sneha Varma,Female,38.0,Bengaluru,Karnataka,2024-11-03,Organic Search,Basic
C104068,Sai Singh,Female,61.0,Pune,Maharashtra,2025-06-22,YouTube,Standard
C104069,Aarav Das,Female,38.0,Bengaluru,Karnataka,2024-03-14,Google Ads,Premium
C104070,Ananya Varma,Female,57.0,Pune,Maharashtra,2024-03-11,YouTube,Premium
C104071,Sanjay Reddy,Female,41.0,Kolkata,West Bengal,2025-07-25,Organic Search,Standard
C104072,Sai Kumar,Female,53.0,Bengaluru,Karnataka,2025-08-31,Organic Search,Standard
C104073,Arjun Varma,Female,46.0,Bengaluru,Karnataka,2025-11-18,Instagram,Standard
C104074,Sanjay Varma,Male,31.0,Visakhapatnam,Andhra Pradesh,2024-08-24,Organic Search,Standard
C104075,Rahul Naidu,Male,60.0,Ahmedabad,Gujarat,2024-01-17,Referral,Standard
C104076,Aditya Singh,Male,40.0,Mumbai,Maharashtra,2025-12-16,Instagram,Standard
C104077,Sneha Das,Male,39.0,Visakhapatnam,Andhra Pradesh,2025-03-15,Organic Search,Standard
C104078,Divya Sharma,Male,49.0,Mumbai,Maharashtra,2024-06-29,Google Ads,Basic
C104079,Rohan Sharma,Female,62.0,Kakinada,Andhra Pradesh,2025-07-11,Organic Search,Premium
C104080,Vihaan Kumar,Female,59.0,Bengaluru,Karnataka,2025-10-21,Email,Premium
C104081,Rahul Rao,Male,36.0,Kolkata,West Bengal,2024-07-26,Referral,Premium
C104082,Sneha Naidu,Male,29.0,Hyderabad,Telangana,2025-07-15,Instagram,Premium
C104083,Priya Rao,Male,33.0,Bengaluru,Karnataka,2025-07-28,Organic Search,Standard
C104084,Rahul Sharma,Female,30.0,Chennai,Tamil Nadu,2025-01-01,Instagram,Premium
C104085,Meera Rao,Male,32.0,Hyderabad,Telangana,2025-04-06,Organic Search,Basic
C104086,Ananya Rao,Male,38.0,Chennai,Tamil Nadu,2024-07-15,Email,Basic
C104087,Priya Kumar,Male,19.0,Mumbai,Maharashtra,2025-11-09,Instagram,Standard
C104088,Rahul Kumar,Female,43.0,Hyderabad,Telangana,2025-12-18,Referral,Standard
C104089,Rohan Naidu,Male,58.0,Kakinada,Andhra Pradesh,2025-12-17,YouTube,Standard
C104090,Vihaan Gupta,Female,38.0,Kakinada,Andhra Pradesh,2025-06-22,YouTube,Standard
C104091,Priya Patel,Female,21.0,Kakinada,Andhra Pradesh,2024-01-31,Instagram,Standard
C104092,Sanjay Patel,Female,36.0,Bengaluru,Karnataka,2024-09-24,Instagram,Premium
C104093,Arjun Singh,Female,34.0,Delhi,Delhi,2024-11-20,Instagram,Basic
C104094,Sanjay Das,Male,46.0,Delhi,Delhi,2025-12-01,Organic Search,Standard
C104095,Divya Varma,Male,30.0,Delhi,Delhi,2025-02-03,Instagram,Standard
C104096,Ananya Varma,Female,32.0,Chennai,Tamil Nadu,2025-01-26,Instagram,Standard
C104097,Ananya Varma,Male,53.0,Pune,Maharashtra,2024-04-17,Google Ads,Standard
C104098,Nikhil Gupta,Female,26.0,Chennai,Tamil Nadu,2025-08-02,YouTube,Basic
C104099,Ananya Sharma,Female,62.0,Mumbai,Maharashtra,2024-09-02,Google Ads,Standard
C104100,Sai Das,Male,32.0,Kakinada,Andhra Pradesh,2024-03-08,Organic Search,Basic
C104101,Vihaan Das,Male,57.0,Kakinada,Andhra Pradesh,2025-12-21,Instagram,Basic
C104102,Rohan Kumar,Female,21.0,Delhi,Delhi,2024-05-18,Email,Standard
C104103,Rohan Patel,Other,33.0,Mumbai,Maharashtra,2024-01-12,Referral,Basic
C104104,Divya Varma,Female,36.0,Pune,Maharashtra,2024-02-26,YouTube,Basic
C104105,Sanjay Patel,Male,39.0,Delhi,Delhi,2024-11-26,Email,Premium
C104106,Meera Singh,Female,22.0,Kakinada,Andhra Pradesh,2024-03-16,Instagram,Standard
C104107,Kavya Patel,Male,29.0,Chennai,Tamil Nadu,2025-09-07,Google Ads,Standard
C104108,Kavya Sharma,Male,60.0,Hyderabad,Telangana,2025-01-09,Instagram,Standard
C104109,Aarav Singh,Female,62.0,Bengaluru,Karnataka,2024-08-24,Google Ads,Basic
C104110,Aarav Reddy,Female,39.0,Hyderabad,Telangana,2024-01-03,YouTube,Standard
C104111,Priya Kumar,Male,23.0,Delhi,Delhi,2024-12-16,Google Ads,Basic
C104112,Sai Sharma,Female,31.0,Delhi,Delhi,2024-04-20,Organic Search,Standard
C104113,Nikhil Das,Male,63.0,Visakhapatnam,Andhra Pradesh,2025-12-14,Instagram,Standard
C104114,Sanjay Varma,Male,62.0,Visakhapatnam,Andhra Pradesh,2024-07-31,Organic Search,Standard
C104115,Priya Kumar,Male,57.0,Bengaluru,Karnataka,2024-12-12,Organic Search,Basic
C104116,Aarav Patel,Female,59.0,Kakinada,Andhra Pradesh,2024-01-14,Email,Standard
C104117,Sanjay Rao,Male,52.0,Pune,Maharashtra,2024-04-05,Instagram,Standard
C104118,Kiran Patel,Female,47.0,Delhi,Delhi,2024-05-31,Organic Search,Standard
C104119,Aditya Sharma,Male,55.0,Chennai,Tamil Nadu,2024-02-07,Organic Search,Standard
C104120,Ananya Naidu,Male,49.0,Chennai,Tamil Nadu,2025-06-13,Instagram,Premium
C104121,Rohan Sharma,Male,34.0,Bengaluru,Karnataka,2025-11-21,YouTube,Basic
C104122,Sanjay Kumar,Male,48.0,Visakhapatnam,Andhra Pradesh,2025-12-20,Organic Search,Standard
C104123,Kiran Rao,Female,32.0,Hyderabad,Telangana,2024-07-13,Instagram,Standard
C104124,Sai Kumar,Female,48.0,Hyderabad,Telangana,2025-07-29,Google Ads,Basic
C104125,Rahul Gupta,Female,36.0,Mumbai,Maharashtra,2025-01-02,Google Ads,Standard
C104126,Sai Singh,Male,41.0,Bengaluru,Karnataka,2024-02-03,Referral,Standard
C104127,Sanjay Rao,Female,26.0,Hyderabad,Telangana,2024-03-07,Organic Search,Standard
C104128,Divya Patel,Female,63.0,Delhi,Delhi,2025-02-03,Organic Search,Premium
C104129,Priya Singh,Male,53.0,Delhi,Delhi,2024-11-05,Instagram,Premium
C104130,Kiran Naidu,Female,23.0,Bengaluru,Karnataka,2024-01-07,Referral,Basic
C104131,Sneha Reddy,Female,40.0,Visakhapatnam,Andhra Pradesh,2025-11-09,Referral,Premium
C104132,Sai Sharma,Female,39.0,Visakhapatnam,Andhra Pradesh,2025-06-17,Google Ads,Premium
C104133,Rahul Patel,Female,60.0,Ahmedabad,Gujarat,2025-01-01,Email,Basic
C104134,Sanjay Naidu,Female,54.0,Pune,Maharashtra,2025-12-21,Email,Basic
C104135,Kavya Singh,Male,60.0,Kakinada,Andhra Pradesh,2025-12-09,Google Ads,Standard
C104136,Ananya Varma,Female,40.0,Delhi,Delhi,2025-12-11,Google Ads,Standard
C104137,Sneha Patel,Female,25.0,Chennai,Tamil Nadu,2024-07-07,Organic Search,Standard
C104138,Vihaan Varma,Male,52.0,Hyderabad,Telangana,2025-10-05,Google Ads,Basic
C104139,Sanjay Naidu,Female,28.0,Ahmedabad,Gujarat,2025-01-03,Google Ads,Standard
C104140,Nikhil Sharma,Female,48.0,Hyderabad,Telangana,2025-06-14,YouTube,Basic
C104141,Ananya Patel,Male,37.0,Kolkata,West Bengal,2025-09-19,Organic Search,Standard
C104142,Vihaan Rao,Female,34.0,Ahmedabad,Gujarat,2024-04-29,Email,Basic
C104143,Rahul Naidu,Female,23.0,Mumbai,Maharashtra,2024-11-23,Google Ads,Basic
C104144,Meera Patel,Female,56.0,Kolkata,West Bengal,2024-04-04,Email,Standard
C104145,Arjun Das,Female,51.0,Delhi,Delhi,2024-07-23,Email,Standard
C104146,Arjun Sharma,Male,34.0,Delhi,Delhi,2024-10-28,Google Ads,Premium
C104147,Kavya Naidu,Female,53.0,Pune,Maharashtra,2025-09-16,Instagram,Standard
C104148,Priya Das,Female,65.0,Mumbai,Maharashtra,2025-09-21,Google Ads,Standard
C104149,Divya Sharma,Female,52.0,Ahmedabad,Gujarat,2024-10-11,Referral,Standard
C104150,Ananya Singh,Male,63.0,Delhi,Delhi,2024-08-28,YouTube,Standard
C104151,Meera Das,Male,40.0,Chennai,Tamil Nadu,2025-01-22,Organic Search,Standard
C104152,Meera Rao,Female,36.0,Visakhapatnam,Andhra Pradesh,2025-10-27,Instagram,Standard
C104153,Kavya Varma,Male,58.0,Mumbai,Maharashtra,2025-12-13,Google Ads,Basic
C104154,Vihaan Patel,Male,49.0,Chennai,Tamil Nadu,2024-06-14,Referral,Premium
C104155,Rohan Patel,Female,47.0,Kakinada,Andhra Pradesh,2024-05-16,Google Ads,Standard
C104156,Divya Patel,Female,48.0,Delhi,Delhi,2025-05-30,Instagram,Standard
C104157,Kavya Patel,Female,65.0,Bengaluru,Karnataka,2024-08-08,YouTube,Standard
C104158,Nikhil Gupta,Female,50.0,Mumbai,Maharashtra,2024-05-25,YouTube,Standard
C104159,Kavya Varma,Female,57.0,Kakinada,Andhra Pradesh,2024-01-23,YouTube,Standard
C104160,Kiran Singh,Female,19.0,Ahmedabad,Gujarat,2024-10-21,Google Ads,Basic
C104161,Aditya Naidu,Female,52.0,Visakhapatnam,Andhra Pradesh,2024-10-13,Organic Search,Basic
C104162,Arjun Sharma,Female,33.0,Mumbai,Maharashtra,2025-02-15,Email,Basic
C104163,Arjun Rao,Female,23.0,Visakhapatnam,Andhra Pradesh,2024-05-26,Referral,Basic
C104164,Divya Naidu,Male,31.0,Delhi,Delhi,2025-06-05,Instagram,Standard
C104165,Priya Patel,Male,57.0,Ahmedabad,Gujarat,2025-05-11,Instagram,Standard
C104166,Vihaan Das,Female,57.0,Visakhapatnam,Andhra Pradesh,2024-12-03,Google Ads,Standard
C104167,Ananya Gupta,Female,32.0,Mumbai,Maharashtra,2024-05-12,Organic Search,Standard
C104168,Divya Das,Female,27.0,Kakinada,Andhra Pradesh,2025-01-05,Email,Premium
C104169,Sneha Gupta,Female,38.0,Kolkata,West Bengal,2025-05-07,YouTube,Standard
C104170,Priya Das,Female,33.0,Ahmedabad,Gujarat,2024-09-29,Referral,Basic
C104171,Ananya Rao,Male,40.0,Ahmedabad,Gujarat,2024-07-11,Instagram,Standard
C104172,Kavya Kumar,Female,55.0,Bengaluru,Karnataka,2025-01-04,Referral,Premium
C104173,Kiran Das,Female,33.0,Ahmedabad,Gujarat,2024-09-16,Instagram,Standard
C104174,Rohan Rao,Male,26.0,Mumbai,Maharashtra,2024-10-19,YouTube,Standard
C104175,Arjun Singh,Male,23.0,Mumbai,Maharashtra,2024-09-11,Google Ads,Basic
C104176,Arjun Rao,Female,50.0,Bengaluru,Karnataka,2024-08-09,Instagram,Premium
C104177,Arjun Rao,Female,27.0,Bengaluru,Karnataka,2025-06-07,Referral,Standard
C104178,Rohan Reddy,Male,28.0,Kakinada,Andhra Pradesh,2024-12-01,Organic Search,Standard
C104179,Sai Reddy,Male,56.0,Delhi,Delhi,2024-12-06,Referral,Standard
C104180,Priya Kumar,Male,22.0,Delhi,Delhi,2025-04-21,Instagram,Standard
C104181,Sanjay Singh,Female,49.0,Chennai,Tamil Nadu,2024-09-20,Organic Search,Basic
C104182,Sanjay Singh,Female,18.0,Ahmedabad,Gujarat,2024-03-14,Instagram,Basic
C104183,Aditya Rao,Male,63.0,Pune,Maharashtra,2025-09-14,Email,Standard
C104184,Aditya Patel,Female,52.0,Pune,Maharashtra,2024-02-10,Email,Standard
C104185,Rahul Naidu,Male,,Visakhapatnam,Andhra Pradesh,2025-02-21,Instagram,Standard
C104186,Aditya Kumar,Male,49.0,Chennai,Tamil Nadu,2024-07-13,Google Ads,Standard
C104187,Nikhil Rao,Male,37.0,Ahmedabad,Gujarat,2024-06-05,Instagram,Standard
C104188,Priya Gupta,Female,65.0,Kakinada,Andhra Pradesh,2024-01-31,Google Ads,Standard
C104189,Kavya Varma,Female,55.0,Kolkata,West Bengal,2025-10-19,Email,Standard
C104190,Aarav Das,Male,22.0,Hyderabad,Telangana,2024-11-09,Google Ads,Basic
C104191,Rahul Gupta,Female,45.0,Mumbai,Maharashtra,2024-09-07,Instagram,Basic
C104192,Rohan Patel,Female,44.0,Kolkata,West Bengal,2025-06-25,Email,Standard
C104193,Sanjay Das,Female,31.0,Chennai,Tamil Nadu,2024-01-29,Organic Search,Premium
C104194,Rohan Naidu,Female,39.0,Mumbai,Maharashtra,2025-02-16,Organic Search,Standard
C104195,Divya Das,Female,64.0,Delhi,Delhi,2024-12-27,Organic Search,Premium
C104196,Ananya Reddy,Male,22.0,Hyderabad,Telangana,2025-02-08,Referral,Standard
C104197,Ananya Patel,Male,62.0,Mumbai,Maharashtra,2024-03-31,Google Ads,Standard
C104198,Sneha Gupta,Female,51.0,Ahmedabad,Gujarat,2025-11-26,Referral,Basic
C104199,Sanjay Das,Female,23.0,Hyderabad,Telangana,2024-06-23,Organic Search,Standard
C104200,Divya Naidu,Female,32.0,Visakhapatnam,Andhra Pradesh,2025-05-10,Referral,Premium
C104201,Aarav Singh,Female,58.0,Delhi,Delhi,2025-06-29,YouTube,Standard
C104202,Rahul Varma,Female,51.0,Visakhapatnam,Andhra Pradesh,2024-09-08,Email,Standard
C104203,Rahul Rao,Female,,Mumbai,Maharashtra,2024-04-05,Google Ads,Premium
C104204,Aarav Das,Female,25.0,Visakhapatnam,Andhra Pradesh,2024-08-04,Organic Search,Standard
C104205,Priya Singh,Male,62.0,Pune,Maharashtra,2025-08-12,Instagram,Standard
C104206,Rohan Gupta,Female,25.0,Visakhapatnam,Andhra Pradesh,2025-10-23,YouTube,Premium
C104207,Sneha Gupta,Female,47.0,Hyderabad,Telangana,2025-11-14,Google Ads,Standard
C104208,Nikhil Singh,Male,65.0,Ahmedabad,Gujarat,2024-06-14,Email,Basic
C104209,Aarav Varma,Male,25.0,Mumbai,Maharashtra,2025-03-18,Email,Basic
C104210,Vihaan Sharma,Female,20.0,Delhi,Delhi,2024-04-20,Instagram,Standard
C104211,Rahul Singh,Female,57.0,Hyderabad,Telangana,2025-06-02,Organic Search,Standard
C104212,Kavya Gupta,Male,63.0,Kakinada,Andhra Pradesh,2024-10-30,Google Ads,Basic
C104213,Sanjay Gupta,Male,42.0,Kolkata,West Bengal,2025-06-04,Google Ads,Basic
C104214,Arjun Naidu,Male,29.0,Kakinada,Andhra Pradesh,2025-05-15,Instagram,Basic
C104215,Kavya Patel,Male,20.0,Pune,Maharashtra,2025-12-25,Organic Search,Standard
C104216,Meera Reddy,Female,61.0,Bengaluru,Karnataka,2024-12-22,Organic Search,Basic
C104217,Ananya Varma,Female,56.0,Delhi,Delhi,2024-09-06,Instagram,Standard
C104218,Divya Rao,Female,61.0,Chennai,Tamil Nadu,2025-01-19,Organic Search,Premium
C104219,Arjun Sharma,Male,55.0,Bengaluru,Karnataka,2024-04-28,Organic Search,Premium
C104220,Sai Naidu,Male,38.0,Kakinada,Andhra Pradesh,2024-03-22,Instagram,Basic
C104221,Kiran Kumar,Male,41.0,Kakinada,Andhra Pradesh,2025-01-13,YouTube,Basic
C104222,Meera Kumar,Female,36.0,Pune,Maharashtra,2025-08-25,Instagram,Standard
C104223,Kiran Patel,Female,53.0,Pune,Maharashtra,2025-01-24,Organic Search,Standard
C104224,Arjun Gupta,Male,22.0,Ahmedabad,Gujarat,2025-07-24,Referral,Standard
C104225,Nikhil Patel,Female,19.0,Kolkata,West Bengal,2024-05-09,YouTube,Standard
C104226,Rohan Rao,Male,64.0,Hyderabad,Telangana,2024-11-24,Google Ads,Standard
C104227,Arjun Das,Male,33.0,Pune,Maharashtra,2025-03-23,Google Ads,Standard
C104228,Vihaan Singh,Female,19.0,Ahmedabad,Gujarat,2024-09-10,Organic Search,Standard
C104229,Aarav Sharma,Male,50.0,Visakhapatnam,Andhra Pradesh,2024-01-11,Email,Standard
C104230,Ananya Gupta,Female,37.0,Pune,Maharashtra,2024-02-23,Email,Basic
C104231,Kavya Sharma,Male,29.0,Visakhapatnam,Andhra Pradesh,2025-11-08,Email,Basic
C104232,Sai Sharma,Female,38.0,Pune,Maharashtra,2025-03-17,Email,Premium
C104233,Sneha Das,Male,39.0,Delhi,Delhi,2024-07-12,Instagram,Standard
C104234,Arjun Gupta,Male,47.0,Chennai,Tamil Nadu,2024-07-07,Instagram,Standard
C104235,Sanjay Sharma,Male,62.0,Kolkata,West Bengal,2024-01-29,Instagram,Premium
C104236,Sanjay Rao,Female,60.0,Visakhapatnam,Andhra Pradesh,2025-11-20,Instagram,Standard
C104237,Sneha Das,Female,57.0,Mumbai,Maharashtra,2024-03-20,Organic Search,Standard
C104238,Kiran Varma,Female,41.0,Mumbai,Maharashtra,2025-07-08,Google Ads,Premium
C104239,Nikhil Varma,Male,44.0,Kolkata,West Bengal,2024-06-24,Referral,Basic
C104240,Sanjay Naidu,Male,24.0,Ahmedabad,Gujarat,2024-09-02,Instagram,Basic
C104241,Divya Rao,Male,45.0,Delhi,Delhi,2024-07-18,Organic Search,Premium
C104242,Sanjay Kumar,Female,50.0,Kolkata,West Bengal,2025-08-24,Instagram,Standard
C104243,Rahul Das,Male,60.0,Hyderabad,Telangana,2024-01-24,Instagram,Standard
C104244,Arjun Gupta,Male,20.0,Mumbai,Maharashtra,2024-09-14,Organic Search,Standard
C104245,Rohan Naidu,Female,59.0,Kakinada,Andhra Pradesh,2024-07-22,Instagram,Standard
C104246,Ananya Varma,Female,42.0,Pune,Maharashtra,2024-07-18,Organic Search,Premium
C104247,Meera Das,Male,22.0,Visakhapatnam,Andhra Pradesh,2024-05-20,Google Ads,Standard
C104248,Divya Varma,Male,65.0,Mumbai,Maharashtra,2025-10-28,Organic Search,Basic
C104249,Vihaan Reddy,Male,40.0,Mumbai,Maharashtra,2024-10-03,Instagram,Standard
C104250,Nikhil Das,Female,37.0,Kakinada,Andhra Pradesh,2024-11-01,Google Ads,Standard
C104251,Priya Rao,Male,27.0,Kakinada,Andhra Pradesh,2024-10-08,Referral,Basic
C104252,Kavya Varma,Female,21.0,Visakhapatnam,Andhra Pradesh,2025-12-16,Email,Basic
C104253,Kiran Gupta,Male,21.0,Delhi,Delhi,2024-09-04,Organic Search,Basic
C104254,Rohan Sharma,Female,30.0,Visakhapatnam,Andhra Pradesh,2024-09-06,Google Ads,Premium
C104255,Sneha Das,Female,32.0,Chennai,Tamil Nadu,2024-08-27,Email,Premium
C104256,Kavya Sharma,Male,40.0,Visakhapatnam,Andhra Pradesh,2024-08-26,Instagram,Basic
C104257,Sai Gupta,Male,47.0,Visakhapatnam,Andhra Pradesh,2024-03-06,Organic Search,Basic
C104258,Vihaan Patel,Male,65.0,Chennai,Tamil Nadu,2025-03-17,YouTube,Standard
C104259,Kiran Rao,Female,56.0,Delhi,Delhi,2024-01-19,Instagram,Basic
C104260,Nikhil Reddy,Female,41.0,Kakinada,Andhra Pradesh,2024-06-13,Instagram,Standard
C104261,Sanjay Das,Female,61.0,Chennai,Tamil Nadu,2024-05-27,Organic Search,Premium
C104262,Sneha Naidu,Male,44.0,Chennai,Tamil Nadu,2024-07-31,Organic Search,Basic
C104263,Sai Singh,Male,38.0,Kolkata,West Bengal,2025-07-06,Email,Basic
C104264,Arjun Reddy,Female,28.0,Kakinada,Andhra Pradesh,2025-03-13,Referral,Standard
C104265,Ananya Gupta,Female,38.0,Bengaluru,Karnataka,2025-12-24,Organic Search,Standard
C104266,Divya Sharma,Female,19.0,Kakinada,Andhra Pradesh,2024-09-13,Google Ads,Standard
C104267,Aditya Patel,Female,25.0,Chennai,Tamil Nadu,2025-11-08,YouTube,Standard
C104268,Vihaan Das,Female,63.0,Hyderabad,Telangana,2024-02-02,Organic Search,Standard
C104269,Aarav Reddy,Female,27.0,Delhi,Delhi,2025-01-03,Organic Search,Standard
C104270,Divya Gupta,Female,45.0,Chennai,Tamil Nadu,2025-08-06,Organic Search,Standard
C104271,Ananya Gupta,Female,22.0,Kolkata,West Bengal,2025-01-23,YouTube,Premium
C104272,Sanjay Gupta,Female,46.0,Pune,Maharashtra,2025-11-12,Instagram,Premium
C104273,Vihaan Kumar,Other,64.0,Bengaluru,Karnataka,2024-08-17,YouTube,Premium
C104274,Aditya Reddy,Male,39.0,Chennai,Tamil Nadu,2024-01-25,Google Ads,Standard
C104275,Rahul Singh,Female,24.0,Mumbai,Maharashtra,2025-07-18,Google Ads,Standard
C104276,Divya Das,Female,19.0,Mumbai,Maharashtra,2024-02-19,Google Ads,Standard
C104277,Divya Reddy,Male,54.0,Ahmedabad,Gujarat,2025-07-12,Google Ads,Standard
C104278,Arjun Naidu,Female,22.0,Visakhapatnam,Andhra Pradesh,2025-06-19,Google Ads,Premium
C104279,Rohan Das,Male,33.0,Bengaluru,Karnataka,2025-09-08,Referral,Basic
C104280,Rahul Das,Male,58.0,Kolkata,West Bengal,2024-12-15,Instagram,Standard
C104281,Aditya Sharma,Male,43.0,Chennai,Tamil Nadu,2025-10-15,Google Ads,Standard
C104282,Kiran Kumar,Female,59.0,Delhi,Delhi,2024-05-03,Google Ads,Premium
C104283,Sai Sharma,Female,59.0,Ahmedabad,Gujarat,2024-11-13,Email,Standard
C104284,Nikhil Reddy,Female,49.0,Mumbai,Maharashtra,2024-03-29,Referral,Standard
C104285,Kavya Sharma,Male,62.0,Ahmedabad,Gujarat,2025-07-13,Email,Basic
C104286,Arjun Kumar,Female,19.0,Chennai,Tamil Nadu,2025-06-05,Organic Search,Premium
C104287,Aditya Sharma,Male,29.0,Hyderabad,Telangana,2025-08-11,Email,Standard
C104288,Divya Singh,Male,31.0,Ahmedabad,Gujarat,2025-07-11,Google Ads,Basic
C104289,Kiran Patel,Male,61.0,Visakhapatnam,Andhra Pradesh,2024-08-13,Referral,Basic
C104290,Vihaan Naidu,Female,47.0,Pune,Maharashtra,2024-02-19,Referral,Basic
C104291,Sanjay Das,Male,30.0,Ahmedabad,Gujarat,2025-11-09,Instagram,Premium
C104292,Vihaan Naidu,Female,28.0,Bengaluru,Karnataka,2024-12-25,Organic Search,Standard
C104293,Sai Gupta,Female,56.0,Delhi,Delhi,2024-03-09,Instagram,Standard
C104294,Nikhil Das,Male,59.0,Delhi,Delhi,2025-11-07,YouTube,Standard
C104295,Vihaan Varma,Female,18.0,Ahmedabad,Gujarat,2025-12-26,Instagram,Standard
C104296,Aarav Kumar,Male,35.0,Delhi,Delhi,2024-11-21,Organic Search,Standard
C104297,Kavya Patel,Male,43.0,Ahmedabad,Gujarat,2025-07-16,Google Ads,Basic
C104298,Rohan Singh,Male,29.0,Delhi,Delhi,2024-01-27,YouTube,Basic
C104299,Rohan Patel,Female,52.0,Kolkata,West Bengal,2024-03-09,Organic Search,Standard
C104300,Arjun Kumar,Female,54.0,Mumbai,Maharashtra,2024-07-20,Instagram,Basic
C104301,Sneha Kumar,Female,58.0,Pune,Maharashtra,2025-04-24,Instagram,Basic
C104302,Aarav Singh,Female,55.0,Hyderabad,Telangana,2024-04-07,Email,Standard
C104303,Sanjay Reddy,Male,58.0,Ahmedabad,Gujarat,2024-01-25,Instagram,Standard
C104304,Rohan Reddy,Female,35.0,Hyderabad,Telangana,2025-05-03,Instagram,Premium
C104305,Kiran Sharma,Male,32.0,Kakinada,Andhra Pradesh,2025-07-16,YouTube,Standard
C104306,Vihaan Gupta,Male,33.0,Visakhapatnam,Andhra Pradesh,2025-06-23,Email,Premium
C104307,Sai Singh,Other,58.0,Pune,Maharashtra,2025-08-06,Instagram,Standard
C104308,Ananya Naidu,Male,49.0,Kakinada,Andhra Pradesh,2025-08-09,Referral,Premium
C104309,Sanjay Varma,Male,33.0,Visakhapatnam,Andhra Pradesh,2025-03-15,Instagram,Standard
C104310,Sanjay Naidu,Male,52.0,Bengaluru,Karnataka,2025-01-14,Organic Search,Standard
C104311,Kavya Gupta,Male,29.0,Ahmedabad,Gujarat,2025-09-17,Instagram,Premium
C104312,Sai Patel,Female,30.0,Delhi,Delhi,2024-09-11,Google Ads,Basic
C104313,Sanjay Reddy,Male,18.0,Visakhapatnam,Andhra Pradesh,2024-03-12,Google Ads,Premium
C104314,Priya Singh,Female,64.0,Visakhapatnam,Andhra Pradesh,2025-07-02,YouTube,Standard
C104315,Kiran Kumar,Male,29.0,Kakinada,Andhra Pradesh,2024-07-20,Instagram,Standard
C104316,Kavya Singh,Female,54.0,Chennai,Tamil Nadu,2025-12-15,Email,Standard
C104317,Aarav Gupta,Female,23.0,Bengaluru,Karnataka,2024-10-29,Referral,Standard
C104318,Sanjay Das,Female,19.0,Bengaluru,Karnataka,2025-09-13,Organic Search,Standard
C104319,Rohan Reddy,Female,50.0,Bengaluru,Karnataka,2024-01-31,Instagram,Standard
C104320,Aditya Varma,Female,22.0,Kakinada,Andhra Pradesh,2025-04-26,Organic Search,Standard
C104321,Priya Kumar,Female,24.0,Pune,Maharashtra,2024-11-23,YouTube,Standard
C104322,Arjun Patel,Female,33.0,Delhi,Delhi,2024-12-03,Instagram,Premium
C104323,Sneha Rao,Male,46.0,Chennai,Tamil Nadu,2024-07-12,Google Ads,Basic
C104324,Meera Reddy,Male,18.0,Bengaluru,Karnataka,2025-12-09,YouTube,Standard
C104325,Kiran Rao,Female,24.0,Pune,Maharashtra,2024-10-13,Google Ads,Premium
C104326,Sai Varma,Male,34.0,Chennai,Tamil Nadu,2025-09-12,Organic Search,Basic
C104327,Ananya Gupta,Male,51.0,Ahmedabad,Gujarat,2024-11-06,Organic Search,Standard
C104328,Rahul Singh,Female,22.0,Hyderabad,Telangana,2024-02-05,Google Ads,Standard
C104329,Kiran Singh,Male,31.0,Kakinada,Andhra Pradesh,2025-10-03,Instagram,Basic
C104330,Meera Reddy,Male,27.0,Hyderabad,Telangana,2024-05-15,Google Ads,Standard
C104331,Ananya Kumar,Female,32.0,Chennai,Tamil Nadu,2024-07-16,Referral,Standard
C104332,Divya Gupta,Male,30.0,Delhi,Delhi,2025-09-20,Referral,Basic
C104333,Rohan Naidu,Male,48.0,Ahmedabad,Gujarat,2025-10-14,Organic Search,Basic
C104334,Aarav Patel,Male,21.0,Kolkata,West Bengal,2025-10-31,Referral,Standard
C104335,Aarav Varma,Male,63.0,Bengaluru,Karnataka,2024-11-06,Organic Search,Premium
C104336,Sai Rao,Male,29.0,Chennai,Tamil Nadu,2025-07-06,Instagram,Standard
C104337,Rohan Gupta,Female,65.0,Pune,Maharashtra,2024-08-27,Google Ads,Standard
C104338,Rohan Varma,Male,53.0,Chennai,Tamil Nadu,2025-06-24,Instagram,Standard
C104339,Arjun Kumar,Male,35.0,Hyderabad,Telangana,2025-01-01,Instagram,Basic
C104340,Rahul Singh,Female,32.0,Bengaluru,Karnataka,2024-02-07,Google Ads,Premium
C104341,Meera Rao,Male,63.0,Pune,Maharashtra,2024-10-31,YouTube,Basic
C104342,Sanjay Sharma,Male,65.0,Mumbai,Maharashtra,2024-12-07,Google Ads,Basic
C104343,Kavya Patel,Male,47.0,Pune,Maharashtra,2024-07-06,Google Ads,Premium
C104344,Vihaan Patel,Male,20.0,Bengaluru,Karnataka,2024-09-30,Email,Standard
C104345,Divya Singh,Male,61.0,Ahmedabad,Gujarat,2025-01-01,Email,Premium
C104346,Rahul Rao,Male,40.0,Bengaluru,Karnataka,2024-02-06,Referral,Standard
C104347,Ananya Kumar,Female,19.0,Kolkata,West Bengal,2024-04-20,Google Ads,Standard
C104348,Sneha Rao,Female,56.0,Visakhapatnam,Andhra Pradesh,2025-07-13,Google Ads,Basic
C104349,Aarav Patel,Female,19.0,Delhi,Delhi,2024-09-13,Instagram,Standard
C104350,Ananya Singh,Male,35.0,Bengaluru,Karnataka,2025-03-20,Google Ads,Standard
C104351,Rohan Patel,Female,21.0,Hyderabad,Telangana,2025-02-17,Instagram,Premium
C104352,Vihaan Patel,Female,38.0,Delhi,Delhi,2025-02-06,Email,Premium
C104353,Rohan Varma,Male,56.0,Bengaluru,Karnataka,2024-10-28,Organic Search,Standard
C104354,Kavya Naidu,Female,24.0,Visakhapatnam,Andhra Pradesh,2024-12-18,Google Ads,Basic
C104355,Ananya Sharma,Female,24.0,Kakinada,Andhra Pradesh,2025-08-24,Google Ads,Basic
C104356,Divya Kumar,Male,63.0,Kakinada,Andhra Pradesh,2025-12-05,Organic Search,Standard
C104357,Arjun Das,Female,26.0,Kakinada,Andhra Pradesh,2024-07-06,Referral,Basic
C104358,Arjun Patel,Male,23.0,Pune,Maharashtra,2025-05-03,Organic Search,Premium
C104359,Vihaan Sharma,Male,46.0,Delhi,Delhi,2025-12-08,Organic Search,Basic
C104360,Sanjay Sharma,Male,31.0,Chennai,Tamil Nadu,2024-01-06,Email,Standard
C104361,Arjun Sharma,Male,63.0,Mumbai,Maharashtra,2025-07-26,Organic Search,Premium
C104362,Sanjay Patel,Female,25.0,Visakhapatnam,Andhra Pradesh,2024-12-28,Google Ads,Basic
C104363,Arjun Gupta,Female,45.0,Chennai,Tamil Nadu,2025-12-07,YouTube,Standard
C104364,Divya Rao,Male,62.0,Delhi,Delhi,2025-02-26,Email,Basic
C104365,Kiran Patel,Female,53.0,Kolkata,West Bengal,2025-09-03,Instagram,Standard
C104366,Rohan Gupta,Female,19.0,Delhi,Delhi,2024-05-01,Referral,Premium
C104367,Kiran Varma,Female,27.0,Delhi,Delhi,2024-04-13,Instagram,Premium
C104368,Rohan Rao,Female,24.0,Mumbai,Maharashtra,2025-11-07,Referral,Standard
C104369,Nikhil Varma,Female,61.0,Hyderabad,Telangana,2025-01-19,Instagram,Standard
C104370,Divya Patel,Female,27.0,Hyderabad,Telangana,2025-02-11,Email,Standard
C104371,Aditya Das,Male,20.0,Chennai,Tamil Nadu,2024-05-04,Google Ads,Standard
C104372,Arjun Singh,Female,36.0,Kakinada,Andhra Pradesh,2024-06-14,Referral,Standard
C104373,Kavya Gupta,Male,31.0,Mumbai,Maharashtra,2025-08-20,Email,Standard
C104374,Kiran Das,Male,25.0,Kolkata,West Bengal,2024-08-09,Google Ads,Premium
C104375,Divya Gupta,Male,39.0,Delhi,Delhi,2025-03-02,Google Ads,Standard
C104376,Sneha Sharma,Male,61.0,Delhi,Delhi,2024-08-19,Referral,Premium
C104377,Meera Kumar,Female,28.0,Bengaluru,Karnataka,2024-07-11,Referral,Basic
C104378,Kavya Gupta,Female,65.0,Pune,Maharashtra,2024-05-01,YouTube,Standard
C104379,Arjun Rao,Female,49.0,Kolkata,West Bengal,2025-11-09,Google Ads,Premium
C104380,Rahul Naidu,Female,36.0,Delhi,Delhi,2025-11-17,Referral,Basic
C104381,Kiran Rao,Male,50.0,Pune,Maharashtra,2024-03-25,YouTube,Standard
C104382,Kavya Das,Female,34.0,Chennai,Tamil Nadu,2024-09-14,Email,Standard
C104383,Nikhil Das,Male,28.0,Mumbai,Maharashtra,2025-02-15,Google Ads,Standard
C104384,Nikhil Gupta,Male,29.0,Kolkata,West Bengal,2024-10-06,Google Ads,Standard
C104385,Meera Reddy,Female,18.0,Pune,Maharashtra,2025-06-10,Organic Search,Basic
C104386,Ananya Sharma,Female,49.0,Hyderabad,Telangana,2024-07-08,Google Ads,Premium
C104387,Meera Patel,Male,21.0,Chennai,Tamil Nadu,2024-02-12,Google Ads,Standard
C104388,Rahul Patel,Male,27.0,Delhi,Delhi,2024-09-02,Referral,Standard
C104389,Aarav Kumar,Male,18.0,Ahmedabad,Gujarat,2025-03-12,Instagram,Standard
C104390,Priya Das,Female,21.0,Delhi,Delhi,2024-05-11,Referral,Standard
C104391,Kavya Gupta,Male,61.0,Kakinada,Andhra Pradesh,2025-08-18,YouTube,Premium
C104392,Kavya Singh,Male,19.0,Kolkata,West Bengal,2024-01-09,YouTube,Premium
C104393,Kavya Das,Female,47.0,Bengaluru,Karnataka,2024-02-19,Email,Standard
C104394,Nikhil Varma,Female,33.0,Chennai,Tamil Nadu,2025-01-06,Organic Search,Standard
C104395,Arjun Gupta,Male,24.0,Visakhapatnam,Andhra Pradesh,2025-01-08,Organic Search,Basic
C104396,Vihaan Reddy,Female,32.0,Mumbai,Maharashtra,2024-08-03,YouTube,Standard
C104397,Kavya Varma,Male,22.0,Ahmedabad,Gujarat,2024-07-07,Organic Search,Basic
C104398,Kiran Patel,Male,33.0,Ahmedabad,Gujarat,2024-02-20,Organic Search,Basic
C104399,Sneha Rao,Female,57.0,Kolkata,West Bengal,2025-04-28,Google Ads,Premium
C104400,Priya Naidu,Male,47.0,Hyderabad,Telangana,2024-10-03,Instagram,Basic
C104401,Meera Singh,Male,56.0,Delhi,Delhi,2024-03-27,Instagram,Basic
C104402,Vihaan Gupta,Female,51.0,Delhi,Delhi,2024-10-18,Email,Standard
C104403,Sneha Patel,Female,62.0,Delhi,Delhi,2025-11-15,YouTube,Standard
C104404,Rohan Das,Female,23.0,Visakhapatnam,Andhra Pradesh,2024-07-09,YouTube,Standard
C104405,Vihaan Singh,Female,25.0,Hyderabad,Telangana,2025-10-15,Organic Search,Premium
C104406,Aarav Sharma,Male,37.0,Pune,Maharashtra,2024-07-07,Organic Search,Standard
C104407,Aditya Varma,Female,43.0,Kakinada,Andhra Pradesh,2024-05-15,Referral,Premium
C104408,Divya Sharma,Male,55.0,Visakhapatnam,Andhra Pradesh,2024-07-09,Google Ads,Standard
C104409,Aditya Patel,Female,23.0,Kolkata,West Bengal,2024-08-23,Email,Standard
C104410,Kiran Kumar,Male,23.0,Kakinada,Andhra Pradesh,2024-03-29,Instagram,Premium
C104411,Sai Reddy,Male,56.0,Chennai,Tamil Nadu,2025-03-04,Organic Search,Standard
C104412,Kavya Gupta,Male,44.0,Kolkata,West Bengal,2024-08-31,Email,Premium
C104413,Arjun Naidu,Female,37.0,Pune,Maharashtra,2025-06-08,Instagram,Basic
C104414,Sanjay Gupta,Male,28.0,Hyderabad,Telangana,2024-12-24,Email,Basic
C104415,Kiran Gupta,Female,51.0,Hyderabad,Telangana,2024-11-19,Referral,Premium
C104416,Aditya Rao,Female,56.0,Visakhapatnam,Andhra Pradesh,2024-12-09,Organic Search,Basic
C104417,Kavya Varma,Female,19.0,Bengaluru,Karnataka,2024-04-24,Organic Search,Basic
C104418,Nikhil Gupta,Male,20.0,Delhi,Delhi,2025-06-04,Google Ads,Basic
C104419,Arjun Reddy,Male,55.0,Kolkata,West Bengal,2024-03-17,Organic Search,Basic
C104420,Priya Sharma,Female,60.0,Pune,Maharashtra,2025-06-10,Instagram,Standard
C104421,Aditya Patel,Female,29.0,Pune,Maharashtra,2025-12-30,Google Ads,Standard
C104422,Kavya Rao,Male,51.0,Kakinada,Andhra Pradesh,2025-07-11,Referral,Basic
C104423,Aarav Sharma,Female,58.0,Ahmedabad,Gujarat,2024-11-28,Organic Search,Basic
C104424,Meera Kumar,Male,23.0,Kakinada,Andhra Pradesh,2024-08-17,YouTube,Standard
C104425,Sai Reddy,Male,26.0,Kolkata,West Bengal,2025-09-28,Instagram,Standard
C104426,Sneha Naidu,Male,24.0,Kakinada,Andhra Pradesh,2024-07-06,Organic Search,Standard
C104427,Sneha Rao,Male,55.0,Kolkata,West Bengal,2024-12-18,Organic Search,Standard
C104428,Sneha Sharma,Male,55.0,Pune,Maharashtra,2025-07-16,YouTube,Standard
C104429,Kiran Singh,Female,24.0,Visakhapatnam,Andhra Pradesh,2025-11-04,Google Ads,Premium
C104430,Kiran Sharma,Male,26.0,Visakhapatnam,Andhra Pradesh,2025-11-03,Instagram,Standard
C104431,Sanjay Das,Female,49.0,Hyderabad,Telangana,2024-03-05,Referral,Standard
C104432,Kiran Naidu,Female,61.0,Kakinada,Andhra Pradesh,2025-10-17,YouTube,Premium
C104433,Sai Das,Female,55.0,Kolkata,West Bengal,2024-03-24,Google Ads,Standard
C104434,Sanjay Sharma,Male,26.0,Visakhapatnam,Andhra Pradesh,2025-03-02,Referral,Standard
C104435,Sanjay Kumar,Female,36.0,Ahmedabad,Gujarat,2025-11-09,YouTube,Standard
C104436,Kiran Patel,Male,21.0,Kakinada,Andhra Pradesh,2025-04-23,Google Ads,Premium
C104437,Aditya Gupta,Female,29.0,Mumbai,Maharashtra,2025-11-22,Email,Standard
C104438,Divya Varma,Male,45.0,Bengaluru,Karnataka,2024-09-08,YouTube,Standard
C104439,Sai Sharma,Female,34.0,Bengaluru,Karnataka,2024-08-17,Google Ads,Premium
C104440,Arjun Rao,Male,47.0,Mumbai,Maharashtra,2024-08-26,Google Ads,Basic
C104441,Arjun Gupta,Female,32.0,Mumbai,Maharashtra,2024-09-16,Google Ads,Standard
C104442,Sai Rao,Male,45.0,Chennai,Tamil Nadu,2025-05-13,Email,Standard
C104443,Arjun Singh,Male,48.0,Bengaluru,Karnataka,2024-11-26,Instagram,Standard
C104444,Aarav Varma,Female,27.0,Bengaluru,Karnataka,2025-06-22,Instagram,Standard
C104445,Rohan Das,Male,20.0,Pune,Maharashtra,2024-10-30,Google Ads,Premium
C104446,Meera Reddy,Female,34.0,Ahmedabad,Gujarat,2024-08-12,Referral,Standard
C104447,Aarav Kumar,Female,19.0,Bengaluru,Karnataka,2024-05-18,Organic Search,Basic
C104448,Aditya Kumar,Female,25.0,Pune,Maharashtra,2025-02-06,Referral,Standard
C104449,Vihaan Reddy,Female,31.0,Kolkata,West Bengal,2025-10-17,Organic Search,Basic
C104450,Sanjay Naidu,Female,34.0,Ahmedabad,Gujarat,2025-09-19,YouTube,Basic
C104451,Aarav Gupta,Female,31.0,Bengaluru,Karnataka,2024-07-03,Organic Search,Standard
C104452,Aditya Das,Male,20.0,Ahmedabad,Gujarat,2024-12-14,Email,Basic
C104453,Meera Singh,Female,26.0,Hyderabad,Telangana,2025-05-29,Instagram,Standard
C104454,Sneha Singh,Female,60.0,Mumbai,Maharashtra,2025-03-23,Google Ads,Standard
C104455,Priya Singh,Male,52.0,Delhi,Delhi,2024-02-19,Google Ads,Standard
C104456,Ananya Patel,Male,39.0,Visakhapatnam,Andhra Pradesh,2025-03-07,Referral,Standard
C104457,Priya Gupta,Male,19.0,Bengaluru,Karnataka,2024-01-29,YouTube,Premium
C104458,Kavya Varma,Female,35.0,Ahmedabad,Gujarat,2024-03-26,Google Ads,Premium
C104459,Vihaan Singh,Male,62.0,Kakinada,Andhra Pradesh,2025-04-22,Instagram,Standard
C104460,Ananya Reddy,Female,56.0,Kakinada,Andhra Pradesh,2024-03-15,Organic Search,Standard
C104461,Aarav Das,Female,54.0,Delhi,Delhi,2024-09-04,YouTube,Premium
C104462,Kavya Sharma,Female,29.0,Hyderabad,Telangana,2025-03-05,Organic Search,Premium
C104463,Aarav Varma,Male,37.0,Mumbai,Maharashtra,2025-04-23,Instagram,Basic
C104464,Sai Naidu,Female,19.0,Ahmedabad,Gujarat,2024-11-21,Referral,Standard
C104465,Aditya Patel,Female,59.0,Bengaluru,Karnataka,2024-03-09,Google Ads,Basic
C104466,Priya Das,Male,23.0,Kolkata,West Bengal,2025-08-06,Email,Standard
C104467,Meera Naidu,Male,47.0,Delhi,Delhi,2025-11-24,Email,Premium
C104468,Sneha Patel,Male,31.0,Ahmedabad,Gujarat,2025-10-10,Organic Search,Premium
C104469,Aarav Singh,Female,45.0,Kolkata,West Bengal,2025-06-30,Google Ads,Standard
C104470,Aarav Singh,Male,57.0,Pune,Maharashtra,2024-10-20,YouTube,Standard
C104471,Vihaan Singh,Male,33.0,Ahmedabad,Gujarat,2025-10-01,Instagram,Standard
C104472,Divya Patel,Male,18.0,Kakinada,Andhra Pradesh,2024-12-22,Instagram,Basic
C104473,Meera Gupta,Male,49.0,Delhi,Delhi,2024-04-09,Organic Search,Standard
C104474,Arjun Singh,Male,43.0,Pune,Maharashtra,2025-09-12,Referral,Standard
C104475,Sneha Das,Female,24.0,Kolkata,West Bengal,2024-08-21,Referral,Standard
C104476,Sai Gupta,Male,20.0,Visakhapatnam,Andhra Pradesh,2025-11-16,Google Ads,Standard
C104477,Nikhil Varma,Female,43.0,Chennai,Tamil Nadu,2024-09-25,Instagram,Basic
C104478,Sanjay Sharma,Male,47.0,Delhi,Delhi,2025-09-26,Instagram,Standard
C104479,Vihaan Sharma,Male,23.0,Visakhapatnam,Andhra Pradesh,2025-01-27,Organic Search,Standard
C104480,Meera Reddy,Female,46.0,Kakinada,Andhra Pradesh,2024-12-07,Google Ads,Basic
C104481,Nikhil Naidu,Female,39.0,Pune,Maharashtra,2024-08-04,YouTube,Basic
C104482,Divya Sharma,Female,24.0,Bengaluru,Karnataka,2025-09-02,Organic Search,Basic
C104483,Divya Reddy,Male,47.0,Mumbai,Maharashtra,2024-02-14,Organic Search,Basic
C104484,Meera Naidu,Female,48.0,Chennai,Tamil Nadu,2024-12-08,Organic Search,Standard
C104485,Rohan Patel,Female,25.0,Ahmedabad,Gujarat,2024-09-26,Email,Standard
C104486,Sanjay Sharma,Male,50.0,Kolkata,West Bengal,2025-01-31,Referral,Standard
C104487,Arjun Reddy,Female,28.0,Visakhapatnam,Andhra Pradesh,2024-07-04,YouTube,Standard
C104488,Sneha Kumar,Male,46.0,Hyderabad,Telangana,2025-04-30,Google Ads,Basic
C104489,Kiran Singh,Male,57.0,Chennai,Tamil Nadu,2024-10-08,Instagram,Standard
C104490,Kavya Rao,Female,62.0,Ahmedabad,Gujarat,2024-05-17,Referral,Standard
C104491,Rohan Rao,Female,30.0,Kakinada,Andhra Pradesh,2024-05-23,Instagram,Basic
C104492,Meera Reddy,Female,34.0,Bengaluru,Karnataka,2025-05-23,Email,Standard
C104493,Rahul Naidu,Female,,Visakhapatnam,Andhra Pradesh,2024-07-10,YouTube,Standard
C104494,Meera Reddy,Male,64.0,Hyderabad,Telangana,2024-08-12,Email,Basic
C104495,Ananya Patel,Female,33.0,Bengaluru,Karnataka,2025-04-02,Instagram,Premium
C104496,Arjun Singh,Other,56.0,Visakhapatnam,Andhra Pradesh,2024-08-28,Instagram,Standard
C104497,Kavya Gupta,Male,62.0,Ahmedabad,Gujarat,2024-10-10,Google Ads,Premium
C104498,Sneha Patel,Male,40.0,Kakinada,Andhra Pradesh,2024-06-27,Instagram,Premium
C104499,Rohan Rao,Female,51.0,Kolkata,West Bengal,2024-09-09,Referral,Standard
C104500,Sai Rao,Male,40.0,Kolkata,West Bengal,2025-05-20,Organic Search,Standard
C104501,Arjun Reddy,Female,45.0,Pune,Maharashtra,2025-01-24,Email,Standard
C104502,Arjun Singh,Male,29.0,Pune,Maharashtra,2025-12-29,Email,Standard
C104503,Sanjay Reddy,Female,58.0,Pune,Maharashtra,2025-07-17,Google Ads,Premium
C104504,Priya Sharma,Female,23.0,Mumbai,Maharashtra,2024-01-13,Instagram,Basic
C104505,Ananya Gupta,Female,49.0,Visakhapatnam,Andhra Pradesh,2024-10-03,Email,Standard
C104506,Aarav Rao,Female,62.0,Delhi,Delhi,2024-07-30,Google Ads,Standard
C104507,Vihaan Varma,Male,56.0,Kolkata,West Bengal,2025-03-04,Google Ads,Premium
C104508,Sanjay Gupta,Female,54.0,Kolkata,West Bengal,2024-07-12,Email,Basic
C104509,Sneha Singh,Female,49.0,Pune,Maharashtra,2025-12-06,Google Ads,Standard
C104510,Priya Sharma,Female,63.0,Kolkata,West Bengal,2024-08-06,Instagram,Basic
C104511,Rohan Reddy,Female,59.0,Hyderabad,Telangana,2025-01-16,Referral,Standard
C104512,Kavya Kumar,Female,31.0,Delhi,Delhi,2024-03-30,Google Ads,Basic
C104513,Divya Singh,Female,47.0,Chennai,Tamil Nadu,2025-10-26,Organic Search,Standard
C104514,Rahul Rao,Female,38.0,Delhi,Delhi,2025-10-27,Instagram,Premium
C104515,Rohan Das,Female,30.0,Kakinada,Andhra Pradesh,2025-08-02,Organic Search,Standard
C104516,Divya Sharma,Female,57.0,Visakhapatnam,Andhra Pradesh,2024-09-13,Referral,Premium
C104517,Nikhil Sharma,Male,19.0,Ahmedabad,Gujarat,2024-02-12,Instagram,Basic
C104518,Vihaan Varma,Male,24.0,Delhi,Delhi,2025-06-03,Instagram,Standard
C104519,Ananya Rao,Female,23.0,Hyderabad,Telangana,2024-11-09,YouTube,Basic
C104520,Sai Rao,Male,27.0,Ahmedabad,Gujarat,2025-12-23,Referral,Standard
C104521,Meera Patel,Male,42.0,Visakhapatnam,Andhra Pradesh,2025-05-24,Organic Search,Standard
C104522,Meera Rao,Male,63.0,Chennai,Tamil Nadu,2025-01-28,Organic Search,Standard
C104523,Kavya Kumar,Female,64.0,Visakhapatnam,Andhra Pradesh,2025-12-21,Google Ads,Standard
C104524,Ananya Sharma,Female,61.0,Kakinada,Andhra Pradesh,2025-08-07,Referral,Standard
C104525,Sanjay Patel,Female,54.0,Pune,Maharashtra,2024-11-30,Email,Standard
C104526,Vihaan Sharma,Female,40.0,Mumbai,Maharashtra,2024-01-14,Organic Search,Standard
C104527,Meera Gupta,Female,55.0,Hyderabad,Telangana,2024-03-08,Google Ads,Basic
C104528,Nikhil Sharma,Male,30.0,Ahmedabad,Gujarat,2024-11-19,YouTube,Standard
C104529,Aarav Naidu,Male,49.0,Pune,Maharashtra,2025-02-14,Email,Premium
C104530,Kavya Singh,Male,18.0,Bengaluru,Karnataka,2024-01-23,Organic Search,Standard
C104531,Sneha Das,Male,61.0,Hyderabad,Telangana,2024-04-02,Instagram,Standard
C104532,Priya Gupta,Female,64.0,Kakinada,Andhra Pradesh,2025-05-29,Referral,Basic
C104533,Kavya Reddy,Male,53.0,Delhi,Delhi,2025-07-02,Instagram,Basic
C104534,Nikhil Rao,Female,26.0,Delhi,Delhi,2024-01-22,YouTube,Basic
C104535,Sanjay Naidu,Female,30.0,Kolkata,West Bengal,2025-01-05,Google Ads,Standard
C104536,Kavya Reddy,Male,53.0,Delhi,Delhi,2024-02-29,Email,Basic
C104537,Rahul Singh,Other,41.0,Kakinada,Andhra Pradesh,2025-06-12,Instagram,Standard
C104538,Vihaan Rao,Female,44.0,Kolkata,West Bengal,2025-08-31,Instagram,Premium
C104539,Divya Sharma,Female,37.0,Delhi,Delhi,2025-09-26,Google Ads,Basic
C104540,Rahul Das,Female,58.0,Mumbai,Maharashtra,2025-03-12,Organic Search,Basic
C104541,Meera Rao,Female,25.0,Visakhapatnam,Andhra Pradesh,2025-04-04,Google Ads,Premium
C104542,Rahul Patel,Female,39.0,Pune,Maharashtra,2025-11-07,Organic Search,Basic
C104543,Sanjay Patel,Female,28.0,Kakinada,Andhra Pradesh,2025-03-23,Organic Search,Basic
C104544,Aarav Singh,Male,51.0,Delhi,Delhi,2024-11-21,YouTube,Standard
C104545,Sai Sharma,Female,31.0,Hyderabad,Telangana,2025-07-04,Email,Premium
C104546,Kavya Gupta,Female,32.0,Visakhapatnam,Andhra Pradesh,2025-03-07,Email,Basic
C104547,Kiran Kumar,Male,,Mumbai,Maharashtra,2025-09-06,Email,Premium
C104548,Sai Singh,Male,59.0,Visakhapatnam,Andhra Pradesh,2025-01-18,Instagram,Standard
C104549,Meera Sharma,Male,28.0,Ahmedabad,Gujarat,2025-09-26,Referral,Standard
C104550,Vihaan Reddy,Male,59.0,Mumbai,Maharashtra,2024-02-02,Organic Search,Basic
C104551,Ananya Varma,Male,61.0,Ahmedabad,Gujarat,2024-01-27,Instagram,Basic
C104552,Sneha Sharma,Male,64.0,Hyderabad,Telangana,2024-03-13,Instagram,Standard
C104553,Kavya Patel,Female,34.0,Delhi,Delhi,2025-02-10,Email,Basic
C104554,Vihaan Reddy,Female,49.0,Delhi,Delhi,2025-06-01,Organic Search,Standard
C104555,Rohan Gupta,Female,57.0,Kolkata,West Bengal,2024-06-06,Google Ads,Standard
C104556,Meera Rao,Male,21.0,Pune,Maharashtra,2024-04-23,Organic Search,Premium
C104557,Kiran Gupta,Female,21.0,Kolkata,West Bengal,2025-09-20,Google Ads,Standard
C104558,Arjun Das,Male,27.0,Chennai,Tamil Nadu,2025-07-01,Referral,Standard
C104559,Kavya Rao,Male,65.0,Ahmedabad,Gujarat,2025-04-18,YouTube,Premium
C104560,Divya Singh,Female,22.0,Bengaluru,Karnataka,2024-12-22,Google Ads,Standard
C104561,Aarav Reddy,Female,54.0,Ahmedabad,Gujarat,2024-11-02,Referral,Standard
C104562,Sai Reddy,Other,58.0,Hyderabad,Telangana,2024-01-15,YouTube,Premium
C104563,Sai Das,Female,61.0,Hyderabad,Telangana,2024-05-17,Google Ads,Standard
C104564,Rohan Kumar,Female,43.0,Ahmedabad,Gujarat,2025-10-16,Instagram,Standard
C104565,Meera Rao,Female,43.0,Bengaluru,Karnataka,2024-09-04,YouTube,Premium
C104566,Sai Varma,Female,53.0,Ahmedabad,Gujarat,2025-05-29,Referral,Basic
C104567,Kiran Gupta,Male,48.0,Bengaluru,Karnataka,2025-05-28,YouTube,Basic
C104568,Meera Gupta,Male,55.0,Bengaluru,Karnataka,2024-08-13,Organic Search,Standard
C104569,Nikhil Varma,Other,35.0,Kakinada,Andhra Pradesh,2024-05-29,Referral,Premium
C104570,Rahul Reddy,Female,62.0,Bengaluru,Karnataka,2025-05-19,Referral,Standard
C104571,Ananya Reddy,Male,38.0,Kakinada,Andhra Pradesh,2024-03-09,Referral,Standard
C104572,Kiran Gupta,Male,29.0,Delhi,Delhi,2024-12-27,Instagram,Standard
C104573,Aarav Gupta,Male,54.0,Ahmedabad,Gujarat,2025-10-10,Google Ads,Premium
C104574,Meera Reddy,Male,47.0,Kakinada,Andhra Pradesh,2025-06-03,Organic Search,Standard
C104575,Sai Patel,Male,20.0,Bengaluru,Karnataka,2025-07-11,YouTube,Standard
C104576,Sai Sharma,Female,25.0,Delhi,Delhi,2024-03-01,YouTube,Premium
C104577,Kiran Kumar,Male,19.0,Pune,Maharashtra,2024-05-25,YouTube,Premium
C104578,Divya Singh,Male,45.0,Visakhapatnam,Andhra Pradesh,2024-07-19,Instagram,Standard
C104579,Sai Kumar,Male,59.0,Bengaluru,Karnataka,2024-08-01,Referral,Standard
C104580,Rahul Varma,Female,33.0,Bengaluru,Karnataka,2024-05-21,Instagram,Standard
C104581,Sanjay Sharma,Male,23.0,Delhi,Delhi,2025-12-10,Email,Basic
C104582,Arjun Naidu,Male,58.0,Mumbai,Maharashtra,2024-04-30,YouTube,Premium
C104583,Aditya Kumar,Female,52.0,Mumbai,Maharashtra,2025-05-31,Organic Search,Basic
C104584,Arjun Reddy,Female,44.0,Bengaluru,Karnataka,2025-03-04,Organic Search,Standard
C104585,Nikhil Singh,Male,27.0,Visakhapatnam,Andhra Pradesh,2025-03-21,Google Ads,Basic
C104586,Kiran Gupta,Female,50.0,Ahmedabad,Gujarat,2024-06-05,Referral,Standard
C104587,Aarav Patel,Male,35.0,Bengaluru,Karnataka,2024-08-12,Google Ads,Standard
C104588,Nikhil Kumar,Female,29.0,Pune,Maharashtra,2025-03-18,Referral,Standard
C104589,Nikhil Naidu,Male,32.0,Kolkata,West Bengal,2024-08-06,Google Ads,Standard
C104590,Divya Sharma,Female,20.0,Kolkata,West Bengal,2025-05-21,Organic Search,Standard
C104591,Meera Singh,Other,41.0,Kakinada,Andhra Pradesh,2024-01-29,Referral,Premium
C104592,Priya Varma,Female,54.0,Kolkata,West Bengal,2024-02-23,Email,Standard
C104593,Sanjay Reddy,Female,57.0,Kolkata,West Bengal,2025-06-15,Organic Search,Basic
C104594,Vihaan Patel,Male,52.0,Hyderabad,Telangana,2025-03-26,Google Ads,Standard
C104595,Vihaan Patel,Female,60.0,Hyderabad,Telangana,2024-02-01,Email,Premium
C104596,Rahul Rao,Male,64.0,Kolkata,West Bengal,2025-10-18,Organic Search,Basic
C104597,Sanjay Sharma,Male,28.0,Kakinada,Andhra Pradesh,2024-01-04,YouTube,Basic
C104598,Sanjay Varma,Female,38.0,Delhi,Delhi,2025-11-28,Instagram,Standard
C104599,Priya Rao,Female,34.0,Kolkata,West Bengal,2025-06-16,Email,Standard
C104600,Rahul Varma,Female,50.0,Mumbai,Maharashtra,2025-12-22,Google Ads,Standard
C104601,Sneha Reddy,Female,58.0,Chennai,Tamil Nadu,2025-11-23,Google Ads,Standard
C104602,Aditya Rao,Female,60.0,Ahmedabad,Gujarat,2024-08-16,Instagram,Basic
C104603,Kavya Sharma,Female,22.0,Kolkata,West Bengal,2025-07-06,Referral,Standard
C104604,Kavya Das,Female,42.0,Bengaluru,Karnataka,2024-06-02,Google Ads,Standard
C104605,Arjun Rao,Female,23.0,Visakhapatnam,Andhra Pradesh,2024-12-10,Email,Basic
C104606,Sneha Sharma,Male,33.0,Kakinada,Andhra Pradesh,2024-06-24,Google Ads,Standard
C104607,Sanjay Reddy,Female,41.0,Chennai,Tamil Nadu,2024-12-20,Instagram,Basic
C104608,Aditya Patel,Female,47.0,Delhi,Delhi,2025-09-28,Organic Search,Standard
C104609,Priya Varma,Female,55.0,Pune,Maharashtra,2024-11-14,Instagram,Premium
C104610,Kiran Gupta,Male,65.0,Visakhapatnam,Andhra Pradesh,2024-03-08,Google Ads,Basic
C104611,Rahul Singh,Male,34.0,Chennai,Tamil Nadu,2024-08-24,Google Ads,Standard
C104612,Sneha Gupta,Male,44.0,Hyderabad,Telangana,2025-07-28,Google Ads,Standard
C104613,Aarav Varma,Male,21.0,Hyderabad,Telangana,2025-01-15,Referral,Premium
C104614,Rohan Reddy,Female,23.0,Visakhapatnam,Andhra Pradesh,2025-02-12,Organic Search,Standard
C104615,Aditya Reddy,Male,64.0,Ahmedabad,Gujarat,2024-11-10,Email,Standard
C104616,Sai Naidu,Male,63.0,Ahmedabad,Gujarat,2024-08-01,Instagram,Basic
C104617,Sneha Reddy,Female,63.0,Bengaluru,Karnataka,2025-03-12,Instagram,Basic
C104618,Ananya Reddy,Male,30.0,Bengaluru,Karnataka,2025-04-07,Organic Search,Premium
C104619,Priya Singh,Male,49.0,Delhi,Delhi,2025-10-17,Google Ads,Standard
C104620,Aditya Sharma,Female,28.0,Mumbai,Maharashtra,2025-03-26,Instagram,Standard
C104621,Rohan Rao,Female,50.0,Delhi,Delhi,2025-12-27,Instagram,Basic
C104622,Aarav Reddy,Other,41.0,Pune,Maharashtra,2025-08-26,Organic Search,Standard
C104623,Kavya Patel,Female,62.0,Mumbai,Maharashtra,2024-02-27,Organic Search,Basic
C104624,Kavya Reddy,Other,35.0,Bengaluru,Karnataka,2024-10-13,Google Ads,Basic
C104625,Sai Sharma,Male,48.0,Chennai,Tamil Nadu,2024-10-07,Instagram,Standard
C104626,Nikhil Varma,Female,49.0,Ahmedabad,Gujarat,2024-01-03,Organic Search,Standard
C104627,Meera Reddy,Female,55.0,Kolkata,West Bengal,2024-05-11,Instagram,Standard
C104628,Priya Varma,Female,20.0,Delhi,Delhi,2025-07-10,Referral,Standard
C104629,Nikhil Naidu,Male,40.0,Delhi,Delhi,2024-09-14,Organic Search,Standard
C104630,Aditya Varma,Male,39.0,Pune,Maharashtra,2024-04-17,Google Ads,Standard
C104631,Sai Kumar,Male,28.0,Bengaluru,Karnataka,2024-07-28,Google Ads,Standard
C104632,Kiran Singh,Female,56.0,Visakhapatnam,Andhra Pradesh,2024-07-19,Email,Basic
C104633,Kavya Sharma,Female,57.0,Visakhapatnam,Andhra Pradesh,2024-05-07,Email,Standard
C104634,Priya Naidu,Male,21.0,Hyderabad,Telangana,2024-03-14,Referral,Standard
C104635,Kavya Das,Female,50.0,Kakinada,Andhra Pradesh,2025-07-11,Google Ads,Standard
C104636,Rahul Rao,Female,59.0,Hyderabad,Telangana,2025-08-24,Google Ads,Premium
C104637,Aarav Naidu,Female,31.0,Chennai,Tamil Nadu,2024-12-28,Referral,Premium
C104638,Rahul Sharma,Male,48.0,Kolkata,West Bengal,2025-03-25,Google Ads,Standard
C104639,Rahul Gupta,Female,47.0,Delhi,Delhi,2025-11-02,Google Ads,Standard
C104640,Aditya Kumar,Female,18.0,Mumbai,Maharashtra,2025-09-07,Google Ads,Basic
C104641,Priya Patel,Female,57.0,Hyderabad,Telangana,2024-01-24,Referral,Premium
C104642,Sneha Das,Female,54.0,Ahmedabad,Gujarat,2025-11-26,Google Ads,Standard
C104643,Kiran Das,Female,30.0,Hyderabad,Telangana,2024-02-18,Referral,Basic
C104644,Priya Das,Male,33.0,Chennai,Tamil Nadu,2024-01-20,Email,Premium
C104645,Nikhil Rao,Female,54.0,Delhi,Delhi,2024-10-21,YouTube,Basic
C104646,Sneha Naidu,Male,56.0,Kakinada,Andhra Pradesh,2025-06-28,Email,Standard
C104647,Rohan Rao,Female,21.0,Kakinada,Andhra Pradesh,2024-02-28,Organic Search,Basic
C104648,Arjun Rao,Female,35.0,Visakhapatnam,Andhra Pradesh,2024-08-01,Instagram,Standard
C104649,Sneha Singh,Female,47.0,Ahmedabad,Gujarat,2024-07-10,Organic Search,Basic
C104650,Arjun Reddy,Female,24.0,Pune,Maharashtra,2024-10-17,Referral,Standard
C104651,Arjun Patel,Male,65.0,Delhi,Delhi,2025-12-20,Organic Search,Standard
C104652,Arjun Sharma,Male,28.0,Bengaluru,Karnataka,2024-08-29,YouTube,Basic
C104653,Vihaan Reddy,Female,59.0,Kakinada,Andhra Pradesh,2024-06-01,Google Ads,Standard
C104654,Nikhil Naidu,Male,21.0,Delhi,Delhi,2024-03-30,YouTube,Standard
C104655,Meera Kumar,Male,60.0,Chennai,Tamil Nadu,2024-05-24,Email,Standard
C104656,Sneha Naidu,Other,19.0,Bengaluru,Karnataka,2024-04-07,Organic Search,Basic
C104657,Rahul Das,Male,50.0,Mumbai,Maharashtra,2025-02-22,Referral,Basic
C104658,Meera Naidu,Male,35.0,Kolkata,West Bengal,2024-11-02,Google Ads,Basic
C104659,Sai Gupta,Male,40.0,Chennai,Tamil Nadu,2024-12-29,Organic Search,Standard
C104660,Aarav Varma,Female,23.0,Pune,Maharashtra,2025-08-30,Instagram,Basic
C104661,Sanjay Kumar,Male,50.0,Mumbai,Maharashtra,2025-02-27,Referral,Basic
C104662,Sneha Naidu,Female,47.0,Hyderabad,Telangana,2024-04-23,Instagram,Standard
C104663,Priya Patel,Female,33.0,Visakhapatnam,Andhra Pradesh,2024-10-02,Google Ads,Premium
C104664,Vihaan Varma,Male,40.0,Chennai,Tamil Nadu,2024-08-16,Organic Search,Standard
C104665,Divya Sharma,Male,44.0,Delhi,Delhi,2025-08-26,Organic Search,Premium
C104666,Rohan Sharma,Male,51.0,Mumbai,Maharashtra,2024-08-12,Organic Search,Standard
C104667,Arjun Singh,Female,43.0,Kolkata,West Bengal,2024-04-11,Email,Premium
C104668,Rahul Naidu,Male,20.0,Pune,Maharashtra,2025-06-21,Email,Standard
C104669,Priya Kumar,Male,44.0,Delhi,Delhi,2024-11-08,YouTube,Standard
C104670,Sneha Das,Male,34.0,Kakinada,Andhra Pradesh,2024-03-10,Referral,Standard
C104671,Kavya Sharma,Male,37.0,Kakinada,Andhra Pradesh,2025-05-18,Email,Basic
C104672,Priya Reddy,Female,35.0,Bengaluru,Karnataka,2024-06-02,Organic Search,Standard
C104673,Ananya Patel,Male,34.0,Kolkata,West Bengal,2025-09-25,Organic Search,Standard
C104674,Sai Rao,Female,29.0,Kakinada,Andhra Pradesh,2025-08-30,Organic Search,Basic
C104675,Nikhil Das,Male,33.0,Chennai,Tamil Nadu,2024-09-26,Referral,Standard
C104676,Nikhil Rao,Female,52.0,Hyderabad,Telangana,2025-02-09,Referral,Standard
C104677,Sanjay Kumar,Female,28.0,Bengaluru,Karnataka,2025-02-18,Email,Basic
C104678,Kavya Patel,Male,54.0,Kolkata,West Bengal,2025-04-22,Email,Standard
C104679,Nikhil Naidu,Female,39.0,Kakinada,Andhra Pradesh,2024-02-20,Referral,Basic
C104680,Vihaan Das,Female,47.0,Bengaluru,Karnataka,2024-08-25,Instagram,Basic
C104681,Meera Kumar,Female,23.0,Pune,Maharashtra,2024-05-04,Google Ads,Standard
C104682,Priya Kumar,Female,27.0,Chennai,Tamil Nadu,2025-05-24,Referral,Basic
C104683,Divya Singh,Female,61.0,Mumbai,Maharashtra,2024-02-20,Instagram,Standard
C104684,Nikhil Singh,Male,57.0,Kolkata,West Bengal,2025-01-12,Google Ads,Basic
C104685,Sai Kumar,Female,21.0,Visakhapatnam,Andhra Pradesh,2025-06-15,Instagram,Standard
C104686,Priya Sharma,Male,61.0,Mumbai,Maharashtra,2025-11-23,Instagram,Basic
C104687,Kavya Singh,Female,58.0,Hyderabad,Telangana,2024-07-29,Organic Search,Standard
C104688,Aarav Reddy,Female,24.0,Delhi,Delhi,2024-01-06,Referral,Standard
C104689,Sneha Das,Female,29.0,Delhi,Delhi,2025-06-12,Organic Search,Basic
C104690,Sanjay Reddy,Female,26.0,Ahmedabad,Gujarat,2024-01-02,Instagram,Basic
C104691,Rahul Gupta,Male,58.0,Pune,Maharashtra,2024-02-18,Google Ads,Standard
C104692,Sai Das,Female,58.0,Hyderabad,Telangana,2025-12-24,Instagram,Premium
C104693,Aarav Sharma,Male,52.0,Delhi,Delhi,2025-09-21,Instagram,Basic
C104694,Aditya Patel,Female,30.0,Ahmedabad,Gujarat,2025-05-31,Instagram,Standard
C104695,Meera Gupta,Female,62.0,Chennai,Tamil Nadu,2025-09-01,Referral,Premium
C104696,Priya Rao,Male,58.0,Pune,Maharashtra,2024-02-25,Instagram,Standard
C104697,Priya Gupta,Female,59.0,Mumbai,Maharashtra,2024-03-05,Organic Search,Basic
C104698,Kiran Naidu,Male,35.0,Delhi,Delhi,2024-08-07,Referral,Basic
C104699,Aditya Reddy,Female,51.0,Bengaluru,Karnataka,2024-01-18,Google Ads,Standard
C104700,Divya Das,Female,50.0,Hyderabad,Telangana,2025-10-10,Organic Search,Basic
C104701,Kiran Sharma,Female,25.0,Hyderabad,Telangana,2024-02-11,Referral,Standard
C104702,Priya Gupta,Female,45.0,Kolkata,West Bengal,2025-02-01,Google Ads,Standard
C104703,Aarav Singh,Male,44.0,Bengaluru,Karnataka,2025-09-15,Referral,Basic
C104704,Sanjay Reddy,Male,46.0,Pune,Maharashtra,2025-06-20,Email,Standard
C104705,Sanjay Rao,Male,34.0,Kakinada,Andhra Pradesh,2024-06-20,Referral,Standard
C104706,Vihaan Sharma,Male,50.0,Kolkata,West Bengal,2024-12-09,YouTube,Standard
C104707,Kavya Gupta,Male,60.0,Pune,Maharashtra,2025-02-04,Google Ads,Premium
C104708,Ananya Kumar,Female,47.0,Bengaluru,Karnataka,2025-07-14,Google Ads,Standard
C104709,Kiran Patel,Female,59.0,Chennai,Tamil Nadu,2024-11-07,Organic Search,Basic
C104710,Meera Rao,Male,55.0,Visakhapatnam,Andhra Pradesh,2024-07-27,Email,Standard
C104711,Sai Gupta,Female,33.0,Delhi,Delhi,2025-08-03,YouTube,Standard
C104712,Meera Naidu,Female,53.0,Visakhapatnam,Andhra Pradesh,2025-10-09,Organic Search,Standard
C104713,Meera Sharma,Male,50.0,Ahmedabad,Gujarat,2024-12-22,Referral,Basic
C104714,Ananya Gupta,Female,63.0,Mumbai,Maharashtra,2024-01-21,Email,Standard
C104715,Kavya Sharma,Male,34.0,Bengaluru,Karnataka,2024-12-31,Google Ads,Basic
C104716,Sai Reddy,Female,25.0,Hyderabad,Telangana,2025-10-11,Instagram,Standard
C104717,Aarav Sharma,Female,50.0,Mumbai,Maharashtra,2025-12-23,Google Ads,Standard
C104718,Rahul Singh,Male,48.0,Delhi,Delhi,2024-10-19,Google Ads,Premium
C104719,Aarav Patel,Male,47.0,Kolkata,West Bengal,2024-04-19,Email,Premium
C104720,Vihaan Singh,Female,53.0,Pune,Maharashtra,2025-02-21,Email,Standard
C104721,Sneha Varma,Male,42.0,Chennai,Tamil Nadu,2025-08-29,YouTube,Basic
C104722,Aarav Gupta,Female,19.0,Ahmedabad,Gujarat,2025-11-20,Instagram,Premium
C104723,Meera Rao,Female,60.0,Ahmedabad,Gujarat,2024-02-07,Referral,Standard
C104724,Nikhil Das,Male,31.0,Ahmedabad,Gujarat,2024-07-31,Google Ads,Standard
C104725,Arjun Gupta,Female,29.0,Visakhapatnam,Andhra Pradesh,2024-12-14,Referral,Standard
C104726,Rohan Varma,Female,57.0,Delhi,Delhi,2024-03-12,Instagram,Basic
C104727,Rahul Naidu,Male,56.0,Visakhapatnam,Andhra Pradesh,2025-10-09,Referral,Standard
C104728,Kiran Patel,Female,42.0,Chennai,Tamil Nadu,2024-03-22,Email,Basic
C104729,Aditya Reddy,Female,51.0,Bengaluru,Karnataka,2025-04-30,Google Ads,Basic
C104730,Aditya Patel,Female,21.0,Bengaluru,Karnataka,2025-11-01,Email,Basic
C104731,Sneha Patel,Male,31.0,Hyderabad,Telangana,2025-05-15,Google Ads,Standard
C104732,Meera Reddy,Male,29.0,Kakinada,Andhra Pradesh,2025-07-11,Google Ads,Basic
C104733,Kiran Patel,Female,38.0,Bengaluru,Karnataka,2024-07-11,YouTube,Basic
C104734,Rahul Patel,Female,35.0,Visakhapatnam,Andhra Pradesh,2025-08-27,Instagram,Premium
C104735,Sai Sharma,Male,21.0,Ahmedabad,Gujarat,2024-11-01,Google Ads,Standard
C104736,Kavya Kumar,Female,51.0,Chennai,Tamil Nadu,2024-02-14,YouTube,Basic
C104737,Aditya Patel,Female,46.0,Kakinada,Andhra Pradesh,2024-09-24,Instagram,Standard
C104738,Rahul Gupta,Male,36.0,Kakinada,Andhra Pradesh,2024-09-12,Google Ads,Standard
C104739,Aarav Varma,Female,60.0,Kakinada,Andhra Pradesh,2025-01-15,Google Ads,Standard
C104740,Sanjay Reddy,Female,35.0,Chennai,Tamil Nadu,2024-07-12,Email,Basic
C104741,Vihaan Gupta,Female,23.0,Mumbai,Maharashtra,2024-12-03,Email,Premium
C104742,Sneha Naidu,Female,58.0,Hyderabad,Telangana,2024-11-08,Email,Standard
C104743,Nikhil Patel,Female,24.0,Visakhapatnam,Andhra Pradesh,2024-08-26,YouTube,Standard
C104744,Rohan Singh,Female,21.0,Visakhapatnam,Andhra Pradesh,2025-05-23,Google Ads,Premium
C104745,Sneha Das,Female,40.0,Pune,Maharashtra,2024-08-11,Referral,Premium
C104746,Vihaan Naidu,Male,45.0,Hyderabad,Telangana,2025-07-13,YouTube,Standard
C104747,Sneha Kumar,Male,,Visakhapatnam,Andhra Pradesh,2024-07-02,Instagram,Basic
C104748,Nikhil Reddy,Female,58.0,Mumbai,Maharashtra,2025-09-23,YouTube,Basic
C104749,Aditya Singh,Female,31.0,Pune,Maharashtra,2024-09-23,YouTube,Basic
C104750,Aditya Singh,Male,64.0,Kolkata,West Bengal,2024-01-30,YouTube,Basic
C104751,Sneha Patel,Male,48.0,Bengaluru,Karnataka,2024-04-19,Instagram,Premium
C104752,Ananya Kumar,Male,26.0,Hyderabad,Telangana,2025-08-11,Referral,Standard
C104753,Kiran Kumar,Female,37.0,Hyderabad,Telangana,2025-09-28,Organic Search,Premium
C104754,Aarav Kumar,Female,21.0,Kakinada,Andhra Pradesh,2024-06-03,Google Ads,Standard
C104755,Ananya Patel,Female,58.0,Kakinada,Andhra Pradesh,2025-03-15,Referral,Basic
C104756,Nikhil Das,Male,49.0,Chennai,Tamil Nadu,2025-02-23,Google Ads,Premium
C104757,Aditya Varma,Female,38.0,Chennai,Tamil Nadu,2024-04-07,Instagram,Standard
C104758,Sai Gupta,Male,50.0,Chennai,Tamil Nadu,2024-11-25,Organic Search,Standard
C104759,Kiran Rao,Male,47.0,Delhi,Delhi,2025-05-21,YouTube,Premium
C104760,Meera Singh,Male,46.0,Pune,Maharashtra,2025-12-07,Instagram,Basic
C104761,Ananya Rao,Female,37.0,Delhi,Delhi,2025-09-10,Instagram,Standard
C104762,Sai Reddy,Female,34.0,Kolkata,West Bengal,2024-03-12,Referral,Standard
C104763,Aarav Naidu,Male,30.0,Delhi,Delhi,2024-06-22,Instagram,Basic
C104764,Rahul Singh,Male,55.0,Kolkata,West Bengal,2024-11-14,Email,Standard
C104765,Priya Singh,Female,40.0,Kakinada,Andhra Pradesh,2024-04-19,Email,Standard
C104766,Priya Patel,Male,40.0,Mumbai,Maharashtra,2025-02-20,Google Ads,Basic
C104767,Aditya Patel,Female,52.0,Hyderabad,Telangana,2024-01-07,Organic Search,Standard
C104768,Kavya Reddy,Male,43.0,Pune,Maharashtra,2024-03-23,Instagram,Standard
C104769,Sai Sharma,Male,63.0,Bengaluru,Karnataka,2024-02-04,Google Ads,Standard
C104770,Sai Kumar,Male,29.0,Mumbai,Maharashtra,2024-08-03,Organic Search,Standard
C104771,Sanjay Patel,Female,20.0,Ahmedabad,Gujarat,2025-07-10,Instagram,Premium
C104772,Divya Reddy,Male,38.0,Chennai,Tamil Nadu,2024-05-09,Google Ads,Basic
C104773,Arjun Naidu,Male,43.0,Pune,Maharashtra,2025-12-21,Email,Standard
C104774,Ananya Rao,Female,57.0,Ahmedabad,Gujarat,2024-07-15,Google Ads,Basic
C104775,Meera Patel,Male,48.0,Bengaluru,Karnataka,2024-02-02,Referral,Premium
C104776,Rahul Kumar,Female,63.0,Chennai,Tamil Nadu,2024-09-01,Organic Search,Basic
C104777,Rahul Patel,Male,22.0,Hyderabad,Telangana,2025-06-30,Google Ads,Basic
C104778,Sneha Naidu,Female,43.0,Chennai,Tamil Nadu,2024-03-18,Google Ads,Premium
C104779,Aditya Naidu,Male,57.0,Mumbai,Maharashtra,2024-02-22,Instagram,Standard
C104780,Priya Singh,Female,42.0,Kakinada,Andhra Pradesh,2025-09-12,Email,Basic
C104781,Divya Reddy,Female,31.0,Mumbai,Maharashtra,2025-03-08,Google Ads,Standard
C104782,Sneha Reddy,Female,54.0,Mumbai,Maharashtra,2024-09-07,Organic Search,Basic
C104783,Meera Gupta,Female,59.0,Hyderabad,Telangana,2025-07-05,Instagram,Premium
C104784,Aarav Sharma,Male,30.0,Bengaluru,Karnataka,2025-09-08,Organic Search,Basic
C104785,Aditya Sharma,Male,44.0,Mumbai,Maharashtra,2024-09-19,Organic Search,Standard
C104786,Nikhil Kumar,Female,56.0,Mumbai,Maharashtra,2025-02-13,Organic Search,Standard
C104787,Vihaan Patel,Female,25.0,Ahmedabad,Gujarat,2024-01-08,Organic Search,Standard
C104788,Kavya Das,Female,18.0,Visakhapatnam,Andhra Pradesh,2024-08-11,Google Ads,Standard
C104789,Arjun Sharma,Female,53.0,Visakhapatnam,Andhra Pradesh,2025-03-10,Google Ads,Standard
C104790,Divya Naidu,Female,54.0,Kakinada,Andhra Pradesh,2024-05-23,Google Ads,Premium
C104791,Kavya Naidu,Female,25.0,Visakhapatnam,Andhra Pradesh,2025-12-24,Google Ads,Basic
C104792,Kavya Gupta,Female,46.0,Chennai,Tamil Nadu,2025-12-09,Referral,Standard
C104793,Aditya Patel,Female,52.0,Delhi,Delhi,2024-07-07,Email,Standard
C104794,Kiran Kumar,Male,64.0,Kolkata,West Bengal,2024-10-16,Referral,Basic
C104795,Kiran Varma,Female,56.0,Delhi,Delhi,2024-05-18,YouTube,Basic
C104796,Sanjay Varma,Male,28.0,Kolkata,West Bengal,2025-01-02,Email,Basic
C104797,Aarav Naidu,Male,45.0,Kakinada,Andhra Pradesh,2024-03-31,Google Ads,Premium
C104798,Divya Naidu,Female,53.0,Bengaluru,Karnataka,2024-10-12,Google Ads,Basic
C104799,Aditya Rao,Female,31.0,Ahmedabad,Gujarat,2025-02-09,Referral,Premium
C104800,Rohan Rao,Male,25.0,Kakinada,Andhra Pradesh,2025-03-22,Google Ads,Standard
C104801,Aditya Naidu,Female,38.0,Pune,Maharashtra,2025-03-11,Google Ads,Basic
C104802,Sai Sharma,Male,52.0,Delhi,Delhi,2024-06-10,Referral,Premium
C104803,Rohan Kumar,Male,43.0,Mumbai,Maharashtra,2025-08-01,Email,Premium
C104804,Rohan Rao,Female,47.0,Bengaluru,Karnataka,2025-05-19,Google Ads,Standard
C104805,Vihaan Sharma,Female,49.0,Delhi,Delhi,2025-07-03,Google Ads,Standard
C104806,Aditya Sharma,Female,63.0,Ahmedabad,Gujarat,2024-12-07,Instagram,Standard
C104807,Aditya Kumar,Male,48.0,Pune,Maharashtra,2025-10-13,Google Ads,Basic
C104808,Rohan Patel,Female,24.0,Mumbai,Maharashtra,2024-10-11,Google Ads,Basic
C104809,Sai Kumar,Male,37.0,Pune,Maharashtra,2025-08-11,Organic Search,Basic
C104810,Priya Varma,Female,26.0,Visakhapatnam,Andhra Pradesh,2024-05-28,Email,Premium
C104811,Priya Singh,Male,54.0,Hyderabad,Telangana,2024-06-29,Google Ads,Standard
C104812,Arjun Naidu,Female,65.0,Hyderabad,Telangana,2025-01-19,YouTube,Basic
C104813,Aditya Sharma,Male,55.0,Kakinada,Andhra Pradesh,2025-02-09,Email,Standard
C104814,Sneha Varma,Male,29.0,Ahmedabad,Gujarat,2025-06-28,Instagram,Standard
C104815,Nikhil Singh,Male,51.0,Pune,Maharashtra,2024-08-05,Organic Search,Premium
C104816,Vihaan Kumar,Female,19.0,Kakinada,Andhra Pradesh,2025-09-29,Organic Search,Premium
C104817,Priya Patel,Female,31.0,Pune,Maharashtra,2024-08-28,Referral,Premium
C104818,Aditya Sharma,Female,32.0,Pune,Maharashtra,2025-01-24,Google Ads,Standard
C104819,Aditya Kumar,Male,40.0,Mumbai,Maharashtra,2025-11-11,Organic Search,Standard
C104820,Sai Gupta,Male,33.0,Visakhapatnam,Andhra Pradesh,2025-01-28,Instagram,Premium
C104821,Aditya Varma,Female,38.0,Ahmedabad,Gujarat,2025-05-12,Google Ads,Standard
C104822,Sanjay Das,Male,18.0,Mumbai,Maharashtra,2025-10-25,Organic Search,Premium
C104823,Rohan Singh,Female,57.0,Ahmedabad,Gujarat,2025-12-12,Organic Search,Standard
C104824,Aditya Patel,Male,36.0,Ahmedabad,Gujarat,2024-12-30,Email,Basic
C104825,Kavya Sharma,Female,56.0,Hyderabad,Telangana,2024-10-31,Instagram,Standard
C104826,Divya Patel,Female,20.0,Bengaluru,Karnataka,2024-05-23,Google Ads,Basic
C104827,Sneha Singh,Male,59.0,Pune,Maharashtra,2025-01-27,Organic Search,Standard
C104828,Rahul Das,Male,48.0,Kolkata,West Bengal,2025-11-01,Organic Search,Premium
C104829,Arjun Das,Female,29.0,Kolkata,West Bengal,2024-12-21,Organic Search,Basic
C104830,Kiran Das,Male,54.0,Delhi,Delhi,2024-09-11,Instagram,Premium
C104831,Kiran Sharma,Female,53.0,Visakhapatnam,Andhra Pradesh,2024-03-19,YouTube,Standard
C104832,Sanjay Varma,Female,52.0,Chennai,Tamil Nadu,2024-10-11,Google Ads,Standard
C104833,Meera Sharma,Male,59.0,Mumbai,Maharashtra,2024-06-21,Google Ads,Standard
C104834,Nikhil Kumar,Female,63.0,Bengaluru,Karnataka,2025-12-14,Organic Search,Basic
C104835,Nikhil Sharma,Male,25.0,Visakhapatnam,Andhra Pradesh,2025-01-20,Google Ads,Basic
C104836,Kiran Gupta,Female,31.0,Ahmedabad,Gujarat,2024-04-10,Email,Premium
C104837,Sanjay Reddy,Male,19.0,Chennai,Tamil Nadu,2024-02-19,Referral,Standard
C104838,Rahul Reddy,Female,21.0,Mumbai,Maharashtra,2025-09-13,Organic Search,Standard
C104839,Sneha Patel,Male,23.0,Hyderabad,Telangana,2025-11-10,Instagram,Premium
C104840,Divya Gupta,Male,51.0,Bengaluru,Karnataka,2025-07-10,Instagram,Standard
C104841,Sai Naidu,Male,47.0,Bengaluru,Karnataka,2024-03-31,Email,Standard
C104842,Rahul Kumar,Male,19.0,Pune,Maharashtra,2024-03-12,Organic Search,Basic
C104843,Sai Gupta,Female,38.0,Bengaluru,Karnataka,2024-05-24,YouTube,Basic
C104844,Kavya Kumar,Male,23.0,Bengaluru,Karnataka,2025-07-02,Google Ads,Standard
C104845,Sai Kumar,Male,27.0,Mumbai,Maharashtra,2025-07-12,Organic Search,Premium
C104846,Vihaan Sharma,Male,20.0,Kolkata,West Bengal,2025-09-03,Google Ads,Basic
C104847,Rohan Reddy,Male,43.0,Chennai,Tamil Nadu,2024-03-11,Google Ads,Premium
C104848,Aditya Sharma,Male,21.0,Bengaluru,Karnataka,2024-04-21,Instagram,Premium
C104849,Aarav Kumar,Male,55.0,Ahmedabad,Gujarat,2025-10-19,Google Ads,Standard
C104850,Sai Naidu,Female,62.0,Chennai,Tamil Nadu,2025-11-08,Instagram,Standard
C104851,Ananya Reddy,Female,59.0,Bengaluru,Karnataka,2025-06-13,Google Ads,Premium
C104852,Sanjay Sharma,Female,57.0,Kolkata,West Bengal,2024-03-18,Google Ads,Standard
C104853,Meera Varma,Male,54.0,Kakinada,Andhra Pradesh,2024-02-20,Organic Search,Premium
C104854,Divya Sharma,Female,61.0,Pune,Maharashtra,2024-02-10,Instagram,Basic
C104855,Nikhil Singh,Female,60.0,Bengaluru,Karnataka,2025-05-20,Organic Search,Standard
C104856,Meera Sharma,Female,28.0,Delhi,Delhi,2025-09-09,Organic Search,Basic
C104857,Rohan Kumar,Male,47.0,Pune,Maharashtra,2025-04-06,Referral,Standard
C104858,Aditya Naidu,Male,32.0,Kakinada,Andhra Pradesh,2024-07-10,Organic Search,Standard
C104859,Sai Kumar,Male,58.0,Kakinada,Andhra Pradesh,2025-07-06,Google Ads,Basic
C104860,Vihaan Reddy,Male,18.0,Kakinada,Andhra Pradesh,2024-02-13,Instagram,Standard
C104861,Nikhil Reddy,Female,38.0,Visakhapatnam,Andhra Pradesh,2025-08-27,Email,Premium
C104862,Sneha Sharma,Male,36.0,Pune,Maharashtra,2025-10-13,Email,Standard
C104863,Aarav Patel,Male,58.0,Kolkata,West Bengal,2025-06-08,Referral,Premium
C104864,Aarav Patel,Male,32.0,Ahmedabad,Gujarat,2025-10-03,Organic Search,Standard
C104865,Sneha Gupta,Male,60.0,Ahmedabad,Gujarat,2025-03-03,Organic Search,Basic
C104866,Rahul Singh,Male,41.0,Kolkata,West Bengal,2024-12-07,Google Ads,Basic
C104867,Nikhil Patel,Male,50.0,Bengaluru,Karnataka,2024-08-23,Instagram,Standard
C104868,Kavya Reddy,Female,43.0,Visakhapatnam,Andhra Pradesh,2025-11-03,Organic Search,Standard
C104869,Meera Sharma,Male,38.0,Hyderabad,Telangana,2025-05-24,YouTube,Standard
C104870,Sai Patel,Female,32.0,Chennai,Tamil Nadu,2024-05-19,Email,Premium
C104871,Sai Rao,Female,31.0,Chennai,Tamil Nadu,2025-11-29,Organic Search,Standard
C104872,Priya Reddy,Female,48.0,Kakinada,Andhra Pradesh,2024-02-13,Referral,Standard
C104873,Ananya Reddy,Female,33.0,Hyderabad,Telangana,2025-03-04,Google Ads,Standard
C104874,Priya Reddy,Male,59.0,Chennai,Tamil Nadu,2024-05-19,YouTube,Standard
C104875,Vihaan Varma,Female,24.0,Delhi,Delhi,2025-04-29,Email,Standard
C104876,Rahul Sharma,Female,28.0,Hyderabad,Telangana,2024-10-28,Referral,Standard
C104877,Sneha Naidu,Male,20.0,Mumbai,Maharashtra,2024-11-15,Email,Standard
C104878,Ananya Varma,Male,59.0,Chennai,Tamil Nadu,2025-05-05,Referral,Basic
C104879,Kiran Gupta,Female,37.0,Kakinada,Andhra Pradesh,2025-07-05,Instagram,Basic
C104880,Rahul Rao,Male,19.0,Delhi,Delhi,2024-10-04,Email,Standard
C104881,Nikhil Singh,Female,20.0,Visakhapatnam,Andhra Pradesh,2025-12-29,Instagram,Standard
C104882,Sai Rao,Male,62.0,Ahmedabad,Gujarat,2024-12-29,Google Ads,Standard
C104883,Meera Singh,Male,60.0,Visakhapatnam,Andhra Pradesh,2024-04-27,Instagram,Standard
C104884,Aditya Reddy,Female,31.0,Visakhapatnam,Andhra Pradesh,2024-01-05,Google Ads,Standard
C104885,Aarav Sharma,Female,49.0,Ahmedabad,Gujarat,2024-05-27,YouTube,Standard
C104886,Rahul Singh,Female,30.0,Ahmedabad,Gujarat,2025-05-19,Instagram,Premium
C104887,Rahul Gupta,Female,58.0,Bengaluru,Karnataka,2025-01-28,Google Ads,Standard
C104888,Divya Das,Female,52.0,Ahmedabad,Gujarat,2024-09-03,Organic Search,Basic
C104889,Arjun Reddy,Male,39.0,Hyderabad,Telangana,2024-12-17,Organic Search,Premium
C104890,Sneha Rao,Other,62.0,Ahmedabad,Gujarat,2025-09-03,Organic Search,Standard
C104891,Rahul Reddy,Male,28.0,Kolkata,West Bengal,2025-02-21,YouTube,Basic
C104892,Ananya Sharma,Male,65.0,Ahmedabad,Gujarat,2024-02-12,Email,Premium
C104893,Kiran Gupta,Female,31.0,Kolkata,West Bengal,2024-02-05,Organic Search,Basic
C104894,Priya Singh,Male,60.0,Delhi,Delhi,2024-12-17,Google Ads,Basic
C104895,Meera Gupta,Female,59.0,Delhi,Delhi,2024-10-22,Google Ads,Standard
C104896,Meera Gupta,Male,45.0,Pune,Maharashtra,2025-09-12,Referral,Standard
C104897,Ananya Sharma,Male,23.0,Chennai,Tamil Nadu,2025-03-01,Organic Search,Basic
C104898,Rohan Gupta,Male,54.0,Delhi,Delhi,2025-07-06,Email,Premium
C104899,Sneha Naidu,Female,51.0,Chennai,Tamil Nadu,2025-03-03,Organic Search,Standard
C104900,Meera Naidu,Female,59.0,Pune,Maharashtra,2024-09-09,Email,Standard
C104901,Meera Naidu,Male,28.0,Mumbai,Maharashtra,2025-04-24,Organic Search,Basic
C104902,Rohan Gupta,Male,29.0,Kolkata,West Bengal,2025-03-29,Instagram,Standard
C104903,Arjun Varma,Male,34.0,Delhi,Delhi,2025-06-09,Google Ads,Basic
C104904,Sneha Naidu,Male,35.0,Mumbai,Maharashtra,2024-05-18,Referral,Premium
C104905,Rohan Reddy,Female,18.0,Chennai,Tamil Nadu,2025-04-13,Instagram,Standard
C104906,Rohan Singh,Female,25.0,Bengaluru,Karnataka,2024-07-27,YouTube,Basic
C104907,Aarav Patel,Male,40.0,Kolkata,West Bengal,2025-07-30,Google Ads,Standard
C104908,Aarav Singh,Male,64.0,Ahmedabad,Gujarat,2025-08-05,Instagram,Standard
C104909,Meera Sharma,Female,24.0,Kakinada,Andhra Pradesh,2025-04-01,Email,Standard
C104910,Sai Kumar,Male,29.0,Mumbai,Maharashtra,2025-11-22,Instagram,Premium
C104911,Priya Singh,Male,59.0,Pune,Maharashtra,2025-01-27,Referral,Standard
C104912,Rahul Rao,Female,19.0,Pune,Maharashtra,2024-01-19,Google Ads,Standard
C104913,Divya Sharma,Male,22.0,Ahmedabad,Gujarat,2025-03-18,Instagram,Basic
C104914,Sneha Patel,Male,60.0,Kolkata,West Bengal,2025-07-21,Organic Search,Premium
C104915,Sanjay Patel,Male,30.0,Visakhapatnam,Andhra Pradesh,2024-03-14,Google Ads,Standard
C104916,Vihaan Sharma,Female,32.0,Visakhapatnam,Andhra Pradesh,2024-03-17,Referral,Basic
C104917,Sai Sharma,Male,18.0,Bengaluru,Karnataka,2024-07-18,Instagram,Basic
C104918,Kavya Kumar,Female,37.0,Delhi,Delhi,2025-09-08,Referral,Standard
C104919,Sneha Singh,Male,65.0,Kolkata,West Bengal,2025-01-20,Google Ads,Standard
C104920,Vihaan Reddy,Male,65.0,Pune,Maharashtra,2025-12-13,Instagram,Basic
C104921,Arjun Das,Female,48.0,Chennai,Tamil Nadu,2025-09-29,Organic Search,Basic
C104922,Kiran Kumar,Male,50.0,Bengaluru,Karnataka,2025-02-09,Referral,Basic
C104923,Rahul Singh,Male,48.0,Pune,Maharashtra,2025-05-10,YouTube,Standard
C104924,Rahul Reddy,Male,51.0,Ahmedabad,Gujarat,2024-08-29,Organic Search,Standard
C104925,Rohan Reddy,Female,42.0,Hyderabad,Telangana,2024-03-06,Referral,Basic
C104926,Aarav Varma,Male,27.0,Pune,Maharashtra,2024-10-18,Instagram,Basic
C104927,Sneha Sharma,Female,59.0,Kakinada,Andhra Pradesh,2025-03-08,Organic Search,Standard
C104928,Kiran Das,Male,60.0,Pune,Maharashtra,2024-05-13,Referral,Premium
C104929,Rahul Naidu,Male,,Kakinada,Andhra Pradesh,2024-06-10,Organic Search,Basic
C104930,Nikhil Das,Male,22.0,Delhi,Delhi,2024-01-11,Referral,Standard
C104931,Sneha Singh,Male,56.0,Hyderabad,Telangana,2025-06-19,Instagram,Premium
C104932,Divya Kumar,Female,20.0,Kolkata,West Bengal,2025-10-18,Organic Search,Premium
C104933,Nikhil Reddy,Male,56.0,Mumbai,Maharashtra,2025-08-27,Organic Search,Standard
C104934,Rahul Kumar,Female,65.0,Hyderabad,Telangana,2024-10-04,Instagram,Standard
C104935,Vihaan Varma,Male,19.0,Bengaluru,Karnataka,2025-03-09,Email,Standard
C104936,Kiran Naidu,Female,56.0,Kakinada,Andhra Pradesh,2025-12-02,Referral,Standard
C104937,Kiran Kumar,Male,24.0,Ahmedabad,Gujarat,2025-03-07,Referral,Basic
C104938,Kavya Gupta,Female,31.0,Mumbai,Maharashtra,2024-08-03,Organic Search,Premium
C104939,Divya Naidu,Male,44.0,Pune,Maharashtra,2024-09-04,Google Ads,Premium
C104940,Aditya Varma,Female,50.0,Delhi,Delhi,2025-06-14,Instagram,Standard
C104941,Nikhil Patel,Female,22.0,Bengaluru,Karnataka,2024-11-21,Instagram,Basic
C104942,Sneha Sharma,Female,23.0,Kakinada,Andhra Pradesh,2025-09-03,YouTube,Standard
C104943,Aditya Reddy,Male,31.0,Visakhapatnam,Andhra Pradesh,2025-09-22,Instagram,Premium
C104944,Kavya Sharma,Female,50.0,Delhi,Delhi,2024-01-27,Email,Premium
C104945,Sanjay Gupta,Male,37.0,Delhi,Delhi,2025-06-12,Organic Search,Premium
C104946,Vihaan Patel,Male,31.0,Visakhapatnam,Andhra Pradesh,2024-09-27,Organic Search,Standard
C104947,Kavya Sharma,Male,25.0,Chennai,Tamil Nadu,2025-01-14,Instagram,Standard
C104948,Arjun Das,Female,64.0,Delhi,Delhi,2024-07-12,Instagram,Standard
C104949,Meera Singh,Male,51.0,Delhi,Delhi,2024-09-25,YouTube,Standard
C104950,Kavya Gupta,Female,65.0,Chennai,Tamil Nadu,2024-08-29,Referral,Standard
C104951,Kiran Kumar,Female,41.0,Pune,Maharashtra,2024-02-06,Instagram,Basic
C104952,Priya Gupta,Male,57.0,Hyderabad,Telangana,2025-07-25,Instagram,Standard
C104953,Sanjay Rao,Male,48.0,Chennai,Tamil Nadu,2024-04-14,Organic Search,Basic
C104954,Sai Reddy,Female,43.0,Chennai,Tamil Nadu,2024-10-01,YouTube,Basic
C104955,Arjun Singh,Male,40.0,Mumbai,Maharashtra,2024-05-20,Referral,Standard
C104956,Ananya Kumar,Male,42.0,Delhi,Delhi,2024-04-27,Google Ads,Premium
C104957,Rohan Rao,Male,,Chennai,Tamil Nadu,2024-09-29,Email,Standard
C104958,Kiran Naidu,Female,48.0,Delhi,Delhi,2025-11-01,Instagram,Premium
C104959,Sai Reddy,Male,41.0,Kakinada,Andhra Pradesh,2025-11-20,Organic Search,Standard
C104960,Sanjay Varma,Male,64.0,Pune,Maharashtra,2024-10-05,Google Ads,Standard
C104961,Aarav Rao,Male,61.0,Pune,Maharashtra,2025-01-03,Instagram,Standard
C104962,Sanjay Naidu,Male,40.0,Mumbai,Maharashtra,2025-12-20,Google Ads,Standard
C104963,Sanjay Kumar,Female,37.0,Kakinada,Andhra Pradesh,2024-06-20,Instagram,Standard
C104964,Rohan Rao,Female,54.0,Hyderabad,Telangana,2025-11-20,Google Ads,Standard
C104965,Arjun Varma,Female,48.0,Pune,Maharashtra,2024-03-18,Email,Premium
C104966,Vihaan Varma,Female,29.0,Bengaluru,Karnataka,2024-06-13,Referral,Standard
C104967,Meera Kumar,Male,58.0,Ahmedabad,Gujarat,2024-09-03,Email,Premium
C104968,Vihaan Singh,Female,50.0,Delhi,Delhi,2024-01-28,Instagram,Basic
C104969,Arjun Rao,Female,47.0,Mumbai,Maharashtra,2025-08-18,Google Ads,Standard
C104970,Aarav Singh,Female,55.0,Hyderabad,Telangana,2025-09-16,Referral,Basic
C104971,Nikhil Gupta,Female,,Ahmedabad,Gujarat,2024-10-06,Referral,Basic
C104972,Sanjay Singh,Male,56.0,Delhi,Delhi,2025-09-02,Instagram,Standard
C104973,Kavya Singh,Female,23.0,Mumbai,Maharashtra,2025-07-17,Organic Search,Standard
C104974,Rahul Reddy,Male,56.0,Visakhapatnam,Andhra Pradesh,2025-08-08,Instagram,Basic
C104975,Ananya Gupta,Female,46.0,Hyderabad,Telangana,2025-08-08,Instagram,Premium
C104976,Sai Naidu,Male,45.0,Chennai,Tamil Nadu,2025-02-22,Google Ads,Standard
C104977,Rahul Kumar,Female,52.0,Bengaluru,Karnataka,2024-03-21,Email,Standard
C104978,Kavya Das,Female,32.0,Bengaluru,Karnataka,2025-11-05,Instagram,Basic
C104979,Vihaan Rao,Female,54.0,Hyderabad,Telangana,2025-03-20,Instagram,Basic
C104980,Kiran Sharma,Male,19.0,Bengaluru,Karnataka,2025-10-19,Referral,Standard
C104981,Divya Reddy,Female,51.0,Kakinada,Andhra Pradesh,2025-12-01,Google Ads,Standard
C104982,Arjun Patel,Female,56.0,Chennai,Tamil Nadu,2024-05-16,Instagram,Standard
C104983,Sanjay Sharma,Female,18.0,Kakinada,Andhra Pradesh,2024-10-20,Email,Standard
C104984,Kiran Naidu,Female,51.0,Mumbai,Maharashtra,2024-05-20,Email,Standard
C104985,Ananya Das,Female,55.0,Ahmedabad,Gujarat,2024-02-07,Instagram,Basic
C104986,Rahul Singh,Female,43.0,Hyderabad,Telangana,2025-12-06,Google Ads,Standard
C104987,Nikhil Singh,Male,47.0,Bengaluru,Karnataka,2025-11-05,Google Ads,Standard
C104988,Sneha Kumar,Male,20.0,Hyderabad,Telangana,2025-11-11,YouTube,Premium
C104989,Kavya Patel,Female,65.0,Visakhapatnam,Andhra Pradesh,2025-10-07,Organic Search,Standard
C104990,Sanjay Varma,Female,64.0,Kolkata,West Bengal,2025-04-18,Google Ads,Basic
C104991,Arjun Sharma,Male,54.0,Ahmedabad,Gujarat,2025-01-16,YouTube,Standard
C104992,Meera Reddy,Male,18.0,Kakinada,Andhra Pradesh,2025-12-24,Google Ads,Standard
C104993,Aarav Sharma,Male,38.0,Delhi,Delhi,2025-02-07,Google Ads,Basic
C104994,Nikhil Naidu,Female,57.0,Ahmedabad,Gujarat,2025-04-13,YouTube,Premium
C104995,Arjun Das,Female,50.0,Pune,Maharashtra,2024-06-03,Organic Search,Basic
C104996,Sai Das,Female,61.0,Pune,Maharashtra,2025-06-29,Referral,Basic
C104997,Ananya Sharma,Male,47.0,Kolkata,West Bengal,2025-08-21,Email,Basic
C104998,Nikhil Sharma,Male,52.0,Chennai,Tamil Nadu,2025-05-10,YouTube,Standard
C104999,Arjun Rao,Female,34.0,Hyderabad,Telangana,2024-12-29,Instagram,Standard
C105000,Priya Singh,Male,57.0,Hyderabad,Telangana,2024-05-24,Google Ads,Standard
C105001,Arjun Reddy,Male,43.0,Pune,Maharashtra,2024-01-25,Google Ads,Premium
C105002,Kiran Das,Male,56.0,Pune,Maharashtra,2025-04-02,YouTube,Premium
C105003,Aditya Das,Female,27.0,Ahmedabad,Gujarat,2025-05-13,Instagram,Premium
C105004,Aditya Das,Female,30.0,Pune,Maharashtra,2025-07-18,Instagram,Basic
C105005,Rahul Reddy,Male,22.0,Bengaluru,Karnataka,2025-11-24,Google Ads,Standard
C105006,Meera Kumar,Male,50.0,Delhi,Delhi,2024-12-29,Instagram,Standard
C105007,Priya Rao,Female,53.0,Chennai,Tamil Nadu,2025-08-28,Email,Standard
C105008,Kavya Gupta,Male,31.0,Kakinada,Andhra Pradesh,2025-06-06,Google Ads,Standard
C105009,Rahul Das,Male,36.0,Pune,Maharashtra,2024-07-21,Organic Search,Premium
C105010,Priya Naidu,Male,45.0,Kolkata,West Bengal,2025-09-08,Organic Search,Standard
C105011,Ananya Singh,Male,54.0,Ahmedabad,Gujarat,2024-02-08,Referral,Standard
C105012,Arjun Gupta,Female,32.0,Delhi,Delhi,2025-03-13,Organic Search,Basic
C105013,Divya Rao,Female,41.0,Kakinada,Andhra Pradesh,2025-11-17,Instagram,Premium
C105014,Vihaan Varma,Male,26.0,Kolkata,West Bengal,2025-04-26,Referral,Basic
C105015,Vihaan Patel,Female,56.0,Visakhapatnam,Andhra Pradesh,2025-11-15,Email,Standard
C105016,Aarav Sharma,Male,59.0,Ahmedabad,Gujarat,2024-02-10,Google Ads,Standard
C105017,Sai Rao,Female,53.0,Kolkata,West Bengal,2025-01-23,Instagram,Premium
C105018,Kavya Sharma,Male,57.0,Hyderabad,Telangana,2025-07-23,Referral,Standard
C105019,Kavya Reddy,Male,54.0,Pune,Maharashtra,2025-04-13,Referral,Standard
C105020,Rohan Gupta,Female,58.0,Bengaluru,Karnataka,2025-10-04,Email,Premium
C105021,Divya Reddy,Female,38.0,Kolkata,West Bengal,2024-12-03,Instagram,Basic
C105022,Priya Das,Female,27.0,Ahmedabad,Gujarat,2025-05-13,Instagram,Standard
C105023,Divya Naidu,Female,64.0,Pune,Maharashtra,2024-11-02,YouTube,Premium
C105024,Divya Reddy,Female,18.0,Delhi,Delhi,2025-09-28,Instagram,Standard
C105025,Arjun Sharma,Female,37.0,Hyderabad,Telangana,2024-03-28,YouTube,Premium
C105026,Sai Gupta,Male,52.0,Kolkata,West Bengal,2024-07-04,Email,Basic
C105027,Sneha Patel,Male,56.0,Kolkata,West Bengal,2024-03-11,Email,Standard
C105028,Kavya Singh,Female,50.0,Chennai,Tamil Nadu,2025-05-27,Google Ads,Standard
C105029,Arjun Singh,Female,41.0,Ahmedabad,Gujarat,2024-06-18,Organic Search,Standard
C105030,Ananya Varma,Female,62.0,Ahmedabad,Gujarat,2024-08-19,YouTube,Premium
C105031,Meera Patel,Male,29.0,Pune,Maharashtra,2025-09-02,Organic Search,Standard
C105032,Meera Reddy,Male,24.0,Hyderabad,Telangana,2024-09-19,Email,Standard
C105033,Aditya Das,Male,48.0,Visakhapatnam,Andhra Pradesh,2024-04-16,Referral,Basic
C105034,Vihaan Naidu,Female,33.0,Chennai,Tamil Nadu,2024-01-16,Instagram,Standard
C105035,Rahul Das,Male,40.0,Kolkata,West Bengal,2024-06-14,YouTube,Premium
C105036,Rahul Patel,Female,39.0,Kakinada,Andhra Pradesh,2025-10-29,Instagram,Standard
C105037,Ananya Varma,Male,30.0,Delhi,Delhi,2025-02-04,Referral,Standard
C105038,Vihaan Varma,Male,65.0,Kolkata,West Bengal,2025-12-27,Google Ads,Standard
C105039,Kavya Kumar,Female,36.0,Hyderabad,Telangana,2024-06-06,Organic Search,Basic
C105040,Priya Gupta,Male,50.0,Visakhapatnam,Andhra Pradesh,2024-09-13,Organic Search,Premium
C105041,Meera Patel,Female,25.0,Hyderabad,Telangana,2024-04-29,Email,Standard
C105042,Vihaan Patel,Male,65.0,Pune,Maharashtra,2024-10-17,Instagram,Standard
C105043,Aarav Gupta,Female,65.0,Delhi,Delhi,2025-02-15,Google Ads,Premium
C105044,Aditya Rao,Female,21.0,Hyderabad,Telangana,2025-08-12,Instagram,Standard
C105045,Kiran Reddy,Female,48.0,Chennai,Tamil Nadu,2024-09-25,YouTube,Premium
C105046,Rahul Reddy,Male,46.0,Kakinada,Andhra Pradesh,2025-07-17,Instagram,Basic
C105047,Aditya Gupta,Male,26.0,Bengaluru,Karnataka,2025-04-02,YouTube,Standard
C105048,Arjun Rao,Female,54.0,Mumbai,Maharashtra,2024-08-01,Instagram,Standard
C105049,Divya Gupta,Female,54.0,Bengaluru,Karnataka,2025-10-27,Organic Search,Standard
C105050,Sanjay Rao,Female,58.0,Bengaluru,Karnataka,2024-11-12,Referral,Standard
C105051,Kiran Kumar,Female,46.0,Mumbai,Maharashtra,2024-04-20,Organic Search,Standard
C105052,Arjun Gupta,Female,51.0,Pune,Maharashtra,2025-12-03,Email,Standard
C105053,Ananya Rao,Female,52.0,Ahmedabad,Gujarat,2025-10-28,Organic Search,Basic
C105054,Kiran Patel,Female,54.0,Kolkata,West Bengal,2024-02-06,Organic Search,Standard
C105055,Priya Gupta,Female,46.0,Ahmedabad,Gujarat,2025-10-20,Google Ads,Standard
C105056,Meera Das,Female,53.0,Ahmedabad,Gujarat,2025-11-22,YouTube,Standard
C105057,Kiran Gupta,Female,20.0,Delhi,Delhi,2025-08-28,Email,Standard
C105058,Priya Varma,Female,47.0,Kakinada,Andhra Pradesh,2024-07-05,Instagram,Standard
C105059,Kavya Kumar,Male,27.0,Bengaluru,Karnataka,2025-04-05,Google Ads,Premium
C105060,Sanjay Reddy,Male,37.0,Kolkata,West Bengal,2025-01-27,Referral,Standard
C105061,Rahul Singh,Female,54.0,Bengaluru,Karnataka,2025-03-28,Organic Search,Basic
C105062,Ananya Kumar,Female,23.0,Ahmedabad,Gujarat,2025-03-26,Organic Search,Standard
C105063,Rahul Das,Male,54.0,Hyderabad,Telangana,2025-04-11,Google Ads,Standard
C105064,Rahul Das,Female,30.0,Mumbai,Maharashtra,2025-01-10,Email,Basic
C105065,Ananya Reddy,Female,54.0,Delhi,Delhi,2025-05-19,Instagram,Standard
C105066,Sneha Rao,Female,54.0,Kolkata,West Bengal,2025-01-19,Google Ads,Standard
C105067,Aarav Das,Female,18.0,Hyderabad,Telangana,2024-01-13,Organic Search,Premium
C105068,Rahul Das,Male,29.0,Mumbai,Maharashtra,2024-01-26,Instagram,Premium
C105069,Sai Kumar,Male,56.0,Delhi,Delhi,2025-11-30,Google Ads,Premium
C105070,Sanjay Patel,Male,34.0,Ahmedabad,Gujarat,2025-10-25,Instagram,Standard
C105071,Sneha Naidu,Female,39.0,Kakinada,Andhra Pradesh,2025-03-03,Instagram,Standard
C105072,Kiran Varma,Male,18.0,Kolkata,West Bengal,2024-05-07,Instagram,Basic
C105073,Kavya Patel,Female,51.0,Pune,Maharashtra,2025-07-24,Instagram,Premium
C105074,Priya Patel,Female,22.0,Delhi,Delhi,2024-04-14,Referral,Standard
C105075,Sanjay Varma,Female,31.0,Visakhapatnam,Andhra Pradesh,2024-10-02,YouTube,Standard
C105076,Aarav Singh,Female,40.0,Bengaluru,Karnataka,2024-08-28,Instagram,Premium
C105077,Priya Kumar,Female,54.0,Bengaluru,Karnataka,2024-01-10,Organic Search,Standard
C105078,Nikhil Rao,Female,41.0,Mumbai,Maharashtra,2025-08-12,Email,Premium
C105079,Sai Das,Male,65.0,Mumbai,Maharashtra,2025-01-07,Instagram,Premium
C105080,Divya Gupta,Male,43.0,Chennai,Tamil Nadu,2024-08-18,Google Ads,Standard
C105081,Sneha Singh,Female,30.0,Kakinada,Andhra Pradesh,2025-01-05,Instagram,Standard
C105082,Priya Naidu,Male,27.0,Kolkata,West Bengal,2024-01-01,Organic Search,Standard
C105083,Sneha Naidu,Female,55.0,Delhi,Delhi,2024-11-15,Organic Search,Standard
C105084,Ananya Reddy,Male,40.0,Mumbai,Maharashtra,2025-01-14,Google Ads,Standard
C105085,Kiran Das,Female,47.0,Kolkata,West Bengal,2024-09-04,Instagram,Premium
C105086,Sneha Singh,Male,35.0,Mumbai,Maharashtra,2025-08-29,Instagram,Basic
C105087,Kiran Naidu,Female,31.0,Kakinada,Andhra Pradesh,2024-07-01,Email,Standard
C105088,Kiran Naidu,Male,46.0,Chennai,Tamil Nadu,2024-04-10,Instagram,Premium
C105089,Sneha Gupta,Female,32.0,Pune,Maharashtra,2025-01-20,Referral,Standard
C105090,Nikhil Gupta,Male,65.0,Kakinada,Andhra Pradesh,2025-10-09,Email,Premium
C105091,Nikhil Varma,Female,53.0,Delhi,Delhi,2024-09-30,Email,Standard
C105092,Sai Reddy,Male,57.0,Chennai,Tamil Nadu,2024-02-04,Instagram,Basic
C105093,Sai Reddy,Female,31.0,Pune,Maharashtra,2025-12-09,Google Ads,Premium
C105094,Aarav Varma,Female,19.0,Mumbai,Maharashtra,2024-11-20,Referral,Basic
C105095,Sneha Reddy,Female,20.0,Hyderabad,Telangana,2024-05-06,Organic Search,Basic
C105096,Meera Varma,Female,59.0,Mumbai,Maharashtra,2025-03-25,Referral,Standard
C105097,Sai Das,Female,59.0,Bengaluru,Karnataka,2024-08-21,Google Ads,Standard
C105098,Vihaan Rao,Female,50.0,Kolkata,West Bengal,2025-11-15,Instagram,Standard
C105099,Sneha Patel,Male,46.0,Hyderabad,Telangana,2024-08-02,Email,Basic
C105100,Rohan Das,Female,28.0,Delhi,Delhi,2025-02-05,Email,Basic
C105101,Kavya Reddy,Male,54.0,Visakhapatnam,Andhra Pradesh,2025-01-31,Email,Standard
C105102,Sanjay Das,Female,42.0,Pune,Maharashtra,2024-06-25,Email,Premium
C105103,Sai Singh,Male,46.0,Kolkata,West Bengal,2024-12-30,Organic Search,Premium
C105104,Divya Gupta,Male,19.0,Kolkata,West Bengal,2024-03-20,Organic Search,Premium
C105105,Kavya Kumar,Female,42.0,Mumbai,Maharashtra,2025-04-14,Google Ads,Premium
C105106,Priya Patel,Male,51.0,Kolkata,West Bengal,2025-07-07,Instagram,Standard
C105107,Nikhil Rao,Male,54.0,Mumbai,Maharashtra,2025-11-24,YouTube,Basic
C105108,Aditya Rao,Male,24.0,Kolkata,West Bengal,2024-08-25,Email,Standard
C105109,Sneha Patel,Female,19.0,Kolkata,West Bengal,2024-07-27,YouTube,Standard
C105110,Aarav Gupta,Male,59.0,Visakhapatnam,Andhra Pradesh,2025-02-04,Referral,Standard
C105111,Vihaan Kumar,Male,32.0,Kakinada,Andhra Pradesh,2025-05-20,YouTube,Standard
C105112,Aarav Sharma,Other,40.0,Hyderabad,Telangana,2025-12-25,Instagram,Standard
C105113,Priya Naidu,Female,48.0,Mumbai,Maharashtra,2024-01-19,Referral,Basic
C105114,Ananya Singh,Male,41.0,Pune,Maharashtra,2024-06-22,Referral,Standard
C105115,Kiran Varma,Female,63.0,Delhi,Delhi,2024-07-10,Instagram,Basic
C105116,Sneha Patel,Male,58.0,Kolkata,West Bengal,2024-07-05,Instagram,Premium
C105117,Kavya Patel,Female,36.0,Visakhapatnam,Andhra Pradesh,2024-12-04,Instagram,Standard
C105118,Kavya Kumar,Male,27.0,Mumbai,Maharashtra,2025-09-29,Instagram,Standard
C105119,Sneha Sharma,Male,64.0,Visakhapatnam,Andhra Pradesh,2024-01-23,YouTube,Standard
C105120,Kavya Sharma,Male,51.0,Visakhapatnam,Andhra Pradesh,2025-08-18,YouTube,Standard
C105121,Kavya Singh,Female,54.0,Kakinada,Andhra Pradesh,2025-03-26,Organic Search,Premium
C105122,Kiran Gupta,Male,40.0,Hyderabad,Telangana,2025-03-25,YouTube,Basic
C105123,Rohan Reddy,Female,41.0,Mumbai,Maharashtra,2025-05-10,Organic Search,Standard
C105124,Rahul Naidu,Female,26.0,Bengaluru,Karnataka,2024-03-25,YouTube,Standard
C105125,Sai Varma,Female,38.0,Bengaluru,Karnataka,2025-06-29,Instagram,Basic
C105126,Kavya Rao,Female,44.0,Hyderabad,Telangana,2024-06-30,Google Ads,Standard
C105127,Kiran Singh,Male,24.0,Chennai,Tamil Nadu,2025-01-12,Organic Search,Basic
C105128,Sanjay Reddy,Male,48.0,Hyderabad,Telangana,2025-05-09,Referral,Premium
C105129,Arjun Kumar,Male,47.0,Mumbai,Maharashtra,2025-03-16,Email,Standard
C105130,Sneha Kumar,Female,58.0,Kakinada,Andhra Pradesh,2024-08-23,Referral,Standard
C105131,Rahul Kumar,Male,20.0,Visakhapatnam,Andhra Pradesh,2024-10-16,Google Ads,Basic
C105132,Arjun Varma,Female,28.0,Kakinada,Andhra Pradesh,2024-12-13,Google Ads,Basic
C105133,Kavya Kumar,Female,38.0,Hyderabad,Telangana,2024-01-31,Organic Search,Basic
C105134,Rahul Das,Female,60.0,Kolkata,West Bengal,2025-06-14,Referral,Standard
C105135,Priya Sharma,Female,29.0,Kolkata,West Bengal,2024-03-13,Google Ads,Standard
C105136,Rohan Patel,Male,64.0,Bengaluru,Karnataka,2024-11-30,Email,Standard
C105137,Nikhil Patel,Male,63.0,Kakinada,Andhra Pradesh,2025-04-23,Google Ads,Standard
C105138,Rohan Gupta,Female,22.0,Chennai,Tamil Nadu,2024-02-28,Referral,Premium
C105139,Aditya Kumar,Male,35.0,Kakinada,Andhra Pradesh,2025-12-27,Email,Standard
C105140,Aditya Reddy,Female,30.0,Bengaluru,Karnataka,2024-10-02,Google Ads,Basic
C105141,Rahul Kumar,Female,41.0,Kolkata,West Bengal,2024-01-12,YouTube,Standard
C105142,Sai Reddy,Male,62.0,Bengaluru,Karnataka,2025-04-25,Referral,Standard
C105143,Divya Varma,Male,36.0,Kakinada,Andhra Pradesh,2025-02-11,YouTube,Standard
C105144,Sai Reddy,Male,49.0,Kolkata,West Bengal,2025-04-12,Organic Search,Premium
C105145,Rahul Rao,Male,24.0,Hyderabad,Telangana,2025-07-02,Organic Search,Standard
C105146,Aditya Sharma,Female,45.0,Mumbai,Maharashtra,2024-12-13,Organic Search,Standard
C105147,Arjun Reddy,Female,34.0,Delhi,Delhi,2025-08-26,Email,Standard
C105148,Meera Singh,Male,62.0,Hyderabad,Telangana,2024-09-27,Referral,Standard
C105149,Sanjay Gupta,Female,55.0,Hyderabad,Telangana,2025-02-01,Referral,Premium
C105150,Sai Das,Male,28.0,Kakinada,Andhra Pradesh,2024-04-25,Instagram,Premium
C105151,Aarav Gupta,Other,47.0,Kakinada,Andhra Pradesh,2025-03-28,Instagram,Standard
C105152,Arjun Das,Female,34.0,Pune,Maharashtra,2024-07-09,Instagram,Standard
C105153,Arjun Patel,Male,38.0,Kakinada,Andhra Pradesh,2025-05-23,Organic Search,Standard
C105154,Sneha Gupta,Female,40.0,Kolkata,West Bengal,2025-08-07,Instagram,Standard
C105155,Ananya Das,Female,57.0,Hyderabad,Telangana,2025-09-19,Referral,Basic
C105156,Kiran Sharma,Male,31.0,Ahmedabad,Gujarat,2025-11-09,Instagram,Standard
C105157,Nikhil Kumar,Male,18.0,Hyderabad,Telangana,2024-03-30,Instagram,Premium
C105158,Kiran Varma,Female,27.0,Visakhapatnam,Andhra Pradesh,2024-04-10,Referral,Standard
C105159,Vihaan Reddy,Male,57.0,Delhi,Delhi,2025-11-07,Organic Search,Standard
C105160,Ananya Singh,Male,32.0,Bengaluru,Karnataka,2024-10-05,Google Ads,Basic
C105161,Meera Varma,Male,20.0,Mumbai,Maharashtra,2024-01-19,YouTube,Basic
C105162,Aarav Sharma,Female,37.0,Kolkata,West Bengal,2024-07-28,Instagram,Standard
C105163,Aditya Reddy,Male,59.0,Visakhapatnam,Andhra Pradesh,2025-09-02,Referral,Standard
C105164,Sanjay Varma,Female,59.0,Pune,Maharashtra,2024-09-16,Instagram,Standard
C105165,Aarav Naidu,Male,63.0,Bengaluru,Karnataka,2024-02-26,Google Ads,Standard
C105166,Aarav Naidu,Male,50.0,Kakinada,Andhra Pradesh,2025-06-11,Instagram,Premium
C105167,Rahul Patel,Female,57.0,Ahmedabad,Gujarat,2024-05-22,Instagram,Standard
C105168,Priya Reddy,Male,55.0,Chennai,Tamil Nadu,2024-09-14,Email,Basic
C105169,Sanjay Kumar,Female,18.0,Pune,Maharashtra,2024-01-03,Email,Premium
C105170,Ananya Sharma,Male,38.0,Kakinada,Andhra Pradesh,2025-03-15,Instagram,Standard
C105171,Rohan Reddy,Female,43.0,Delhi,Delhi,2024-11-21,YouTube,Premium
C105172,Rahul Rao,Male,40.0,Hyderabad,Telangana,2025-09-24,Email,Standard
C105173,Aditya Das,Female,57.0,Bengaluru,Karnataka,2024-09-01,Google Ads,Standard
C105174,Sanjay Reddy,Male,65.0,Kolkata,West Bengal,2024-05-29,Google Ads,Standard
C105175,Priya Naidu,Female,44.0,Kakinada,Andhra Pradesh,2024-05-01,Google Ads,Standard
C105176,Nikhil Das,Male,22.0,Ahmedabad,Gujarat,2024-05-26,Organic Search,Basic
C105177,Meera Gupta,Male,35.0,Kolkata,West Bengal,2024-11-25,Referral,Standard
C105178,Kavya Patel,Female,,Delhi,Delhi,2024-03-04,Instagram,Basic
C105179,Aditya Sharma,Male,40.0,Chennai,Tamil Nadu,2024-10-20,Instagram,Basic
C105180,Sanjay Rao,Male,29.0,Hyderabad,Telangana,2025-09-15,Google Ads,Standard
C105181,Kavya Reddy,Female,21.0,Delhi,Delhi,2025-07-14,Google Ads,Standard
C105182,Nikhil Sharma,Female,26.0,Kolkata,West Bengal,2025-04-10,Referral,Basic
C105183,Sanjay Das,Female,41.0,Kakinada,Andhra Pradesh,2025-10-13,YouTube,Standard
C105184,Sneha Das,Female,24.0,Kakinada,Andhra Pradesh,2025-07-23,Google Ads,Premium
C105185,Sneha Varma,Male,19.0,Visakhapatnam,Andhra Pradesh,2025-04-21,Google Ads,Premium
C105186,Aditya Singh,Male,31.0,Hyderabad,Telangana,2025-09-22,Instagram,Basic
C105187,Sai Varma,Female,48.0,Visakhapatnam,Andhra Pradesh,2024-03-31,Google Ads,Premium
C105188,Kavya Gupta,Male,48.0,Mumbai,Maharashtra,2025-08-20,Email,Standard
C105189,Sanjay Varma,Male,36.0,Kolkata,West Bengal,2024-08-03,YouTube,Standard
C105190,Priya Singh,Male,49.0,Kakinada,Andhra Pradesh,2025-06-19,Organic Search,Standard
C105191,Arjun Das,Male,27.0,Visakhapatnam,Andhra Pradesh,2025-10-28,Instagram,Standard
C105192,Kiran Kumar,Male,52.0,Kolkata,West Bengal,2024-12-28,Organic Search,Standard
C105193,Aditya Varma,Male,18.0,Mumbai,Maharashtra,2024-03-05,Organic Search,Standard
C105194,Sneha Rao,Female,24.0,Pune,Maharashtra,2024-09-27,Instagram,Premium
C105195,Priya Gupta,Female,62.0,Ahmedabad,Gujarat,2024-10-24,YouTube,Standard
C105196,Aarav Reddy,Female,40.0,Pune,Maharashtra,2025-11-14,Email,Premium
C105197,Kiran Singh,Male,44.0,Chennai,Tamil Nadu,2025-11-19,Organic Search,Standard
C105198,Sneha Sharma,Male,37.0,Chennai,Tamil Nadu,2025-02-18,Google Ads,Premium
C105199,Priya Patel,Female,49.0,Pune,Maharashtra,2025-11-24,Instagram,Standard
C105200,Arjun Patel,Male,53.0,Hyderabad,Telangana,2024-11-14,Organic Search,Premium
C105201,Priya Singh,Male,55.0,Kakinada,Andhra Pradesh,2024-10-27,Referral,Standard
C105202,Rahul Singh,Female,29.0,Bengaluru,Karnataka,2025-09-02,YouTube,Premium
C105203,Sai Kumar,Female,48.0,Kakinada,Andhra Pradesh,2025-05-02,Instagram,Standard
C105204,Ananya Kumar,Male,55.0,Hyderabad,Telangana,2025-01-16,Google Ads,Basic
C105205,Ananya Patel,Female,37.0,Pune,Maharashtra,2024-11-29,Organic Search,Standard
C105206,Divya Varma,Female,36.0,Chennai,Tamil Nadu,2025-05-30,Referral,Standard
C105207,Ananya Patel,Female,48.0,Pune,Maharashtra,2025-07-04,Google Ads,Standard
C105208,Arjun Gupta,Male,45.0,Chennai,Tamil Nadu,2024-12-24,Email,Standard
C105209,Nikhil Varma,Female,30.0,Visakhapatnam,Andhra Pradesh,2024-01-24,Organic Search,Standard
C105210,Sanjay Naidu,Female,63.0,Hyderabad,Telangana,2024-03-15,Referral,Standard
C105211,Sanjay Reddy,Male,44.0,Kakinada,Andhra Pradesh,2024-04-15,Google Ads,Standard
C105212,Aditya Varma,Female,45.0,Kolkata,West Bengal,2024-12-03,Email,Standard
C105213,Arjun Varma,Female,27.0,Ahmedabad,Gujarat,2025-03-24,Referral,Basic
C105214,Sneha Gupta,Male,50.0,Bengaluru,Karnataka,2025-08-09,Organic Search,Standard
C105215,Ananya Singh,Male,62.0,Hyderabad,Telangana,2024-06-18,Email,Standard
C105216,Sanjay Patel,Male,52.0,Delhi,Delhi,2025-07-28,Referral,Basic
C105217,Vihaan Das,Female,42.0,Delhi,Delhi,2025-05-01,Instagram,Standard
C105218,Meera Kumar,Male,48.0,Ahmedabad,Gujarat,2024-02-07,Instagram,Basic
C105219,Aditya Gupta,Female,29.0,Visakhapatnam,Andhra Pradesh,2024-09-13,Google Ads,Standard
C105220,Sai Reddy,Male,20.0,Chennai,Tamil Nadu,2024-08-08,Email,Standard
C105221,Divya Sharma,Female,48.0,Ahmedabad,Gujarat,2025-10-09,Organic Search,Premium
C105222,Ananya Varma,Female,26.0,Hyderabad,Telangana,2025-11-03,YouTube,Basic
C105223,Kavya Patel,Female,22.0,Ahmedabad,Gujarat,2025-08-21,Referral,Standard
C105224,Aarav Rao,Female,55.0,Hyderabad,Telangana,2025-01-20,Organic Search,Standard
C105225,Aarav Varma,Male,38.0,Kolkata,West Bengal,2024-12-25,Email,Basic
C105226,Aarav Das,Male,58.0,Delhi,Delhi,2024-08-15,Google Ads,Premium
C105227,Nikhil Sharma,Female,59.0,Chennai,Tamil Nadu,2025-07-18,Email,Basic
C105228,Kavya Kumar,Male,23.0,Mumbai,Maharashtra,2024-03-03,Google Ads,Standard
C105229,Vihaan Singh,Female,54.0,Chennai,Tamil Nadu,2024-07-16,Google Ads,Basic
C105230,Aarav Reddy,Female,34.0,Visakhapatnam,Andhra Pradesh,2024-04-08,YouTube,Standard
C105231,Meera Reddy,Female,51.0,Visakhapatnam,Andhra Pradesh,2024-12-26,Referral,Basic
C105232,Sneha Rao,Male,20.0,Delhi,Delhi,2024-08-06,Instagram,Basic
C105233,Aditya Singh,Female,40.0,Mumbai,Maharashtra,2024-05-24,Referral,Standard
C105234,Priya Gupta,Male,48.0,Pune,Maharashtra,2024-10-01,YouTube,Standard
C105235,Arjun Naidu,Female,39.0,Kolkata,West Bengal,2025-09-20,Instagram,Basic
C105236,Ananya Das,Female,44.0,Bengaluru,Karnataka,2025-02-11,YouTube,Basic
C105237,Vihaan Gupta,Female,18.0,Ahmedabad,Gujarat,2025-08-23,YouTube,Basic
C105238,Nikhil Das,Female,,Kakinada,Andhra Pradesh,2025-10-29,Referral,Standard
C105239,Meera Reddy,Male,46.0,Visakhapatnam,Andhra Pradesh,2025-10-20,Google Ads,Standard
C105240,Priya Varma,Female,37.0,Pune,Maharashtra,2024-09-13,Instagram,Basic
C105241,Sai Kumar,Female,45.0,Delhi,Delhi,2025-10-02,Instagram,Standard
C105242,Rohan Kumar,Male,35.0,Delhi,Delhi,2025-10-25,Google Ads,Premium
C105243,Aarav Sharma,Female,18.0,Ahmedabad,Gujarat,2025-12-01,Organic Search,Premium
C105244,Sai Singh,Female,51.0,Chennai,Tamil Nadu,2024-09-13,YouTube,Standard
C105245,Sneha Patel,Female,24.0,Bengaluru,Karnataka,2024-06-15,Instagram,Standard
C105246,Kiran Reddy,Female,55.0,Kolkata,West Bengal,2025-03-02,Referral,Basic
C105247,Sanjay Singh,Male,18.0,Bengaluru,Karnataka,2025-11-11,Referral,Basic
C105248,Aarav Kumar,Female,62.0,Kakinada,Andhra Pradesh,2025-10-19,Google Ads,Premium
C105249,Aditya Kumar,Male,30.0,Chennai,Tamil Nadu,2025-02-20,Referral,Premium
C105250,Sai Kumar,Female,60.0,Delhi,Delhi,2024-04-18,YouTube,Standard
C105251,Nikhil Reddy,Male,18.0,Hyderabad,Telangana,2024-11-04,Google Ads,Standard
C105252,Aditya Singh,Female,39.0,Bengaluru,Karnataka,2025-06-05,Instagram,Basic
C105253,Kavya Rao,Male,38.0,Kakinada,Andhra Pradesh,2025-02-13,Email,Basic
C105254,Kiran Sharma,Male,25.0,Pune,Maharashtra,2024-09-09,Instagram,Standard
C105255,Divya Reddy,Male,40.0,Kakinada,Andhra Pradesh,2024-09-07,YouTube,Basic
C105256,Rahul Singh,Female,28.0,Kakinada,Andhra Pradesh,2024-02-13,YouTube,Standard
C105257,Rahul Varma,Male,38.0,Hyderabad,Telangana,2024-07-29,Instagram,Basic
C105258,Sneha Das,Male,35.0,Delhi,Delhi,2025-05-03,Referral,Basic
C105259,Sai Naidu,Male,27.0,Visakhapatnam,Andhra Pradesh,2024-06-25,Organic Search,Standard
C105260,Rohan Varma,Male,55.0,Chennai,Tamil Nadu,2025-12-26,Referral,Basic
C105261,Meera Das,Female,43.0,Pune,Maharashtra,2024-03-01,Referral,Standard
C105262,Aditya Singh,Male,58.0,Pune,Maharashtra,2025-03-05,YouTube,Basic
C105263,Meera Patel,Male,57.0,Ahmedabad,Gujarat,2024-12-28,Google Ads,Basic
C105264,Arjun Rao,Male,30.0,Kakinada,Andhra Pradesh,2025-08-31,Referral,Basic
C105265,Nikhil Reddy,Male,31.0,Visakhapatnam,Andhra Pradesh,2025-10-10,Instagram,Standard
C105266,Priya Naidu,Male,63.0,Kolkata,West Bengal,2025-01-31,Google Ads,Basic
C105267,Rohan Patel,Male,33.0,Pune,Maharashtra,2025-04-05,Organic Search,Premium
C105268,Arjun Reddy,Male,22.0,Delhi,Delhi,2025-05-25,Email,Basic
C105269,Meera Kumar,Male,44.0,Bengaluru,Karnataka,2025-01-15,Email,Basic
C105270,Sanjay Kumar,Male,64.0,Ahmedabad,Gujarat,2024-05-14,Instagram,Premium
C105271,Sanjay Das,Female,29.0,Hyderabad,Telangana,2024-11-08,Organic Search,Standard
C105272,Kavya Patel,Male,48.0,Kolkata,West Bengal,2024-06-25,Google Ads,Standard
C105273,Meera Reddy,Female,34.0,Chennai,Tamil Nadu,2024-12-05,Referral,Basic
C105274,Ananya Patel,Female,36.0,Ahmedabad,Gujarat,2025-03-25,Google Ads,Premium
C105275,Ananya Rao,Female,39.0,Kakinada,Andhra Pradesh,2024-06-01,Referral,Basic
C105276,Divya Sharma,Male,24.0,Pune,Maharashtra,2024-07-01,Referral,Basic
C105277,Sai Sharma,Female,36.0,Pune,Maharashtra,2025-08-23,Google Ads,Standard
C105278,Rohan Singh,Female,31.0,Chennai,Tamil Nadu,2024-10-02,Referral,Standard
C105279,Kavya Das,Female,57.0,Delhi,Delhi,2024-05-24,Google Ads,Standard
C105280,Sanjay Gupta,Female,28.0,Hyderabad,Telangana,2025-06-04,Email,Premium
C105281,Sanjay Reddy,Male,58.0,Hyderabad,Telangana,2025-06-07,Referral,Basic
C105282,Aditya Gupta,Female,18.0,Ahmedabad,Gujarat,2025-08-26,Organic Search,Premium
C105283,Kiran Rao,Female,37.0,Kakinada,Andhra Pradesh,2025-07-08,Instagram,Standard
C105284,Sai Sharma,Male,30.0,Hyderabad,Telangana,2025-12-25,Instagram,Premium
C105285,Divya Reddy,Male,39.0,Delhi,Delhi,2025-02-23,Instagram,Standard
C105286,Sai Patel,Female,,Kolkata,West Bengal,2024-07-28,Instagram,Standard
C105287,Aarav Das,Male,63.0,Ahmedabad,Gujarat,2025-09-21,Referral,Standard
C105288,Kiran Rao,Female,52.0,Ahmedabad,Gujarat,2024-07-12,Instagram,Premium
C105289,Aarav Das,Male,42.0,Kolkata,West Bengal,2024-07-31,Instagram,Standard
C105290,Divya Singh,Female,,Hyderabad,Telangana,2025-08-27,Google Ads,Standard
C105291,Aditya Reddy,Male,65.0,Mumbai,Maharashtra,2025-10-05,Referral,Standard
C105292,Arjun Singh,Female,65.0,Chennai,Tamil Nadu,2024-09-04,Email,Premium
C105293,Sneha Patel,Female,54.0,Hyderabad,Telangana,2025-06-16,Google Ads,Standard
C105294,Rahul Gupta,Female,25.0,Delhi,Delhi,2025-11-04,YouTube,Standard
C105295,Sneha Naidu,Male,30.0,Delhi,Delhi,2025-08-06,Instagram,Basic
C105296,Ananya Kumar,Male,31.0,Kakinada,Andhra Pradesh,2024-01-04,Referral,Standard
C105297,Divya Rao,Male,28.0,Delhi,Delhi,2025-04-30,Google Ads,Premium
C105298,Priya Reddy,Male,64.0,Kakinada,Andhra Pradesh,2024-05-04,Organic Search,Premium
C105299,Vihaan Gupta,Other,25.0,Ahmedabad,Gujarat,2025-09-09,Instagram,Standard
C105300,Sneha Patel,Male,58.0,Kolkata,West Bengal,2024-02-18,YouTube,Standard
C105301,Nikhil Patel,Male,56.0,Visakhapatnam,Andhra Pradesh,2025-12-25,Email,Basic
C105302,Kavya Sharma,Female,43.0,Visakhapatnam,Andhra Pradesh,2024-05-09,Referral,Standard
C105303,Aditya Naidu,Male,32.0,Mumbai,Maharashtra,2024-11-02,Referral,Premium
C105304,Meera Naidu,Male,30.0,Chennai,Tamil Nadu,2024-06-19,Google Ads,Basic
C105305,Sneha Reddy,Female,50.0,Pune,Maharashtra,2025-08-17,Instagram,Premium
C105306,Vihaan Patel,Male,50.0,Kakinada,Andhra Pradesh,2024-10-14,YouTube,Basic
C105307,Sai Patel,Female,43.0,Hyderabad,Telangana,2025-06-27,Organic Search,Premium
C105308,Sai Kumar,Female,45.0,Chennai,Tamil Nadu,2024-02-19,Instagram,Standard
C105309,Vihaan Varma,Male,57.0,Mumbai,Maharashtra,2024-11-26,Instagram,Basic
C105310,Aditya Patel,Female,54.0,Mumbai,Maharashtra,2025-10-27,Google Ads,Standard
C105311,Arjun Naidu,Female,54.0,Ahmedabad,Gujarat,2025-11-07,Organic Search,Premium
C105312,Sai Rao,Male,31.0,Mumbai,Maharashtra,2024-06-01,Referral,Basic
C105313,Rohan Varma,Female,21.0,Ahmedabad,Gujarat,2024-10-14,Email,Standard
C105314,Kavya Gupta,Male,40.0,Kakinada,Andhra Pradesh,2024-10-25,Instagram,Basic
C105315,Kavya Reddy,Female,34.0,Ahmedabad,Gujarat,2025-02-16,YouTube,Standard
C105316,Rohan Rao,Female,34.0,Bengaluru,Karnataka,2025-01-27,Instagram,Premium
C105317,Meera Patel,Male,42.0,Bengaluru,Karnataka,2024-03-18,Google Ads,Standard
C105318,Kiran Patel,Male,62.0,Chennai,Tamil Nadu,2025-07-10,YouTube,Basic
C105319,Priya Rao,Male,56.0,Pune,Maharashtra,2024-06-13,Organic Search,Premium
C105320,Nikhil Kumar,Female,50.0,Ahmedabad,Gujarat,2024-08-17,Referral,Premium
C105321,Sai Sharma,Female,52.0,Chennai,Tamil Nadu,2025-09-05,Organic Search,Standard
C105322,Meera Rao,Male,37.0,Bengaluru,Karnataka,2025-05-18,Instagram,Basic
C105323,Rohan Sharma,Male,44.0,Kakinada,Andhra Pradesh,2024-10-16,Instagram,Standard
C105324,Ananya Reddy,Female,38.0,Kakinada,Andhra Pradesh,2025-10-28,Instagram,Standard
C105325,Kiran Sharma,Male,56.0,Kolkata,West Bengal,2024-10-14,Google Ads,Premium
C105326,Ananya Das,Male,65.0,Kolkata,West Bengal,2025-02-16,Email,Standard
C105327,Rahul Kumar,Male,38.0,Kakinada,Andhra Pradesh,2024-06-28,Referral,Standard
C105328,Meera Gupta,Female,52.0,Chennai,Tamil Nadu,2024-05-13,Google Ads,Premium
C105329,Ananya Kumar,Male,20.0,Bengaluru,Karnataka,2024-12-24,Organic Search,Standard
C105330,Kiran Rao,Female,37.0,Kolkata,West Bengal,2025-02-15,Google Ads,Standard
C105331,Arjun Sharma,Female,59.0,Chennai,Tamil Nadu,2025-08-11,Instagram,Standard
C105332,Aarav Varma,Male,50.0,Ahmedabad,Gujarat,2024-10-12,Google Ads,Basic
C105333,Priya Das,Female,43.0,Ahmedabad,Gujarat,2025-10-15,Organic Search,Basic
C105334,Aarav Das,Male,28.0,Chennai,Tamil Nadu,2025-03-19,Referral,Standard
C105335,Rohan Das,Male,56.0,Delhi,Delhi,2024-02-21,YouTube,Basic
C105336,Sai Kumar,Female,64.0,Chennai,Tamil Nadu,2025-06-23,Organic Search,Basic
C105337,Aarav Varma,Male,36.0,Kolkata,West Bengal,2025-02-23,Organic Search,Standard
C105338,Nikhil Patel,Female,56.0,Kolkata,West Bengal,2024-10-11,Organic Search,Basic
C105339,Kiran Sharma,Female,46.0,Pune,Maharashtra,2024-12-07,Referral,Premium
C105340,Sai Reddy,Male,37.0,Pune,Maharashtra,2024-08-08,YouTube,Basic
C105341,Nikhil Singh,Female,33.0,Kakinada,Andhra Pradesh,2025-03-24,Referral,Standard
C105342,Divya Das,Female,42.0,Mumbai,Maharashtra,2025-02-17,Google Ads,Premium
C105343,Priya Naidu,Male,37.0,Bengaluru,Karnataka,2024-11-22,Instagram,Standard
C105344,Aditya Das,Female,47.0,Ahmedabad,Gujarat,2024-07-27,Organic Search,Standard
C105345,Aditya Singh,Female,25.0,Kakinada,Andhra Pradesh,2024-10-18,Google Ads,Premium
C105346,Divya Kumar,Male,40.0,Kolkata,West Bengal,2024-12-29,Organic Search,Standard
C105347,Priya Rao,Male,53.0,Chennai,Tamil Nadu,2024-12-10,YouTube,Premium
C105348,Ananya Naidu,Male,58.0,Delhi,Delhi,2024-08-13,Google Ads,Basic
C105349,Meera Reddy,Male,31.0,Chennai,Tamil Nadu,2025-02-28,Google Ads,Basic
C105350,Aditya Naidu,Male,46.0,Hyderabad,Telangana,2024-06-14,Instagram,Standard
C105351,Aarav Sharma,Female,32.0,Pune,Maharashtra,2024-12-31,Referral,Standard
C105352,Sneha Patel,Female,55.0,Mumbai,Maharashtra,2024-03-29,Email,Standard
C105353,Rahul Singh,Female,35.0,Mumbai,Maharashtra,2024-12-10,Google Ads,Premium
C105354,Meera Kumar,Male,50.0,Pune,Maharashtra,2025-07-26,Referral,Standard
C105355,Rohan Varma,Male,38.0,Kakinada,Andhra Pradesh,2025-08-20,Referral,Standard
C105356,Sneha Singh,Male,30.0,Mumbai,Maharashtra,2025-05-22,Google Ads,Standard
C105357,Sanjay Reddy,Male,45.0,Kakinada,Andhra Pradesh,2025-06-28,Instagram,Premium
C105358,Sanjay Gupta,Female,47.0,Pune,Maharashtra,2024-02-18,Instagram,Basic
C105359,Sai Rao,Male,50.0,Kakinada,Andhra Pradesh,2024-09-06,Organic Search,Standard
C105360,Divya Naidu,Female,55.0,Delhi,Delhi,2025-04-22,Google Ads,Standard
C105361,Kiran Rao,Male,50.0,Kakinada,Andhra Pradesh,2025-08-07,Instagram,Standard
C105362,Priya Singh,Female,58.0,Kolkata,West Bengal,2025-03-01,Google Ads,Standard
C105363,Kavya Varma,Female,38.0,Kolkata,West Bengal,2025-09-15,Email,Basic
C105364,Sneha Rao,Female,42.0,Pune,Maharashtra,2024-07-18,Organic Search,Premium
C105365,Nikhil Patel,Female,41.0,Chennai,Tamil Nadu,2024-04-22,Google Ads,Premium
C105366,Vihaan Varma,Female,45.0,Pune,Maharashtra,2024-03-04,Referral,Premium
C105367,Ananya Varma,Female,24.0,Visakhapatnam,Andhra Pradesh,2025-03-01,Organic Search,Standard
C105368,Sai Gupta,Male,59.0,Ahmedabad,Gujarat,2025-04-30,Organic Search,Standard
C105369,Divya Varma,Male,43.0,Hyderabad,Telangana,2024-07-27,Email,Basic
C105370,Priya Rao,Female,44.0,Kolkata,West Bengal,2025-07-26,Email,Basic
C105371,Sai Kumar,Male,60.0,Visakhapatnam,Andhra Pradesh,2025-06-23,Instagram,Premium
C105372,Meera Sharma,Female,40.0,Ahmedabad,Gujarat,2024-09-19,Google Ads,Basic
C105373,Divya Sharma,Male,40.0,Chennai,Tamil Nadu,2024-06-23,Organic Search,Basic
C105374,Nikhil Varma,Female,45.0,Delhi,Delhi,2025-06-25,Instagram,Standard
C105375,Kiran Rao,Male,63.0,Kolkata,West Bengal,2025-05-05,Google Ads,Standard
C105376,Meera Rao,Female,30.0,Kolkata,West Bengal,2024-05-04,Email,Standard
C105377,Arjun Rao,Male,25.0,Delhi,Delhi,2024-07-05,YouTube,Standard
C105378,Aarav Das,Male,23.0,Chennai,Tamil Nadu,2024-12-20,Instagram,Standard
C105379,Vihaan Patel,Female,53.0,Delhi,Delhi,2025-01-08,Organic Search,Premium
C105380,Nikhil Varma,Male,18.0,Hyderabad,Telangana,2024-05-01,Google Ads,Standard
C105381,Sai Kumar,Male,51.0,Hyderabad,Telangana,2025-11-23,Organic Search,Standard
C105382,Meera Rao,Female,60.0,Hyderabad,Telangana,2024-10-10,Organic Search,Premium
C105383,Aarav Gupta,Female,50.0,Chennai,Tamil Nadu,2024-10-05,Organic Search,Basic
C105384,Priya Kumar,Male,26.0,Pune,Maharashtra,2024-02-14,YouTube,Premium
C105385,Vihaan Rao,Female,49.0,Chennai,Tamil Nadu,2025-10-01,YouTube,Standard
C105386,Rahul Singh,Male,39.0,Kakinada,Andhra Pradesh,2024-06-20,YouTube,Standard
C105387,Nikhil Naidu,Male,19.0,Mumbai,Maharashtra,2025-12-21,Referral,Standard
C105388,Rahul Reddy,Female,27.0,Delhi,Delhi,2024-12-28,Referral,Premium
C105389,Aditya Sharma,Male,53.0,Mumbai,Maharashtra,2025-09-30,Instagram,Standard
C105390,Sanjay Gupta,Male,44.0,Mumbai,Maharashtra,2024-05-10,Instagram,Standard
C105391,Arjun Rao,Male,41.0,Pune,Maharashtra,2024-05-01,Email,Premium
C105392,Rohan Kumar,Female,55.0,Delhi,Delhi,2025-08-07,Instagram,Premium
C105393,Meera Singh,Female,43.0,Delhi,Delhi,2025-08-21,YouTube,Standard
C105394,Rohan Gupta,Male,64.0,Kolkata,West Bengal,2025-01-31,Google Ads,Standard
C105395,Sneha Gupta,Female,20.0,Visakhapatnam,Andhra Pradesh,2024-01-24,Instagram,Premium
C105396,Sai Rao,Female,31.0,Mumbai,Maharashtra,2025-11-19,Google Ads,Standard
C105397,Nikhil Varma,Male,27.0,Bengaluru,Karnataka,2024-10-14,Instagram,Standard
C105398,Nikhil Sharma,Female,37.0,Mumbai,Maharashtra,2025-11-14,Instagram,Basic
C105399,Sneha Singh,Male,61.0,Pune,Maharashtra,2025-09-27,Referral,Standard
C105400,Rahul Patel,Male,37.0,Kakinada,Andhra Pradesh,2025-09-13,Google Ads,Premium
C105401,Aditya Sharma,Male,33.0,Bengaluru,Karnataka,2025-05-17,Organic Search,Standard
C105402,Sneha Naidu,Male,22.0,Hyderabad,Telangana,2025-05-06,Google Ads,Premium
C105403,Sanjay Rao,Female,36.0,Pune,Maharashtra,2025-01-23,Email,Standard
C105404,Nikhil Reddy,Female,28.0,Kakinada,Andhra Pradesh,2024-01-19,Email,Standard
C105405,Nikhil Varma,Female,27.0,Pune,Maharashtra,2024-10-10,Instagram,Basic
C105406,Divya Naidu,Male,24.0,Kakinada,Andhra Pradesh,2025-06-17,Instagram,Standard
C105407,Kiran Gupta,Male,48.0,Kolkata,West Bengal,2025-08-15,Organic Search,Basic
C105408,Sneha Reddy,Male,52.0,Hyderabad,Telangana,2025-02-12,Email,Standard
C105409,Rahul Naidu,Male,53.0,Chennai,Tamil Nadu,2025-06-01,Instagram,Standard
C105410,Divya Singh,Female,20.0,Ahmedabad,Gujarat,2024-01-16,Email,Standard
C105411,Priya Das,Female,62.0,Pune,Maharashtra,2024-12-07,Google Ads,Premium
C105412,Priya Gupta,Female,42.0,Bengaluru,Karnataka,2025-01-05,Instagram,Basic
C105413,Divya Gupta,Female,44.0,Bengaluru,Karnataka,2025-10-13,Google Ads,Basic
C105414,Sneha Das,Male,60.0,Kolkata,West Bengal,2024-08-15,Organic Search,Standard
C105415,Aarav Naidu,Male,31.0,Chennai,Tamil Nadu,2024-06-16,Google Ads,Standard
C105416,Aarav Gupta,Male,42.0,Pune,Maharashtra,2024-09-14,Referral,Standard
C105417,Arjun Sharma,Female,21.0,Delhi,Delhi,2024-05-04,Instagram,Standard
C105418,Nikhil Patel,Male,41.0,Delhi,Delhi,2025-02-11,Instagram,Basic
C105419,Priya Sharma,Male,30.0,Kolkata,West Bengal,2025-04-14,Google Ads,Premium
C105420,Nikhil Kumar,Female,26.0,Hyderabad,Telangana,2025-08-07,Referral,Standard
C105421,Kavya Sharma,Male,47.0,Chennai,Tamil Nadu,2025-12-10,Organic Search,Standard
C105422,Kavya Kumar,Female,24.0,Delhi,Delhi,2024-02-23,Organic Search,Standard
C105423,Divya Naidu,Male,64.0,Ahmedabad,Gujarat,2024-06-29,Instagram,Premium
C105424,Divya Kumar,Female,29.0,Ahmedabad,Gujarat,2024-08-07,Instagram,Standard
C105425,Arjun Kumar,Male,21.0,Chennai,Tamil Nadu,2024-07-01,Google Ads,Standard
C105426,Aditya Reddy,Female,39.0,Mumbai,Maharashtra,2025-08-26,Organic Search,Basic
C105427,Ananya Varma,Female,36.0,Mumbai,Maharashtra,2024-04-11,Referral,Basic
C105428,Sai Rao,Male,49.0,Mumbai,Maharashtra,2024-01-22,Organic Search,Standard
C105429,Meera Singh,Female,50.0,Mumbai,Maharashtra,2025-09-20,Google Ads,Basic
C105430,Vihaan Reddy,Female,46.0,Ahmedabad,Gujarat,2025-12-02,Referral,Standard
C105431,Vihaan Patel,Female,45.0,Hyderabad,Telangana,2024-06-14,Referral,Standard
C105432,Rahul Naidu,Female,55.0,Hyderabad,Telangana,2024-08-30,Email,Premium
C105433,Meera Sharma,Female,49.0,Pune,Maharashtra,2025-01-02,Referral,Standard
C105434,Rohan Sharma,Male,24.0,Mumbai,Maharashtra,2025-01-18,Google Ads,Standard
C105435,Nikhil Rao,Male,40.0,Visakhapatnam,Andhra Pradesh,2025-12-24,Google Ads,Basic
C105436,Aarav Das,Male,51.0,Ahmedabad,Gujarat,2024-10-22,YouTube,Standard
C105437,Sanjay Reddy,Female,30.0,Ahmedabad,Gujarat,2024-01-09,Google Ads,Basic
C105438,Arjun Kumar,Female,59.0,Chennai,Tamil Nadu,2024-11-04,Organic Search,Standard
C105439,Rahul Varma,Female,41.0,Chennai,Tamil Nadu,2025-02-10,YouTube,Premium
C105440,Sai Naidu,Male,33.0,Chennai,Tamil Nadu,2025-01-12,Referral,Basic
C105441,Sai Patel,Female,36.0,Bengaluru,Karnataka,2025-01-08,Referral,Standard
C105442,Sanjay Reddy,Female,47.0,Pune,Maharashtra,2025-11-04,Instagram,Standard
C105443,Meera Kumar,Male,52.0,Visakhapatnam,Andhra Pradesh,2025-08-12,Organic Search,Premium
C105444,Divya Gupta,Female,30.0,Mumbai,Maharashtra,2024-07-02,YouTube,Basic
C105445,Vihaan Reddy,Male,26.0,Hyderabad,Telangana,2024-09-16,YouTube,Premium
C105446,Nikhil Gupta,Female,22.0,Pune,Maharashtra,2025-05-02,Instagram,Basic
C105447,Meera Sharma,Male,41.0,Delhi,Delhi,2024-10-26,YouTube,Premium
C105448,Rohan Naidu,Female,62.0,Ahmedabad,Gujarat,2024-11-08,Google Ads,Premium
C105449,Aditya Varma,Male,64.0,Visakhapatnam,Andhra Pradesh,2024-05-02,Email,Basic
C105450,Divya Varma,Male,44.0,Kakinada,Andhra Pradesh,2024-07-04,Google Ads,Standard
C105451,Sai Gupta,Female,43.0,Delhi,Delhi,2025-06-24,Google Ads,Standard
C105452,Rahul Kumar,Female,42.0,Kakinada,Andhra Pradesh,2025-09-07,Email,Standard
C105453,Kiran Sharma,Male,29.0,Bengaluru,Karnataka,2025-07-26,Referral,Standard
C105454,Rohan Sharma,Male,37.0,Delhi,Delhi,2024-08-12,YouTube,Standard
C105455,Sanjay Das,Female,62.0,Mumbai,Maharashtra,2024-04-09,Google Ads,Premium
C105456,Meera Rao,Female,47.0,Kakinada,Andhra Pradesh,2024-04-26,Organic Search,Standard
C105457,Nikhil Reddy,Male,29.0,Kolkata,West Bengal,2024-10-14,Referral,Premium
C105458,Meera Singh,Male,22.0,Delhi,Delhi,2025-01-12,Instagram,Basic
C105459,Aditya Gupta,Male,54.0,Bengaluru,Karnataka,2025-10-13,Google Ads,Basic
C105460,Kavya Reddy,Female,61.0,Ahmedabad,Gujarat,2025-10-18,Organic Search,Standard
C105461,Divya Gupta,Female,23.0,Kolkata,West Bengal,2024-01-02,Organic Search,Standard
C105462,Sneha Sharma,Female,36.0,Visakhapatnam,Andhra Pradesh,2025-05-31,Instagram,Standard
C105463,Aarav Rao,Male,58.0,Chennai,Tamil Nadu,2024-08-06,Google Ads,Standard
C105464,Divya Reddy,Female,30.0,Bengaluru,Karnataka,2024-05-24,Referral,Standard
C105465,Kavya Kumar,Male,26.0,Delhi,Delhi,2025-02-09,Email,Standard
C105466,Nikhil Kumar,Female,36.0,Kolkata,West Bengal,2024-01-25,Email,Premium
C105467,Divya Kumar,Male,36.0,Mumbai,Maharashtra,2024-08-31,Organic Search,Standard
C105468,Priya Sharma,Male,41.0,Hyderabad,Telangana,2025-02-07,Google Ads,Premium
C105469,Divya Das,Male,,Visakhapatnam,Andhra Pradesh,2024-07-17,Instagram,Basic
C105470,Aditya Kumar,Male,64.0,Pune,Maharashtra,2025-03-09,Instagram,Standard
C105471,Kiran Singh,Male,45.0,Delhi,Delhi,2024-12-01,YouTube,Standard
C105472,Sanjay Singh,Female,21.0,Pune,Maharashtra,2025-08-06,Referral,Standard
C105473,Kavya Naidu,Female,30.0,Ahmedabad,Gujarat,2024-05-12,Instagram,Premium
C105474,Arjun Sharma,Female,26.0,Hyderabad,Telangana,2024-02-11,Organic Search,Premium
C105475,Rahul Singh,Female,18.0,Chennai,Tamil Nadu,2025-01-21,Referral,Standard
C105476,Ananya Das,Male,36.0,Mumbai,Maharashtra,2024-07-06,Google Ads,Standard
C105477,Rahul Rao,Female,18.0,Hyderabad,Telangana,2025-05-30,Instagram,Standard
C105478,Nikhil Gupta,Male,45.0,Hyderabad,Telangana,2024-03-09,Organic Search,Premium
C105479,Arjun Das,Male,31.0,Chennai,Tamil Nadu,2025-02-23,Email,Standard
C105480,Kavya Das,Male,52.0,Pune,Maharashtra,2025-12-23,Google Ads,Standard
C105481,Kiran Varma,Male,43.0,Pune,Maharashtra,2024-03-08,Google Ads,Standard
C105482,Aditya Sharma,Female,63.0,Ahmedabad,Gujarat,2024-08-08,Google Ads,Standard
C105483,Ananya Varma,Male,41.0,Chennai,Tamil Nadu,2025-09-08,Email,Basic
C105484,Priya Varma,Male,25.0,Pune,Maharashtra,2025-01-24,Google Ads,Standard
C105485,Kavya Reddy,Female,62.0,Visakhapatnam,Andhra Pradesh,2024-05-07,Google Ads,Standard
C105486,Vihaan Kumar,Male,32.0,Kolkata,West Bengal,2024-06-04,Google Ads,Standard
C105487,Kiran Patel,Female,54.0,Kakinada,Andhra Pradesh,2025-07-12,YouTube,Basic
C105488,Sai Reddy,Male,55.0,Mumbai,Maharashtra,2025-09-20,Referral,Standard
C105489,Meera Das,Female,62.0,Ahmedabad,Gujarat,2024-09-20,Google Ads,Premium
C105490,Ananya Patel,Female,48.0,Kolkata,West Bengal,2024-12-11,Referral,Premium
C105491,Rohan Reddy,Male,42.0,Pune,Maharashtra,2025-07-25,Email,Standard
C105492,Kiran Gupta,Female,36.0,Hyderabad,Telangana,2024-05-09,Organic Search,Standard
C105493,Sneha Reddy,Male,39.0,Pune,Maharashtra,2024-05-30,YouTube,Standard
C105494,Vihaan Varma,Male,55.0,Visakhapatnam,Andhra Pradesh,2025-07-19,Referral,Standard
C105495,Aditya Reddy,Female,45.0,Kolkata,West Bengal,2024-05-16,Referral,Premium
C105496,Vihaan Reddy,Female,20.0,Hyderabad,Telangana,2025-07-16,Google Ads,Standard
C105497,Divya Singh,Male,35.0,Mumbai,Maharashtra,2024-12-28,Organic Search,Standard
C105498,Aarav Sharma,Male,61.0,Pune,Maharashtra,2025-12-23,Email,Basic
C105499,Ananya Reddy,Male,28.0,Visakhapatnam,Andhra Pradesh,2024-01-25,Google Ads,Standard
C105500,Divya Gupta,Female,40.0,Chennai,Tamil Nadu,2025-11-21,Referral,Standard
C105501,Rahul Varma,Female,58.0,Visakhapatnam,Andhra Pradesh,2024-06-13,Instagram,Standard
C105502,Sanjay Patel,Male,31.0,Ahmedabad,Gujarat,2024-01-26,Email,Standard
C105503,Aditya Das,Other,50.0,Mumbai,Maharashtra,2025-06-12,Google Ads,Standard
C105504,Divya Rao,Male,55.0,Bengaluru,Karnataka,2025-01-23,Google Ads,Standard
C105505,Rohan Patel,Female,33.0,Kakinada,Andhra Pradesh,2025-09-03,Instagram,Basic
C105506,Kiran Gupta,Female,60.0,Pune,Maharashtra,2024-03-20,Instagram,Premium
C105507,Sanjay Reddy,Female,39.0,Visakhapatnam,Andhra Pradesh,2024-02-28,Instagram,Standard
C105508,Aarav Reddy,Male,32.0,Kakinada,Andhra Pradesh,2025-02-18,Organic Search,Standard
C105509,Sanjay Kumar,Male,28.0,Chennai,Tamil Nadu,2025-10-05,Email,Basic
C105510,Rahul Kumar,Male,30.0,Hyderabad,Telangana,2024-10-23,Referral,Standard
C105511,Priya Gupta,Female,45.0,Kakinada,Andhra Pradesh,2025-08-05,Google Ads,Standard
C105512,Arjun Singh,Other,28.0,Pune,Maharashtra,2025-10-23,Organic Search,Premium
C105513,Kiran Naidu,Male,35.0,Bengaluru,Karnataka,2025-09-26,Organic Search,Premium
C105514,Meera Patel,Male,52.0,Pune,Maharashtra,2025-01-06,Email,Standard
C105515,Sanjay Varma,Male,60.0,Hyderabad,Telangana,2025-05-24,Email,Standard
C105516,Meera Naidu,Female,50.0,Mumbai,Maharashtra,2025-01-18,Organic Search,Standard
C105517,Priya Singh,Female,43.0,Delhi,Delhi,2025-05-07,Organic Search,Standard
C105518,Rahul Reddy,Male,51.0,Chennai,Tamil Nadu,2025-02-17,Google Ads,Basic
C105519,Divya Gupta,Female,37.0,Pune,Maharashtra,2025-01-18,Referral,Standard
C105520,Kavya Reddy,Male,31.0,Visakhapatnam,Andhra Pradesh,2024-11-14,Instagram,Basic
C105521,Arjun Sharma,Female,,Delhi,Delhi,2025-04-21,Organic Search,Standard
C105522,Nikhil Reddy,Male,24.0,Ahmedabad,Gujarat,2025-07-02,Email,Standard
C105523,Sai Das,Male,61.0,Kakinada,Andhra Pradesh,2025-11-01,YouTube,Standard
C105524,Rohan Kumar,Female,38.0,Ahmedabad,Gujarat,2025-03-23,Instagram,Basic
C105525,Ananya Kumar,Female,57.0,Mumbai,Maharashtra,2024-03-14,Referral,Standard
C105526,Rohan Rao,Male,22.0,Kolkata,West Bengal,2025-03-04,Organic Search,Standard
C105527,Aditya Gupta,Female,41.0,Mumbai,Maharashtra,2024-08-18,Organic Search,Standard
C105528,Priya Reddy,Female,38.0,Chennai,Tamil Nadu,2024-01-20,Organic Search,Basic
C105529,Kiran Rao,Male,35.0,Kolkata,West Bengal,2024-02-22,Instagram,Premium
C105530,Arjun Naidu,Female,42.0,Mumbai,Maharashtra,2025-03-07,YouTube,Standard
C105531,Rohan Naidu,Female,49.0,Hyderabad,Telangana,2025-11-20,YouTube,Standard
C105532,Nikhil Gupta,Male,63.0,Visakhapatnam,Andhra Pradesh,2025-01-04,YouTube,Basic
C105533,Vihaan Naidu,Female,57.0,Ahmedabad,Gujarat,2024-11-21,Email,Basic
C105534,Sai Varma,Female,29.0,Bengaluru,Karnataka,2024-03-05,Organic Search,Standard
C105535,Meera Rao,Male,64.0,Delhi,Delhi,2025-05-08,Instagram,Standard
C105536,Aarav Kumar,Female,41.0,Mumbai,Maharashtra,2024-02-10,Google Ads,Standard
C105537,Ananya Gupta,Male,39.0,Kakinada,Andhra Pradesh,2025-09-06,Instagram,Standard
C105538,Aditya Patel,Female,18.0,Kakinada,Andhra Pradesh,2025-08-18,Referral,Standard
C105539,Ananya Kumar,Female,50.0,Kolkata,West Bengal,2025-12-24,YouTube,Basic
C105540,Rahul Patel,Male,60.0,Chennai,Tamil Nadu,2024-07-26,Email,Standard
C105541,Ananya Kumar,Female,32.0,Hyderabad,Telangana,2024-04-28,Referral,Standard
C105542,Rohan Das,Male,59.0,Mumbai,Maharashtra,2024-08-06,Organic Search,Standard
C105543,Arjun Varma,Female,22.0,Hyderabad,Telangana,2025-08-06,Referral,Premium
C105544,Vihaan Singh,Female,64.0,Ahmedabad,Gujarat,2024-06-08,Google Ads,Standard
C105545,Arjun Gupta,Male,30.0,Hyderabad,Telangana,2025-10-09,Email,Standard
C105546,Arjun Naidu,Female,41.0,Kolkata,West Bengal,2024-04-22,Referral,Standard
C105547,Meera Sharma,Male,18.0,Kakinada,Andhra Pradesh,2024-02-05,Email,Premium
C105548,Aditya Kumar,Female,61.0,Delhi,Delhi,2024-06-09,Organic Search,Standard
C105549,Sai Kumar,Female,42.0,Kolkata,West Bengal,2025-07-04,Referral,Standard
C105550,Meera Naidu,Female,64.0,Visakhapatnam,Andhra Pradesh,2025-03-15,Google Ads,Standard
C105551,Rohan Singh,Male,35.0,Chennai,Tamil Nadu,2024-09-15,Referral,Standard
C105552,Sneha Das,Female,20.0,Chennai,Tamil Nadu,2025-04-23,YouTube,Standard
C105553,Nikhil Patel,Female,50.0,Mumbai,Maharashtra,2025-04-18,Google Ads,Standard
C105554,Aarav Kumar,Female,25.0,Chennai,Tamil Nadu,2025-02-08,Organic Search,Standard
C105555,Aarav Patel,Female,47.0,Visakhapatnam,Andhra Pradesh,2025-01-10,Email,Premium
C105556,Kavya Kumar,Female,19.0,Kolkata,West Bengal,2024-03-15,Instagram,Standard
C105557,Meera Kumar,Male,26.0,Mumbai,Maharashtra,2024-07-08,Referral,Basic
C105558,Kavya Gupta,Male,,Pune,Maharashtra,2025-01-20,Instagram,Standard
C105559,Rahul Gupta,Female,50.0,Ahmedabad,Gujarat,2024-04-08,Instagram,Standard
C105560,Sneha Naidu,Male,25.0,Hyderabad,Telangana,2024-12-13,Google Ads,Standard
C105561,Rahul Reddy,Female,26.0,Ahmedabad,Gujarat,2024-03-26,Email,Standard
C105562,Divya Reddy,Female,59.0,Mumbai,Maharashtra,2025-07-28,Email,Premium
C105563,Priya Singh,Female,18.0,Mumbai,Maharashtra,2024-03-16,Referral,Standard
C105564,Sanjay Singh,Female,29.0,Chennai,Tamil Nadu,2024-03-08,Referral,Standard
C105565,Sneha Kumar,Female,64.0,Pune,Maharashtra,2025-04-10,Google Ads,Premium
C105566,Rohan Patel,Female,44.0,Kakinada,Andhra Pradesh,2024-06-09,Organic Search,Basic
C105567,Arjun Varma,Female,19.0,Mumbai,Maharashtra,2024-09-13,YouTube,Basic
C105568,Aarav Patel,Male,60.0,Mumbai,Maharashtra,2024-08-17,Organic Search,Premium
C105569,Sneha Naidu,Male,34.0,Delhi,Delhi,2024-06-07,Google Ads,Standard
C105570,Vihaan Kumar,Male,52.0,Visakhapatnam,Andhra Pradesh,2025-07-10,YouTube,Standard
C105571,Rohan Kumar,Female,48.0,Kakinada,Andhra Pradesh,2025-05-20,Organic Search,Basic
C105572,Arjun Kumar,Male,35.0,Chennai,Tamil Nadu,2024-06-23,Instagram,Basic
C105573,Rahul Das,Female,35.0,Kolkata,West Bengal,2025-05-16,Google Ads,Basic
C105574,Kiran Rao,Female,44.0,Kakinada,Andhra Pradesh,2025-06-04,Google Ads,Standard
C105575,Vihaan Singh,Male,36.0,Visakhapatnam,Andhra Pradesh,2025-01-28,Organic Search,Basic
C105576,Priya Varma,Other,26.0,Kolkata,West Bengal,2025-02-26,Referral,Standard
C105577,Rohan Rao,Male,52.0,Pune,Maharashtra,2025-11-13,Google Ads,Premium
C105578,Rahul Varma,Female,50.0,Kakinada,Andhra Pradesh,2024-11-27,Google Ads,Standard
C105579,Kavya Das,Male,46.0,Mumbai,Maharashtra,2024-10-08,Google Ads,Standard
C105580,Sai Reddy,Male,53.0,Delhi,Delhi,2025-01-28,Email,Basic
C105581,Arjun Rao,Male,42.0,Ahmedabad,Gujarat,2025-09-02,Referral,Standard
C105582,Sanjay Das,Female,62.0,Hyderabad,Telangana,2025-06-01,Google Ads,Basic
C105583,Priya Patel,Male,60.0,Pune,Maharashtra,2024-02-24,Email,Standard
C105584,Divya Rao,Female,65.0,Visakhapatnam,Andhra Pradesh,2024-12-01,YouTube,Standard
C105585,Priya Naidu,Female,23.0,Bengaluru,Karnataka,2025-06-24,Instagram,Basic
C105586,Nikhil Patel,Male,22.0,Visakhapatnam,Andhra Pradesh,2024-06-12,Referral,Standard
C105587,Aditya Singh,Male,40.0,Chennai,Tamil Nadu,2025-12-22,Google Ads,Premium
C105588,Sai Kumar,Male,51.0,Visakhapatnam,Andhra Pradesh,2025-08-12,Instagram,Standard
C105589,Priya Gupta,Female,29.0,Kolkata,West Bengal,2025-09-10,Organic Search,Basic
C105590,Meera Rao,Female,23.0,Bengaluru,Karnataka,2024-02-29,YouTube,Basic
C105591,Arjun Patel,Male,19.0,Ahmedabad,Gujarat,2025-02-27,Google Ads,Basic
C105592,Rahul Naidu,Female,44.0,Hyderabad,Telangana,2025-01-20,Google Ads,Standard
C105593,Rohan Rao,Male,64.0,Mumbai,Maharashtra,2025-04-02,Instagram,Basic
C105594,Sanjay Reddy,Female,40.0,Visakhapatnam,Andhra Pradesh,2025-09-12,Email,Standard
C105595,Priya Sharma,Male,53.0,Visakhapatnam,Andhra Pradesh,2024-09-14,Instagram,Standard
C105596,Vihaan Patel,Male,20.0,Hyderabad,Telangana,2025-01-24,Referral,Standard
C105597,Divya Das,Male,28.0,Delhi,Delhi,2025-05-11,Instagram,Basic
C105598,Sai Kumar,Female,50.0,Hyderabad,Telangana,2025-07-03,Email,Premium
C105599,Meera Kumar,Female,37.0,Mumbai,Maharashtra,2025-07-16,YouTube,Basic
C105600,Aditya Rao,Male,19.0,Kakinada,Andhra Pradesh,2024-09-02,Instagram,Standard
C105601,Kavya Rao,Male,28.0,Bengaluru,Karnataka,2025-12-29,Organic Search,Premium
C105602,Arjun Kumar,Female,56.0,Kolkata,West Bengal,2024-01-08,Organic Search,Standard
C105603,Aditya Varma,Male,50.0,Visakhapatnam,Andhra Pradesh,2024-12-25,Instagram,Premium
C105604,Kavya Das,Female,56.0,Visakhapatnam,Andhra Pradesh,2025-03-20,YouTube,Standard
C105605,Aarav Gupta,Male,34.0,Delhi,Delhi,2024-02-14,Email,Standard
C105606,Kavya Das,Male,62.0,Kolkata,West Bengal,2024-11-25,Referral,Basic
C105607,Vihaan Patel,Female,62.0,Chennai,Tamil Nadu,2025-03-10,Email,Standard
C105608,Sanjay Gupta,Male,35.0,Bengaluru,Karnataka,2025-03-19,Google Ads,Basic
C105609,Kiran Gupta,Female,27.0,Mumbai,Maharashtra,2024-03-27,Instagram,Standard
C105610,Vihaan Rao,Male,64.0,Ahmedabad,Gujarat,2024-07-21,Google Ads,Basic
C105611,Vihaan Naidu,Male,34.0,Kolkata,West Bengal,2024-06-27,Organic Search,Basic
C105612,Priya Kumar,Female,41.0,Pune,Maharashtra,2025-04-12,YouTube,Standard
C105613,Ananya Rao,Male,62.0,Ahmedabad,Gujarat,2024-08-28,Google Ads,Standard
C105614,Sanjay Kumar,Female,30.0,Kolkata,West Bengal,2025-02-21,Google Ads,Basic
C105615,Ananya Varma,Female,60.0,Delhi,Delhi,2025-06-17,Instagram,Basic
C105616,Sneha Gupta,Female,25.0,Mumbai,Maharashtra,2025-08-05,YouTube,Basic
C105617,Vihaan Reddy,Male,32.0,Kakinada,Andhra Pradesh,2024-05-14,Google Ads,Premium
C105618,Kavya Rao,Male,36.0,Kakinada,Andhra Pradesh,2025-10-21,YouTube,Basic
C105619,Divya Gupta,Male,41.0,Hyderabad,Telangana,2024-04-30,Instagram,Standard
C105620,Aditya Sharma,Female,29.0,Ahmedabad,Gujarat,2024-01-16,Instagram,Standard
C105621,Kavya Das,Male,60.0,Bengaluru,Karnataka,2024-02-02,Google Ads,Standard
C105622,Rohan Sharma,Male,49.0,Visakhapatnam,Andhra Pradesh,2024-05-26,Referral,Standard
C105623,Aarav Rao,Female,50.0,Pune,Maharashtra,2025-09-29,Google Ads,Standard
C105624,Aditya Reddy,Male,53.0,Kolkata,West Bengal,2024-05-31,YouTube,Standard
C105625,Rohan Naidu,Female,48.0,Ahmedabad,Gujarat,2025-05-21,Referral,Standard
C105626,Nikhil Singh,Male,48.0,Kolkata,West Bengal,2024-11-01,Instagram,Standard
C105627,Kavya Kumar,Female,49.0,Mumbai,Maharashtra,2024-01-30,Email,Premium
C105628,Aditya Singh,Female,52.0,Visakhapatnam,Andhra Pradesh,2024-11-20,Google Ads,Standard
C105629,Aditya Rao,Male,62.0,Pune,Maharashtra,2024-01-21,Email,Standard
C105630,Aarav Reddy,Female,27.0,Pune,Maharashtra,2024-12-13,Organic Search,Basic
C105631,Nikhil Varma,Female,42.0,Delhi,Delhi,2025-02-11,YouTube,Standard
C105632,Ananya Rao,Male,26.0,Hyderabad,Telangana,2025-01-15,Referral,Standard
C105633,Kiran Das,Female,26.0,Pune,Maharashtra,2024-07-25,Google Ads,Basic
C105634,Divya Kumar,Female,63.0,Delhi,Delhi,2025-07-13,Google Ads,Basic
C105635,Divya Kumar,Female,40.0,Kolkata,West Bengal,2025-03-11,Google Ads,Standard
C105636,Divya Kumar,Female,51.0,Delhi,Delhi,2024-07-04,Google Ads,Standard
C105637,Priya Das,Male,52.0,Kakinada,Andhra Pradesh,2024-11-13,Instagram,Standard
C105638,Sanjay Gupta,Male,19.0,Kolkata,West Bengal,2024-03-20,Google Ads,Standard
C105639,Vihaan Varma,Male,41.0,Chennai,Tamil Nadu,2025-11-05,YouTube,Basic
C105640,Arjun Rao,Male,26.0,Ahmedabad,Gujarat,2025-07-03,YouTube,Basic
C105641,Ananya Reddy,Male,33.0,Kolkata,West Bengal,2024-07-29,Instagram,Premium
C105642,Divya Sharma,Male,27.0,Kolkata,West Bengal,2025-05-07,YouTube,Standard
C105643,Aditya Rao,Male,49.0,Pune,Maharashtra,2025-05-10,Organic Search,Basic
C105644,Aditya Das,Female,24.0,Kakinada,Andhra Pradesh,2025-03-21,Instagram,Basic
C105645,Rahul Patel,Male,39.0,Delhi,Delhi,2024-02-09,YouTube,Standard
C105646,Kiran Sharma,Female,32.0,Chennai,Tamil Nadu,2025-10-03,YouTube,Premium
C105647,Vihaan Patel,Female,64.0,Mumbai,Maharashtra,2025-11-28,Email,Standard
C105648,Sai Kumar,Female,55.0,Pune,Maharashtra,2025-12-12,Organic Search,Standard
C105649,Kiran Naidu,Male,34.0,Kakinada,Andhra Pradesh,2025-12-16,Google Ads,Standard
C105650,Divya Varma,Female,32.0,Kolkata,West Bengal,2025-11-09,Referral,Standard
C105651,Ananya Kumar,Female,52.0,Mumbai,Maharashtra,2025-06-23,Organic Search,Standard
C105652,Rohan Kumar,Female,48.0,Kakinada,Andhra Pradesh,2024-02-11,Referral,Standard
C105653,Aditya Rao,Male,44.0,Ahmedabad,Gujarat,2024-12-05,Google Ads,Premium
C105654,Aarav Singh,Male,21.0,Chennai,Tamil Nadu,2024-06-27,Email,Standard
C105655,Vihaan Varma,Female,21.0,Bengaluru,Karnataka,2024-06-09,Organic Search,Premium
C105656,Rohan Singh,Male,48.0,Chennai,Tamil Nadu,2025-08-29,Organic Search,Standard
C105657,Sai Reddy,Female,40.0,Visakhapatnam,Andhra Pradesh,2025-08-16,Instagram,Basic
C105658,Divya Reddy,Female,57.0,Pune,Maharashtra,2025-01-16,Google Ads,Standard
C105659,Arjun Patel,Female,19.0,Bengaluru,Karnataka,2025-06-21,Instagram,Premium
C105660,Sanjay Singh,Female,26.0,Bengaluru,Karnataka,2024-04-04,Email,Standard
C105661,Priya Gupta,Female,55.0,Kakinada,Andhra Pradesh,2024-06-11,Google Ads,Premium
C105662,Arjun Gupta,Female,64.0,Chennai,Tamil Nadu,2025-09-20,YouTube,Standard
C105663,Nikhil Sharma,Female,53.0,Kolkata,West Bengal,2024-11-25,Email,Standard
C105664,Aarav Singh,Male,18.0,Delhi,Delhi,2025-02-03,Google Ads,Basic
C105665,Priya Singh,Female,20.0,Hyderabad,Telangana,2024-12-03,Organic Search,Premium
C105666,Sneha Singh,Female,60.0,Chennai,Tamil Nadu,2024-05-27,Instagram,Basic
C105667,Meera Rao,Female,41.0,Kolkata,West Bengal,2025-08-26,Instagram,Standard
C105668,Aarav Sharma,Male,41.0,Delhi,Delhi,2025-07-07,Instagram,Standard
C105669,Priya Kumar,Male,64.0,Kolkata,West Bengal,2025-05-14,Referral,Basic
C105670,Nikhil Sharma,Female,29.0,Chennai,Tamil Nadu,2024-09-14,Organic Search,Standard
C105671,Aarav Reddy,Male,31.0,Delhi,Delhi,2025-04-14,Google Ads,Standard
C105672,Sanjay Singh,Female,50.0,Mumbai,Maharashtra,2025-11-26,Organic Search,Basic
C105673,Priya Patel,Female,61.0,Mumbai,Maharashtra,2025-04-19,Instagram,Standard
C105674,Kavya Varma,Male,35.0,Mumbai,Maharashtra,2024-12-26,Google Ads,Premium
C105675,Vihaan Sharma,Male,25.0,Ahmedabad,Gujarat,2024-07-16,Email,Basic
C105676,Kavya Reddy,Female,20.0,Delhi,Delhi,2025-01-16,Organic Search,Standard
C105677,Arjun Patel,Male,18.0,Ahmedabad,Gujarat,2024-09-28,YouTube,Basic
C105678,Sneha Naidu,Female,35.0,Delhi,Delhi,2025-03-22,Email,Standard
C105679,Sai Naidu,Female,43.0,Delhi,Delhi,2024-02-03,Referral,Standard
C105680,Vihaan Varma,Female,41.0,Kakinada,Andhra Pradesh,2024-05-18,Instagram,Standard
C105681,Meera Naidu,Male,29.0,Visakhapatnam,Andhra Pradesh,2025-07-28,Google Ads,Standard
C105682,Divya Singh,Male,50.0,Chennai,Tamil Nadu,2024-10-04,YouTube,Basic
C105683,Aditya Patel,Female,60.0,Mumbai,Maharashtra,2024-11-12,Referral,Standard
C105684,Nikhil Patel,Male,29.0,Ahmedabad,Gujarat,2025-02-01,Google Ads,Standard
C105685,Ananya Patel,Male,50.0,Hyderabad,Telangana,2024-11-15,Google Ads,Standard
C105686,Priya Patel,Female,44.0,Chennai,Tamil Nadu,2025-07-07,Instagram,Premium
C105687,Divya Singh,Male,50.0,Pune,Maharashtra,2024-06-28,Organic Search,Standard
C105688,Sai Patel,Male,18.0,Kolkata,West Bengal,2025-07-07,Google Ads,Standard
C105689,Divya Gupta,Female,50.0,Bengaluru,Karnataka,2024-06-01,YouTube,Standard
C105690,Priya Reddy,Male,53.0,Hyderabad,Telangana,2024-09-27,Google Ads,Standard
C105691,Priya Naidu,Male,50.0,Mumbai,Maharashtra,2025-03-05,Organic Search,Basic
C105692,Arjun Singh,Male,58.0,Bengaluru,Karnataka,2025-10-08,Instagram,Standard
C105693,Meera Varma,Female,53.0,Pune,Maharashtra,2024-06-18,Instagram,Basic
C105694,Rohan Das,Female,65.0,Kakinada,Andhra Pradesh,2025-03-04,Google Ads,Premium
C105695,Sneha Patel,Female,50.0,Mumbai,Maharashtra,2024-02-16,Instagram,Standard
C105696,Rahul Naidu,Female,39.0,Chennai,Tamil Nadu,2024-02-25,YouTube,Standard
C105697,Rohan Gupta,Male,58.0,Mumbai,Maharashtra,2025-07-14,Organic Search,Standard
C105698,Rahul Varma,Female,51.0,Hyderabad,Telangana,2025-06-08,Google Ads,Basic
C105699,Aditya Rao,Male,44.0,Ahmedabad,Gujarat,2024-10-01,Referral,Standard
C105700,Ananya Singh,Female,45.0,Mumbai,Maharashtra,2025-03-30,Referral,Standard
C105701,Sai Reddy,Female,34.0,Pune,Maharashtra,2024-10-04,Email,Standard
C105702,Sneha Gupta,Male,47.0,Kolkata,West Bengal,2024-07-21,Instagram,Standard
C105703,Rahul Varma,Female,40.0,Visakhapatnam,Andhra Pradesh,2024-11-10,Google Ads,Premium
C105704,Meera Patel,Female,24.0,Bengaluru,Karnataka,2024-08-15,Instagram,Standard
C105705,Kiran Das,Male,39.0,Pune,Maharashtra,2025-08-17,YouTube,Basic
C105706,Aarav Sharma,Female,63.0,Kakinada,Andhra Pradesh,2024-10-27,Google Ads,Premium
C105707,Sai Gupta,Female,33.0,Chennai,Tamil Nadu,2024-08-22,Organic Search,Standard
C105708,Aditya Naidu,Male,50.0,Hyderabad,Telangana,2025-01-26,YouTube,Basic
C105709,Meera Reddy,Male,37.0,Mumbai,Maharashtra,2025-07-07,Google Ads,Standard
C105710,Rahul Kumar,Female,31.0,Ahmedabad,Gujarat,2024-07-18,Instagram,Standard
C105711,Sneha Kumar,Male,36.0,Ahmedabad,Gujarat,2025-11-16,Google Ads,Standard
C105712,Kiran Reddy,Male,64.0,Delhi,Delhi,2024-12-04,Email,Premium
C105713,Rahul Naidu,Female,23.0,Bengaluru,Karnataka,2025-04-27,Referral,Standard
C105714,Kavya Gupta,Female,50.0,Mumbai,Maharashtra,2025-11-29,Instagram,Standard
C105715,Priya Sharma,Male,57.0,Mumbai,Maharashtra,2024-11-11,Instagram,Standard
C105716,Kavya Naidu,Male,26.0,Ahmedabad,Gujarat,2024-05-25,Email,Standard
C105717,Rohan Rao,Female,54.0,Visakhapatnam,Andhra Pradesh,2025-06-29,Organic Search,Standard
C105718,Sai Singh,Male,,Hyderabad,Telangana,2024-01-05,Instagram,Standard
C105719,Ananya Varma,Female,34.0,Ahmedabad,Gujarat,2024-11-30,Organic Search,Standard
C105720,Sai Kumar,Female,26.0,Ahmedabad,Gujarat,2025-12-16,Google Ads,Standard
C105721,Arjun Singh,Male,63.0,Kolkata,West Bengal,2024-10-29,Instagram,Standard
C105722,Divya Gupta,Female,27.0,Visakhapatnam,Andhra Pradesh,2025-05-14,Google Ads,Standard
C105723,Divya Gupta,Female,63.0,Hyderabad,Telangana,2025-01-18,Organic Search,Standard
C105724,Nikhil Das,Female,49.0,Kolkata,West Bengal,2024-06-05,Email,Standard
C105725,Rahul Sharma,Male,59.0,Bengaluru,Karnataka,2024-08-19,Referral,Basic
C105726,Arjun Sharma,Male,32.0,Visakhapatnam,Andhra Pradesh,2025-01-17,Google Ads,Standard
C105727,Aarav Varma,Female,19.0,Chennai,Tamil Nadu,2024-03-17,Google Ads,Standard
C105728,Priya Das,Female,49.0,Hyderabad,Telangana,2024-10-29,Google Ads,Standard
C105729,Kavya Singh,Other,35.0,Ahmedabad,Gujarat,2024-10-29,Google Ads,Basic
C105730,Divya Sharma,Male,44.0,Ahmedabad,Gujarat,2025-09-01,Referral,Standard
C105731,Aditya Reddy,Female,39.0,Chennai,Tamil Nadu,2024-03-31,Google Ads,Standard
C105732,Rohan Rao,Male,33.0,Delhi,Delhi,2025-09-07,Instagram,Premium
C105733,Meera Singh,Female,52.0,Hyderabad,Telangana,2024-10-26,Google Ads,Basic
C105734,Vihaan Varma,Female,42.0,Kakinada,Andhra Pradesh,2025-04-20,Instagram,Standard
C105735,Sneha Rao,Female,48.0,Bengaluru,Karnataka,2025-02-10,Email,Basic
C105736,Ananya Gupta,Male,50.0,Visakhapatnam,Andhra Pradesh,2024-08-06,Google Ads,Standard
C105737,Ananya Sharma,Female,50.0,Pune,Maharashtra,2025-11-10,Email,Basic
C105738,Rahul Kumar,Male,33.0,Kolkata,West Bengal,2024-06-12,Instagram,Standard
C105739,Sanjay Gupta,Female,54.0,Kolkata,West Bengal,2024-01-27,Google Ads,Standard
C105740,Aditya Varma,Female,28.0,Visakhapatnam,Andhra Pradesh,2025-07-01,Instagram,Premium
C105741,Ananya Reddy,Female,63.0,Hyderabad,Telangana,2025-03-29,Instagram,Standard
C105742,Priya Rao,Female,56.0,Kakinada,Andhra Pradesh,2025-10-12,Organic Search,Standard
C105743,Kiran Reddy,Female,44.0,Hyderabad,Telangana,2024-11-30,Instagram,Standard
C105744,Nikhil Rao,Male,26.0,Kakinada,Andhra Pradesh,2024-01-13,Instagram,Premium
C105745,Meera Das,Male,61.0,Mumbai,Maharashtra,2024-01-15,Google Ads,Standard
C105746,Rohan Sharma,Female,44.0,Visakhapatnam,Andhra Pradesh,2024-11-12,Google Ads,Premium
C105747,Nikhil Rao,Female,57.0,Hyderabad,Telangana,2024-07-01,YouTube,Standard
C105748,Sai Patel,Female,19.0,Chennai,Tamil Nadu,2025-11-04,YouTube,Standard
C105749,Aditya Sharma,Male,34.0,Pune,Maharashtra,2024-03-27,Google Ads,Basic
C105750,Sai Patel,Male,32.0,Kakinada,Andhra Pradesh,2025-10-04,Instagram,Standard
C105751,Kiran Kumar,Female,57.0,Bengaluru,Karnataka,2024-06-07,Referral,Standard
C105752,Vihaan Naidu,Female,40.0,Hyderabad,Telangana,2024-03-28,Referral,Standard
C105753,Sanjay Kumar,Female,23.0,Kolkata,West Bengal,2024-07-19,Referral,Standard
C105754,Meera Kumar,Male,47.0,Hyderabad,Telangana,2024-04-15,Instagram,Standard
C105755,Priya Patel,Male,25.0,Ahmedabad,Gujarat,2024-10-19,Instagram,Standard
C105756,Nikhil Varma,Male,39.0,Hyderabad,Telangana,2024-08-29,Instagram,Premium
C105757,Sneha Das,Male,65.0,Kakinada,Andhra Pradesh,2025-01-21,Google Ads,Standard
C105758,Rahul Das,Female,38.0,Pune,Maharashtra,2025-01-27,Referral,Standard
C105759,Nikhil Reddy,Male,38.0,Kakinada,Andhra Pradesh,2024-01-01,Organic Search,Standard
C105760,Sai Das,Male,19.0,Bengaluru,Karnataka,2024-04-01,Google Ads,Basic
C105761,Sneha Das,Other,40.0,Mumbai,Maharashtra,2024-04-28,Organic Search,Standard
C105762,Aditya Reddy,Male,63.0,Chennai,Tamil Nadu,2024-05-22,Google Ads,Standard
C105763,Rahul Rao,Female,63.0,Hyderabad,Telangana,2024-03-09,Instagram,Standard
C105764,Sai Singh,Male,64.0,Bengaluru,Karnataka,2024-08-17,Email,Standard
C105765,Arjun Patel,Male,35.0,Delhi,Delhi,2025-02-05,Instagram,Basic
C105766,Arjun Singh,Male,21.0,Ahmedabad,Gujarat,2024-08-13,YouTube,Basic
C105767,Kiran Naidu,Female,29.0,Ahmedabad,Gujarat,2024-08-28,YouTube,Standard
C105768,Ananya Rao,Male,28.0,Hyderabad,Telangana,2024-12-08,Instagram,Basic
C105769,Divya Naidu,Female,21.0,Hyderabad,Telangana,2025-02-04,Instagram,Premium
C105770,Arjun Singh,Female,52.0,Kolkata,West Bengal,2024-08-29,Instagram,Standard
C105771,Vihaan Gupta,Male,43.0,Delhi,Delhi,2024-06-10,YouTube,Premium
C105772,Sai Naidu,Female,52.0,Ahmedabad,Gujarat,2024-10-25,Instagram,Standard
C105773,Ananya Patel,Male,27.0,Mumbai,Maharashtra,2024-01-18,Organic Search,Standard
C105774,Vihaan Kumar,Male,51.0,Delhi,Delhi,2024-12-25,Google Ads,Standard
C105775,Rohan Sharma,Female,21.0,Mumbai,Maharashtra,2025-11-18,Referral,Premium
C105776,Kavya Patel,Male,52.0,Mumbai,Maharashtra,2024-10-17,Instagram,Premium
C105777,Sanjay Rao,Other,57.0,Ahmedabad,Gujarat,2024-03-20,Organic Search,Basic
C105778,Meera Sharma,Female,30.0,Chennai,Tamil Nadu,2025-05-31,Email,Standard
C105779,Meera Sharma,Male,33.0,Kolkata,West Bengal,2024-04-02,Instagram,Standard
C105780,Meera Rao,Male,38.0,Hyderabad,Telangana,2024-05-21,Google Ads,Basic
C105781,Rahul Patel,Female,45.0,Pune,Maharashtra,2024-04-16,Referral,Standard
C105782,Arjun Naidu,Female,43.0,Chennai,Tamil Nadu,2025-10-07,Referral,Premium
C105783,Sanjay Kumar,Male,23.0,Kakinada,Andhra Pradesh,2025-12-17,Organic Search,Basic
C105784,Sneha Reddy,Female,36.0,Chennai,Tamil Nadu,2025-02-19,Google Ads,Standard
C105785,Meera Naidu,Male,42.0,Bengaluru,Karnataka,2025-03-26,YouTube,Standard
C105786,Sanjay Sharma,Other,47.0,Kolkata,West Bengal,2025-04-16,Instagram,Basic
C105787,Vihaan Gupta,Male,48.0,Bengaluru,Karnataka,2025-03-21,Organic Search,Standard
C105788,Aditya Varma,Male,49.0,Kakinada,Andhra Pradesh,2025-02-01,YouTube,Standard
C105789,Kavya Varma,Female,39.0,Delhi,Delhi,2025-12-21,Email,Basic
C105790,Rohan Singh,Female,42.0,Ahmedabad,Gujarat,2025-06-19,YouTube,Standard
C105791,Meera Naidu,Female,34.0,Kolkata,West Bengal,2024-03-05,Google Ads,Standard
C105792,Kiran Rao,Female,31.0,Chennai,Tamil Nadu,2024-10-13,Email,Basic
C105793,Rohan Rao,Male,32.0,Pune,Maharashtra,2025-12-12,Instagram,Basic
C105794,Meera Das,Male,39.0,Bengaluru,Karnataka,2024-10-21,Google Ads,Basic
C105795,Kavya Varma,Female,23.0,Hyderabad,Telangana,2024-05-28,Referral,Standard
C105796,Priya Naidu,Male,28.0,Ahmedabad,Gujarat,2025-09-25,Organic Search,Basic
C105797,Meera Rao,Female,23.0,Kakinada,Andhra Pradesh,2025-03-30,YouTube,Standard
C105798,Sai Patel,Male,37.0,Visakhapatnam,Andhra Pradesh,2025-02-14,Referral,Standard
C105799,Sai Rao,Female,41.0,Delhi,Delhi,2024-11-02,Organic Search,Premium
C105800,Sneha Das,Female,25.0,Delhi,Delhi,2024-03-31,Organic Search,Standard
C105801,Ananya Patel,Female,24.0,Delhi,Delhi,2024-10-07,Organic Search,Standard
C105802,Sneha Reddy,Male,43.0,Ahmedabad,Gujarat,2024-11-15,Instagram,Basic
C105803,Kiran Das,Other,28.0,Kolkata,West Bengal,2025-11-10,Referral,Standard
C105804,Ananya Reddy,Female,59.0,Ahmedabad,Gujarat,2024-08-12,Referral,Standard
C105805,Priya Gupta,Female,25.0,Kakinada,Andhra Pradesh,2024-04-18,Organic Search,Standard
C105806,Rahul Das,Female,41.0,Delhi,Delhi,2024-11-08,Referral,Standard
C105807,Meera Varma,Male,56.0,Kolkata,West Bengal,2025-12-28,Organic Search,Standard
C105808,Sneha Patel,Male,22.0,Pune,Maharashtra,2024-12-18,YouTube,Basic
C105809,Aarav Rao,Male,39.0,Kakinada,Andhra Pradesh,2024-10-03,Referral,Standard
C105810,Aditya Naidu,Female,40.0,Delhi,Delhi,2025-05-01,Organic Search,Premium
C105811,Sanjay Gupta,Female,44.0,Bengaluru,Karnataka,2025-04-18,Referral,Standard
C105812,Vihaan Naidu,Male,60.0,Delhi,Delhi,2024-08-06,Email,Standard
C105813,Ananya Rao,Female,45.0,Kolkata,West Bengal,2025-12-07,Referral,Standard
C105814,Ananya Gupta,Male,36.0,Kakinada,Andhra Pradesh,2025-03-08,YouTube,Standard
C105815,Kavya Das,Female,37.0,Visakhapatnam,Andhra Pradesh,2024-02-12,Organic Search,Premium
C105816,Sneha Gupta,Male,47.0,Hyderabad,Telangana,2024-10-24,Organic Search,Standard
C105817,Aditya Kumar,Male,32.0,Pune,Maharashtra,2025-11-04,Google Ads,Standard
C105818,Aditya Das,Male,50.0,Bengaluru,Karnataka,2024-10-14,Referral,Standard
C105819,Rohan Singh,Female,36.0,Delhi,Delhi,2025-02-18,Organic Search,Premium
C105820,Vihaan Rao,Female,20.0,Kakinada,Andhra Pradesh,2025-03-23,YouTube,Standard
C105821,Divya Gupta,Male,43.0,Kakinada,Andhra Pradesh,2025-05-29,YouTube,Standard
C105822,Rohan Varma,Female,30.0,Bengaluru,Karnataka,2025-09-28,Organic Search,Premium
C105823,Kiran Naidu,Female,35.0,Bengaluru,Karnataka,2024-04-18,Organic Search,Premium
C105824,Sanjay Reddy,Male,33.0,Kolkata,West Bengal,2025-01-12,Instagram,Standard
C105825,Ananya Sharma,Female,24.0,Chennai,Tamil Nadu,2025-01-24,Organic Search,Basic
C105826,Aarav Kumar,Male,31.0,Chennai,Tamil Nadu,2024-04-21,Google Ads,Premium
C105827,Kavya Reddy,Female,61.0,Visakhapatnam,Andhra Pradesh,2025-05-06,Organic Search,Basic
C105828,Ananya Singh,Female,33.0,Kakinada,Andhra Pradesh,2024-03-27,Instagram,Standard
C105829,Arjun Kumar,Male,53.0,Kakinada,Andhra Pradesh,2024-11-29,YouTube,Basic
C105830,Sanjay Singh,Female,37.0,Ahmedabad,Gujarat,2024-08-29,Referral,Basic
C105831,Sanjay Sharma,Male,21.0,Kakinada,Andhra Pradesh,2024-04-23,Instagram,Standard
C105832,Kavya Patel,Female,58.0,Ahmedabad,Gujarat,2025-08-23,Email,Standard
C105833,Nikhil Sharma,Female,61.0,Visakhapatnam,Andhra Pradesh,2024-06-27,Email,Standard
C105834,Priya Singh,Male,29.0,Pune,Maharashtra,2024-07-05,Organic Search,Premium
C105835,Sneha Patel,Female,26.0,Hyderabad,Telangana,2025-09-15,Email,Basic
C105836,Rohan Kumar,Male,62.0,Visakhapatnam,Andhra Pradesh,2025-10-02,Referral,Premium
C105837,Vihaan Kumar,Female,22.0,Kakinada,Andhra Pradesh,2024-01-26,Instagram,Basic
C105838,Sai Naidu,Female,60.0,Delhi,Delhi,2024-07-21,Organic Search,Basic
C105839,Kavya Das,Female,26.0,Chennai,Tamil Nadu,2025-06-01,YouTube,Standard
C105840,Vihaan Sharma,Female,59.0,Pune,Maharashtra,2025-07-22,Organic Search,Standard
C105841,Nikhil Rao,Female,62.0,Kolkata,West Bengal,2025-12-30,Instagram,Basic
C105842,Aarav Patel,Male,29.0,Kolkata,West Bengal,2025-02-08,Organic Search,Premium
C105843,Rohan Kumar,Male,28.0,Delhi,Delhi,2024-01-06,Google Ads,Standard
C105844,Aditya Reddy,Female,23.0,Visakhapatnam,Andhra Pradesh,2025-09-29,YouTube,Premium
C105845,Kavya Gupta,Male,55.0,Visakhapatnam,Andhra Pradesh,2024-04-27,Instagram,Premium
C105846,Rahul Rao,Male,34.0,Kakinada,Andhra Pradesh,2024-03-29,Instagram,Standard
C105847,Arjun Reddy,Male,48.0,Pune,Maharashtra,2025-05-07,Instagram,Standard
C105848,Arjun Naidu,Other,47.0,Hyderabad,Telangana,2025-03-16,Organic Search,Premium
C105849,Sneha Kumar,Female,42.0,Visakhapatnam,Andhra Pradesh,2024-02-13,Email,Standard
C105850,Aarav Naidu,Male,29.0,Hyderabad,Telangana,2024-05-03,Organic Search,Standard
C105851,Rahul Reddy,Male,35.0,Bengaluru,Karnataka,2025-03-06,Google Ads,Basic
C105852,Kavya Patel,Female,42.0,Mumbai,Maharashtra,2024-07-05,Organic Search,Basic
C105853,Nikhil Singh,Male,22.0,Bengaluru,Karnataka,2025-05-14,Google Ads,Basic
C105854,Sneha Naidu,Female,37.0,Ahmedabad,Gujarat,2024-10-27,Instagram,Basic
C105855,Aarav Rao,Female,52.0,Chennai,Tamil Nadu,2025-03-05,Organic Search,Basic
C105856,Aditya Das,Female,38.0,Mumbai,Maharashtra,2024-12-12,Referral,Premium
C105857,Sanjay Reddy,Male,36.0,Hyderabad,Telangana,2024-09-23,Referral,Premium
C105858,Aditya Varma,Female,58.0,Mumbai,Maharashtra,2024-09-06,Google Ads,Standard
C105859,Meera Gupta,Other,43.0,Kolkata,West Bengal,2025-05-24,Email,Standard
C105860,Nikhil Gupta,Male,53.0,Ahmedabad,Gujarat,2025-01-10,Instagram,Basic
C105861,Arjun Patel,Female,20.0,Mumbai,Maharashtra,2025-03-09,Referral,Standard
C105862,Sneha Naidu,Male,62.0,Hyderabad,Telangana,2025-02-25,Google Ads,Basic
C105863,Aditya Das,Female,55.0,Pune,Maharashtra,2024-05-31,Organic Search,Standard
C105864,Nikhil Naidu,Female,57.0,Ahmedabad,Gujarat,2025-10-28,Google Ads,Basic
C105865,Rohan Gupta,Male,51.0,Hyderabad,Telangana,2025-02-15,Google Ads,Premium
C105866,Aarav Das,Male,43.0,Ahmedabad,Gujarat,2025-06-08,Google Ads,Standard
C105867,Kavya Singh,Male,43.0,Bengaluru,Karnataka,2025-10-05,Referral,Basic
C105868,Sai Das,Male,47.0,Mumbai,Maharashtra,2025-11-06,Instagram,Standard
C105869,Rohan Varma,Female,41.0,Kolkata,West Bengal,2025-05-01,Email,Standard
C105870,Aarav Gupta,Male,53.0,Hyderabad,Telangana,2025-07-28,Google Ads,Standard
C105871,Rohan Das,Female,34.0,Delhi,Delhi,2024-12-10,Google Ads,Basic
C105872,Priya Das,Male,54.0,Bengaluru,Karnataka,2025-06-22,Referral,Standard
C105873,Sai Rao,Female,34.0,Mumbai,Maharashtra,2024-08-22,Google Ads,Basic
C105874,Ananya Sharma,Female,40.0,Ahmedabad,Gujarat,2025-06-03,Email,Standard
C105875,Arjun Reddy,Female,21.0,Mumbai,Maharashtra,2024-03-03,Email,Standard
C105876,Kiran Patel,Female,61.0,Hyderabad,Telangana,2025-10-29,Organic Search,Standard
C105877,Meera Varma,Other,50.0,Mumbai,Maharashtra,2024-06-27,Referral,Standard
C105878,Rohan Reddy,Female,29.0,Hyderabad,Telangana,2025-04-24,Google Ads,Standard
C105879,Rahul Gupta,Female,20.0,Kolkata,West Bengal,2024-01-09,Instagram,Premium
C105880,Meera Naidu,Male,58.0,Kakinada,Andhra Pradesh,2024-04-23,Google Ads,Basic
C105881,Rohan Kumar,Male,18.0,Bengaluru,Karnataka,2025-12-21,Organic Search,Standard
C105882,Meera Rao,Male,41.0,Ahmedabad,Gujarat,2025-08-31,Instagram,Premium
C105883,Sneha Rao,Female,19.0,Delhi,Delhi,2024-06-11,Instagram,Standard
C105884,Ananya Sharma,Female,51.0,Hyderabad,Telangana,2024-04-05,Email,Standard
C105885,Vihaan Singh,Female,27.0,Kolkata,West Bengal,2025-08-17,Referral,Standard
C105886,Sneha Kumar,Female,38.0,Mumbai,Maharashtra,2025-12-23,YouTube,Basic
C105887,Aditya Patel,Male,45.0,Pune,Maharashtra,2024-05-03,Instagram,Standard
C105888,Meera Naidu,Female,35.0,Pune,Maharashtra,2025-04-29,Organic Search,Basic
C105889,Meera Singh,Male,50.0,Pune,Maharashtra,2024-07-26,Organic Search,Standard
C105890,Rohan Singh,Male,42.0,Bengaluru,Karnataka,2025-06-27,Organic Search,Standard
C105891,Divya Das,Female,38.0,Mumbai,Maharashtra,2024-11-01,Google Ads,Standard
C105892,Arjun Reddy,Male,33.0,Ahmedabad,Gujarat,2024-04-01,Google Ads,Premium
C105893,Sneha Reddy,Female,37.0,Kakinada,Andhra Pradesh,2024-08-24,Instagram,Basic
C105894,Kavya Sharma,Female,33.0,Hyderabad,Telangana,2025-01-28,Organic Search,Standard
C105895,Aarav Sharma,Female,45.0,Chennai,Tamil Nadu,2025-08-05,Instagram,Premium
C105896,Sai Sharma,Male,54.0,Visakhapatnam,Andhra Pradesh,2024-01-16,Google Ads,Standard
C105897,Sanjay Das,Male,46.0,Mumbai,Maharashtra,2025-11-30,Google Ads,Premium
C105898,Sai Kumar,Male,19.0,Chennai,Tamil Nadu,2025-04-19,Organic Search,Premium
C105899,Sneha Das,Female,58.0,Kakinada,Andhra Pradesh,2025-09-30,Google Ads,Premium
C105900,Kiran Naidu,Male,55.0,Kakinada,Andhra Pradesh,2025-11-09,Google Ads,Basic
C105901,Meera Sharma,Male,57.0,Kolkata,West Bengal,2024-04-22,Organic Search,Premium
C105902,Sneha Gupta,Female,20.0,Kolkata,West Bengal,2024-03-09,Organic Search,Standard
C105903,Aarav Rao,Female,57.0,Kolkata,West Bengal,2025-07-20,Organic Search,Standard
C105904,Sai Gupta,Female,40.0,Mumbai,Maharashtra,2024-05-17,Referral,Basic
C105905,Nikhil Rao,Male,58.0,Visakhapatnam,Andhra Pradesh,2024-04-18,Instagram,Basic
C105906,Ananya Varma,Female,55.0,Hyderabad,Telangana,2024-12-08,Instagram,Basic
C105907,Priya Varma,Male,60.0,Hyderabad,Telangana,2025-10-28,Google Ads,Standard
C105908,Kiran Sharma,Male,23.0,Kolkata,West Bengal,2025-08-03,Google Ads,Standard
C105909,Nikhil Naidu,Male,44.0,Visakhapatnam,Andhra Pradesh,2025-01-13,Google Ads,Basic
C105910,Sanjay Varma,Female,52.0,Visakhapatnam,Andhra Pradesh,2024-05-23,Referral,Premium
C105911,Priya Naidu,Female,46.0,Kolkata,West Bengal,2024-09-02,Google Ads,Premium
C105912,Aditya Das,Male,56.0,Delhi,Delhi,2025-05-17,Organic Search,Basic
C105913,Divya Patel,Female,52.0,Delhi,Delhi,2024-04-24,Instagram,Premium
C105914,Ananya Sharma,Female,19.0,Chennai,Tamil Nadu,2025-01-17,YouTube,Standard
C105915,Kiran Naidu,Male,27.0,Mumbai,Maharashtra,2024-01-09,Organic Search,Premium
C105916,Meera Kumar,Female,48.0,Chennai,Tamil Nadu,2024-08-25,Google Ads,Premium
C105917,Ananya Gupta,Male,35.0,Bengaluru,Karnataka,2024-06-30,Google Ads,Basic
C105918,Kiran Sharma,Male,35.0,Delhi,Delhi,2025-05-12,YouTube,Premium
C105919,Meera Reddy,Female,61.0,Kakinada,Andhra Pradesh,2025-10-29,YouTube,Standard
C105920,Aarav Rao,Male,22.0,Ahmedabad,Gujarat,2024-04-16,Google Ads,Standard
C105921,Sanjay Patel,Female,43.0,Bengaluru,Karnataka,2025-08-05,Instagram,Standard
C105922,Sai Naidu,Male,32.0,Mumbai,Maharashtra,2025-04-23,YouTube,Basic
C105923,Divya Singh,Female,20.0,Mumbai,Maharashtra,2025-12-08,Email,Standard
C105924,Sai Kumar,Female,35.0,Mumbai,Maharashtra,2025-10-27,Email,Standard
C105925,Divya Varma,Female,37.0,Kolkata,West Bengal,2024-03-14,Google Ads,Standard
C105926,Kiran Reddy,Female,39.0,Visakhapatnam,Andhra Pradesh,2025-06-26,Organic Search,Premium
C105927,Priya Naidu,Female,25.0,Ahmedabad,Gujarat,2025-03-08,Referral,Standard
C105928,Rohan Singh,Male,52.0,Chennai,Tamil Nadu,2024-03-23,Referral,Basic
C105929,Aarav Patel,Male,35.0,Bengaluru,Karnataka,2024-07-06,Organic Search,Basic
C105930,Aditya Rao,Female,45.0,Bengaluru,Karnataka,2025-11-07,Google Ads,Premium
C105931,Sneha Varma,Female,44.0,Visakhapatnam,Andhra Pradesh,2025-01-31,Google Ads,Basic
C105932,Nikhil Singh,Male,45.0,Kolkata,West Bengal,2024-09-04,Email,Basic
C105933,Kavya Rao,Female,42.0,Pune,Maharashtra,2024-08-21,Email,Basic
C105934,Sanjay Reddy,Male,32.0,Pune,Maharashtra,2025-09-03,YouTube,Basic
C105935,Rahul Reddy,Male,41.0,Visakhapatnam,Andhra Pradesh,2024-07-25,Referral,Basic
C105936,Sanjay Rao,Female,43.0,Visakhapatnam,Andhra Pradesh,2024-04-25,Google Ads,Premium
C105937,Kiran Rao,Female,18.0,Hyderabad,Telangana,2025-02-22,Google Ads,Standard
C105938,Sai Sharma,Female,52.0,Delhi,Delhi,2025-12-25,Referral,Basic
C105939,Kavya Singh,Male,39.0,Hyderabad,Telangana,2024-05-13,Instagram,Standard
C105940,Aditya Varma,Male,32.0,Delhi,Delhi,2024-07-05,Referral,Standard
C105941,Meera Patel,Female,19.0,Kolkata,West Bengal,2024-12-08,Google Ads,Standard
C105942,Kiran Kumar,Male,32.0,Mumbai,Maharashtra,2024-05-25,Google Ads,Standard
C105943,Rohan Patel,Female,37.0,Bengaluru,Karnataka,2025-04-20,Instagram,Basic
C105944,Arjun Varma,Male,58.0,Chennai,Tamil Nadu,2024-07-04,Referral,Standard
C105945,Rahul Sharma,Male,49.0,Pune,Maharashtra,2024-04-03,Instagram,Standard
C105946,Kiran Das,Male,38.0,Ahmedabad,Gujarat,2024-07-09,Email,Standard
C105947,Aarav Singh,Male,24.0,Hyderabad,Telangana,2025-11-10,Google Ads,Basic
C105948,Arjun Kumar,Male,31.0,Mumbai,Maharashtra,2025-11-13,YouTube,Standard
C105949,Rahul Naidu,Female,62.0,Ahmedabad,Gujarat,2025-01-04,Referral,Basic
C105950,Divya Gupta,Female,24.0,Kolkata,West Bengal,2024-10-19,Organic Search,Standard
C105951,Meera Singh,Male,48.0,Visakhapatnam,Andhra Pradesh,2025-08-21,Organic Search,Basic
C105952,Nikhil Naidu,Female,42.0,Visakhapatnam,Andhra Pradesh,2024-05-21,Organic Search,Standard
C105953,Sai Patel,Male,28.0,Visakhapatnam,Andhra Pradesh,2025-04-22,Organic Search,Basic
C105954,Kavya Gupta,Male,59.0,Pune,Maharashtra,2025-05-11,Google Ads,Standard
C105955,Kavya Das,Female,36.0,Kakinada,Andhra Pradesh,2025-06-02,Google Ads,Premium
C105956,Priya Rao,Female,49.0,Chennai,Tamil Nadu,2024-06-08,Email,Standard
C105957,Ananya Naidu,Female,22.0,Kakinada,Andhra Pradesh,2025-06-06,Referral,Basic
C105958,Arjun Varma,Male,64.0,Delhi,Delhi,2025-03-22,Email,Standard
C105959,Sanjay Sharma,Male,19.0,Chennai,Tamil Nadu,2025-09-30,Email,Standard
C105960,Aditya Sharma,Female,32.0,Kolkata,West Bengal,2024-05-07,Instagram,Premium
C105961,Sneha Naidu,Female,61.0,Delhi,Delhi,2025-03-23,Instagram,Basic
C105962,Divya Das,Female,48.0,Bengaluru,Karnataka,2025-08-28,Email,Standard
C105963,Aditya Reddy,Female,50.0,Visakhapatnam,Andhra Pradesh,2024-07-22,Email,Standard
C105964,Sneha Singh,Male,33.0,Chennai,Tamil Nadu,2025-06-26,Organic Search,Standard
C105965,Kiran Kumar,Female,55.0,Kakinada,Andhra Pradesh,2024-03-13,Email,Standard
C105966,Priya Das,Female,62.0,Delhi,Delhi,2025-06-08,Instagram,Standard
C105967,Priya Gupta,Male,47.0,Kakinada,Andhra Pradesh,2025-03-18,Instagram,Premium
C105968,Sanjay Varma,Male,28.0,Kolkata,West Bengal,2024-05-20,Google Ads,Basic
C105969,Sanjay Gupta,Female,61.0,Ahmedabad,Gujarat,2024-02-18,Google Ads,Standard
C105970,Priya Sharma,Male,18.0,Ahmedabad,Gujarat,2025-06-28,Organic Search,Standard
C105971,Aarav Patel,Female,61.0,Mumbai,Maharashtra,2024-06-25,Email,Standard
C105972,Divya Singh,Female,18.0,Visakhapatnam,Andhra Pradesh,2024-12-29,Organic Search,Standard
C105973,Sanjay Kumar,Male,20.0,Kakinada,Andhra Pradesh,2024-02-14,Referral,Standard
C105974,Nikhil Singh,Female,20.0,Kolkata,West Bengal,2025-12-04,Google Ads,Standard
C105975,Sai Singh,Female,27.0,Kakinada,Andhra Pradesh,2025-02-04,Referral,Basic
C105976,Aditya Naidu,Male,52.0,Visakhapatnam,Andhra Pradesh,2025-11-11,Instagram,Premium
C105977,Aarav Varma,Female,36.0,Kolkata,West Bengal,2024-04-27,Instagram,Basic
C105978,Aditya Kumar,Male,21.0,Chennai,Tamil Nadu,2024-05-30,Referral,Basic
C105979,Aditya Das,Female,34.0,Visakhapatnam,Andhra Pradesh,2025-03-21,Google Ads,Basic
C105980,Kavya Kumar,Male,65.0,Bengaluru,Karnataka,2025-03-17,Instagram,Premium
C105981,Aditya Rao,Male,43.0,Pune,Maharashtra,2025-07-31,Organic Search,Standard
C105982,Vihaan Varma,Female,52.0,Visakhapatnam,Andhra Pradesh,2025-11-08,Email,Basic
C105983,Aarav Das,Male,30.0,Kakinada,Andhra Pradesh,2025-08-22,Instagram,Basic
C105984,Divya Das,Male,43.0,Mumbai,Maharashtra,2024-04-12,Email,Premium
C105985,Kiran Das,Male,56.0,Hyderabad,Telangana,2024-08-13,Instagram,Basic
C105986,Sai Kumar,Female,50.0,Delhi,Delhi,2025-10-29,Referral,Basic
C105987,Priya Kumar,Female,18.0,Visakhapatnam,Andhra Pradesh,2025-02-04,Email,Basic
C105988,Rahul Sharma,Male,47.0,Pune,Maharashtra,2025-09-24,Referral,Standard
C105989,Rahul Reddy,Male,55.0,Hyderabad,Telangana,2025-02-14,Organic Search,Standard
C105990,Sneha Reddy,Male,24.0,Bengaluru,Karnataka,2024-02-06,Google Ads,Standard
C105991,Vihaan Das,Female,36.0,Delhi,Delhi,2024-12-11,Instagram,Standard
C105992,Vihaan Singh,Male,48.0,Delhi,Delhi,2025-08-25,Referral,Basic
C105993,Sai Naidu,Female,18.0,Bengaluru,Karnataka,2025-04-23,Google Ads,Standard
C105994,Aditya Patel,Male,52.0,Chennai,Tamil Nadu,2024-04-06,Instagram,Premium
C105995,Aarav Singh,Female,58.0,Chennai,Tamil Nadu,2024-06-02,Referral,Basic
C105996,Ananya Sharma,Female,43.0,Bengaluru,Karnataka,2025-09-15,Instagram,Standard
C105997,Priya Naidu,Male,39.0,Mumbai,Maharashtra,2025-12-15,Referral,Premium
C105998,Aarav Gupta,Female,22.0,Kolkata,West Bengal,2025-07-03,Referral,Basic
C105999,Sneha Kumar,Male,52.0,Kakinada,Andhra Pradesh,2024-03-12,Organic Search,Basic
C106000,Arjun Patel,Female,63.0,Kakinada,Andhra Pradesh,2025-03-28,Organic Search,Basic
C106001,Rahul Rao,Male,60.0,Pune,Maharashtra,2025-08-28,Email,Standard
C106002,Arjun Sharma,Male,44.0,Hyderabad,Telangana,2025-04-12,Organic Search,Standard
C106003,Divya Kumar,Male,19.0,Visakhapatnam,Andhra Pradesh,2025-03-09,Referral,Premium
C106004,Aditya Varma,Male,31.0,Kakinada,Andhra Pradesh,2024-12-07,Email,Premium
C106005,Sanjay Naidu,Female,30.0,Mumbai,Maharashtra,2024-06-27,Organic Search,Standard
C106006,Sneha Sharma,Female,18.0,Chennai,Tamil Nadu,2024-07-23,Organic Search,Standard
C106007,Aarav Rao,Male,23.0,Hyderabad,Telangana,2025-06-28,Organic Search,Standard
C106008,Aditya Naidu,Female,45.0,Visakhapatnam,Andhra Pradesh,2024-02-20,YouTube,Premium
C106009,Priya Reddy,Female,22.0,Ahmedabad,Gujarat,2024-03-02,Referral,Basic
C106010,Ananya Das,Male,19.0,Hyderabad,Telangana,2024-10-16,YouTube,Basic
C106011,Arjun Varma,Male,63.0,Ahmedabad,Gujarat,2025-07-19,Google Ads,Premium
C106012,Divya Reddy,Female,47.0,Chennai,Tamil Nadu,2025-04-24,Instagram,Basic
C106013,Sai Reddy,Male,56.0,Pune,Maharashtra,2025-03-06,Instagram,Standard
C106014,Kiran Reddy,Female,29.0,Mumbai,Maharashtra,2025-01-24,Referral,Standard
C106015,Kiran Singh,Male,35.0,Visakhapatnam,Andhra Pradesh,2024-03-21,Instagram,Standard
C106016,Aarav Sharma,Male,47.0,Chennai,Tamil Nadu,2024-08-30,Instagram,Standard
C106017,Aarav Patel,Female,50.0,Visakhapatnam,Andhra Pradesh,2024-02-28,Google Ads,Standard
C106018,Priya Das,Female,35.0,Bengaluru,Karnataka,2025-07-07,Email,Standard
C106019,Arjun Patel,Other,62.0,Pune,Maharashtra,2025-07-02,Instagram,Standard
C106020,Nikhil Patel,Male,51.0,Delhi,Delhi,2024-07-07,Referral,Premium
C106021,Rahul Rao,Female,28.0,Kakinada,Andhra Pradesh,2024-08-01,Email,Standard
C106022,Vihaan Gupta,Female,22.0,Pune,Maharashtra,2024-08-19,Organic Search,Standard
C106023,Nikhil Sharma,Female,,Ahmedabad,Gujarat,2025-10-11,Email,Standard
C106024,Aditya Sharma,Female,58.0,Hyderabad,Telangana,2024-12-22,Google Ads,Standard
C106025,Ananya Gupta,Other,57.0,Kolkata,West Bengal,2025-07-10,YouTube,Standard
C106026,Rohan Patel,Female,40.0,Bengaluru,Karnataka,2024-11-23,Organic Search,Basic
C106027,Aditya Patel,Other,52.0,Delhi,Delhi,2025-05-24,Google Ads,Standard
C106028,Kiran Rao,Female,60.0,Mumbai,Maharashtra,2025-01-20,Instagram,Standard
C106029,Aditya Das,Female,25.0,Hyderabad,Telangana,2024-07-22,Referral,Standard
C106030,Aditya Reddy,Female,65.0,Pune,Maharashtra,2025-10-01,Organic Search,Premium
C106031,Meera Singh,Female,41.0,Mumbai,Maharashtra,2025-06-01,Organic Search,Basic
C106032,Priya Singh,Male,39.0,Pune,Maharashtra,2025-07-15,Organic Search,Basic
C106033,Divya Sharma,Male,25.0,Ahmedabad,Gujarat,2025-11-23,YouTube,Standard
C106034,Vihaan Varma,Male,50.0,Bengaluru,Karnataka,2024-06-30,Email,Standard
C106035,Kavya Sharma,Female,46.0,Ahmedabad,Gujarat,2024-03-07,Instagram,Standard
C106036,Sanjay Gupta,Male,19.0,Mumbai,Maharashtra,2025-03-01,Instagram,Standard
C106037,Priya Rao,Male,49.0,Delhi,Delhi,2024-08-26,Instagram,Basic
C106038,Sanjay Singh,Female,24.0,Pune,Maharashtra,2024-11-14,Instagram,Premium
C106039,Aditya Reddy,Male,31.0,Kolkata,West Bengal,2024-06-20,Instagram,Premium
C106040,Sanjay Rao,Female,47.0,Kolkata,West Bengal,2024-10-17,Google Ads,Premium
C106041,Sanjay Das,Female,55.0,Bengaluru,Karnataka,2024-10-14,Organic Search,Standard
C106042,Aditya Kumar,Male,24.0,Pune,Maharashtra,2024-09-12,Instagram,Basic
C106043,Sai Naidu,Male,40.0,Mumbai,Maharashtra,2025-06-25,Organic Search,Standard
C106044,Kiran Das,Female,31.0,Mumbai,Maharashtra,2025-03-08,YouTube,Premium
C106045,Rahul Das,Female,51.0,Kakinada,Andhra Pradesh,2024-12-12,Instagram,Premium
C106046,Ananya Singh,Male,57.0,Bengaluru,Karnataka,2024-03-23,Instagram,Standard
C106047,Kavya Varma,Male,48.0,Chennai,Tamil Nadu,2025-02-20,Referral,Standard
C106048,Vihaan Singh,Female,56.0,Chennai,Tamil Nadu,2024-05-07,Organic Search,Standard
C106049,Sai Singh,Female,39.0,Mumbai,Maharashtra,2024-08-17,Organic Search,Premium
C106050,Aarav Sharma,Female,46.0,Ahmedabad,Gujarat,2024-10-29,Instagram,Basic
C106051,Sneha Das,Male,32.0,Chennai,Tamil Nadu,2024-04-13,Email,Standard
C106052,Ananya Singh,Other,65.0,Ahmedabad,Gujarat,2024-10-11,Organic Search,Basic
C106053,Sai Sharma,Female,27.0,Delhi,Delhi,2024-07-13,Google Ads,Standard
C106054,Priya Rao,Male,62.0,Visakhapatnam,Andhra Pradesh,2025-09-12,Email,Standard
C106055,Kiran Das,Female,53.0,Ahmedabad,Gujarat,2025-09-19,Referral,Premium
C106056,Kiran Kumar,Female,65.0,Delhi,Delhi,2024-01-04,Instagram,Basic
C106057,Divya Varma,Female,48.0,Kakinada,Andhra Pradesh,2025-03-15,YouTube,Premium
C106058,Divya Varma,Female,34.0,Visakhapatnam,Andhra Pradesh,2025-04-12,Google Ads,Standard
C106059,Sneha Gupta,Male,31.0,Pune,Maharashtra,2024-10-02,Organic Search,Standard
C106060,Meera Patel,Female,26.0,Hyderabad,Telangana,2024-12-08,Email,Standard
C106061,Aditya Singh,Male,64.0,Pune,Maharashtra,2025-07-30,Google Ads,Standard
C106062,Ananya Das,Female,23.0,Kolkata,West Bengal,2024-10-02,Email,Standard
C106063,Kavya Rao,Male,56.0,Delhi,Delhi,2024-02-17,Instagram,Premium
C106064,Vihaan Patel,Male,51.0,Bengaluru,Karnataka,2024-09-28,Google Ads,Standard
C106065,Sai Gupta,Female,24.0,Pune,Maharashtra,2024-07-04,Google Ads,Basic
C106066,Sneha Rao,Male,61.0,Visakhapatnam,Andhra Pradesh,2024-10-06,Organic Search,Premium
C106067,Kavya Varma,Female,25.0,Delhi,Delhi,2024-06-16,YouTube,Premium
C106068,Aarav Sharma,Male,25.0,Chennai,Tamil Nadu,2024-04-19,Google Ads,Basic
C106069,Kiran Rao,Male,44.0,Hyderabad,Telangana,2025-12-20,Referral,Standard
C106070,Sanjay Varma,Male,22.0,Ahmedabad,Gujarat,2024-04-04,YouTube,Standard
C106071,Rahul Sharma,Male,22.0,Visakhapatnam,Andhra Pradesh,2025-05-30,Email,Standard
C106072,Ananya Kumar,Male,47.0,Ahmedabad,Gujarat,2025-06-07,Instagram,Standard
C106073,Arjun Rao,Male,64.0,Chennai,Tamil Nadu,2025-03-26,Google Ads,Standard
C106074,Rahul Singh,Female,20.0,Hyderabad,Telangana,2025-10-27,Google Ads,Basic
C106075,Divya Gupta,Male,48.0,Chennai,Tamil Nadu,2024-01-04,Google Ads,Standard
C106076,Kiran Das,Male,46.0,Kakinada,Andhra Pradesh,2024-08-08,Referral,Standard
C106077,Aarav Sharma,Male,21.0,Hyderabad,Telangana,2024-05-14,Organic Search,Standard
C106078,Sanjay Sharma,Male,25.0,Mumbai,Maharashtra,2025-02-25,Email,Standard
C106079,Nikhil Rao,Male,39.0,Visakhapatnam,Andhra Pradesh,2025-04-08,Google Ads,Standard
C106080,Arjun Sharma,Male,51.0,Pune,Maharashtra,2025-10-17,Organic Search,Standard
C106081,Rohan Patel,Female,28.0,Bengaluru,Karnataka,2024-10-04,Referral,Basic
C106082,Sneha Reddy,Female,38.0,Hyderabad,Telangana,2024-06-21,Organic Search,Premium
C106083,Rohan Sharma,Female,41.0,Chennai,Tamil Nadu,2025-11-05,Instagram,Premium
C106084,Priya Kumar,Female,52.0,Pune,Maharashtra,2025-05-06,Google Ads,Basic
C106085,Meera Sharma,Female,29.0,Visakhapatnam,Andhra Pradesh,2025-07-12,Google Ads,Standard
C106086,Priya Reddy,Male,51.0,Visakhapatnam,Andhra Pradesh,2024-11-20,Google Ads,Premium
C106087,Meera Naidu,Male,57.0,Chennai,Tamil Nadu,2024-11-22,Email,Basic
C106088,Kavya Patel,Female,45.0,Chennai,Tamil Nadu,2024-10-11,Referral,Standard
C106089,Meera Gupta,Male,52.0,Kakinada,Andhra Pradesh,2025-07-01,Google Ads,Standard
C106090,Divya Patel,Male,26.0,Ahmedabad,Gujarat,2024-06-02,Referral,Basic
C106091,Sai Gupta,Female,61.0,Mumbai,Maharashtra,2025-12-13,Email,Standard
C106092,Rahul Singh,Male,32.0,Kolkata,West Bengal,2024-05-08,Email,Standard
C106093,Rahul Gupta,Male,27.0,Ahmedabad,Gujarat,2024-12-02,Organic Search,Standard
C106094,Ananya Rao,Female,44.0,Mumbai,Maharashtra,2024-08-17,Organic Search,Standard
C106095,Sneha Varma,Male,36.0,Kakinada,Andhra Pradesh,2025-04-14,Organic Search,Standard
C106096,Kavya Naidu,Male,40.0,Mumbai,Maharashtra,2025-05-11,Instagram,Standard
C106097,Arjun Singh,Male,56.0,Pune,Maharashtra,2025-11-01,Organic Search,Standard
C106098,Meera Varma,Male,43.0,Chennai,Tamil Nadu,2025-07-30,Google Ads,Premium
C106099,Aarav Patel,Female,35.0,Kolkata,West Bengal,2024-06-30,Email,Standard
C106100,Kiran Patel,Female,56.0,Kakinada,Andhra Pradesh,2024-05-30,YouTube,Premium
C106101,Priya Singh,Male,36.0,Delhi,Delhi,2025-10-09,Google Ads,Basic
C106102,Ananya Naidu,Male,63.0,Delhi,Delhi,2024-12-22,Google Ads,Standard
C106103,Aarav Varma,Male,65.0,Ahmedabad,Gujarat,2024-03-12,Instagram,Standard
C106104,Kavya Reddy,Female,40.0,Kakinada,Andhra Pradesh,2025-08-25,YouTube,Standard
C106105,Rohan Sharma,Male,55.0,Kakinada,Andhra Pradesh,2025-04-18,Google Ads,Premium
C106106,Meera Patel,Male,51.0,Ahmedabad,Gujarat,2024-01-19,Organic Search,Standard
C106107,Vihaan Patel,Female,59.0,Ahmedabad,Gujarat,2025-07-25,Instagram,Premium
C106108,Nikhil Gupta,Female,40.0,Ahmedabad,Gujarat,2025-03-19,Instagram,Standard
C106109,Arjun Singh,Female,37.0,Kakinada,Andhra Pradesh,2025-03-24,Instagram,Premium
C106110,Kavya Sharma,Female,31.0,Hyderabad,Telangana,2025-09-23,Organic Search,Standard
C106111,Sneha Sharma,Female,46.0,Pune,Maharashtra,2024-12-27,Instagram,Premium
C106112,Nikhil Rao,Female,47.0,Hyderabad,Telangana,2024-12-02,YouTube,Premium
C106113,Kavya Das,Female,39.0,Pune,Maharashtra,2025-03-26,Email,Standard
C106114,Vihaan Rao,Male,32.0,Delhi,Delhi,2024-05-24,YouTube,Standard
C106115,Sneha Sharma,Male,39.0,Delhi,Delhi,2024-04-20,Google Ads,Standard
C106116,Kiran Gupta,Male,42.0,Visakhapatnam,Andhra Pradesh,2025-09-07,Referral,Standard
C106117,Sai Das,Other,24.0,Ahmedabad,Gujarat,2024-06-06,Instagram,Basic
C106118,Arjun Singh,Female,49.0,Pune,Maharashtra,2025-01-03,Referral,Standard
C106119,Sai Gupta,Female,58.0,Visakhapatnam,Andhra Pradesh,2024-07-16,Referral,Standard
C106120,Aarav Sharma,Male,33.0,Hyderabad,Telangana,2024-06-17,Instagram,Standard
C106121,Ananya Sharma,Female,36.0,Kolkata,West Bengal,2025-03-12,YouTube,Premium
C106122,Kavya Das,Male,22.0,Bengaluru,Karnataka,2025-08-08,Instagram,Premium
C106123,Aarav Das,Male,45.0,Mumbai,Maharashtra,2024-11-18,Google Ads,Basic
C106124,Kavya Gupta,Female,38.0,Bengaluru,Karnataka,2024-04-11,Email,Premium
C106125,Vihaan Rao,Female,59.0,Pune,Maharashtra,2024-06-27,Referral,Premium
C106126,Sneha Rao,Female,61.0,Kolkata,West Bengal,2024-04-30,Google Ads,Standard
C106127,Sai Varma,Male,55.0,Ahmedabad,Gujarat,2025-10-06,YouTube,Basic
C106128,Divya Naidu,Male,28.0,Chennai,Tamil Nadu,2024-08-21,Instagram,Standard
C106129,Priya Das,Male,27.0,Kakinada,Andhra Pradesh,2024-09-29,Referral,Basic
C106130,Ananya Naidu,Male,41.0,Delhi,Delhi,2024-02-21,Instagram,Standard
C106131,Priya Reddy,Female,47.0,Bengaluru,Karnataka,2024-11-21,Instagram,Basic
C106132,Kiran Gupta,Male,19.0,Hyderabad,Telangana,2025-10-29,Referral,Basic
C106133,Kavya Reddy,Male,41.0,Bengaluru,Karnataka,2024-10-26,Organic Search,Standard
C106134,Rahul Kumar,Male,22.0,Chennai,Tamil Nadu,2025-04-20,Referral,Basic
C106135,Ananya Varma,Female,30.0,Chennai,Tamil Nadu,2024-05-12,Google Ads,Basic
C106136,Aditya Patel,Female,35.0,Visakhapatnam,Andhra Pradesh,2024-04-14,Instagram,Premium
C106137,Divya Gupta,Male,19.0,Bengaluru,Karnataka,2025-06-18,YouTube,Standard
C106138,Vihaan Das,Male,30.0,Mumbai,Maharashtra,2024-02-17,Instagram,Standard
C106139,Nikhil Kumar,Female,48.0,Kakinada,Andhra Pradesh,2024-11-23,Referral,Basic
C106140,Sai Das,Female,65.0,Hyderabad,Telangana,2024-08-19,Instagram,Standard
C106141,Divya Singh,Male,55.0,Chennai,Tamil Nadu,2024-01-12,Instagram,Standard
C106142,Vihaan Varma,Male,32.0,Bengaluru,Karnataka,2025-01-22,Instagram,Standard
C106143,Priya Rao,Other,63.0,Pune,Maharashtra,2025-12-04,Instagram,Basic
C106144,Sneha Singh,Female,39.0,Kakinada,Andhra Pradesh,2024-02-20,Referral,Premium
C106145,Nikhil Kumar,Male,35.0,Mumbai,Maharashtra,2025-08-18,Google Ads,Standard
C106146,Aditya Sharma,Male,58.0,Delhi,Delhi,2025-01-28,Organic Search,Standard
C106147,Nikhil Singh,Male,37.0,Chennai,Tamil Nadu,2025-06-12,Instagram,Basic
C106148,Sneha Kumar,Male,53.0,Ahmedabad,Gujarat,2024-03-11,Google Ads,Basic
C106149,Divya Singh,Male,25.0,Kakinada,Andhra Pradesh,2025-09-26,Google Ads,Premium
C106150,Nikhil Kumar,Male,33.0,Hyderabad,Telangana,2024-01-09,Google Ads,Basic
C106151,Sai Singh,Male,65.0,Chennai,Tamil Nadu,2025-10-23,Instagram,Basic
C106152,Vihaan Naidu,Male,29.0,Ahmedabad,Gujarat,2025-04-25,Instagram,Premium
C106153,Kavya Patel,Male,58.0,Hyderabad,Telangana,2024-09-03,Instagram,Standard
C106154,Kiran Reddy,Male,40.0,Visakhapatnam,Andhra Pradesh,2024-01-06,Google Ads,Premium
C106155,Sai Sharma,Female,63.0,Mumbai,Maharashtra,2025-03-21,Instagram,Premium
C106156,Rahul Das,Male,37.0,Pune,Maharashtra,2024-03-04,Google Ads,Basic
C106157,Sneha Rao,Female,41.0,Kakinada,Andhra Pradesh,2025-03-20,Google Ads,Standard
C106158,Priya Das,Female,36.0,Kolkata,West Bengal,2025-07-18,Google Ads,Standard
C106159,Rohan Naidu,Female,28.0,Kakinada,Andhra Pradesh,2024-07-14,Instagram,Premium
C106160,Divya Kumar,Male,58.0,Kolkata,West Bengal,2024-06-23,Referral,Premium
C106161,Arjun Singh,Male,45.0,Mumbai,Maharashtra,2024-06-11,Google Ads,Standard
C106162,Priya Kumar,Female,42.0,Kolkata,West Bengal,2024-06-13,YouTube,Standard
C106163,Rahul Varma,Male,35.0,Kolkata,West Bengal,2024-03-24,Instagram,Basic
C106164,Sai Gupta,Male,55.0,Delhi,Delhi,2024-07-01,Instagram,Premium
C106165,Arjun Singh,Male,34.0,Hyderabad,Telangana,2025-04-26,Organic Search,Standard
C106166,Nikhil Gupta,Female,29.0,Kolkata,West Bengal,2024-08-08,Google Ads,Standard
C106167,Kavya Kumar,Female,21.0,Pune,Maharashtra,2025-07-24,Instagram,Standard
C106168,Kiran Rao,Male,59.0,Ahmedabad,Gujarat,2025-08-21,Organic Search,Standard
C106169,Arjun Gupta,Female,21.0,Bengaluru,Karnataka,2025-07-09,Referral,Standard
C106170,Sai Patel,Female,58.0,Pune,Maharashtra,2025-01-28,Email,Basic
C106171,Aditya Rao,Male,36.0,Visakhapatnam,Andhra Pradesh,2024-08-18,Instagram,Standard
C106172,Rohan Kumar,Male,18.0,Visakhapatnam,Andhra Pradesh,2025-11-09,Google Ads,Basic
C106173,Priya Varma,Male,62.0,Kakinada,Andhra Pradesh,2024-05-29,Google Ads,Premium
C106174,Meera Patel,Female,53.0,Mumbai,Maharashtra,2024-12-05,Organic Search,Premium
C106175,Sneha Rao,Female,52.0,Bengaluru,Karnataka,2024-11-27,Google Ads,Standard
C106176,Kiran Rao,Female,44.0,Pune,Maharashtra,2025-06-28,Referral,Standard
C106177,Vihaan Varma,Female,54.0,Chennai,Tamil Nadu,2025-02-03,YouTube,Premium
C106178,Kavya Sharma,Male,24.0,Mumbai,Maharashtra,2025-08-06,YouTube,Premium
C106179,Nikhil Rao,Female,29.0,Bengaluru,Karnataka,2025-11-01,Instagram,Premium
C106180,Aarav Gupta,Female,44.0,Bengaluru,Karnataka,2024-10-12,Referral,Premium
C106181,Sanjay Kumar,Female,53.0,Delhi,Delhi,2025-09-30,Email,Premium
C106182,Sneha Sharma,Male,,Ahmedabad,Gujarat,2024-05-03,Organic Search,Basic
C106183,Aditya Rao,Male,37.0,Hyderabad,Telangana,2025-10-30,YouTube,Basic
C106184,Divya Varma,Male,50.0,Bengaluru,Karnataka,2024-05-09,Organic Search,Standard
C106185,Ananya Reddy,Male,20.0,Mumbai,Maharashtra,2025-09-12,Email,Premium
C106186,Rohan Patel,Female,42.0,Visakhapatnam,Andhra Pradesh,2024-10-11,Instagram,Standard
C106187,Aarav Singh,Female,36.0,Kakinada,Andhra Pradesh,2025-12-05,Referral,Basic
C106188,Rohan Reddy,Female,41.0,Chennai,Tamil Nadu,2024-04-04,Referral,Basic
C106189,Nikhil Varma,Male,24.0,Hyderabad,Telangana,2024-12-05,Email,Standard
C106190,Divya Varma,Male,61.0,Hyderabad,Telangana,2025-10-20,Referral,Premium
C106191,Sneha Varma,Male,58.0,Visakhapatnam,Andhra Pradesh,2024-02-04,Google Ads,Standard
C106192,Ananya Naidu,Other,63.0,Chennai,Tamil Nadu,2024-07-12,Referral,Standard
C106193,Kavya Das,Female,58.0,Hyderabad,Telangana,2024-03-02,YouTube,Premium
C106194,Aarav Singh,Male,49.0,Visakhapatnam,Andhra Pradesh,2024-08-22,Google Ads,Standard
C106195,Ananya Singh,Female,31.0,Pune,Maharashtra,2024-10-11,Organic Search,Premium
C106196,Priya Das,Female,23.0,Delhi,Delhi,2025-03-27,Email,Premium
C106197,Rahul Das,Male,47.0,Chennai,Tamil Nadu,2024-07-07,Google Ads,Standard
C106198,Meera Patel,Male,63.0,Mumbai,Maharashtra,2024-04-25,Google Ads,Basic
C106199,Kiran Gupta,Male,35.0,Kakinada,Andhra Pradesh,2024-05-04,Referral,Premium
C106200,Aditya Gupta,Male,65.0,Ahmedabad,Gujarat,2025-11-16,Organic Search,Basic
C106201,Vihaan Varma,Female,25.0,Bengaluru,Karnataka,2025-11-26,Instagram,Standard
C106202,Arjun Das,Male,31.0,Ahmedabad,Gujarat,2024-06-10,YouTube,Standard
C106203,Priya Reddy,Female,49.0,Bengaluru,Karnataka,2024-05-22,Organic Search,Premium
C106204,Sanjay Naidu,Female,41.0,Chennai,Tamil Nadu,2024-02-09,Google Ads,Standard
C106205,Priya Rao,Female,54.0,Ahmedabad,Gujarat,2025-12-01,Instagram,Premium
C106206,Nikhil Singh,Female,34.0,Hyderabad,Telangana,2025-05-30,Instagram,Standard
C106207,Divya Das,Male,55.0,Ahmedabad,Gujarat,2025-07-09,Instagram,Basic
C106208,Aarav Sharma,Female,32.0,Mumbai,Maharashtra,2024-07-31,Instagram,Premium
C106209,Kiran Varma,Male,25.0,Kolkata,West Bengal,2025-04-12,Instagram,Standard
C106210,Priya Varma,Female,45.0,Chennai,Tamil Nadu,2024-02-13,YouTube,Standard
C106211,Sneha Gupta,Female,42.0,Hyderabad,Telangana,2025-05-08,Email,Standard
C106212,Aarav Rao,Male,45.0,Ahmedabad,Gujarat,2025-02-27,Organic Search,Basic
C106213,Meera Patel,Male,19.0,Mumbai,Maharashtra,2024-08-29,Referral,Premium
C106214,Kavya Naidu,Female,37.0,Kakinada,Andhra Pradesh,2025-06-02,Email,Standard
C106215,Rahul Gupta,Female,22.0,Visakhapatnam,Andhra Pradesh,2025-04-16,Organic Search,Standard
C106216,Sai Reddy,Female,56.0,Bengaluru,Karnataka,2024-11-16,Google Ads,Basic
C106217,Kavya Patel,Male,21.0,Kolkata,West Bengal,2024-05-16,Email,Standard
C106218,Sanjay Reddy,Female,62.0,Delhi,Delhi,2024-01-18,Organic Search,Premium
C106219,Nikhil Sharma,Female,20.0,Kolkata,West Bengal,2025-11-15,YouTube,Premium
C106220,Kiran Gupta,Male,47.0,Pune,Maharashtra,2024-07-24,Google Ads,Standard
C106221,Sneha Singh,Female,34.0,Mumbai,Maharashtra,2024-08-08,Organic Search,Standard
C106222,Sanjay Gupta,Female,23.0,Kolkata,West Bengal,2025-05-12,Referral,Standard
C106223,Aditya Singh,Female,35.0,Mumbai,Maharashtra,2024-07-05,Google Ads,Premium
C106224,Priya Reddy,Male,19.0,Kakinada,Andhra Pradesh,2024-10-01,Google Ads,Premium
C106225,Ananya Naidu,Male,51.0,Kakinada,Andhra Pradesh,2025-06-03,Google Ads,Standard
C106226,Kavya Patel,Other,59.0,Bengaluru,Karnataka,2025-03-10,Google Ads,Premium
C106227,Kavya Das,Female,33.0,Ahmedabad,Gujarat,2025-04-24,Instagram,Basic
C106228,Divya Rao,Male,39.0,Kakinada,Andhra Pradesh,2024-01-04,Instagram,Basic
C106229,Divya Sharma,Female,24.0,Bengaluru,Karnataka,2024-11-25,Organic Search,Premium
C106230,Kiran Gupta,Male,41.0,Ahmedabad,Gujarat,2024-12-12,Organic Search,Standard
C106231,Nikhil Kumar,Female,63.0,Kakinada,Andhra Pradesh,2025-04-06,Organic Search,Premium
C106232,Ananya Das,Male,43.0,Mumbai,Maharashtra,2024-04-20,Referral,Basic
C106233,Kiran Reddy,Male,60.0,Pune,Maharashtra,2024-04-26,YouTube,Standard
C106234,Kavya Varma,Other,55.0,Ahmedabad,Gujarat,2025-07-10,Referral,Standard
C106235,Sneha Gupta,Male,23.0,Delhi,Delhi,2025-05-06,Referral,Standard
C106236,Sneha Patel,Female,20.0,Mumbai,Maharashtra,2025-08-15,Referral,Premium
C106237,Aarav Varma,Female,35.0,Delhi,Delhi,2024-07-16,Google Ads,Standard
C106238,Rohan Sharma,Male,63.0,Delhi,Delhi,2025-12-29,Email,Standard
C106239,Arjun Varma,Female,26.0,Ahmedabad,Gujarat,2024-07-18,Google Ads,Standard
C106240,Sneha Kumar,Female,20.0,Delhi,Delhi,2025-04-20,YouTube,Premium
C106241,Ananya Varma,Female,64.0,Delhi,Delhi,2024-04-28,Instagram,Basic
C106242,Rohan Sharma,Female,27.0,Kakinada,Andhra Pradesh,2025-11-01,Instagram,Standard
C106243,Meera Reddy,Male,35.0,Pune,Maharashtra,2024-08-30,Google Ads,Basic
C106244,Priya Kumar,Male,55.0,Kakinada,Andhra Pradesh,2025-08-08,Instagram,Premium
C106245,Kavya Naidu,Male,22.0,Ahmedabad,Gujarat,2024-08-29,YouTube,Basic
C106246,Sanjay Sharma,Female,26.0,Visakhapatnam,Andhra Pradesh,2025-07-31,Referral,Standard
C106247,Divya Singh,Male,52.0,Bengaluru,Karnataka,2024-11-27,Google Ads,Standard
C106248,Rohan Sharma,Male,18.0,Kakinada,Andhra Pradesh,2024-02-15,Email,Basic
C106249,Meera Patel,Female,52.0,Kakinada,Andhra Pradesh,2024-05-19,Google Ads,Standard
C106250,Ananya Sharma,Male,44.0,Hyderabad,Telangana,2025-05-13,Instagram,Standard
C106251,Nikhil Reddy,Female,29.0,Delhi,Delhi,2024-05-20,Google Ads,Basic
C106252,Aarav Patel,Male,47.0,Chennai,Tamil Nadu,2024-07-19,Google Ads,Premium
C106253,Divya Das,Male,33.0,Chennai,Tamil Nadu,2025-01-30,Email,Premium
C106254,Rohan Varma,Male,63.0,Ahmedabad,Gujarat,2024-07-03,Organic Search,Basic
C106255,Divya Patel,Male,37.0,Kolkata,West Bengal,2024-04-04,Google Ads,Basic
C106256,Kiran Das,Female,53.0,Mumbai,Maharashtra,2025-03-31,Email,Standard
C106257,Sai Varma,Male,30.0,Kolkata,West Bengal,2025-05-17,Email,Basic
C106258,Ananya Sharma,Female,58.0,Kakinada,Andhra Pradesh,2025-06-19,Google Ads,Basic
C106259,Rohan Das,Female,31.0,Chennai,Tamil Nadu,2025-11-20,Referral,Standard
C106260,Arjun Kumar,Male,42.0,Kakinada,Andhra Pradesh,2024-03-31,Google Ads,Premium
C106261,Vihaan Gupta,Female,56.0,Kolkata,West Bengal,2024-11-07,Google Ads,Standard
C106262,Meera Gupta,Female,62.0,Kakinada,Andhra Pradesh,2024-06-19,Google Ads,Standard
C106263,Arjun Gupta,Male,54.0,Kakinada,Andhra Pradesh,2025-10-19,Google Ads,Premium
C106264,Aditya Naidu,Female,50.0,Hyderabad,Telangana,2025-01-29,Referral,Basic
C106265,Sai Varma,Male,51.0,Visakhapatnam,Andhra Pradesh,2024-03-12,Organic Search,Standard
C106266,Aarav Das,Female,37.0,Bengaluru,Karnataka,2025-05-20,Google Ads,Basic
C106267,Meera Kumar,Male,50.0,Visakhapatnam,Andhra Pradesh,2024-02-01,YouTube,Standard
C106268,Nikhil Gupta,Female,45.0,Visakhapatnam,Andhra Pradesh,2024-07-19,Instagram,Standard
C106269,Vihaan Singh,Female,43.0,Mumbai,Maharashtra,2025-06-10,Google Ads,Standard
C106270,Kavya Naidu,Female,33.0,Hyderabad,Telangana,2025-01-04,Email,Standard
C106271,Divya Gupta,Other,34.0,Chennai,Tamil Nadu,2025-07-09,Referral,Standard
C106272,Sai Reddy,Male,23.0,Delhi,Delhi,2025-02-20,YouTube,Premium
C106273,Rahul Rao,Female,52.0,Pune,Maharashtra,2025-09-07,Google Ads,Basic
C106274,Sai Sharma,Male,19.0,Hyderabad,Telangana,2025-02-14,Google Ads,Standard
C106275,Priya Gupta,Male,23.0,Hyderabad,Telangana,2024-02-11,Referral,Standard
C106276,Ananya Sharma,Male,32.0,Chennai,Tamil Nadu,2024-02-22,Referral,Standard
C106277,Rohan Das,Female,,Ahmedabad,Gujarat,2025-07-21,Organic Search,Basic
C106278,Sanjay Rao,Female,53.0,Delhi,Delhi,2024-01-29,Organic Search,Standard
C106279,Sai Singh,Male,24.0,Delhi,Delhi,2024-10-01,Instagram,Premium
C106280,Arjun Das,Other,39.0,Bengaluru,Karnataka,2024-01-12,Organic Search,Basic
C106281,Meera Patel,Female,53.0,Mumbai,Maharashtra,2024-08-09,Email,Basic
C106282,Aditya Singh,Male,46.0,Mumbai,Maharashtra,2025-03-10,Referral,Premium
C106283,Nikhil Das,Male,46.0,Mumbai,Maharashtra,2024-05-06,Google Ads,Basic
C106284,Ananya Das,Female,34.0,Delhi,Delhi,2024-12-06,YouTube,Basic
C106285,Aditya Varma,Female,39.0,Mumbai,Maharashtra,2025-12-28,Organic Search,Premium
C106286,Aditya Varma,Male,54.0,Kolkata,West Bengal,2024-02-21,Google Ads,Basic
C106287,Vihaan Sharma,Female,40.0,Delhi,Delhi,2024-02-16,Google Ads,Premium
C106288,Rahul Naidu,Male,51.0,Ahmedabad,Gujarat,2024-07-17,Email,Basic
C106289,Nikhil Kumar,Female,57.0,Kolkata,West Bengal,2025-08-26,YouTube,Premium
C106290,Rohan Singh,Male,29.0,Kolkata,West Bengal,2024-10-23,Referral,Standard
C106291,Priya Rao,Male,23.0,Pune,Maharashtra,2025-04-11,Organic Search,Basic
C106292,Nikhil Sharma,Male,40.0,Kakinada,Andhra Pradesh,2024-01-25,Google Ads,Premium
C106293,Nikhil Das,Female,36.0,Mumbai,Maharashtra,2025-06-20,Google Ads,Basic
C106294,Divya Rao,Male,25.0,Kakinada,Andhra Pradesh,2024-02-19,Email,Premium
C106295,Rahul Sharma,Male,54.0,Mumbai,Maharashtra,2025-06-03,Instagram,Premium
C106296,Rahul Varma,Male,47.0,Bengaluru,Karnataka,2024-04-17,Instagram,Basic
C106297,Nikhil Gupta,Female,49.0,Visakhapatnam,Andhra Pradesh,2025-09-18,Organic Search,Basic
C106298,Aditya Patel,Male,52.0,Visakhapatnam,Andhra Pradesh,2024-08-04,Google Ads,Standard
C106299,Aarav Patel,Male,38.0,Hyderabad,Telangana,2024-05-14,Instagram,Basic
C106300,Nikhil Sharma,Male,42.0,Pune,Maharashtra,2024-09-02,Instagram,Premium
C106301,Aarav Rao,Female,28.0,Pune,Maharashtra,2024-01-01,Google Ads,Standard
C106302,Priya Naidu,Male,53.0,Mumbai,Maharashtra,2024-04-30,Google Ads,Basic
C106303,Kavya Das,Male,63.0,Pune,Maharashtra,2025-03-12,Google Ads,Basic
C106304,Kiran Singh,Female,59.0,Kolkata,West Bengal,2024-08-07,YouTube,Standard
C106305,Rahul Varma,Female,37.0,Pune,Maharashtra,2024-09-15,Email,Standard
C106306,Ananya Naidu,Female,20.0,Pune,Maharashtra,2025-08-12,Email,Standard
C106307,Priya Gupta,Male,60.0,Visakhapatnam,Andhra Pradesh,2024-03-31,Instagram,Premium
C106308,Meera Sharma,Female,45.0,Mumbai,Maharashtra,2024-10-16,Instagram,Basic
C106309,Meera Sharma,Female,55.0,Kolkata,West Bengal,2024-05-15,Organic Search,Standard
C106310,Meera Gupta,Female,32.0,Delhi,Delhi,2024-12-18,Email,Standard
C106311,Aarav Reddy,Female,59.0,Kakinada,Andhra Pradesh,2024-08-30,Organic Search,Premium
C106312,Ananya Patel,Female,58.0,Mumbai,Maharashtra,2024-02-03,Google Ads,Standard
C106313,Nikhil Patel,Female,18.0,Visakhapatnam,Andhra Pradesh,2024-02-21,Referral,Basic
C106314,Rohan Sharma,Male,45.0,Kolkata,West Bengal,2025-09-14,Referral,Standard
C106315,Aditya Varma,Other,40.0,Mumbai,Maharashtra,2024-02-11,Instagram,Basic
C106316,Sai Patel,Female,49.0,Ahmedabad,Gujarat,2025-07-25,Organic Search,Standard
C106317,Priya Das,Female,30.0,Mumbai,Maharashtra,2025-10-30,Google Ads,Standard
C106318,Divya Varma,Male,22.0,Mumbai,Maharashtra,2024-12-06,Referral,Basic
C106319,Aarav Naidu,Male,31.0,Delhi,Delhi,2024-08-15,Instagram,Premium
C106320,Rohan Patel,Female,43.0,Kolkata,West Bengal,2025-07-20,Email,Standard
C106321,Priya Kumar,Female,30.0,Delhi,Delhi,2025-12-18,Organic Search,Standard
C106322,Kavya Reddy,Male,40.0,Pune,Maharashtra,2024-03-28,Google Ads,Premium
C106323,Ananya Naidu,Female,36.0,Pune,Maharashtra,2025-12-04,YouTube,Basic
C106324,Arjun Rao,Male,51.0,Bengaluru,Karnataka,2025-11-19,Google Ads,Standard
C106325,Arjun Kumar,Female,37.0,Mumbai,Maharashtra,2024-04-14,Organic Search,Standard
C106326,Divya Varma,Female,24.0,Delhi,Delhi,2024-02-09,Organic Search,Standard
C106327,Rohan Patel,Female,48.0,Mumbai,Maharashtra,2025-06-05,YouTube,Standard
C106328,Aditya Sharma,Male,28.0,Kakinada,Andhra Pradesh,2024-02-26,Organic Search,Standard
C106329,Rohan Patel,Male,32.0,Delhi,Delhi,2025-03-14,Referral,Premium
C106330,Divya Sharma,Male,51.0,Chennai,Tamil Nadu,2024-02-17,Google Ads,Basic
C106331,Vihaan Varma,Female,31.0,Kolkata,West Bengal,2025-05-19,Organic Search,Premium
C106332,Aditya Naidu,Female,20.0,Ahmedabad,Gujarat,2024-06-18,Organic Search,Standard
C106333,Aditya Reddy,Female,35.0,Kolkata,West Bengal,2024-03-11,Referral,Standard
C106334,Sanjay Reddy,Female,36.0,Pune,Maharashtra,2024-02-18,Email,Standard
C106335,Rahul Naidu,Male,50.0,Kakinada,Andhra Pradesh,2024-05-17,Referral,Standard
C106336,Nikhil Kumar,Male,52.0,Visakhapatnam,Andhra Pradesh,2025-01-29,Instagram,Standard
C106337,Sanjay Patel,Female,18.0,Mumbai,Maharashtra,2024-02-25,Instagram,Standard
C106338,Rohan Varma,Female,54.0,Bengaluru,Karnataka,2025-08-08,Email,Standard
C106339,Meera Das,Male,53.0,Delhi,Delhi,2025-03-17,Email,Basic
C106340,Sai Naidu,Female,,Visakhapatnam,Andhra Pradesh,2024-08-05,Email,Premium
C106341,Vihaan Singh,Female,34.0,Kakinada,Andhra Pradesh,2025-12-21,Referral,Standard
C106342,Arjun Patel,Male,54.0,Ahmedabad,Gujarat,2025-04-25,Google Ads,Standard
C106343,Meera Reddy,Male,45.0,Kolkata,West Bengal,2025-05-05,Google Ads,Basic
C106344,Divya Reddy,Female,34.0,Mumbai,Maharashtra,2024-05-06,Instagram,Premium
C106345,Meera Patel,Male,54.0,Pune,Maharashtra,2025-06-02,Instagram,Premium
C106346,Sai Naidu,Male,48.0,Bengaluru,Karnataka,2025-02-12,Email,Standard
C106347,Sanjay Varma,Female,42.0,Pune,Maharashtra,2025-12-19,Organic Search,Standard
C106348,Meera Rao,Other,18.0,Bengaluru,Karnataka,2024-12-14,YouTube,Premium
C106349,Aarav Varma,Male,49.0,Hyderabad,Telangana,2025-05-09,Instagram,Basic
C106350,Sneha Reddy,Male,26.0,Kakinada,Andhra Pradesh,2024-09-06,Organic Search,Standard
C106351,Divya Patel,Female,62.0,Visakhapatnam,Andhra Pradesh,2024-01-30,Referral,Basic
C106352,Divya Kumar,Male,27.0,Kolkata,West Bengal,2024-04-03,Google Ads,Basic
C106353,Aditya Gupta,Female,19.0,Kolkata,West Bengal,2025-09-24,Organic Search,Basic
C106354,Aditya Das,Female,36.0,Mumbai,Maharashtra,2025-06-22,YouTube,Standard
C106355,Kiran Singh,Male,34.0,Pune,Maharashtra,2024-09-23,Google Ads,Standard
C106356,Meera Naidu,Female,34.0,Ahmedabad,Gujarat,2025-05-24,Email,Basic
C106357,Nikhil Rao,Male,62.0,Pune,Maharashtra,2024-01-04,Google Ads,Premium
C106358,Aditya Naidu,Female,31.0,Mumbai,Maharashtra,2024-01-28,Instagram,Basic
C106359,Rohan Singh,Female,58.0,Delhi,Delhi,2025-01-05,Instagram,Standard
C106360,Aditya Naidu,Male,25.0,Visakhapatnam,Andhra Pradesh,2025-04-01,Instagram,Basic
C106361,Nikhil Das,Male,47.0,Mumbai,Maharashtra,2025-11-15,Organic Search,Standard
C106362,Sai Sharma,Female,24.0,Kakinada,Andhra Pradesh,2025-07-08,Instagram,Standard
C106363,Meera Kumar,Male,29.0,Ahmedabad,Gujarat,2024-07-06,Email,Standard
C106364,Ananya Naidu,Male,25.0,Visakhapatnam,Andhra Pradesh,2025-08-18,Organic Search,Standard
C106365,Meera Das,Male,33.0,Pune,Maharashtra,2024-12-24,Organic Search,Standard
C106366,Kiran Sharma,Male,40.0,Mumbai,Maharashtra,2025-08-26,Google Ads,Standard
C106367,Arjun Gupta,Female,59.0,Hyderabad,Telangana,2024-05-06,Instagram,Standard
C106368,Nikhil Reddy,Male,54.0,Pune,Maharashtra,2024-01-20,Google Ads,Basic
C106369,Divya Singh,Male,51.0,Delhi,Delhi,2024-02-12,Instagram,Basic
C106370,Kiran Patel,Male,41.0,Bengaluru,Karnataka,2025-12-24,Google Ads,Basic
C106371,Sai Patel,Female,31.0,Kakinada,Andhra Pradesh,2024-02-28,Referral,Basic
C106372,Sanjay Rao,Female,32.0,Kakinada,Andhra Pradesh,2025-11-16,Email,Standard
C106373,Nikhil Singh,Female,24.0,Delhi,Delhi,2025-06-14,Instagram,Basic
C106374,Meera Reddy,Female,49.0,Kolkata,West Bengal,2024-04-16,Google Ads,Standard
C106375,Nikhil Varma,Female,55.0,Chennai,Tamil Nadu,2025-09-22,Organic Search,Premium
C106376,Sanjay Varma,Male,44.0,Chennai,Tamil Nadu,2024-04-15,YouTube,Premium
C106377,Rahul Singh,Male,45.0,Kolkata,West Bengal,2024-04-14,Email,Premium
C106378,Kiran Patel,Male,35.0,Chennai,Tamil Nadu,2025-02-24,Referral,Premium
C106379,Kavya Sharma,Male,64.0,Visakhapatnam,Andhra Pradesh,2024-07-29,Email,Standard
C106380,Kiran Varma,Other,60.0,Bengaluru,Karnataka,2024-07-31,Instagram,Basic
C106381,Kiran Singh,Male,37.0,Kolkata,West Bengal,2024-05-22,Organic Search,Standard
C106382,Meera Varma,Female,54.0,Kakinada,Andhra Pradesh,2025-03-19,Instagram,Basic
C106383,Sneha Rao,Male,34.0,Visakhapatnam,Andhra Pradesh,2024-01-20,Email,Basic
C106384,Rohan Rao,Male,23.0,Hyderabad,Telangana,2024-06-27,Google Ads,Basic
C106385,Meera Rao,Male,31.0,Bengaluru,Karnataka,2025-02-08,Email,Basic
C106386,Priya Sharma,Male,58.0,Kolkata,West Bengal,2024-12-21,Organic Search,Basic
C106387,Nikhil Singh,Male,41.0,Kakinada,Andhra Pradesh,2025-05-25,Organic Search,Premium
C106388,Priya Singh,Female,59.0,Visakhapatnam,Andhra Pradesh,2024-06-06,Google Ads,Standard
C106389,Divya Rao,Female,33.0,Kakinada,Andhra Pradesh,2025-04-17,Email,Standard
C106390,Sneha Varma,Female,40.0,Bengaluru,Karnataka,2025-07-08,Referral,Standard
C106391,Kavya Gupta,Female,21.0,Pune,Maharashtra,2024-10-10,Organic Search,Standard
C106392,Aarav Gupta,Male,55.0,Ahmedabad,Gujarat,2024-07-06,Referral,Standard
C106393,Vihaan Gupta,Other,32.0,Kolkata,West Bengal,2025-02-09,Referral,Basic
C106394,Priya Sharma,Male,22.0,Ahmedabad,Gujarat,2025-02-26,Email,Standard
C106395,Divya Rao,Male,28.0,Mumbai,Maharashtra,2024-03-09,Instagram,Basic
C106396,Aarav Patel,Male,49.0,Chennai,Tamil Nadu,2025-02-16,Email,Premium
C106397,Sanjay Rao,Female,57.0,Chennai,Tamil Nadu,2024-04-22,Instagram,Standard
C106398,Nikhil Singh,Female,63.0,Kakinada,Andhra Pradesh,2025-02-19,Organic Search,Standard
C106399,Aarav Singh,Female,29.0,Mumbai,Maharashtra,2025-11-11,Google Ads,Basic
C106400,Sneha Gupta,Female,46.0,Delhi,Delhi,2025-01-27,Organic Search,Standard
C106401,Ananya Naidu,Male,40.0,Hyderabad,Telangana,2025-07-09,Instagram,Premium
C106402,Sanjay Patel,Female,52.0,Bengaluru,Karnataka,2024-08-14,Referral,Basic
C106403,Divya Rao,Female,50.0,Kakinada,Andhra Pradesh,2025-11-04,Instagram,Standard
C106404,Sai Reddy,Female,21.0,Visakhapatnam,Andhra Pradesh,2025-08-16,Organic Search,Basic
C106405,Rohan Sharma,Male,25.0,Mumbai,Maharashtra,2025-10-31,Instagram,Premium
C106406,Ananya Das,Male,46.0,Ahmedabad,Gujarat,2025-06-25,Referral,Standard
C106407,Meera Kumar,Male,43.0,Pune,Maharashtra,2025-04-19,Instagram,Standard
C106408,Kavya Das,Female,60.0,Kakinada,Andhra Pradesh,2025-01-18,Organic Search,Standard
C106409,Rohan Rao,Male,58.0,Delhi,Delhi,2025-11-08,Google Ads,Basic
C106410,Kavya Kumar,Male,20.0,Kakinada,Andhra Pradesh,2025-09-11,Referral,Standard
C106411,Sai Kumar,Female,46.0,Delhi,Delhi,2024-10-31,Instagram,Premium
C106412,Ananya Rao,Female,37.0,Ahmedabad,Gujarat,2024-03-03,Google Ads,Standard
C106413,Priya Das,Female,41.0,Delhi,Delhi,2024-01-03,Instagram,Standard
C106414,Nikhil Reddy,Female,21.0,Kolkata,West Bengal,2024-06-19,Referral,Standard
C106415,Meera Sharma,Female,58.0,Delhi,Delhi,2024-02-15,Instagram,Standard
C106416,Arjun Singh,Male,25.0,Visakhapatnam,Andhra Pradesh,2024-06-03,YouTube,Standard
C106417,Sneha Sharma,Female,,Kolkata,West Bengal,2024-03-20,Google Ads,Standard
C106418,Rahul Varma,Male,62.0,Mumbai,Maharashtra,2025-12-17,Email,Standard
C106419,Nikhil Varma,Male,57.0,Kakinada,Andhra Pradesh,2024-03-10,Google Ads,Standard
C106420,Sanjay Naidu,Other,23.0,Ahmedabad,Gujarat,2025-04-02,Google Ads,Basic
C106421,Arjun Das,Female,37.0,Chennai,Tamil Nadu,2024-09-13,Organic Search,Basic
C106422,Rohan Singh,Female,19.0,Bengaluru,Karnataka,2024-05-07,Organic Search,Basic
C106423,Aditya Naidu,Male,47.0,Kakinada,Andhra Pradesh,2025-05-26,Email,Basic
C106424,Nikhil Kumar,Female,59.0,Ahmedabad,Gujarat,2025-12-09,Organic Search,Standard
C106425,Rahul Reddy,Male,43.0,Kolkata,West Bengal,2025-07-31,Instagram,Basic
C106426,Ananya Singh,Male,19.0,Visakhapatnam,Andhra Pradesh,2025-12-12,YouTube,Standard
C106427,Divya Patel,Male,32.0,Kolkata,West Bengal,2025-03-06,Google Ads,Standard
C106428,Kiran Singh,Male,26.0,Mumbai,Maharashtra,2025-05-06,Organic Search,Basic
C106429,Divya Patel,Male,38.0,Mumbai,Maharashtra,2024-04-16,Organic Search,Basic
C106430,Divya Singh,Female,35.0,Hyderabad,Telangana,2025-09-14,Google Ads,Standard
C106431,Ananya Patel,Male,57.0,Hyderabad,Telangana,2025-06-29,Referral,Basic
C106432,Aditya Rao,Female,28.0,Ahmedabad,Gujarat,2024-07-04,YouTube,Standard
C106433,Aarav Sharma,Female,32.0,Visakhapatnam,Andhra Pradesh,2024-09-16,Instagram,Standard
C106434,Sai Gupta,Male,29.0,Bengaluru,Karnataka,2025-03-21,Google Ads,Basic
C106435,Sneha Gupta,Female,60.0,Pune,Maharashtra,2024-01-10,Email,Standard
C106436,Meera Kumar,Male,32.0,Bengaluru,Karnataka,2025-08-20,Google Ads,Basic
C106437,Vihaan Naidu,Female,65.0,Chennai,Tamil Nadu,2024-07-23,Google Ads,Basic
C106438,Priya Kumar,Male,49.0,Ahmedabad,Gujarat,2024-02-24,Organic Search,Premium
C106439,Sneha Kumar,Male,32.0,Visakhapatnam,Andhra Pradesh,2024-08-29,YouTube,Basic
C106440,Ananya Naidu,Male,46.0,Kakinada,Andhra Pradesh,2025-09-02,Referral,Premium
C106441,Meera Rao,Female,23.0,Delhi,Delhi,2024-07-19,YouTube,Basic
C106442,Ananya Reddy,Male,61.0,Kakinada,Andhra Pradesh,2025-01-28,Instagram,Basic
C106443,Arjun Varma,Female,63.0,Ahmedabad,Gujarat,2025-08-15,Google Ads,Standard
C106444,Arjun Naidu,Male,32.0,Delhi,Delhi,2024-01-25,Instagram,Basic
C106445,Sai Naidu,Female,26.0,Delhi,Delhi,2025-07-08,Google Ads,Standard
C106446,Kiran Naidu,Male,38.0,Bengaluru,Karnataka,2024-07-29,Email,Standard
C106447,Arjun Varma,Male,55.0,Kakinada,Andhra Pradesh,2025-05-22,Instagram,Standard
C106448,Divya Varma,Male,48.0,Mumbai,Maharashtra,2024-05-17,Google Ads,Standard
C106449,Sanjay Reddy,Male,19.0,Mumbai,Maharashtra,2024-04-11,Email,Standard
C106450,Sneha Rao,Female,18.0,Chennai,Tamil Nadu,2025-07-29,Email,Standard
C106451,Divya Das,Female,29.0,Bengaluru,Karnataka,2025-08-12,Email,Standard
C106452,Rahul Singh,Male,54.0,Visakhapatnam,Andhra Pradesh,2025-12-17,Email,Basic
C106453,Arjun Sharma,Male,30.0,Kolkata,West Bengal,2025-05-09,YouTube,Standard
C106454,Ananya Das,Male,60.0,Bengaluru,Karnataka,2024-12-06,Email,Basic
C106455,Sneha Kumar,Female,32.0,Bengaluru,Karnataka,2024-05-22,YouTube,Standard
C106456,Kavya Varma,Female,60.0,Hyderabad,Telangana,2024-08-03,YouTube,Basic
C106457,Nikhil Kumar,Female,62.0,Kakinada,Andhra Pradesh,2025-04-18,Organic Search,Basic
C106458,Kavya Kumar,Female,52.0,Chennai,Tamil Nadu,2024-09-09,Instagram,Standard
C106459,Aarav Patel,Male,26.0,Kolkata,West Bengal,2024-12-18,Referral,Standard
C106460,Ananya Gupta,Male,21.0,Bengaluru,Karnataka,2024-05-02,Google Ads,Basic
C106461,Rahul Rao,Female,26.0,Mumbai,Maharashtra,2024-11-16,Instagram,Basic
C106462,Rohan Varma,Male,48.0,Pune,Maharashtra,2024-06-22,Referral,Standard
C106463,Ananya Naidu,Male,51.0,Mumbai,Maharashtra,2024-03-22,Instagram,Basic
C106464,Divya Patel,Male,65.0,Kolkata,West Bengal,2024-04-06,Referral,Basic
C106465,Priya Varma,Female,63.0,Kakinada,Andhra Pradesh,2025-01-13,Organic Search,Standard
C106466,Rahul Patel,Female,32.0,Delhi,Delhi,2024-09-24,Google Ads,Standard
C106467,Rahul Patel,Other,36.0,Kolkata,West Bengal,2024-03-13,YouTube,Basic
C106468,Nikhil Sharma,Male,55.0,Kakinada,Andhra Pradesh,2025-01-10,Organic Search,Premium
C106469,Sai Kumar,Male,55.0,Visakhapatnam,Andhra Pradesh,2024-04-29,Organic Search,Basic
C106470,Vihaan Sharma,Male,33.0,Hyderabad,Telangana,2024-01-12,Instagram,Standard
C106471,Priya Reddy,Female,19.0,Bengaluru,Karnataka,2024-04-06,YouTube,Standard
C106472,Ananya Singh,Male,22.0,Kakinada,Andhra Pradesh,2024-11-23,Instagram,Standard
C106473,Rohan Patel,Female,57.0,Kakinada,Andhra Pradesh,2025-11-27,Organic Search,Standard
C106474,Sanjay Rao,Female,34.0,Delhi,Delhi,2024-06-25,Instagram,Standard
C106475,Kiran Gupta,Female,52.0,Pune,Maharashtra,2024-07-26,Instagram,Standard
C106476,Aditya Patel,Female,56.0,Pune,Maharashtra,2024-06-26,Google Ads,Standard
C106477,Sanjay Singh,Male,61.0,Kolkata,West Bengal,2024-09-16,Organic Search,Premium
C106478,Aarav Sharma,Female,41.0,Ahmedabad,Gujarat,2025-06-07,Organic Search,Basic
C106479,Divya Reddy,Male,48.0,Delhi,Delhi,2024-08-23,Email,Standard
C106480,Kavya Kumar,Female,27.0,Visakhapatnam,Andhra Pradesh,2025-04-25,Organic Search,Standard
C106481,Divya Patel,Female,63.0,Hyderabad,Telangana,2025-10-17,Google Ads,Premium
C106482,Kavya Kumar,Female,60.0,Hyderabad,Telangana,2025-11-21,YouTube,Standard
C106483,Divya Das,Male,36.0,Kakinada,Andhra Pradesh,2025-02-14,Google Ads,Standard
C106484,Kavya Patel,Female,35.0,Bengaluru,Karnataka,2025-06-04,YouTube,Standard
C106485,Sanjay Gupta,Female,53.0,Kakinada,Andhra Pradesh,2025-11-01,Organic Search,Standard
C106486,Sai Reddy,Female,37.0,Mumbai,Maharashtra,2025-07-28,Google Ads,Premium
C106487,Kiran Naidu,Other,52.0,Delhi,Delhi,2024-08-06,Google Ads,Standard
C106488,Sai Sharma,Female,22.0,Hyderabad,Telangana,2024-04-06,Email,Standard
C106489,Sanjay Reddy,Male,30.0,Kakinada,Andhra Pradesh,2024-03-24,YouTube,Basic
C106490,Meera Varma,Male,55.0,Delhi,Delhi,2025-10-05,Email,Premium
C106491,Priya Singh,Male,62.0,Bengaluru,Karnataka,2025-02-10,Organic Search,Standard
C106492,Sneha Patel,Female,19.0,Chennai,Tamil Nadu,2024-08-04,YouTube,Basic
C106493,Sanjay Reddy,Female,55.0,Bengaluru,Karnataka,2024-09-09,Google Ads,Premium
C106494,Priya Das,Male,21.0,Ahmedabad,Gujarat,2024-07-24,Referral,Standard
C106495,Aditya Naidu,Male,59.0,Hyderabad,Telangana,2025-08-08,Email,Basic
C106496,Sai Das,Female,30.0,Chennai,Tamil Nadu,2025-03-23,Instagram,Basic
C106497,Aarav Kumar,Female,35.0,Delhi,Delhi,2025-10-03,Organic Search,Standard
C106498,Kavya Gupta,Other,52.0,Hyderabad,Telangana,2024-08-08,Google Ads,Standard
C106499,Kavya Reddy,Male,58.0,Hyderabad,Telangana,2024-12-10,Email,Standard
C106500,Priya Singh,Female,37.0,Pune,Maharashtra,2024-03-29,Referral,Standard
C106501,Nikhil Reddy,Male,33.0,Delhi,Delhi,2025-12-10,Organic Search,Standard
C106502,Sneha Rao,Male,65.0,Bengaluru,Karnataka,2025-01-08,Referral,Standard
C106503,Rohan Reddy,Female,64.0,Bengaluru,Karnataka,2025-02-07,Referral,Basic
C106504,Kavya Das,Male,43.0,Visakhapatnam,Andhra Pradesh,2024-10-28,Instagram,Standard
C106505,Aarav Rao,Female,19.0,Ahmedabad,Gujarat,2024-07-16,Organic Search,Standard
C106506,Ananya Kumar,Male,64.0,Kolkata,West Bengal,2025-11-23,Google Ads,Standard
C106507,Rahul Patel,Male,47.0,Visakhapatnam,Andhra Pradesh,2024-12-22,Referral,Premium
C106508,Kiran Varma,Female,44.0,Hyderabad,Telangana,2025-05-07,Organic Search,Standard
C106509,Aarav Sharma,Male,23.0,Kolkata,West Bengal,2024-01-28,Referral,Premium
C106510,Rahul Sharma,Male,65.0,Ahmedabad,Gujarat,2024-07-20,Google Ads,Standard
C106511,Meera Kumar,Male,52.0,Mumbai,Maharashtra,2025-08-09,Google Ads,Standard
C106512,Vihaan Varma,Male,28.0,Pune,Maharashtra,2024-03-05,Referral,Basic
C106513,Sanjay Rao,Female,35.0,Ahmedabad,Gujarat,2024-03-15,Google Ads,Basic
C106514,Priya Varma,Male,34.0,Kolkata,West Bengal,2025-08-14,Google Ads,Standard
C106515,Sneha Sharma,Female,59.0,Mumbai,Maharashtra,2024-08-13,Google Ads,Standard
C106516,Sneha Sharma,Female,40.0,Kolkata,West Bengal,2024-07-18,Google Ads,Standard
C106517,Kiran Naidu,Female,59.0,Ahmedabad,Gujarat,2025-02-16,Referral,Standard
C106518,Rahul Sharma,Male,51.0,Hyderabad,Telangana,2024-05-22,Referral,Premium
C106519,Priya Reddy,Female,35.0,Pune,Maharashtra,2024-02-01,Referral,Premium
C106520,Kiran Kumar,Female,37.0,Pune,Maharashtra,2024-01-04,Referral,Basic
C106521,Meera Patel,Male,56.0,Delhi,Delhi,2024-02-27,Google Ads,Basic
C106522,Nikhil Gupta,Female,41.0,Hyderabad,Telangana,2024-04-25,YouTube,Standard
C106523,Priya Rao,Male,50.0,Hyderabad,Telangana,2025-05-23,Referral,Premium
C106524,Ananya Kumar,Male,23.0,Ahmedabad,Gujarat,2024-08-05,Organic Search,Premium
C106525,Aarav Singh,Female,38.0,Visakhapatnam,Andhra Pradesh,2024-02-22,Referral,Premium
C106526,Aarav Das,Male,45.0,Chennai,Tamil Nadu,2024-01-11,Google Ads,Basic
C106527,Vihaan Sharma,Male,34.0,Kakinada,Andhra Pradesh,2024-12-14,Organic Search,Standard
C106528,Sneha Kumar,Male,58.0,Kakinada,Andhra Pradesh,2025-09-05,Instagram,Basic
C106529,Kavya Varma,Male,28.0,Kolkata,West Bengal,2024-09-04,YouTube,Standard
C106530,Kiran Sharma,Female,58.0,Pune,Maharashtra,2024-02-16,Referral,Standard
C106531,Sai Kumar,Male,21.0,Kakinada,Andhra Pradesh,2024-06-15,Instagram,Standard
C106532,Priya Patel,Female,38.0,Kolkata,West Bengal,2024-12-30,Google Ads,Premium
C106533,Arjun Gupta,Female,42.0,Kakinada,Andhra Pradesh,2024-05-17,Email,Standard
C106534,Arjun Reddy,Male,30.0,Kakinada,Andhra Pradesh,2025-12-15,Instagram,Basic
C106535,Meera Das,Male,43.0,Bengaluru,Karnataka,2025-07-11,Google Ads,Premium
C106536,Sneha Naidu,Male,61.0,Kolkata,West Bengal,2024-09-08,YouTube,Premium
C106537,Divya Sharma,Female,39.0,Ahmedabad,Gujarat,2025-11-25,Google Ads,Standard
C106538,Aarav Rao,Male,43.0,Visakhapatnam,Andhra Pradesh,2024-08-25,Instagram,Basic
C106539,Meera Das,Male,63.0,Delhi,Delhi,2024-04-12,Instagram,Basic
C106540,Aditya Sharma,Other,62.0,Visakhapatnam,Andhra Pradesh,2025-11-15,Email,Premium
C106541,Ananya Naidu,Female,18.0,Chennai,Tamil Nadu,2025-12-01,Referral,Basic
C106542,Priya Varma,Male,52.0,Delhi,Delhi,2024-08-16,Email,Basic
C106543,Sai Das,Female,58.0,Bengaluru,Karnataka,2025-03-10,YouTube,Basic
C106544,Meera Varma,Female,63.0,Delhi,Delhi,2024-05-06,Instagram,Premium
C106545,Sanjay Sharma,Female,56.0,Kakinada,Andhra Pradesh,2025-04-13,Instagram,Basic
C106546,Rohan Naidu,Male,21.0,Ahmedabad,Gujarat,2025-05-18,Google Ads,Basic
C106547,Rahul Sharma,Male,54.0,Ahmedabad,Gujarat,2025-06-02,Google Ads,Standard
C106548,Rohan Reddy,Male,58.0,Visakhapatnam,Andhra Pradesh,2025-02-19,Instagram,Premium
C106549,Sai Gupta,Male,43.0,Mumbai,Maharashtra,2025-05-29,Google Ads,Standard
C106550,Nikhil Varma,Male,19.0,Kolkata,West Bengal,2025-02-09,Organic Search,Standard
C106551,Sai Patel,Female,27.0,Delhi,Delhi,2025-08-21,Instagram,Basic
C106552,Rohan Rao,Female,31.0,Visakhapatnam,Andhra Pradesh,2024-05-11,YouTube,Basic
C106553,Kiran Rao,Female,59.0,Chennai,Tamil Nadu,2024-12-18,YouTube,Basic
C106554,Ananya Das,Female,24.0,Visakhapatnam,Andhra Pradesh,2024-10-30,Referral,Standard
C106555,Aditya Sharma,Male,53.0,Ahmedabad,Gujarat,2025-01-24,Organic Search,Basic
C106556,Ananya Gupta,Male,26.0,Ahmedabad,Gujarat,2024-04-13,Email,Basic
C106557,Priya Sharma,Female,57.0,Kakinada,Andhra Pradesh,2024-08-24,Google Ads,Premium
C106558,Vihaan Gupta,Male,18.0,Ahmedabad,Gujarat,2025-11-27,Referral,Standard
C106559,Vihaan Patel,Male,29.0,Delhi,Delhi,2024-03-17,Instagram,Basic
C106560,Kiran Kumar,Female,22.0,Pune,Maharashtra,2025-04-08,Referral,Standard
C106561,Rahul Kumar,Male,44.0,Chennai,Tamil Nadu,2025-04-30,Organic Search,Standard
C106562,Rohan Sharma,Male,55.0,Hyderabad,Telangana,2024-12-12,Referral,Basic
C106563,Kavya Singh,Female,37.0,Pune,Maharashtra,2024-01-25,Google Ads,Standard
C106564,Aarav Varma,Female,43.0,Chennai,Tamil Nadu,2024-01-26,Email,Standard
C106565,Meera Das,Female,48.0,Delhi,Delhi,2024-07-20,YouTube,Basic
C106566,Priya Patel,Male,39.0,Bengaluru,Karnataka,2024-03-15,Instagram,Standard
C106567,Kavya Das,Female,54.0,Pune,Maharashtra,2024-03-09,Google Ads,Premium
C106568,Sanjay Das,Female,31.0,Pune,Maharashtra,2024-04-26,Instagram,Standard
C106569,Aditya Naidu,Male,26.0,Bengaluru,Karnataka,2024-05-19,YouTube,Standard
C106570,Divya Reddy,Female,26.0,Kolkata,West Bengal,2025-09-04,Referral,Standard
C106571,Aditya Naidu,Female,26.0,Bengaluru,Karnataka,2025-04-11,Instagram,Standard
C106572,Ananya Singh,Female,19.0,Bengaluru,Karnataka,2024-01-23,Email,Standard
C106573,Kiran Rao,Male,20.0,Chennai,Tamil Nadu,2025-04-03,Referral,Basic
C106574,Ananya Das,Female,20.0,Delhi,Delhi,2024-04-09,Instagram,Standard
C106575,Divya Reddy,Male,25.0,Kakinada,Andhra Pradesh,2024-11-03,Organic Search,Standard
C106576,Ananya Naidu,Male,48.0,Hyderabad,Telangana,2024-01-28,Email,Standard
C106577,Aditya Reddy,Male,29.0,Delhi,Delhi,2024-03-06,Instagram,Standard
C106578,Priya Gupta,Male,46.0,Ahmedabad,Gujarat,2024-04-06,YouTube,Premium
C106579,Aarav Naidu,Male,21.0,Mumbai,Maharashtra,2024-11-12,Instagram,Premium
C106580,Rahul Reddy,Female,56.0,Kakinada,Andhra Pradesh,2024-12-04,Instagram,Basic
C106581,Rohan Das,Female,35.0,Ahmedabad,Gujarat,2024-09-14,Google Ads,Basic
C106582,Sai Reddy,Male,39.0,Kakinada,Andhra Pradesh,2025-03-28,Instagram,Standard
C106583,Nikhil Sharma,Female,50.0,Kakinada,Andhra Pradesh,2025-06-09,Referral,Basic
C106584,Priya Rao,Other,65.0,Bengaluru,Karnataka,2025-06-15,Google Ads,Standard
C106585,Divya Gupta,Male,56.0,Chennai,Tamil Nadu,2025-02-26,Instagram,Standard
C106586,Arjun Naidu,Female,37.0,Ahmedabad,Gujarat,2025-02-02,YouTube,Basic
C106587,Kiran Gupta,Other,34.0,Hyderabad,Telangana,2024-12-24,Google Ads,Standard
C106588,Sanjay Sharma,Female,34.0,Chennai,Tamil Nadu,2024-06-22,Google Ads,Standard
C106589,Rohan Kumar,Female,22.0,Kolkata,West Bengal,2024-12-21,Google Ads,Standard
C106590,Sanjay Singh,Female,34.0,Ahmedabad,Gujarat,2024-01-08,Organic Search,Basic
C106591,Rahul Varma,Female,54.0,Chennai,Tamil Nadu,2025-12-06,Instagram,Standard
C106592,Vihaan Naidu,Male,31.0,Visakhapatnam,Andhra Pradesh,2024-09-27,Instagram,Standard
C106593,Priya Naidu,Male,36.0,Kolkata,West Bengal,2025-07-06,Organic Search,Premium
C106594,Rohan Naidu,Female,21.0,Hyderabad,Telangana,2025-11-29,Instagram,Standard
C106595,Kiran Singh,Male,30.0,Mumbai,Maharashtra,2024-12-28,Organic Search,Standard
C106596,Kiran Reddy,Male,21.0,Kakinada,Andhra Pradesh,2025-09-21,Referral,Basic
C106597,Kiran Varma,Male,40.0,Hyderabad,Telangana,2024-12-15,Organic Search,Standard
C106598,Rohan Sharma,Female,32.0,Bengaluru,Karnataka,2024-04-06,Instagram,Standard
C106599,Sneha Patel,Female,64.0,Delhi,Delhi,2024-01-20,YouTube,Premium
C106600,Aditya Kumar,Male,46.0,Kakinada,Andhra Pradesh,2024-04-09,Google Ads,Standard
C106601,Kavya Rao,Male,35.0,Ahmedabad,Gujarat,2025-11-19,Instagram,Standard
C106602,Kavya Naidu,Male,43.0,Bengaluru,Karnataka,2024-12-12,Organic Search,Standard
C106603,Sneha Das,Male,64.0,Delhi,Delhi,2024-08-20,Instagram,Standard
C106604,Divya Singh,Female,26.0,Kakinada,Andhra Pradesh,2024-11-21,Google Ads,Basic
C106605,Rahul Rao,Male,30.0,Mumbai,Maharashtra,2024-07-05,Referral,Standard
C106606,Aarav Reddy,Female,44.0,Pune,Maharashtra,2025-09-27,Instagram,Premium
C106607,Aditya Naidu,Male,23.0,Chennai,Tamil Nadu,2025-12-30,Instagram,Basic
C106608,Nikhil Patel,Male,42.0,Ahmedabad,Gujarat,2024-03-02,Referral,Premium
C106609,Arjun Kumar,Female,25.0,Ahmedabad,Gujarat,2025-06-08,Google Ads,Basic
C106610,Sneha Sharma,Male,59.0,Visakhapatnam,Andhra Pradesh,2024-09-01,Referral,Standard
C106611,Rahul Das,Male,55.0,Bengaluru,Karnataka,2024-02-04,Organic Search,Premium
C106612,Kiran Patel,Male,20.0,Chennai,Tamil Nadu,2025-11-04,Google Ads,Basic
C106613,Kavya Sharma,Female,43.0,Kolkata,West Bengal,2024-02-15,Google Ads,Standard
C106614,Sneha Gupta,Male,28.0,Chennai,Tamil Nadu,2024-05-30,Google Ads,Basic
C106615,Sanjay Patel,Female,45.0,Kolkata,West Bengal,2024-01-19,Google Ads,Standard
C106616,Priya Reddy,Female,44.0,Kolkata,West Bengal,2024-12-10,Instagram,Standard
C106617,Rohan Rao,Female,64.0,Delhi,Delhi,2025-03-13,Referral,Standard
C106618,Rahul Gupta,Female,26.0,Bengaluru,Karnataka,2024-08-22,Instagram,Standard
C106619,Sai Varma,Female,42.0,Kakinada,Andhra Pradesh,2024-02-22,Email,Basic
C106620,Rahul Patel,Female,64.0,Visakhapatnam,Andhra Pradesh,2024-03-25,Instagram,Premium
C106621,Divya Sharma,Male,23.0,Visakhapatnam,Andhra Pradesh,2025-11-12,Instagram,Standard
C106622,Aditya Singh,Female,30.0,Mumbai,Maharashtra,2025-08-11,Google Ads,Standard
C106623,Aarav Reddy,Female,52.0,Delhi,Delhi,2025-11-14,Google Ads,Standard
C106624,Nikhil Naidu,Male,23.0,Delhi,Delhi,2025-01-22,Email,Standard
C106625,Sai Varma,Female,27.0,Hyderabad,Telangana,2025-02-02,Email,Standard
C106626,Meera Patel,Male,63.0,Bengaluru,Karnataka,2025-07-27,YouTube,Standard
C106627,Divya Rao,Female,45.0,Delhi,Delhi,2025-03-26,Google Ads,Standard
C106628,Sai Naidu,Male,20.0,Kakinada,Andhra Pradesh,2024-11-14,Instagram,Basic
C106629,Divya Sharma,Male,59.0,Mumbai,Maharashtra,2024-08-01,Organic Search,Standard
C106630,Arjun Singh,Male,43.0,Pune,Maharashtra,2024-12-20,Organic Search,Standard
C106631,Aditya Kumar,Male,40.0,Pune,Maharashtra,2024-02-16,Instagram,Standard
C106632,Kavya Rao,Male,65.0,Delhi,Delhi,2024-05-20,Instagram,Standard
C106633,Sai Das,Male,33.0,Kakinada,Andhra Pradesh,2025-06-22,Referral,Standard
C106634,Sneha Varma,Female,36.0,Hyderabad,Telangana,2025-09-25,Google Ads,Premium
C106635,Kiran Das,Male,45.0,Visakhapatnam,Andhra Pradesh,2024-03-15,Referral,Standard
C106636,Nikhil Patel,Other,29.0,Ahmedabad,Gujarat,2024-03-11,Instagram,Premium
C106637,Sai Reddy,Female,24.0,Delhi,Delhi,2024-03-03,YouTube,Premium
C106638,Priya Patel,Male,24.0,Ahmedabad,Gujarat,2025-07-31,Referral,Basic
C106639,Meera Gupta,Male,32.0,Chennai,Tamil Nadu,2024-08-15,Organic Search,Basic
C106640,Sneha Kumar,Male,21.0,Kakinada,Andhra Pradesh,2024-08-26,Instagram,Standard
C106641,Sai Rao,Male,42.0,Hyderabad,Telangana,2024-01-10,Email,Premium
C106642,Aditya Rao,Female,65.0,Hyderabad,Telangana,2025-12-10,Organic Search,Standard
C106643,Ananya Gupta,Female,30.0,Pune,Maharashtra,2024-11-12,Instagram,Standard
C106644,Aditya Singh,Female,19.0,Kakinada,Andhra Pradesh,2025-08-05,Referral,Standard
C106645,Arjun Kumar,Male,19.0,Hyderabad,Telangana,2025-05-31,Google Ads,Basic
C106646,Sai Das,Female,25.0,Ahmedabad,Gujarat,2024-04-13,Referral,Standard
C106647,Rohan Varma,Male,46.0,Kakinada,Andhra Pradesh,2025-08-07,Organic Search,Standard
C106648,Meera Patel,Female,40.0,Chennai,Tamil Nadu,2025-02-05,Email,Standard
C106649,Sneha Rao,Female,37.0,Visakhapatnam,Andhra Pradesh,2025-03-17,Organic Search,Standard
C106650,Sai Das,Male,54.0,Ahmedabad,Gujarat,2024-05-26,Instagram,Standard
C106651,Kavya Varma,Female,36.0,Mumbai,Maharashtra,2025-09-10,Organic Search,Standard
C106652,Kavya Kumar,Female,47.0,Visakhapatnam,Andhra Pradesh,2025-11-11,Email,Standard
C106653,Sai Varma,Female,65.0,Kolkata,West Bengal,2024-10-23,Instagram,Premium
C106654,Sai Varma,Male,26.0,Hyderabad,Telangana,2024-03-08,Organic Search,Basic
C106655,Sai Reddy,Female,23.0,Pune,Maharashtra,2025-09-11,Instagram,Basic
C106656,Rohan Singh,Male,28.0,Kolkata,West Bengal,2025-10-09,Instagram,Standard
C106657,Sneha Gupta,Male,25.0,Visakhapatnam,Andhra Pradesh,2025-01-04,Organic Search,Premium
C106658,Vihaan Singh,Female,57.0,Ahmedabad,Gujarat,2025-02-26,Instagram,Premium
C106659,Divya Das,Male,60.0,Chennai,Tamil Nadu,2024-06-11,Instagram,Premium
C106660,Vihaan Gupta,Male,44.0,Mumbai,Maharashtra,2024-02-19,Instagram,Standard
C106661,Sneha Kumar,Other,24.0,Bengaluru,Karnataka,2025-11-20,Organic Search,Standard
C106662,Sanjay Varma,Male,58.0,Hyderabad,Telangana,2024-12-18,Instagram,Basic
C106663,Kiran Kumar,Female,62.0,Kolkata,West Bengal,2024-07-19,Google Ads,Standard
C106664,Ananya Reddy,Female,37.0,Kakinada,Andhra Pradesh,2025-05-21,Instagram,Standard
C106665,Nikhil Gupta,Male,50.0,Hyderabad,Telangana,2024-01-20,Google Ads,Basic
C106666,Aarav Das,Female,47.0,Ahmedabad,Gujarat,2024-02-28,Google Ads,Standard
C106667,Aditya Singh,Female,43.0,Pune,Maharashtra,2024-06-26,Organic Search,Standard
C106668,Priya Singh,Female,34.0,Bengaluru,Karnataka,2024-11-24,Organic Search,Basic
C106669,Rohan Rao,Female,31.0,Mumbai,Maharashtra,2024-09-24,Organic Search,Standard
C106670,Divya Kumar,Female,31.0,Mumbai,Maharashtra,2024-05-16,Organic Search,Standard
C106671,Ananya Das,Female,35.0,Kolkata,West Bengal,2024-09-13,Google Ads,Standard
C106672,Aditya Sharma,Male,54.0,Mumbai,Maharashtra,2024-08-31,Instagram,Standard
C106673,Sanjay Naidu,Male,57.0,Visakhapatnam,Andhra Pradesh,2025-01-18,Referral,Basic
C106674,Ananya Gupta,Female,23.0,Delhi,Delhi,2025-02-14,Google Ads,Standard
C106675,Priya Sharma,Female,20.0,Bengaluru,Karnataka,2025-10-06,Email,Standard
C106676,Meera Reddy,Female,40.0,Hyderabad,Telangana,2025-08-11,Instagram,Basic
C106677,Ananya Singh,Male,54.0,Chennai,Tamil Nadu,2024-08-01,Email,Standard
C106678,Rohan Singh,Female,44.0,Chennai,Tamil Nadu,2025-10-20,Google Ads,Basic
C106679,Nikhil Reddy,Male,57.0,Ahmedabad,Gujarat,2025-01-15,Referral,Premium
C106680,Arjun Gupta,Male,52.0,Chennai,Tamil Nadu,2024-05-17,YouTube,Standard
C106681,Ananya Varma,Female,51.0,Bengaluru,Karnataka,2024-09-05,Instagram,Basic
C106682,Meera Sharma,Male,43.0,Mumbai,Maharashtra,2025-06-25,Instagram,Standard
C106683,Kavya Patel,Female,20.0,Pune,Maharashtra,2025-08-22,Instagram,Premium
C106684,Aditya Das,Male,26.0,Delhi,Delhi,2024-09-30,Google Ads,Standard
C106685,Priya Singh,Female,53.0,Kolkata,West Bengal,2024-04-25,Referral,Premium
C106686,Divya Singh,Female,32.0,Kakinada,Andhra Pradesh,2024-05-20,YouTube,Standard
C106687,Kiran Sharma,Male,52.0,Delhi,Delhi,2024-03-16,Organic Search,Standard
C106688,Ananya Kumar,Female,34.0,Pune,Maharashtra,2025-05-25,Email,Standard
C106689,Sai Patel,Female,18.0,Visakhapatnam,Andhra Pradesh,2025-01-02,Organic Search,Premium
C106690,Nikhil Naidu,Male,50.0,Mumbai,Maharashtra,2024-11-25,Google Ads,Standard
C106691,Nikhil Naidu,Female,60.0,Pune,Maharashtra,2025-05-05,YouTube,Standard
C106692,Kiran Gupta,Female,39.0,Delhi,Delhi,2025-08-27,Referral,Standard
C106693,Arjun Patel,Male,24.0,Kolkata,West Bengal,2025-08-03,Instagram,Standard
C106694,Arjun Reddy,Female,37.0,Ahmedabad,Gujarat,2024-04-10,YouTube,Standard
C106695,Kavya Rao,Male,64.0,Bengaluru,Karnataka,2025-03-06,Referral,Basic
C106696,Rahul Singh,Male,33.0,Bengaluru,Karnataka,2025-10-06,Instagram,Basic
C106697,Priya Gupta,Male,21.0,Hyderabad,Telangana,2025-07-18,Organic Search,Basic
C106698,Rahul Gupta,Female,54.0,Hyderabad,Telangana,2024-08-28,Google Ads,Basic
C106699,Sai Rao,Female,29.0,Hyderabad,Telangana,2024-10-13,Instagram,Standard
C106700,Arjun Singh,Male,19.0,Ahmedabad,Gujarat,2025-10-11,Google Ads,Premium
C106701,Rohan Das,Male,51.0,Kakinada,Andhra Pradesh,2024-01-24,Referral,Basic
C106702,Vihaan Patel,Male,34.0,Chennai,Tamil Nadu,2025-01-18,Google Ads,Basic
C106703,Rahul Rao,Female,24.0,Visakhapatnam,Andhra Pradesh,2024-03-25,Instagram,Standard
C106704,Aarav Das,Male,20.0,Ahmedabad,Gujarat,2025-10-15,Google Ads,Standard
C106705,Rohan Patel,Male,26.0,Visakhapatnam,Andhra Pradesh,2024-01-29,Google Ads,Standard
C106706,Rohan Patel,Male,25.0,Ahmedabad,Gujarat,2024-01-18,Referral,Standard
C106707,Divya Patel,Male,18.0,Bengaluru,Karnataka,2024-08-28,Google Ads,Basic
C106708,Rahul Kumar,Female,35.0,Pune,Maharashtra,2024-05-26,Instagram,Premium
C106709,Nikhil Patel,Female,57.0,Pune,Maharashtra,2024-12-27,Google Ads,Premium
C106710,Aarav Varma,Male,36.0,Kolkata,West Bengal,2024-08-06,Google Ads,Premium
C106711,Meera Das,Female,19.0,Ahmedabad,Gujarat,2024-09-17,Referral,Standard
C106712,Sneha Naidu,Male,60.0,Bengaluru,Karnataka,2025-02-16,Organic Search,Standard
C106713,Sanjay Gupta,Female,48.0,Kolkata,West Bengal,2025-02-13,Instagram,Standard
C106714,Kiran Naidu,Male,64.0,Visakhapatnam,Andhra Pradesh,2025-11-13,Instagram,Standard
C106715,Kavya Varma,Male,45.0,Bengaluru,Karnataka,2024-12-16,Instagram,Basic
C106716,Kavya Rao,Female,40.0,Chennai,Tamil Nadu,2025-02-15,Email,Standard
C106717,Priya Rao,Male,42.0,Visakhapatnam,Andhra Pradesh,2025-05-09,Google Ads,Premium
C106718,Sneha Singh,Female,18.0,Hyderabad,Telangana,2024-05-07,Email,Premium
C106719,Priya Patel,Male,36.0,Bengaluru,Karnataka,2025-05-01,Email,Standard
C106720,Ananya Naidu,Male,39.0,Visakhapatnam,Andhra Pradesh,2025-09-21,Instagram,Standard
C106721,Priya Reddy,Female,32.0,Bengaluru,Karnataka,2024-08-20,Google Ads,Standard
C106722,Rahul Singh,Male,58.0,Ahmedabad,Gujarat,2024-05-10,YouTube,Premium
C106723,Rohan Naidu,Male,63.0,Kakinada,Andhra Pradesh,2024-09-09,Google Ads,Basic
C106724,Rahul Reddy,Female,40.0,Chennai,Tamil Nadu,2024-07-19,Referral,Standard
C106725,Meera Naidu,Male,55.0,Chennai,Tamil Nadu,2025-03-03,Referral,Standard
C106726,Ananya Reddy,Female,28.0,Chennai,Tamil Nadu,2025-09-22,Google Ads,Standard
C106727,Rohan Singh,Male,62.0,Delhi,Delhi,2025-03-11,Organic Search,Standard
C106728,Rohan Das,Female,51.0,Delhi,Delhi,2024-04-01,Instagram,Basic
C106729,Aditya Varma,Female,53.0,Pune,Maharashtra,2024-08-17,Google Ads,Standard
C106730,Vihaan Das,Male,46.0,Visakhapatnam,Andhra Pradesh,2025-05-18,Referral,Premium
C106731,Divya Das,Female,57.0,Kakinada,Andhra Pradesh,2024-08-29,YouTube,Basic
C106732,Sneha Reddy,Female,43.0,Visakhapatnam,Andhra Pradesh,2025-03-04,Instagram,Standard
C106733,Kiran Kumar,Female,64.0,Bengaluru,Karnataka,2025-05-21,Email,Standard
C106734,Divya Naidu,Male,49.0,Delhi,Delhi,2024-08-28,Instagram,Premium
C106735,Vihaan Singh,Female,39.0,Ahmedabad,Gujarat,2025-04-17,Email,Standard
C106736,Meera Sharma,Female,28.0,Pune,Maharashtra,2024-10-17,Google Ads,Basic
C106737,Arjun Singh,Female,61.0,Delhi,Delhi,2024-04-08,Google Ads,Basic
C106738,Arjun Rao,Female,20.0,Delhi,Delhi,2024-09-28,YouTube,Basic
C106739,Aditya Kumar,Female,20.0,Bengaluru,Karnataka,2024-11-17,Email,Basic
C106740,Meera Gupta,Female,19.0,Delhi,Delhi,2024-01-02,Instagram,Standard
C106741,Rahul Gupta,Female,23.0,Chennai,Tamil Nadu,2025-10-13,YouTube,Standard
C106742,Sanjay Das,Female,29.0,Chennai,Tamil Nadu,2025-01-20,Google Ads,Premium
C106743,Nikhil Naidu,Female,41.0,Pune,Maharashtra,2024-01-27,Email,Basic
C106744,Nikhil Singh,Male,31.0,Mumbai,Maharashtra,2025-09-25,Email,Standard
C106745,Rohan Varma,Female,39.0,Mumbai,Maharashtra,2025-09-16,Organic Search,Standard
C106746,Sneha Sharma,Male,39.0,Visakhapatnam,Andhra Pradesh,2024-01-09,Google Ads,Standard
C106747,Ananya Kumar,Female,39.0,Chennai,Tamil Nadu,2024-04-29,Email,Standard
C106748,Vihaan Singh,Female,20.0,Mumbai,Maharashtra,2024-09-22,Email,Basic
C106749,Sai Reddy,Female,43.0,Kolkata,West Bengal,2025-01-05,Google Ads,Basic
C106750,Arjun Naidu,Male,32.0,Pune,Maharashtra,2025-06-13,YouTube,Standard
C106751,Sneha Sharma,Female,43.0,Pune,Maharashtra,2024-11-05,Google Ads,Premium
C106752,Sanjay Patel,Male,20.0,Mumbai,Maharashtra,2025-03-22,Google Ads,Basic
C106753,Kiran Sharma,Female,59.0,Ahmedabad,Gujarat,2024-01-08,Email,Standard
C106754,Aarav Das,Female,52.0,Bengaluru,Karnataka,2025-04-25,Instagram,Standard
C106755,Sai Singh,Female,34.0,Visakhapatnam,Andhra Pradesh,2025-10-30,Organic Search,Basic
C106756,Arjun Reddy,Male,35.0,Chennai,Tamil Nadu,2025-01-19,Google Ads,Standard
C106757,Kavya Varma,Female,33.0,Chennai,Tamil Nadu,2024-11-28,Google Ads,Standard
C106758,Kavya Gupta,Male,65.0,Delhi,Delhi,2024-08-04,Email,Standard
C106759,Kavya Das,Female,51.0,Chennai,Tamil Nadu,2025-11-27,Organic Search,Standard
C106760,Rahul Singh,Female,40.0,Kolkata,West Bengal,2024-01-25,Email,Standard
C106761,Kiran Reddy,Female,49.0,Chennai,Tamil Nadu,2024-07-28,Instagram,Standard
C106762,Nikhil Singh,Male,21.0,Bengaluru,Karnataka,2024-04-11,Google Ads,Standard
C106763,Kiran Gupta,Male,57.0,Pune,Maharashtra,2025-09-24,Organic Search,Standard
C106764,Aditya Das,Female,46.0,Mumbai,Maharashtra,2024-12-18,YouTube,Basic
C106765,Arjun Sharma,Other,32.0,Bengaluru,Karnataka,2025-11-04,Email,Standard
C106766,Aditya Gupta,Male,51.0,Visakhapatnam,Andhra Pradesh,2025-04-30,Referral,Standard
C106767,Sanjay Patel,Female,18.0,Delhi,Delhi,2025-02-10,Google Ads,Premium
C106768,Priya Reddy,Male,41.0,Pune,Maharashtra,2025-01-12,Referral,Standard
C106769,Ananya Das,Male,63.0,Bengaluru,Karnataka,2024-05-27,Google Ads,Standard
C106770,Sai Naidu,Other,54.0,Delhi,Delhi,2025-02-14,Instagram,Basic
C106771,Aditya Kumar,Female,20.0,Delhi,Delhi,2025-05-15,Instagram,Premium
C106772,Vihaan Naidu,Other,46.0,Bengaluru,Karnataka,2025-12-05,Email,Standard
C106773,Vihaan Singh,Male,50.0,Kakinada,Andhra Pradesh,2025-02-04,Referral,Basic
C106774,Sai Sharma,Female,43.0,Delhi,Delhi,2025-11-16,Google Ads,Standard
C106775,Aarav Naidu,Female,33.0,Pune,Maharashtra,2025-11-20,Organic Search,Basic
C106776,Aarav Kumar,Female,50.0,Pune,Maharashtra,2025-01-16,Instagram,Basic
C106777,Ananya Gupta,Male,38.0,Chennai,Tamil Nadu,2024-11-16,Email,Standard
C106778,Nikhil Kumar,Female,63.0,Pune,Maharashtra,2024-04-14,Organic Search,Standard
C106779,Priya Reddy,Male,58.0,Pune,Maharashtra,2024-07-15,Organic Search,Standard
C106780,Kiran Patel,Female,61.0,Hyderabad,Telangana,2025-10-03,Organic Search,Premium
C106781,Meera Sharma,Female,38.0,Kolkata,West Bengal,2024-04-10,Organic Search,Premium
C106782,Sanjay Singh,Male,50.0,Bengaluru,Karnataka,2024-10-16,Google Ads,Standard
C106783,Sai Sharma,Male,24.0,Chennai,Tamil Nadu,2025-05-25,Email,Basic
C106784,Priya Varma,Female,54.0,Delhi,Delhi,2024-06-24,Organic Search,Standard
C106785,Kiran Das,Female,54.0,Chennai,Tamil Nadu,2025-12-12,Google Ads,Standard
C106786,Kiran Naidu,Male,55.0,Hyderabad,Telangana,2025-04-19,Email,Basic
C106787,Rahul Das,Male,18.0,Ahmedabad,Gujarat,2024-01-21,Instagram,Standard
C106788,Aarav Varma,Female,39.0,Chennai,Tamil Nadu,2024-06-29,Referral,Standard
C106789,Vihaan Naidu,Male,31.0,Hyderabad,Telangana,2025-06-24,Instagram,Premium
C106790,Sai Rao,Female,61.0,Hyderabad,Telangana,2025-09-22,Email,Basic
C106791,Nikhil Reddy,Female,43.0,Pune,Maharashtra,2025-11-07,Google Ads,Standard
C106792,Priya Sharma,Male,47.0,Kolkata,West Bengal,2025-09-13,Google Ads,Standard
C106793,Kiran Reddy,Female,39.0,Pune,Maharashtra,2024-02-24,Google Ads,Standard
C106794,Meera Patel,Female,23.0,Ahmedabad,Gujarat,2025-06-16,Email,Standard
C106795,Rahul Varma,Female,47.0,Ahmedabad,Gujarat,2024-03-21,YouTube,Standard
C106796,Ananya Das,Female,47.0,Visakhapatnam,Andhra Pradesh,2024-02-25,Instagram,Standard
C106797,Kavya Das,Male,36.0,Kakinada,Andhra Pradesh,2025-05-20,Instagram,Premium
C106798,Sai Naidu,Male,48.0,Visakhapatnam,Andhra Pradesh,2024-12-15,Email,Standard
C106799,Arjun Singh,Female,36.0,Ahmedabad,Gujarat,2025-04-18,Referral,Standard
C106800,Rohan Singh,Male,49.0,Chennai,Tamil Nadu,2025-09-13,Google Ads,Premium
C106801,Rahul Patel,Male,,Pune,Maharashtra,2024-02-20,Email,Basic
C106802,Meera Patel,Male,55.0,Kolkata,West Bengal,2025-01-20,Organic Search,Premium
C106803,Kavya Kumar,Female,60.0,Bengaluru,Karnataka,2025-09-01,Google Ads,Standard
C106804,Priya Kumar,Male,41.0,Kolkata,West Bengal,2024-11-17,Referral,Standard
C106805,Meera Varma,Female,18.0,Pune,Maharashtra,2025-01-17,Instagram,Standard
C106806,Sai Naidu,Female,50.0,Pune,Maharashtra,2024-12-29,YouTube,Premium
C106807,Arjun Singh,Male,63.0,Visakhapatnam,Andhra Pradesh,2025-10-24,Organic Search,Basic
C106808,Kavya Naidu,Female,,Kolkata,West Bengal,2024-02-06,Referral,Standard
C106809,Sanjay Rao,Male,35.0,Kakinada,Andhra Pradesh,2025-10-02,YouTube,Standard
C106810,Ananya Sharma,Female,45.0,Kakinada,Andhra Pradesh,2025-08-18,Google Ads,Premium
C106811,Divya Patel,Female,35.0,Visakhapatnam,Andhra Pradesh,2025-08-16,Organic Search,Basic
C106812,Nikhil Gupta,Female,55.0,Mumbai,Maharashtra,2024-10-27,Organic Search,Standard
C106813,Kavya Gupta,Female,52.0,Bengaluru,Karnataka,2025-01-11,Organic Search,Standard
C106814,Kavya Reddy,Female,48.0,Mumbai,Maharashtra,2024-09-26,Email,Premium
C106815,Meera Kumar,Female,36.0,Ahmedabad,Gujarat,2024-07-02,Instagram,Standard
C106816,Meera Reddy,Female,26.0,Visakhapatnam,Andhra Pradesh,2025-10-01,Instagram,Standard
C106817,Ananya Naidu,Male,47.0,Visakhapatnam,Andhra Pradesh,2025-01-04,Instagram,Premium
C106818,Meera Varma,Female,34.0,Kolkata,West Bengal,2025-06-12,Organic Search,Basic
C106819,Kavya Rao,Female,61.0,Kolkata,West Bengal,2024-03-14,Google Ads,Basic
C106820,Meera Rao,Male,21.0,Kakinada,Andhra Pradesh,2025-07-29,Referral,Standard
C106821,Vihaan Naidu,Other,58.0,Kolkata,West Bengal,2025-04-25,Instagram,Standard
C106822,Vihaan Patel,Female,55.0,Bengaluru,Karnataka,2025-12-29,Referral,Standard
C106823,Arjun Rao,Female,42.0,Pune,Maharashtra,2024-04-07,Google Ads,Basic
C106824,Kiran Singh,Male,65.0,Delhi,Delhi,2025-01-29,Referral,Standard
C106825,Vihaan Naidu,Female,52.0,Kolkata,West Bengal,2025-01-08,Google Ads,Premium
C106826,Aarav Kumar,Female,20.0,Kolkata,West Bengal,2025-01-28,Instagram,Standard
C106827,Nikhil Gupta,Male,36.0,Mumbai,Maharashtra,2024-02-09,Instagram,Standard
C106828,Sanjay Singh,Female,58.0,Mumbai,Maharashtra,2024-12-11,YouTube,Premium
C106829,Vihaan Gupta,Female,55.0,Hyderabad,Telangana,2024-08-06,Email,Basic
C106830,Kiran Naidu,Male,25.0,Mumbai,Maharashtra,2025-03-26,Email,Premium
C106831,Priya Kumar,Female,26.0,Visakhapatnam,Andhra Pradesh,2024-06-18,YouTube,Standard
C106832,Sanjay Reddy,Male,62.0,Kolkata,West Bengal,2024-11-13,Referral,Standard
C106833,Divya Sharma,Female,20.0,Kakinada,Andhra Pradesh,2025-03-28,Email,Standard
C106834,Rohan Singh,Female,63.0,Kakinada,Andhra Pradesh,2024-02-16,Referral,Premium
C106835,Arjun Patel,Male,43.0,Visakhapatnam,Andhra Pradesh,2025-07-28,Instagram,Standard
C106836,Meera Patel,Female,56.0,Bengaluru,Karnataka,2025-06-06,Google Ads,Standard
C106837,Aarav Kumar,Male,28.0,Delhi,Delhi,2024-02-11,Organic Search,Basic
C106838,Kavya Patel,Male,34.0,Hyderabad,Telangana,2024-02-17,Google Ads,Premium
C106839,Sai Rao,Female,52.0,Hyderabad,Telangana,2025-09-12,Instagram,Premium
C106840,Aarav Patel,Male,25.0,Mumbai,Maharashtra,2024-07-25,Organic Search,Basic
C106841,Ananya Sharma,Male,22.0,Mumbai,Maharashtra,2025-09-20,Instagram,Standard
C106842,Kavya Patel,Male,47.0,Hyderabad,Telangana,2024-12-30,Email,Standard
C106843,Priya Gupta,Female,18.0,Visakhapatnam,Andhra Pradesh,2024-09-06,Email,Standard
C106844,Vihaan Sharma,Female,63.0,Pune,Maharashtra,2024-07-18,Google Ads,Premium
C106845,Rahul Varma,Male,50.0,Kolkata,West Bengal,2025-04-26,Instagram,Basic
C106846,Rohan Varma,Male,52.0,Kolkata,West Bengal,2024-03-21,Google Ads,Standard
C106847,Aditya Gupta,Male,42.0,Kakinada,Andhra Pradesh,2024-10-20,Organic Search,Basic
C106848,Nikhil Patel,Male,47.0,Bengaluru,Karnataka,2024-09-09,Organic Search,Standard
C106849,Aditya Gupta,Male,63.0,Delhi,Delhi,2024-04-22,Organic Search,Basic
C106850,Aarav Gupta,Female,18.0,Delhi,Delhi,2024-09-14,Instagram,Standard
C106851,Sneha Gupta,Female,29.0,Pune,Maharashtra,2025-01-20,Google Ads,Premium
C106852,Aditya Patel,Male,51.0,Pune,Maharashtra,2025-05-09,Email,Standard
C106853,Meera Rao,Female,23.0,Ahmedabad,Gujarat,2024-03-04,Email,Basic
C106854,Aarav Gupta,Female,29.0,Pune,Maharashtra,2025-09-28,Instagram,Standard
C106855,Vihaan Das,Male,19.0,Mumbai,Maharashtra,2025-10-03,Instagram,Standard
C106856,Rahul Patel,Male,20.0,Pune,Maharashtra,2025-05-20,Instagram,Standard
C106857,Arjun Reddy,Female,39.0,Kakinada,Andhra Pradesh,2025-11-05,Google Ads,Standard
C106858,Sai Sharma,Male,49.0,Pune,Maharashtra,2024-11-08,Email,Standard
C106859,Meera Reddy,Female,22.0,Pune,Maharashtra,2025-08-22,YouTube,Standard
C106860,Kiran Naidu,Female,65.0,Bengaluru,Karnataka,2025-06-14,Instagram,Standard
C106861,Ananya Sharma,Female,55.0,Hyderabad,Telangana,2025-02-14,Referral,Standard
C106862,Aditya Gupta,Male,49.0,Mumbai,Maharashtra,2024-05-11,Google Ads,Standard
C106863,Nikhil Naidu,Male,21.0,Hyderabad,Telangana,2025-02-11,Google Ads,Standard
C106864,Nikhil Rao,Female,42.0,Chennai,Tamil Nadu,2025-10-19,Instagram,Standard
C106865,Aditya Reddy,Male,62.0,Visakhapatnam,Andhra Pradesh,2025-12-19,Google Ads,Standard
C106866,Sai Gupta,Male,29.0,Chennai,Tamil Nadu,2024-11-23,Google Ads,Basic
C106867,Sanjay Reddy,Female,43.0,Kolkata,West Bengal,2024-06-29,Email,Premium
C106868,Meera Patel,Male,45.0,Visakhapatnam,Andhra Pradesh,2025-06-29,Email,Standard
C106869,Rahul Naidu,Female,51.0,Ahmedabad,Gujarat,2024-02-25,Email,Standard
C106870,Vihaan Das,Female,62.0,Kolkata,West Bengal,2024-04-20,Referral,Standard
C106871,Meera Reddy,Female,24.0,Ahmedabad,Gujarat,2025-02-14,Google Ads,Basic
C106872,Sai Patel,Male,21.0,Mumbai,Maharashtra,2025-12-23,Google Ads,Basic
C106873,Vihaan Gupta,Female,22.0,Chennai,Tamil Nadu,2024-08-28,Instagram,Standard
C106874,Kiran Reddy,Female,30.0,Delhi,Delhi,2024-11-19,Instagram,Standard
C106875,Arjun Patel,Male,34.0,Ahmedabad,Gujarat,2024-08-23,Instagram,Premium
C106876,Sneha Varma,Female,60.0,Chennai,Tamil Nadu,2024-11-17,YouTube,Standard
C106877,Priya Das,Male,42.0,Kakinada,Andhra Pradesh,2024-01-06,YouTube,Standard
C106878,Rahul Das,Male,53.0,Bengaluru,Karnataka,2025-03-10,Organic Search,Premium
C106879,Vihaan Naidu,Female,45.0,Bengaluru,Karnataka,2025-03-11,Email,Basic
C106880,Sanjay Patel,Male,63.0,Ahmedabad,Gujarat,2024-08-18,Email,Basic
C106881,Ananya Kumar,Male,33.0,Ahmedabad,Gujarat,2024-07-11,Email,Standard
C106882,Aarav Sharma,Female,50.0,Kolkata,West Bengal,2025-07-09,Email,Standard
C106883,Ananya Rao,Male,31.0,Delhi,Delhi,2024-05-17,Instagram,Basic
C106884,Kiran Singh,Female,29.0,Hyderabad,Telangana,2024-02-04,YouTube,Standard
C106885,Divya Patel,Male,65.0,Delhi,Delhi,2024-01-30,Organic Search,Basic
C106886,Vihaan Gupta,Female,19.0,Chennai,Tamil Nadu,2025-10-05,Google Ads,Standard
C106887,Kavya Sharma,Female,31.0,Chennai,Tamil Nadu,2024-09-22,Referral,Standard
C106888,Nikhil Naidu,Male,36.0,Kakinada,Andhra Pradesh,2024-03-15,Organic Search,Premium
C106889,Arjun Patel,Female,24.0,Visakhapatnam,Andhra Pradesh,2025-10-03,YouTube,Standard
C106890,Kiran Patel,Male,55.0,Ahmedabad,Gujarat,2024-04-18,Google Ads,Standard
C106891,Ananya Das,Male,35.0,Hyderabad,Telangana,2024-09-02,Referral,Premium
C106892,Aarav Das,Male,40.0,Bengaluru,Karnataka,2024-01-16,Google Ads,Standard
C106893,Arjun Patel,Male,32.0,Chennai,Tamil Nadu,2025-05-10,Google Ads,Premium
C106894,Nikhil Naidu,Male,60.0,Kolkata,West Bengal,2025-05-25,Google Ads,Premium
C106895,Kiran Sharma,Female,38.0,Kolkata,West Bengal,2025-07-06,Instagram,Basic
C106896,Ananya Kumar,Female,55.0,Mumbai,Maharashtra,2024-07-11,Google Ads,Premium
C106897,Sai Reddy,Other,47.0,Bengaluru,Karnataka,2024-08-27,Referral,Standard
C106898,Sneha Naidu,Female,63.0,Delhi,Delhi,2025-11-15,Organic Search,Premium
C106899,Aarav Varma,Male,46.0,Ahmedabad,Gujarat,2025-08-22,Referral,Standard
C106900,Kiran Singh,Male,65.0,Kakinada,Andhra Pradesh,2024-01-28,Google Ads,Basic
C106901,Priya Kumar,Male,51.0,Kakinada,Andhra Pradesh,2025-05-20,Referral,Standard
C106902,Rahul Reddy,Female,20.0,Pune,Maharashtra,2025-08-16,Organic Search,Basic
C106903,Rohan Kumar,Female,25.0,Hyderabad,Telangana,2025-02-12,Referral,Standard
C106904,Kavya Kumar,Male,55.0,Kakinada,Andhra Pradesh,2025-04-12,Referral,Standard
C106905,Vihaan Gupta,Male,20.0,Bengaluru,Karnataka,2024-01-01,Instagram,Premium
C106906,Sai Patel,Male,27.0,Mumbai,Maharashtra,2024-01-22,Instagram,Basic
C106907,Vihaan Varma,Female,55.0,Kakinada,Andhra Pradesh,2024-01-26,YouTube,Basic
C106908,Arjun Kumar,Male,35.0,Pune,Maharashtra,2024-04-26,Google Ads,Premium
C106909,Meera Varma,Female,28.0,Bengaluru,Karnataka,2025-12-24,Google Ads,Premium
C106910,Kavya Rao,Male,27.0,Pune,Maharashtra,2025-04-08,Instagram,Standard
C106911,Kavya Das,Male,33.0,Hyderabad,Telangana,2025-07-25,Referral,Premium
C106912,Rohan Das,Male,58.0,Delhi,Delhi,2024-08-03,Organic Search,Standard
C106913,Aditya Singh,Female,39.0,Kakinada,Andhra Pradesh,2025-11-15,Email,Basic
C106914,Divya Das,Female,63.0,Mumbai,Maharashtra,2024-05-25,Organic Search,Basic
C106915,Rahul Das,Male,52.0,Visakhapatnam,Andhra Pradesh,2025-10-20,Google Ads,Standard
C106916,Priya Patel,Male,30.0,Pune,Maharashtra,2024-01-23,Google Ads,Standard
C106917,Rahul Rao,Male,25.0,Kolkata,West Bengal,2024-01-15,YouTube,Standard
C106918,Kiran Gupta,Male,63.0,Ahmedabad,Gujarat,2024-02-27,Google Ads,Basic
C106919,Aditya Sharma,Male,61.0,Pune,Maharashtra,2025-08-01,Organic Search,Basic
C106920,Priya Kumar,Male,23.0,Hyderabad,Telangana,2024-07-06,Email,Basic
C106921,Sneha Rao,Female,33.0,Kakinada,Andhra Pradesh,2024-11-25,Instagram,Basic
C106922,Rahul Kumar,Female,53.0,Chennai,Tamil Nadu,2024-12-10,YouTube,Standard
C106923,Divya Gupta,Female,65.0,Kolkata,West Bengal,2025-07-30,Google Ads,Premium
C106924,Rohan Gupta,Female,61.0,Pune,Maharashtra,2024-09-11,Email,Basic
C106925,Rahul Singh,Other,31.0,Kolkata,West Bengal,2024-01-05,Google Ads,Standard
C106926,Sanjay Gupta,Female,61.0,Delhi,Delhi,2024-10-09,Referral,Basic
C106927,Sneha Gupta,Male,52.0,Visakhapatnam,Andhra Pradesh,2024-07-29,Referral,Standard
C106928,Divya Das,Male,40.0,Mumbai,Maharashtra,2025-06-17,Google Ads,Standard
C106929,Divya Gupta,Male,36.0,Kolkata,West Bengal,2025-07-02,YouTube,Standard
C106930,Divya Singh,Female,57.0,Pune,Maharashtra,2024-03-08,Instagram,Basic
C106931,Ananya Singh,Male,58.0,Pune,Maharashtra,2025-08-01,Google Ads,Standard
C106932,Kavya Sharma,Male,61.0,Hyderabad,Telangana,2024-02-21,Instagram,Premium
C106933,Sanjay Patel,Female,40.0,Delhi,Delhi,2025-03-28,Email,Standard
C106934,Sanjay Patel,Female,30.0,Hyderabad,Telangana,2024-10-11,Referral,Standard
C106935,Sanjay Varma,Female,59.0,Pune,Maharashtra,2024-08-07,Referral,Standard
C106936,Priya Das,Female,32.0,Kolkata,West Bengal,2024-12-18,Email,Standard
C106937,Sneha Singh,Female,54.0,Pune,Maharashtra,2024-08-14,Organic Search,Standard
C106938,Nikhil Patel,Female,42.0,Ahmedabad,Gujarat,2025-08-02,YouTube,Basic
C106939,Kavya Sharma,Male,46.0,Delhi,Delhi,2025-12-06,Organic Search,Standard
C106940,Meera Reddy,Female,28.0,Delhi,Delhi,2025-08-18,Google Ads,Basic
C106941,Divya Rao,Female,29.0,Chennai,Tamil Nadu,2024-11-16,Organic Search,Basic
C106942,Sneha Kumar,Male,49.0,Mumbai,Maharashtra,2025-01-02,Instagram,Basic
C106943,Sanjay Patel,Female,30.0,Visakhapatnam,Andhra Pradesh,2024-11-22,Instagram,Basic
C106944,Ananya Naidu,Female,50.0,Visakhapatnam,Andhra Pradesh,2025-08-02,Google Ads,Premium
C106945,Kiran Gupta,Female,65.0,Chennai,Tamil Nadu,2025-02-07,Google Ads,Standard
C106946,Sneha Sharma,Female,21.0,Ahmedabad,Gujarat,2024-12-07,Referral,Premium
C106947,Divya Kumar,Male,62.0,Hyderabad,Telangana,2024-10-25,Referral,Standard
C106948,Sanjay Gupta,Male,26.0,Bengaluru,Karnataka,2024-09-30,Email,Premium
C106949,Kiran Rao,Male,24.0,Mumbai,Maharashtra,2025-02-07,YouTube,Premium
C106950,Rahul Gupta,Female,58.0,Delhi,Delhi,2025-05-17,Instagram,Basic
C106951,Sanjay Sharma,Female,27.0,Mumbai,Maharashtra,2024-11-11,Google Ads,Basic
C106952,Sneha Singh,Other,49.0,Pune,Maharashtra,2025-08-11,Instagram,Standard
C106953,Divya Patel,Female,23.0,Ahmedabad,Gujarat,2025-08-26,Instagram,Standard
C106954,Rahul Das,Female,22.0,Chennai,Tamil Nadu,2024-11-09,YouTube,Basic
C106955,Ananya Varma,Male,27.0,Chennai,Tamil Nadu,2025-10-25,Instagram,Basic
C106956,Vihaan Reddy,Male,42.0,Hyderabad,Telangana,2024-05-06,Instagram,Premium
C106957,Arjun Reddy,Male,31.0,Mumbai,Maharashtra,2025-11-11,Google Ads,Premium
C106958,Aarav Kumar,Female,28.0,Visakhapatnam,Andhra Pradesh,2024-08-02,Google Ads,Basic
C106959,Vihaan Singh,Male,58.0,Visakhapatnam,Andhra Pradesh,2025-02-15,Referral,Premium
C106960,Arjun Singh,Female,26.0,Bengaluru,Karnataka,2024-07-26,YouTube,Standard
C106961,Priya Patel,Female,22.0,Hyderabad,Telangana,2024-11-18,Email,Standard
C106962,Rahul Patel,Male,23.0,Visakhapatnam,Andhra Pradesh,2024-09-05,Google Ads,Standard
C106963,Nikhil Reddy,Female,60.0,Bengaluru,Karnataka,2025-05-29,Email,Premium
C106964,Priya Varma,Female,40.0,Pune,Maharashtra,2024-02-29,Organic Search,Standard
C106965,Ananya Varma,Female,64.0,Visakhapatnam,Andhra Pradesh,2025-09-03,Google Ads,Standard
C106966,Divya Das,Male,56.0,Ahmedabad,Gujarat,2025-10-21,Email,Basic
C106967,Ananya Sharma,Male,31.0,Pune,Maharashtra,2025-02-14,Email,Standard
C106968,Nikhil Rao,Male,55.0,Delhi,Delhi,2025-02-03,Organic Search,Basic
C106969,Sai Naidu,Female,39.0,Ahmedabad,Gujarat,2025-05-25,Instagram,Premium
C106970,Kiran Sharma,Female,44.0,Kolkata,West Bengal,2024-05-25,Organic Search,Standard
C106971,Kiran Gupta,Female,43.0,Visakhapatnam,Andhra Pradesh,2025-07-01,Organic Search,Basic
C106972,Sai Naidu,Female,54.0,Pune,Maharashtra,2024-06-08,Email,Premium
C106973,Sneha Sharma,Male,27.0,Kakinada,Andhra Pradesh,2025-05-08,Instagram,Standard
C106974,Meera Rao,Other,20.0,Ahmedabad,Gujarat,2024-08-11,Instagram,Premium
C106975,Rohan Reddy,Male,53.0,Hyderabad,Telangana,2025-06-28,Organic Search,Standard
C106976,Rahul Das,Male,63.0,Mumbai,Maharashtra,2025-07-31,Email,Basic
C106977,Sai Kumar,Female,45.0,Ahmedabad,Gujarat,2024-06-01,YouTube,Basic
C106978,Rahul Gupta,Female,23.0,Bengaluru,Karnataka,2025-03-26,Google Ads,Premium
C106979,Meera Gupta,Female,23.0,Ahmedabad,Gujarat,2024-12-29,Google Ads,Standard
C106980,Meera Sharma,Female,44.0,Delhi,Delhi,2024-08-02,Organic Search,Standard
C106981,Aarav Varma,Male,61.0,Mumbai,Maharashtra,2025-03-05,Organic Search,Basic
C106982,Priya Das,Male,47.0,Pune,Maharashtra,2025-12-25,Referral,Standard
C106983,Kiran Das,Male,32.0,Kakinada,Andhra Pradesh,2024-01-02,Organic Search,Standard
C106984,Aarav Das,Female,47.0,Visakhapatnam,Andhra Pradesh,2025-11-29,Google Ads,Standard
C106985,Priya Singh,Male,25.0,Chennai,Tamil Nadu,2025-09-16,Instagram,Standard
C106986,Arjun Singh,Male,41.0,Hyderabad,Telangana,2025-01-21,Instagram,Standard
C106987,Arjun Sharma,Male,65.0,Visakhapatnam,Andhra Pradesh,2025-03-21,Google Ads,Standard
C106988,Rahul Varma,Female,48.0,Visakhapatnam,Andhra Pradesh,2024-09-26,Email,Standard
C106989,Nikhil Gupta,Female,22.0,Kolkata,West Bengal,2024-04-04,Google Ads,Standard
C106990,Rahul Reddy,Male,27.0,Kolkata,West Bengal,2025-02-21,Organic Search,Premium
C106991,Sanjay Singh,Male,20.0,Pune,Maharashtra,2025-08-18,Google Ads,Standard
C106992,Nikhil Reddy,Female,37.0,Hyderabad,Telangana,2024-06-17,Email,Standard
C106993,Priya Varma,Female,29.0,Bengaluru,Karnataka,2025-06-07,Referral,Premium
C106994,Meera Kumar,Male,65.0,Bengaluru,Karnataka,2025-06-30,Instagram,Standard
C106995,Sneha Sharma,Male,33.0,Kakinada,Andhra Pradesh,2025-07-07,Referral,Basic
C106996,Priya Rao,Female,19.0,Hyderabad,Telangana,2024-09-05,YouTube,Standard
C106997,Sanjay Naidu,Female,38.0,Pune,Maharashtra,2024-10-13,YouTube,Standard
C106998,Aditya Naidu,Male,53.0,Delhi,Delhi,2024-10-30,Google Ads,Standard
C106999,Aarav Das,Female,50.0,Hyderabad,Telangana,2025-09-15,Referral,Standard
C107000,Ananya Sharma,Female,64.0,Kakinada,Andhra Pradesh,2025-10-19,Instagram,Premium
C107001,Vihaan Patel,Male,35.0,Hyderabad,Telangana,2024-10-29,Referral,Standard
C107002,Nikhil Rao,Male,43.0,Visakhapatnam,Andhra Pradesh,2025-12-09,Google Ads,Standard
C107003,Divya Gupta,Female,44.0,Ahmedabad,Gujarat,2025-02-20,YouTube,Standard
C107004,Ananya Kumar,Female,19.0,Ahmedabad,Gujarat,2024-10-08,Email,Standard
C107005,Aditya Das,Male,18.0,Bengaluru,Karnataka,2024-01-01,Instagram,Premium
C107006,Arjun Singh,Female,56.0,Visakhapatnam,Andhra Pradesh,2025-03-22,YouTube,Basic
C107007,Vihaan Sharma,Male,36.0,Pune,Maharashtra,2025-04-15,Email,Basic
C107008,Aarav Varma,Female,51.0,Chennai,Tamil Nadu,2025-12-07,Instagram,Premium
C107009,Aarav Rao,Male,63.0,Kolkata,West Bengal,2025-06-08,Organic Search,Standard
C107010,Kavya Patel,Male,29.0,Delhi,Delhi,2024-01-22,Referral,Standard
C107011,Meera Gupta,Male,55.0,Mumbai,Maharashtra,2025-02-17,Google Ads,Basic
C107012,Kavya Kumar,Female,28.0,Mumbai,Maharashtra,2025-06-26,Instagram,Standard
C107013,Aditya Gupta,Female,53.0,Pune,Maharashtra,2024-12-28,Google Ads,Standard
C107014,Ananya Singh,Female,25.0,Kolkata,West Bengal,2024-11-09,Instagram,Basic
C107015,Sneha Gupta,Male,32.0,Mumbai,Maharashtra,2025-08-14,Organic Search,Standard
C107016,Ananya Sharma,Female,40.0,Mumbai,Maharashtra,2025-03-22,Google Ads,Basic
C107017,Priya Rao,Male,41.0,Kakinada,Andhra Pradesh,2025-05-12,Referral,Standard
C107018,Sanjay Das,Female,,Pune,Maharashtra,2024-12-04,YouTube,Standard
C107019,Nikhil Rao,Male,58.0,Visakhapatnam,Andhra Pradesh,2024-07-21,YouTube,Standard
C107020,Arjun Das,Female,18.0,Delhi,Delhi,2025-01-13,Organic Search,Basic
C107021,Arjun Singh,Male,60.0,Mumbai,Maharashtra,2025-12-01,Organic Search,Premium
C107022,Sai Kumar,Male,27.0,Mumbai,Maharashtra,2025-03-15,YouTube,Standard
C107023,Rahul Reddy,Female,52.0,Pune,Maharashtra,2025-05-31,Organic Search,Basic
C107024,Rohan Reddy,Male,52.0,Ahmedabad,Gujarat,2024-03-31,Google Ads,Premium
C107025,Kiran Singh,Male,39.0,Pune,Maharashtra,2025-12-22,Instagram,Standard
C107026,Arjun Sharma,Female,43.0,Mumbai,Maharashtra,2024-06-27,Instagram,Premium
C107027,Rohan Reddy,Male,21.0,Kakinada,Andhra Pradesh,2025-12-10,Google Ads,Premium
C107028,Arjun Kumar,Female,61.0,Pune,Maharashtra,2024-11-21,Google Ads,Standard
C107029,Aarav Singh,Female,23.0,Delhi,Delhi,2025-11-01,Google Ads,Basic
C107030,Arjun Sharma,Female,49.0,Hyderabad,Telangana,2025-10-13,Instagram,Premium
C107031,Divya Singh,Male,18.0,Pune,Maharashtra,2025-07-05,Referral,Standard
C107032,Sai Varma,Female,53.0,Kolkata,West Bengal,2025-10-30,Google Ads,Standard
C107033,Sai Kumar,Female,35.0,Kakinada,Andhra Pradesh,2025-03-20,Google Ads,Standard
C107034,Rahul Patel,Male,41.0,Mumbai,Maharashtra,2025-09-11,Email,Standard
C107035,Arjun Sharma,Female,19.0,Bengaluru,Karnataka,2024-05-05,Google Ads,Standard
C107036,Arjun Reddy,Female,28.0,Kakinada,Andhra Pradesh,2024-02-21,Referral,Basic
C107037,Aarav Gupta,Male,38.0,Pune,Maharashtra,2025-01-31,Google Ads,Basic
C107038,Rohan Patel,Male,52.0,Hyderabad,Telangana,2025-08-14,Email,Premium
C107039,Vihaan Reddy,Female,46.0,Bengaluru,Karnataka,2025-07-12,Organic Search,Standard
C107040,Kavya Singh,Male,30.0,Chennai,Tamil Nadu,2025-01-20,Instagram,Standard
C107041,Sanjay Das,Female,46.0,Kolkata,West Bengal,2025-01-15,Organic Search,Standard
C107042,Sanjay Das,Male,28.0,Mumbai,Maharashtra,2025-03-21,Organic Search,Standard
C107043,Kiran Das,Male,44.0,Delhi,Delhi,2025-09-25,YouTube,Basic
C107044,Nikhil Varma,Female,43.0,Ahmedabad,Gujarat,2025-09-06,Organic Search,Basic
C107045,Vihaan Das,Other,28.0,Kakinada,Andhra Pradesh,2024-03-21,Referral,Standard
C107046,Kiran Naidu,Male,27.0,Chennai,Tamil Nadu,2025-03-10,Instagram,Premium
C107047,Aarav Reddy,Female,42.0,Chennai,Tamil Nadu,2024-10-05,Instagram,Standard
C107048,Kiran Patel,Male,46.0,Delhi,Delhi,2025-08-06,Instagram,Standard
C107049,Aditya Sharma,Male,65.0,Bengaluru,Karnataka,2025-01-04,Google Ads,Standard
C107050,Sanjay Reddy,Female,41.0,Hyderabad,Telangana,2025-12-24,YouTube,Basic
C107051,Arjun Patel,Male,39.0,Visakhapatnam,Andhra Pradesh,2024-11-11,Instagram,Basic
C107052,Kiran Singh,Female,40.0,Hyderabad,Telangana,2025-05-10,Referral,Basic
C107053,Rohan Sharma,Male,59.0,Visakhapatnam,Andhra Pradesh,2024-03-20,YouTube,Standard
C107054,Kavya Varma,Male,32.0,Mumbai,Maharashtra,2025-11-11,Instagram,Standard
C107055,Nikhil Varma,Male,36.0,Kolkata,West Bengal,2024-04-22,Instagram,Standard
C107056,Sneha Naidu,Female,35.0,Kakinada,Andhra Pradesh,2024-10-03,Google Ads,Basic
C107057,Nikhil Patel,Female,47.0,Ahmedabad,Gujarat,2025-09-03,Google Ads,Standard
C107058,Sneha Rao,Male,51.0,Ahmedabad,Gujarat,2025-12-07,Referral,Standard
C107059,Priya Patel,Male,41.0,Mumbai,Maharashtra,2024-12-19,Google Ads,Premium
C107060,Aarav Rao,Other,30.0,Pune,Maharashtra,2024-12-19,Referral,Basic
C107061,Nikhil Sharma,Male,51.0,Kolkata,West Bengal,2024-02-05,Instagram,Standard
C107062,Arjun Kumar,Female,31.0,Chennai,Tamil Nadu,2025-12-15,Email,Basic
C107063,Arjun Das,Female,61.0,Hyderabad,Telangana,2024-01-13,Instagram,Standard
C107064,Priya Kumar,Female,47.0,Kakinada,Andhra Pradesh,2024-01-20,Google Ads,Standard
C107065,Sneha Reddy,Male,39.0,Bengaluru,Karnataka,2024-12-11,Instagram,Basic
C107066,Divya Kumar,Male,29.0,Kakinada,Andhra Pradesh,2024-01-03,Organic Search,Basic
C107067,Arjun Singh,Male,54.0,Kakinada,Andhra Pradesh,2024-04-29,Email,Premium
C107068,Priya Varma,Male,47.0,Hyderabad,Telangana,2025-04-03,Instagram,Premium
C107069,Arjun Varma,Male,60.0,Ahmedabad,Gujarat,2025-05-29,Email,Standard
C107070,Aditya Singh,Other,51.0,Kolkata,West Bengal,2024-08-05,Google Ads,Standard
C107071,Divya Singh,Male,55.0,Mumbai,Maharashtra,2025-08-03,Organic Search,Standard
C107072,Meera Singh,Male,22.0,Visakhapatnam,Andhra Pradesh,2025-03-19,YouTube,Basic
C107073,Meera Rao,Male,19.0,Bengaluru,Karnataka,2024-06-15,Instagram,Premium
C107074,Meera Singh,Male,49.0,Mumbai,Maharashtra,2025-06-04,Referral,Standard
C107075,Sanjay Patel,Female,18.0,Kakinada,Andhra Pradesh,2025-03-08,Google Ads,Standard
C107076,Kiran Kumar,Male,60.0,Ahmedabad,Gujarat,2025-08-15,Organic Search,Standard
C107077,Priya Gupta,Female,60.0,Bengaluru,Karnataka,2024-04-22,Instagram,Standard
C107078,Divya Das,Female,46.0,Bengaluru,Karnataka,2024-06-17,Referral,Standard
C107079,Ananya Gupta,Male,53.0,Mumbai,Maharashtra,2024-08-09,Organic Search,Basic
C107080,Divya Das,Female,38.0,Hyderabad,Telangana,2024-09-06,Google Ads,Basic
C107081,Divya Sharma,Male,63.0,Bengaluru,Karnataka,2025-10-10,Organic Search,Standard
C107082,Rahul Gupta,Male,19.0,Pune,Maharashtra,2025-06-18,Instagram,Basic
C107083,Sneha Kumar,Female,32.0,Hyderabad,Telangana,2025-02-01,YouTube,Premium
C107084,Rahul Singh,Female,51.0,Mumbai,Maharashtra,2025-01-29,Organic Search,Standard
C107085,Kavya Sharma,Male,55.0,Delhi,Delhi,2025-10-08,Google Ads,Basic
C107086,Kavya Singh,Male,29.0,Kakinada,Andhra Pradesh,2024-11-22,Instagram,Standard
C107087,Aarav Gupta,Male,56.0,Kakinada,Andhra Pradesh,2024-06-13,Referral,Basic
C107088,Kiran Sharma,Female,40.0,Visakhapatnam,Andhra Pradesh,2024-04-09,Email,Standard
C107089,Kiran Patel,Female,59.0,Delhi,Delhi,2024-08-28,Instagram,Basic
C107090,Sai Kumar,Male,30.0,Pune,Maharashtra,2025-04-21,YouTube,Premium
C107091,Kavya Das,Female,51.0,Pune,Maharashtra,2024-12-09,Organic Search,Premium
C107092,Rahul Rao,Female,27.0,Visakhapatnam,Andhra Pradesh,2024-11-03,YouTube,Standard
C107093,Ananya Patel,Male,24.0,Ahmedabad,Gujarat,2024-12-16,Google Ads,Basic
C107094,Aarav Das,Female,51.0,Kakinada,Andhra Pradesh,2025-12-12,Google Ads,Premium
C107095,Kavya Sharma,Female,50.0,Pune,Maharashtra,2025-12-29,Google Ads,Standard
C107096,Nikhil Naidu,Male,32.0,Kakinada,Andhra Pradesh,2024-04-27,Google Ads,Basic
C107097,Aditya Patel,Female,47.0,Ahmedabad,Gujarat,2024-03-24,Instagram,Standard
C107098,Sanjay Das,Female,63.0,Ahmedabad,Gujarat,2024-06-27,Instagram,Standard
C107099,Meera Gupta,Female,34.0,Kolkata,West Bengal,2025-09-13,Email,Premium
C107100,Sneha Sharma,Male,42.0,Delhi,Delhi,2024-12-01,Instagram,Basic
C107101,Meera Kumar,Female,28.0,Kolkata,West Bengal,2025-09-22,Instagram,Basic
C107102,Priya Reddy,Female,42.0,Delhi,Delhi,2025-04-17,Referral,Standard
C107103,Arjun Singh,Other,60.0,Kolkata,West Bengal,2025-02-07,Email,Premium
C107104,Meera Varma,Male,48.0,Mumbai,Maharashtra,2024-07-24,Organic Search,Standard
C107105,Nikhil Sharma,Female,24.0,Ahmedabad,Gujarat,2024-09-08,Referral,Standard
C107106,Rohan Naidu,Female,53.0,Pune,Maharashtra,2024-04-17,Instagram,Basic
C107107,Meera Patel,Male,38.0,Ahmedabad,Gujarat,2025-01-14,Referral,Basic
C107108,Sneha Das,Male,18.0,Mumbai,Maharashtra,2024-07-23,Email,Basic
C107109,Aarav Rao,Female,47.0,Ahmedabad,Gujarat,2024-08-01,Google Ads,Standard
C107110,Kiran Singh,Female,32.0,Visakhapatnam,Andhra Pradesh,2024-01-29,Instagram,Premium
C107111,Nikhil Varma,Female,64.0,Bengaluru,Karnataka,2025-08-06,YouTube,Basic
C107112,Sneha Varma,Male,65.0,Delhi,Delhi,2025-11-16,Instagram,Standard
C107113,Sai Varma,Female,50.0,Kolkata,West Bengal,2024-12-29,Google Ads,Premium
C107114,Rahul Naidu,Male,48.0,Visakhapatnam,Andhra Pradesh,2025-01-26,Google Ads,Basic
C107115,Nikhil Singh,Female,32.0,Ahmedabad,Gujarat,2025-11-06,Organic Search,Premium
C107116,Priya Sharma,Male,21.0,Chennai,Tamil Nadu,2025-01-08,Referral,Standard
C107117,Priya Varma,Male,20.0,Mumbai,Maharashtra,2025-03-30,YouTube,Standard
C107118,Meera Reddy,Female,40.0,Kakinada,Andhra Pradesh,2024-11-08,Organic Search,Premium
C107119,Aarav Das,Female,33.0,Visakhapatnam,Andhra Pradesh,2025-01-10,Organic Search,Basic
C107120,Priya Gupta,Male,64.0,Visakhapatnam,Andhra Pradesh,2025-01-15,Instagram,Standard
C107121,Rohan Patel,Male,32.0,Delhi,Delhi,2025-06-03,Google Ads,Standard
C107122,Ananya Patel,Female,28.0,Chennai,Tamil Nadu,2025-03-17,Organic Search,Basic
C107123,Ananya Das,Other,57.0,Mumbai,Maharashtra,2025-01-02,YouTube,Basic
C107124,Aditya Naidu,Male,58.0,Kakinada,Andhra Pradesh,2024-02-25,Organic Search,Standard
C107125,Ananya Varma,Female,36.0,Visakhapatnam,Andhra Pradesh,2025-10-22,YouTube,Standard
C107126,Ananya Patel,Male,21.0,Bengaluru,Karnataka,2025-10-10,Email,Standard
C107127,Rahul Singh,Female,,Mumbai,Maharashtra,2024-05-14,Referral,Basic
C107128,Rohan Varma,Male,43.0,Pune,Maharashtra,2024-08-02,Referral,Standard
C107129,Rohan Patel,Male,59.0,Chennai,Tamil Nadu,2025-12-11,Google Ads,Standard
C107130,Meera Varma,Female,36.0,Chennai,Tamil Nadu,2024-08-22,Instagram,Premium
C107131,Meera Kumar,Male,18.0,Delhi,Delhi,2025-08-15,Google Ads,Basic
C107132,Ananya Naidu,Female,35.0,Kolkata,West Bengal,2025-07-27,Instagram,Basic
C107133,Sai Gupta,Male,18.0,Visakhapatnam,Andhra Pradesh,2025-09-20,Instagram,Standard
C107134,Rahul Varma,Male,38.0,Kakinada,Andhra Pradesh,2024-01-12,Google Ads,Standard
C107135,Ananya Reddy,Female,40.0,Chennai,Tamil Nadu,2024-12-18,Email,Standard
C107136,Meera Das,Female,53.0,Visakhapatnam,Andhra Pradesh,2025-02-16,Email,Premium
C107137,Aditya Reddy,Male,21.0,Kolkata,West Bengal,2025-09-03,Referral,Premium
C107138,Divya Gupta,Female,41.0,Bengaluru,Karnataka,2024-06-12,Organic Search,Basic
C107139,Sanjay Rao,Male,26.0,Ahmedabad,Gujarat,2024-08-11,Google Ads,Standard
C107140,Rahul Singh,Female,40.0,Delhi,Delhi,2024-05-11,Google Ads,Standard
C107141,Vihaan Das,Male,65.0,Kolkata,West Bengal,2025-07-10,Referral,Basic
C107142,Rohan Patel,Female,53.0,Ahmedabad,Gujarat,2025-12-30,Instagram,Premium
C107143,Aarav Singh,Male,58.0,Kakinada,Andhra Pradesh,2024-04-12,Referral,Standard
C107144,Priya Varma,Female,19.0,Kakinada,Andhra Pradesh,2024-06-19,Organic Search,Basic
C107145,Meera Naidu,Female,54.0,Visakhapatnam,Andhra Pradesh,2024-08-12,Google Ads,Basic
C107146,Rahul Rao,Female,59.0,Pune,Maharashtra,2025-10-10,Organic Search,Standard
C107147,Ananya Das,Male,50.0,Chennai,Tamil Nadu,2024-11-21,Google Ads,Standard
C107148,Ananya Varma,Male,55.0,Chennai,Tamil Nadu,2024-07-24,Referral,Basic
C107149,Sanjay Patel,Male,,Kakinada,Andhra Pradesh,2024-08-23,Organic Search,Premium
C107150,Sai Rao,Female,53.0,Mumbai,Maharashtra,2025-03-12,Organic Search,Standard
C107151,Vihaan Patel,Male,58.0,Pune,Maharashtra,2024-10-09,Referral,Standard
C107152,Nikhil Patel,Female,29.0,Kolkata,West Bengal,2024-04-12,Email,Basic
C107153,Kavya Gupta,Male,40.0,Hyderabad,Telangana,2025-08-21,Instagram,Standard
C107154,Aarav Rao,Other,38.0,Kolkata,West Bengal,2024-11-04,Email,Standard
C107155,Aditya Patel,Female,22.0,Mumbai,Maharashtra,2024-07-06,Email,Basic
C107156,Rahul Rao,Female,24.0,Mumbai,Maharashtra,2025-06-15,Instagram,Premium
C107157,Aarav Kumar,Female,32.0,Kolkata,West Bengal,2025-06-28,Instagram,Standard
C107158,Sneha Reddy,Female,23.0,Hyderabad,Telangana,2024-04-23,YouTube,Basic
C107159,Priya Das,Female,42.0,Bengaluru,Karnataka,2024-02-23,Instagram,Standard
C107160,Rahul Das,Female,20.0,Chennai,Tamil Nadu,2024-02-03,Organic Search,Premium
C107161,Kavya Naidu,Female,18.0,Pune,Maharashtra,2025-07-12,Google Ads,Basic
C107162,Kiran Varma,Male,48.0,Bengaluru,Karnataka,2025-04-01,Google Ads,Premium
C107163,Divya Singh,Male,30.0,Delhi,Delhi,2025-08-01,Referral,Standard
C107164,Sai Rao,Female,36.0,Delhi,Delhi,2025-04-02,Email,Premium
C107165,Divya Rao,Female,34.0,Pune,Maharashtra,2024-10-20,Referral,Standard
C107166,Sanjay Varma,Male,40.0,Delhi,Delhi,2025-03-06,Google Ads,Standard
C107167,Divya Rao,Male,40.0,Hyderabad,Telangana,2025-06-11,Referral,Standard
C107168,Kiran Varma,Female,24.0,Pune,Maharashtra,2024-10-18,Email,Standard
C107169,Rahul Singh,Male,18.0,Visakhapatnam,Andhra Pradesh,2025-10-30,Google Ads,Standard
C107170,Aarav Reddy,Female,39.0,Pune,Maharashtra,2025-10-18,Referral,Basic
C107171,Vihaan Singh,Female,45.0,Delhi,Delhi,2025-08-07,Google Ads,Standard
C107172,Meera Singh,Male,54.0,Chennai,Tamil Nadu,2025-12-25,Google Ads,Standard
C107173,Rahul Singh,Male,27.0,Bengaluru,Karnataka,2024-10-12,Google Ads,Premium
C107174,Kavya Naidu,Male,22.0,Mumbai,Maharashtra,2024-03-24,Google Ads,Basic
C107175,Aarav Gupta,Male,46.0,Chennai,Tamil Nadu,2024-12-19,Organic Search,Standard
C107176,Ananya Gupta,Female,61.0,Pune,Maharashtra,2025-06-28,YouTube,Standard
C107177,Kiran Singh,Female,29.0,Chennai,Tamil Nadu,2025-07-22,Instagram,Standard
C107178,Vihaan Rao,Female,22.0,Kakinada,Andhra Pradesh,2024-10-10,Instagram,Basic
C107179,Ananya Varma,Male,37.0,Kolkata,West Bengal,2024-08-01,YouTube,Standard
C107180,Vihaan Naidu,Female,44.0,Hyderabad,Telangana,2024-11-21,Google Ads,Premium
C107181,Vihaan Sharma,Male,47.0,Pune,Maharashtra,2025-08-09,Google Ads,Premium
C107182,Meera Reddy,Female,23.0,Pune,Maharashtra,2024-02-14,Email,Standard
C107183,Arjun Sharma,Male,49.0,Hyderabad,Telangana,2024-08-27,Google Ads,Premium
C107184,Rahul Reddy,Female,34.0,Delhi,Delhi,2024-06-16,Referral,Standard
C107185,Kiran Patel,Female,19.0,Visakhapatnam,Andhra Pradesh,2025-08-11,YouTube,Standard
C107186,Arjun Singh,Male,62.0,Delhi,Delhi,2024-12-08,Referral,Standard
C107187,Priya Singh,Female,43.0,Chennai,Tamil Nadu,2024-03-04,Email,Basic
C107188,Arjun Gupta,Male,32.0,Mumbai,Maharashtra,2024-07-10,Instagram,Standard
C107189,Ananya Reddy,Male,57.0,Hyderabad,Telangana,2024-02-02,Google Ads,Premium
C107190,Meera Gupta,Female,56.0,Delhi,Delhi,2024-12-13,Organic Search,Standard
C107191,Vihaan Naidu,Female,27.0,Ahmedabad,Gujarat,2025-12-29,YouTube,Basic
C107192,Sneha Gupta,Male,64.0,Kakinada,Andhra Pradesh,2025-02-18,Organic Search,Basic
C107193,Rahul Naidu,Male,43.0,Kolkata,West Bengal,2025-09-26,Instagram,Basic
C107194,Arjun Patel,Male,30.0,Visakhapatnam,Andhra Pradesh,2025-06-26,Organic Search,Basic
C107195,Divya Sharma,Female,39.0,Kolkata,West Bengal,2025-10-06,Instagram,Premium
C107196,Sai Rao,Female,27.0,Kolkata,West Bengal,2024-08-15,Referral,Premium
C107197,Rohan Patel,Male,58.0,Chennai,Tamil Nadu,2025-11-25,Email,Premium
C107198,Vihaan Naidu,Male,30.0,Hyderabad,Telangana,2024-06-23,Google Ads,Premium
C107199,Aarav Kumar,Female,39.0,Chennai,Tamil Nadu,2024-11-15,Referral,Basic
C107200,Rohan Das,Female,21.0,Visakhapatnam,Andhra Pradesh,2025-05-12,Organic Search,Premium
C107201,Vihaan Kumar,Male,63.0,Pune,Maharashtra,2024-07-28,Organic Search,Standard
C107202,Rohan Patel,Female,32.0,Ahmedabad,Gujarat,2024-07-12,Instagram,Standard
C107203,Rahul Sharma,Male,49.0,Hyderabad,Telangana,2024-04-04,Instagram,Basic
C107204,Ananya Singh,Male,34.0,Mumbai,Maharashtra,2024-01-04,Email,Basic
C107205,Kavya Gupta,Female,44.0,Mumbai,Maharashtra,2024-12-31,Google Ads,Basic
C107206,Aarav Naidu,Female,44.0,Delhi,Delhi,2025-12-21,Instagram,Standard
C107207,Nikhil Das,Male,32.0,Kakinada,Andhra Pradesh,2024-06-09,Instagram,Basic
C107208,Aarav Gupta,Female,38.0,Chennai,Tamil Nadu,2024-11-17,Instagram,Basic
C107209,Arjun Kumar,Female,46.0,Kolkata,West Bengal,2025-11-13,Referral,Standard
C107210,Sanjay Varma,Female,28.0,Kolkata,West Bengal,2025-07-17,YouTube,Standard
C107211,Vihaan Patel,Female,24.0,Chennai,Tamil Nadu,2024-01-03,Organic Search,Standard
C107212,Rohan Varma,Female,26.0,Kakinada,Andhra Pradesh,2024-12-31,Referral,Standard
C107213,Meera Kumar,Female,37.0,Mumbai,Maharashtra,2024-04-14,Instagram,Basic
C107214,Priya Reddy,Male,28.0,Hyderabad,Telangana,2024-06-29,Email,Standard
C107215,Priya Naidu,Female,31.0,Ahmedabad,Gujarat,2024-06-28,Google Ads,Standard
C107216,Kiran Gupta,Male,50.0,Kolkata,West Bengal,2025-03-23,Organic Search,Standard
C107217,Sanjay Sharma,Female,50.0,Mumbai,Maharashtra,2024-05-25,Referral,Basic
C107218,Aarav Varma,Male,63.0,Visakhapatnam,Andhra Pradesh,2024-07-02,Email,Standard
C107219,Nikhil Rao,Male,54.0,Bengaluru,Karnataka,2024-06-13,Instagram,Basic
C107220,Priya Naidu,Female,38.0,Mumbai,Maharashtra,2024-09-17,Organic Search,Standard
C107221,Kavya Sharma,Male,62.0,Bengaluru,Karnataka,2025-04-23,Organic Search,Standard
C107222,Sanjay Varma,Male,62.0,Bengaluru,Karnataka,2024-10-18,Google Ads,Standard
C107223,Aditya Singh,Male,28.0,Ahmedabad,Gujarat,2024-08-27,YouTube,Premium
C107224,Sanjay Singh,Female,26.0,Ahmedabad,Gujarat,2025-01-12,Instagram,Standard
C107225,Aditya Gupta,Male,60.0,Kolkata,West Bengal,2025-03-24,Instagram,Standard
C107226,Sai Rao,Male,60.0,Visakhapatnam,Andhra Pradesh,2024-01-12,Organic Search,Standard
C107227,Divya Kumar,Female,58.0,Hyderabad,Telangana,2025-10-11,Email,Standard
C107228,Divya Varma,Female,40.0,Kolkata,West Bengal,2025-10-30,Instagram,Standard
C107229,Kavya Patel,Female,59.0,Bengaluru,Karnataka,2025-03-15,Instagram,Basic
C107230,Kiran Reddy,Male,54.0,Kakinada,Andhra Pradesh,2025-02-23,Instagram,Premium
C107231,Vihaan Gupta,Female,53.0,Kolkata,West Bengal,2025-05-22,Instagram,Basic
C107232,Sai Patel,Female,46.0,Ahmedabad,Gujarat,2024-11-17,Referral,Standard
C107233,Sanjay Varma,Female,30.0,Pune,Maharashtra,2024-09-23,Instagram,Standard
C107234,Nikhil Patel,Female,53.0,Delhi,Delhi,2024-09-14,Referral,Premium
C107235,Nikhil Singh,Male,60.0,Kolkata,West Bengal,2024-04-26,Email,Premium
C107236,Divya Kumar,Female,60.0,Visakhapatnam,Andhra Pradesh,2025-09-06,Organic Search,Standard
C107237,Rohan Varma,Female,46.0,Bengaluru,Karnataka,2024-08-22,YouTube,Basic
C107238,Aditya Patel,Male,19.0,Visakhapatnam,Andhra Pradesh,2024-07-26,Instagram,Standard
C107239,Aarav Rao,Male,53.0,Ahmedabad,Gujarat,2025-12-04,Instagram,Premium
C107240,Aarav Patel,Male,30.0,Hyderabad,Telangana,2025-01-04,Instagram,Basic
C107241,Kiran Singh,Female,27.0,Kakinada,Andhra Pradesh,2025-03-29,Google Ads,Basic
C107242,Sanjay Das,Male,21.0,Bengaluru,Karnataka,2024-06-28,Referral,Standard
C107243,Kavya Singh,Female,25.0,Kolkata,West Bengal,2024-07-21,Instagram,Premium
C107244,Divya Gupta,Female,41.0,Bengaluru,Karnataka,2025-06-15,Email,Standard
C107245,Kiran Das,Male,31.0,Bengaluru,Karnataka,2024-11-25,YouTube,Basic
C107246,Meera Naidu,Male,36.0,Kolkata,West Bengal,2024-04-17,Google Ads,Premium
C107247,Nikhil Patel,Male,42.0,Kolkata,West Bengal,2025-09-01,Instagram,Premium
C107248,Arjun Varma,Male,43.0,Kolkata,West Bengal,2024-10-21,Organic Search,Standard
C107249,Sai Kumar,Female,37.0,Delhi,Delhi,2025-05-02,Organic Search,Standard
C107250,Aarav Varma,Female,39.0,Visakhapatnam,Andhra Pradesh,2024-09-06,Instagram,Standard
C107251,Vihaan Kumar,Female,60.0,Hyderabad,Telangana,2025-02-13,Email,Standard
C107252,Aditya Kumar,Other,31.0,Visakhapatnam,Andhra Pradesh,2025-07-20,Google Ads,Basic
C107253,Nikhil Das,Male,18.0,Delhi,Delhi,2025-10-08,Email,Basic
C107254,Kavya Varma,Female,56.0,Kolkata,West Bengal,2024-05-31,Organic Search,Premium
C107255,Kiran Reddy,Male,21.0,Kakinada,Andhra Pradesh,2025-05-05,Google Ads,Basic
C107256,Vihaan Singh,Female,55.0,Mumbai,Maharashtra,2025-10-29,Google Ads,Standard
C107257,Sanjay Patel,Male,33.0,Chennai,Tamil Nadu,2025-04-14,Email,Standard
C107258,Sneha Singh,Male,58.0,Visakhapatnam,Andhra Pradesh,2024-04-14,Referral,Premium
C107259,Arjun Rao,Female,26.0,Visakhapatnam,Andhra Pradesh,2024-05-18,Organic Search,Basic
C107260,Sneha Kumar,Female,25.0,Mumbai,Maharashtra,2024-05-28,Referral,Premium
C107261,Nikhil Kumar,Male,37.0,Pune,Maharashtra,2024-03-18,Organic Search,Premium
C107262,Sai Rao,Male,38.0,Delhi,Delhi,2025-07-04,Organic Search,Standard
C107263,Rahul Rao,Female,52.0,Pune,Maharashtra,2025-12-05,Email,Basic
C107264,Divya Patel,Female,49.0,Delhi,Delhi,2025-01-12,Instagram,Standard
C107265,Sai Kumar,Female,65.0,Hyderabad,Telangana,2025-03-13,Google Ads,Standard
C107266,Meera Sharma,Male,50.0,Kakinada,Andhra Pradesh,2025-07-18,Referral,Basic
C107267,Aarav Reddy,Male,27.0,Kolkata,West Bengal,2024-10-30,Instagram,Basic
C107268,Arjun Patel,Female,22.0,Chennai,Tamil Nadu,2024-12-10,Instagram,Basic
C107269,Divya Varma,Female,30.0,Bengaluru,Karnataka,2025-03-05,Instagram,Premium
C107270,Aditya Rao,Male,65.0,Hyderabad,Telangana,2024-08-10,YouTube,Basic
C107271,Aarav Varma,Male,54.0,Chennai,Tamil Nadu,2024-02-15,Email,Standard
C107272,Meera Reddy,Male,53.0,Kolkata,West Bengal,2025-02-18,Organic Search,Standard
C107273,Rahul Patel,Female,31.0,Mumbai,Maharashtra,2025-08-23,YouTube,Premium
C107274,Arjun Gupta,Male,40.0,Ahmedabad,Gujarat,2024-02-23,Email,Standard
C107275,Kavya Kumar,Female,51.0,Delhi,Delhi,2024-06-07,Referral,Premium
C107276,Vihaan Das,Female,63.0,Hyderabad,Telangana,2024-07-10,Referral,Standard
C107277,Sneha Das,Male,46.0,Pune,Maharashtra,2025-08-10,Organic Search,Premium
C107278,Sneha Sharma,Male,19.0,Bengaluru,Karnataka,2025-01-03,Organic Search,Standard
C107279,Aarav Varma,Male,59.0,Hyderabad,Telangana,2025-01-25,Organic Search,Premium
C107280,Vihaan Reddy,Male,62.0,Bengaluru,Karnataka,2025-04-16,Referral,Standard
C107281,Aditya Rao,Female,19.0,Mumbai,Maharashtra,2024-07-20,Organic Search,Standard
C107282,Meera Patel,Female,36.0,Pune,Maharashtra,2025-06-04,Referral,Standard
C107283,Aditya Kumar,Male,65.0,Kakinada,Andhra Pradesh,2024-01-23,Google Ads,Basic
C107284,Aditya Patel,Female,63.0,Mumbai,Maharashtra,2024-03-24,Google Ads,Standard
C107285,Rohan Das,Male,64.0,Hyderabad,Telangana,2025-08-18,Instagram,Basic
C107286,Aarav Kumar,Female,64.0,Bengaluru,Karnataka,2025-04-25,Instagram,Standard
C107287,Sneha Naidu,Female,19.0,Delhi,Delhi,2024-05-08,Organic Search,Basic
C107288,Meera Patel,Male,25.0,Mumbai,Maharashtra,2024-11-16,Instagram,Basic
C107289,Vihaan Rao,Female,41.0,Delhi,Delhi,2024-02-07,YouTube,Standard
C107290,Priya Reddy,Female,46.0,Kakinada,Andhra Pradesh,2025-05-05,Instagram,Basic
C107291,Priya Das,Male,37.0,Delhi,Delhi,2025-07-05,Instagram,Premium
C107292,Meera Naidu,Other,30.0,Kolkata,West Bengal,2024-07-22,Referral,Basic
C107293,Kiran Singh,Male,,Kolkata,West Bengal,2024-09-12,Google Ads,Standard
C107294,Priya Naidu,Male,46.0,Bengaluru,Karnataka,2024-06-21,Instagram,Premium
C107295,Rahul Singh,Female,64.0,Mumbai,Maharashtra,2024-10-11,Instagram,Standard
C107296,Priya Gupta,Male,57.0,Chennai,Tamil Nadu,2024-07-17,Referral,Premium
C107297,Kiran Varma,Male,26.0,Chennai,Tamil Nadu,2024-06-29,Google Ads,Basic
C107298,Kavya Singh,Male,25.0,Hyderabad,Telangana,2024-11-10,Referral,Basic
C107299,Divya Singh,Male,30.0,Kolkata,West Bengal,2025-09-19,Instagram,Standard
C107300,Nikhil Sharma,Male,53.0,Delhi,Delhi,2025-07-10,Instagram,Standard
C107301,Meera Naidu,Male,18.0,Delhi,Delhi,2024-08-05,Instagram,Basic
C107302,Sneha Singh,Female,51.0,Kolkata,West Bengal,2025-11-19,Instagram,Basic
C107303,Sneha Reddy,Male,45.0,Kakinada,Andhra Pradesh,2024-06-02,Organic Search,Standard
C107304,Aditya Sharma,Female,49.0,Visakhapatnam,Andhra Pradesh,2025-10-26,Google Ads,Standard
C107305,Ananya Singh,Female,59.0,Kakinada,Andhra Pradesh,2024-08-13,Email,Standard
C107306,Divya Das,Male,46.0,Chennai,Tamil Nadu,2025-01-29,Organic Search,Standard
C107307,Kiran Kumar,Female,47.0,Bengaluru,Karnataka,2024-05-28,Instagram,Basic
C107308,Ananya Naidu,Female,41.0,Mumbai,Maharashtra,2025-07-10,Organic Search,Standard
C107309,Rahul Varma,Female,49.0,Delhi,Delhi,2024-08-19,Organic Search,Standard
C107310,Ananya Naidu,Female,36.0,Delhi,Delhi,2025-09-28,Organic Search,Standard
C107311,Kiran Varma,Male,21.0,Mumbai,Maharashtra,2024-03-01,Organic Search,Standard
C107312,Rahul Patel,Male,19.0,Bengaluru,Karnataka,2025-01-01,Instagram,Standard
C107313,Kavya Reddy,Female,52.0,Bengaluru,Karnataka,2024-04-25,Referral,Basic
C107314,Sneha Reddy,Female,48.0,Kolkata,West Bengal,2025-10-10,Referral,Basic
C107315,Vihaan Naidu,Female,37.0,Chennai,Tamil Nadu,2024-10-31,Email,Premium
C107316,Sai Varma,Female,53.0,Hyderabad,Telangana,2025-05-07,Google Ads,Premium
C107317,Aarav Rao,Male,40.0,Pune,Maharashtra,2025-10-04,Instagram,Standard
C107318,Kiran Patel,Male,30.0,Visakhapatnam,Andhra Pradesh,2025-01-26,YouTube,Basic
C107319,Ananya Das,Female,46.0,Chennai,Tamil Nadu,2024-02-11,Referral,Basic
C107320,Sai Singh,Male,36.0,Delhi,Delhi,2024-06-10,Google Ads,Premium
C107321,Priya Naidu,Female,64.0,Mumbai,Maharashtra,2024-06-04,Instagram,Standard
C107322,Kavya Naidu,Female,52.0,Delhi,Delhi,2025-10-29,Referral,Basic
C107323,Kavya Patel,Male,53.0,Mumbai,Maharashtra,2025-10-25,Instagram,Standard
C107324,Priya Gupta,Male,51.0,Kakinada,Andhra Pradesh,2024-12-14,Instagram,Standard
C107325,Sai Patel,Female,50.0,Kakinada,Andhra Pradesh,2025-10-11,YouTube,Standard
C107326,Divya Sharma,Female,55.0,Delhi,Delhi,2024-06-28,Instagram,Premium
C107327,Sanjay Kumar,Female,38.0,Kakinada,Andhra Pradesh,2025-05-10,Instagram,Premium
C107328,Sai Das,Male,57.0,Visakhapatnam,Andhra Pradesh,2024-10-13,Email,Standard
C107329,Rahul Reddy,Male,19.0,Hyderabad,Telangana,2024-06-24,Instagram,Standard
C107330,Nikhil Patel,Male,49.0,Chennai,Tamil Nadu,2024-07-01,Instagram,Standard
C107331,Kavya Rao,Male,43.0,Kolkata,West Bengal,2024-11-02,Referral,Standard
C107332,Sanjay Naidu,Male,18.0,Chennai,Tamil Nadu,2024-09-04,Email,Premium
C107333,Sai Patel,Female,49.0,Chennai,Tamil Nadu,2024-06-03,Google Ads,Premium
C107334,Aarav Kumar,Male,18.0,Chennai,Tamil Nadu,2024-08-31,Organic Search,Premium
C107335,Aarav Rao,Female,51.0,Kolkata,West Bengal,2024-04-03,Organic Search,Premium
C107336,Sai Patel,Female,43.0,Mumbai,Maharashtra,2025-12-08,Email,Basic
C107337,Kiran Reddy,Female,47.0,Pune,Maharashtra,2024-10-04,Referral,Standard
C107338,Arjun Rao,Female,47.0,Mumbai,Maharashtra,2024-03-19,Organic Search,Premium
C107339,Divya Reddy,Male,32.0,Visakhapatnam,Andhra Pradesh,2025-02-24,Instagram,Basic
C107340,Sneha Singh,Female,47.0,Hyderabad,Telangana,2025-10-06,Referral,Standard
C107341,Kavya Kumar,Male,28.0,Hyderabad,Telangana,2024-09-19,Instagram,Standard
C107342,Nikhil Singh,Male,54.0,Hyderabad,Telangana,2025-09-09,Google Ads,Standard
C107343,Kavya Singh,Female,22.0,Delhi,Delhi,2025-03-21,YouTube,Premium
C107344,Sanjay Rao,Male,24.0,Kolkata,West Bengal,2025-06-23,Instagram,Premium
C107345,Sneha Varma,Male,51.0,Kakinada,Andhra Pradesh,2024-08-04,Google Ads,Standard
C107346,Meera Varma,Female,20.0,Chennai,Tamil Nadu,2024-01-27,Instagram,Standard
C107347,Vihaan Das,Male,64.0,Bengaluru,Karnataka,2024-09-09,Referral,Premium
C107348,Vihaan Das,Male,19.0,Delhi,Delhi,2025-11-05,Organic Search,Basic
C107349,Ananya Singh,Male,43.0,Bengaluru,Karnataka,2025-07-31,Google Ads,Premium
C107350,Aarav Rao,Male,65.0,Chennai,Tamil Nadu,2025-07-26,Organic Search,Standard
C107351,Meera Gupta,Female,50.0,Ahmedabad,Gujarat,2025-10-03,Google Ads,Premium
C107352,Sai Gupta,Female,48.0,Hyderabad,Telangana,2024-09-29,YouTube,Premium
C107353,Priya Das,Male,51.0,Ahmedabad,Gujarat,2024-08-23,Organic Search,Standard
C107354,Aarav Gupta,Female,51.0,Mumbai,Maharashtra,2025-11-06,Instagram,Premium
C107355,Vihaan Das,Other,25.0,Kolkata,West Bengal,2025-02-21,Organic Search,Premium
C107356,Arjun Das,Female,32.0,Visakhapatnam,Andhra Pradesh,2024-08-05,Instagram,Standard
C107357,Aditya Naidu,Female,27.0,Ahmedabad,Gujarat,2024-07-22,Referral,Basic
C107358,Arjun Reddy,Female,28.0,Kolkata,West Bengal,2025-10-02,Instagram,Standard
C107359,Rohan Reddy,Female,27.0,Kolkata,West Bengal,2024-02-08,Google Ads,Premium
C107360,Divya Gupta,Female,48.0,Bengaluru,Karnataka,2024-02-15,YouTube,Standard
C107361,Ananya Patel,Male,62.0,Bengaluru,Karnataka,2025-06-22,Organic Search,Standard
C107362,Meera Kumar,Male,44.0,Delhi,Delhi,2024-01-01,Referral,Standard
C107363,Ananya Rao,Male,18.0,Kolkata,West Bengal,2024-05-04,YouTube,Standard
C107364,Divya Patel,Female,51.0,Kolkata,West Bengal,2025-12-24,Google Ads,Standard
C107365,Sneha Reddy,Male,43.0,Ahmedabad,Gujarat,2024-11-06,Instagram,Basic
C107366,Aarav Sharma,Female,55.0,Delhi,Delhi,2025-06-15,Organic Search,Basic
C107367,Aarav Naidu,Male,36.0,Visakhapatnam,Andhra Pradesh,2024-12-21,Instagram,Standard
C107368,Divya Reddy,Female,38.0,Chennai,Tamil Nadu,2024-03-07,Organic Search,Basic
C107369,Kiran Das,Male,49.0,Mumbai,Maharashtra,2024-05-14,Instagram,Standard
C107370,Aditya Varma,Male,51.0,Ahmedabad,Gujarat,2025-07-09,Google Ads,Basic
C107371,Kavya Naidu,Male,28.0,Bengaluru,Karnataka,2024-03-10,Google Ads,Standard
C107372,Vihaan Rao,Female,46.0,Chennai,Tamil Nadu,2025-03-10,Google Ads,Standard
C107373,Sai Naidu,Female,64.0,Ahmedabad,Gujarat,2024-09-11,Google Ads,Standard
C107374,Meera Sharma,Male,21.0,Ahmedabad,Gujarat,2024-09-27,Instagram,Standard
C107375,Divya Rao,Female,33.0,Mumbai,Maharashtra,2025-11-26,Instagram,Standard
C107376,Kiran Kumar,Female,43.0,Bengaluru,Karnataka,2025-03-18,Organic Search,Standard
C107377,Nikhil Varma,Female,62.0,Hyderabad,Telangana,2025-03-25,Google Ads,Standard
C107378,Ananya Gupta,Female,64.0,Hyderabad,Telangana,2024-09-12,Instagram,Premium
C107379,Sai Sharma,Male,46.0,Visakhapatnam,Andhra Pradesh,2024-10-05,Instagram,Standard
C107380,Arjun Patel,Female,44.0,Ahmedabad,Gujarat,2025-05-15,Google Ads,Premium
C107381,Meera Das,Male,37.0,Pune,Maharashtra,2024-01-29,Google Ads,Premium
C107382,Rohan Kumar,Female,39.0,Pune,Maharashtra,2024-06-22,Referral,Standard
C107383,Kavya Sharma,Female,53.0,Delhi,Delhi,2025-03-14,Instagram,Standard
C107384,Kavya Kumar,Male,44.0,Bengaluru,Karnataka,2025-03-31,YouTube,Premium
C107385,Nikhil Sharma,Male,44.0,Hyderabad,Telangana,2024-03-08,Google Ads,Premium
C107386,Rohan Singh,Female,58.0,Kolkata,West Bengal,2025-07-29,Google Ads,Standard
C107387,Meera Patel,Female,24.0,Hyderabad,Telangana,2025-01-31,Email,Basic
C107388,Divya Reddy,Female,63.0,Bengaluru,Karnataka,2024-06-22,Google Ads,Standard
C107389,Sai Sharma,Female,51.0,Ahmedabad,Gujarat,2025-07-02,Instagram,Basic
C107390,Rahul Sharma,Female,46.0,Pune,Maharashtra,2025-12-24,Google Ads,Standard
C107391,Aarav Das,Male,45.0,Chennai,Tamil Nadu,2024-11-05,Referral,Premium
C107392,Meera Singh,Female,45.0,Mumbai,Maharashtra,2024-07-25,Organic Search,Premium
C107393,Sneha Kumar,Male,45.0,Bengaluru,Karnataka,2024-08-06,Google Ads,Standard
C107394,Priya Naidu,Female,34.0,Chennai,Tamil Nadu,2025-03-08,Organic Search,Basic
C107395,Sai Gupta,Female,53.0,Delhi,Delhi,2024-02-04,Referral,Standard
C107396,Meera Kumar,Male,30.0,Pune,Maharashtra,2024-12-18,Email,Standard
C107397,Aditya Gupta,Female,49.0,Bengaluru,Karnataka,2024-01-19,Instagram,Standard
C107398,Sneha Reddy,Female,43.0,Mumbai,Maharashtra,2024-01-29,Organic Search,Standard
C107399,Arjun Reddy,Male,35.0,Bengaluru,Karnataka,2024-11-09,Instagram,Standard
C107400,Aditya Singh,Female,56.0,Chennai,Tamil Nadu,2025-06-28,Google Ads,Standard
C107401,Meera Gupta,Female,33.0,Mumbai,Maharashtra,2025-10-06,Referral,Basic
C107402,Rohan Sharma,Female,49.0,Mumbai,Maharashtra,2024-03-04,YouTube,Standard
C107403,Sai Kumar,Male,30.0,Pune,Maharashtra,2024-06-27,Google Ads,Standard
C107404,Kiran Reddy,Male,27.0,Chennai,Tamil Nadu,2024-11-03,Google Ads,Basic
C107405,Kiran Patel,Female,45.0,Mumbai,Maharashtra,2025-02-23,YouTube,Basic
C107406,Divya Naidu,Male,64.0,Kolkata,West Bengal,2025-12-21,Organic Search,Basic
C107407,Priya Naidu,Male,32.0,Delhi,Delhi,2025-05-14,Email,Standard
C107408,Aditya Das,Female,23.0,Delhi,Delhi,2025-01-28,Google Ads,Basic
C107409,Arjun Sharma,Female,23.0,Chennai,Tamil Nadu,2024-02-14,Google Ads,Premium
C107410,Sneha Reddy,Female,41.0,Bengaluru,Karnataka,2024-02-28,YouTube,Basic
C107411,Vihaan Patel,Female,55.0,Chennai,Tamil Nadu,2024-04-21,Instagram,Basic
C107412,Sanjay Sharma,Male,52.0,Pune,Maharashtra,2025-04-27,Organic Search,Standard
C107413,Nikhil Sharma,Male,28.0,Bengaluru,Karnataka,2024-08-29,Email,Standard
C107414,Kavya Kumar,Female,58.0,Pune,Maharashtra,2024-06-24,YouTube,Basic
C107415,Priya Kumar,Male,25.0,Hyderabad,Telangana,2025-05-04,Referral,Standard
C107416,Aarav Reddy,Male,44.0,Kolkata,West Bengal,2025-08-18,Google Ads,Basic
C107417,Aditya Varma,Female,58.0,Hyderabad,Telangana,2024-11-16,Organic Search,Basic
C107418,Aarav Rao,Male,56.0,Bengaluru,Karnataka,2025-10-05,YouTube,Basic
C107419,Rahul Singh,Female,51.0,Delhi,Delhi,2025-06-19,YouTube,Standard
C107420,Rohan Das,Female,33.0,Kolkata,West Bengal,2025-06-06,Google Ads,Standard
C107421,Sanjay Patel,Female,54.0,Ahmedabad,Gujarat,2025-09-25,Google Ads,Basic
C107422,Meera Das,Male,36.0,Chennai,Tamil Nadu,2024-05-14,Organic Search,Standard
C107423,Meera Patel,Male,34.0,Bengaluru,Karnataka,2025-07-07,Referral,Premium
C107424,Sai Sharma,Female,43.0,Delhi,Delhi,2025-11-30,Instagram,Standard
C107425,Kavya Naidu,Female,47.0,Ahmedabad,Gujarat,2025-12-25,Instagram,Standard
C107426,Arjun Sharma,Male,28.0,Hyderabad,Telangana,2025-02-25,Instagram,Premium
C107427,Rahul Naidu,Male,62.0,Ahmedabad,Gujarat,2025-07-04,Instagram,Premium
C107428,Rahul Reddy,Female,59.0,Delhi,Delhi,2025-10-10,Google Ads,Standard
C107429,Meera Naidu,Male,31.0,Hyderabad,Telangana,2025-09-14,YouTube,Standard
C107430,Arjun Varma,Male,29.0,Kolkata,West Bengal,2025-10-17,Email,Premium
C107431,Kiran Patel,Male,21.0,Hyderabad,Telangana,2025-08-30,Instagram,Standard
C107432,Sneha Singh,Male,37.0,Delhi,Delhi,2024-10-05,Email,Basic
C107433,Rohan Rao,Male,26.0,Bengaluru,Karnataka,2025-06-17,Google Ads,Standard
C107434,Sneha Kumar,Male,62.0,Pune,Maharashtra,2024-10-26,Organic Search,Standard
C107435,Sneha Kumar,Female,61.0,Hyderabad,Telangana,2025-08-08,Organic Search,Standard
C107436,Ananya Gupta,Female,57.0,Hyderabad,Telangana,2025-08-14,Instagram,Standard
C107437,Aarav Patel,Male,31.0,Pune,Maharashtra,2025-11-13,YouTube,Standard
C107438,Priya Gupta,Male,51.0,Kakinada,Andhra Pradesh,2025-03-05,Instagram,Basic
C107439,Divya Varma,Female,41.0,Hyderabad,Telangana,2024-12-12,Organic Search,Basic
C107440,Rohan Sharma,Male,31.0,Chennai,Tamil Nadu,2024-04-30,YouTube,Standard
C107441,Meera Varma,Male,43.0,Visakhapatnam,Andhra Pradesh,2025-04-10,Organic Search,Premium
C107442,Sneha Sharma,Female,25.0,Mumbai,Maharashtra,2025-02-17,Instagram,Standard
C107443,Rohan Varma,Female,64.0,Chennai,Tamil Nadu,2025-01-10,Instagram,Basic
C107444,Nikhil Das,Female,25.0,Visakhapatnam,Andhra Pradesh,2025-05-08,Instagram,Basic
C107445,Arjun Gupta,Male,32.0,Ahmedabad,Gujarat,2025-09-13,Instagram,Basic
C107446,Aarav Gupta,Male,28.0,Mumbai,Maharashtra,2024-04-18,Instagram,Standard
C107447,Arjun Naidu,Male,43.0,Ahmedabad,Gujarat,2024-11-10,Instagram,Basic
C107448,Arjun Sharma,Female,50.0,Kolkata,West Bengal,2025-06-11,Referral,Premium
C107449,Vihaan Singh,Male,63.0,Pune,Maharashtra,2025-08-21,Instagram,Premium
C107450,Aditya Gupta,Male,36.0,Chennai,Tamil Nadu,2025-07-22,Google Ads,Standard
C107451,Aditya Das,Male,27.0,Kakinada,Andhra Pradesh,2025-08-06,Email,Premium
C107452,Ananya Rao,Female,19.0,Visakhapatnam,Andhra Pradesh,2025-09-16,Instagram,Standard
C107453,Ananya Rao,Male,46.0,Kakinada,Andhra Pradesh,2025-12-03,Email,Premium
C107454,Meera Naidu,Male,64.0,Kolkata,West Bengal,2025-03-19,Organic Search,Premium
C107455,Meera Gupta,Female,21.0,Delhi,Delhi,2024-06-30,Referral,Standard
C107456,Rahul Das,Female,65.0,Bengaluru,Karnataka,2025-02-15,Referral,Standard
C107457,Ananya Reddy,Female,30.0,Bengaluru,Karnataka,2025-06-02,Organic Search,Standard
C107458,Meera Singh,Female,61.0,Kakinada,Andhra Pradesh,2024-03-14,Referral,Standard
C107459,Arjun Rao,Male,21.0,Delhi,Delhi,2025-07-06,Referral,Standard
C107460,Aditya Rao,Female,60.0,Bengaluru,Karnataka,2025-02-01,Organic Search,Premium
C107461,Nikhil Varma,Male,33.0,Mumbai,Maharashtra,2025-11-14,Organic Search,Basic
C107462,Rohan Singh,Female,31.0,Hyderabad,Telangana,2024-06-03,Google Ads,Premium
C107463,Ananya Patel,Male,27.0,Pune,Maharashtra,2025-10-24,Google Ads,Basic
C107464,Sanjay Singh,Female,24.0,Pune,Maharashtra,2024-11-23,Organic Search,Basic
C107465,Nikhil Patel,Female,56.0,Delhi,Delhi,2025-02-22,Referral,Basic
C107466,Ananya Naidu,Male,21.0,Ahmedabad,Gujarat,2025-04-26,Email,Standard
C107467,Sneha Rao,Male,40.0,Chennai,Tamil Nadu,2025-02-26,Instagram,Basic
C107468,Aditya Varma,Female,63.0,Kakinada,Andhra Pradesh,2025-10-21,Instagram,Premium
C107469,Sneha Patel,Male,37.0,Ahmedabad,Gujarat,2024-05-02,Referral,Basic
C107470,Rahul Rao,Female,57.0,Hyderabad,Telangana,2025-06-16,Organic Search,Premium
C107471,Sanjay Singh,Male,51.0,Mumbai,Maharashtra,2025-12-12,Google Ads,Standard
C107472,Ananya Patel,Female,56.0,Ahmedabad,Gujarat,2024-06-09,YouTube,Standard
C107473,Divya Varma,Female,63.0,Pune,Maharashtra,2024-07-05,Organic Search,Basic
C107474,Kiran Reddy,Male,22.0,Ahmedabad,Gujarat,2024-12-12,Organic Search,Standard
C107475,Nikhil Patel,Female,32.0,Delhi,Delhi,2025-06-13,Organic Search,Standard
C107476,Sanjay Varma,Female,33.0,Hyderabad,Telangana,2025-12-01,Google Ads,Premium
C107477,Ananya Sharma,Female,21.0,Ahmedabad,Gujarat,2025-08-03,Google Ads,Basic
C107478,Meera Singh,Female,23.0,Ahmedabad,Gujarat,2025-08-02,Instagram,Basic
C107479,Rohan Gupta,Female,23.0,Kolkata,West Bengal,2024-11-18,Google Ads,Premium
C107480,Meera Rao,Male,63.0,Chennai,Tamil Nadu,2025-04-16,Instagram,Standard
C107481,Divya Naidu,Male,59.0,Hyderabad,Telangana,2024-06-03,Organic Search,Standard
C107482,Ananya Sharma,Male,46.0,Ahmedabad,Gujarat,2024-12-04,Organic Search,Standard
C107483,Aditya Varma,Female,58.0,Kolkata,West Bengal,2024-05-17,Instagram,Premium
C107484,Arjun Rao,Female,34.0,Kolkata,West Bengal,2024-01-20,Referral,Standard
C107485,Sai Gupta,Male,40.0,Bengaluru,Karnataka,2025-09-17,Email,Premium
C107486,Kavya Kumar,Female,60.0,Ahmedabad,Gujarat,2025-08-10,Organic Search,Basic
C107487,Arjun Patel,Male,25.0,Ahmedabad,Gujarat,2025-01-07,YouTube,Standard
C107488,Aditya Das,Female,25.0,Visakhapatnam,Andhra Pradesh,2024-01-11,Instagram,Standard
C107489,Divya Naidu,Female,43.0,Pune,Maharashtra,2024-03-06,Google Ads,Standard
C107490,Aditya Naidu,Female,30.0,Ahmedabad,Gujarat,2024-03-22,Organic Search,Standard
C107491,Sneha Patel,Female,50.0,Chennai,Tamil Nadu,2025-06-07,Instagram,Premium
C107492,Aditya Kumar,Female,48.0,Kolkata,West Bengal,2024-05-28,Organic Search,Standard
C107493,Sneha Das,Male,33.0,Kolkata,West Bengal,2024-07-01,Instagram,Standard
C107494,Sai Das,Female,23.0,Ahmedabad,Gujarat,2025-09-20,Referral,Standard
C107495,Sneha Gupta,Male,21.0,Visakhapatnam,Andhra Pradesh,2025-10-01,Referral,Standard
C107496,Ananya Reddy,Female,39.0,Hyderabad,Telangana,2025-07-11,Organic Search,Premium
C107497,Rahul Sharma,Female,33.0,Ahmedabad,Gujarat,2024-08-13,Instagram,Premium
C107498,Sai Singh,Male,,Ahmedabad,Gujarat,2025-02-27,Organic Search,Standard
C107499,Vihaan Kumar,Male,51.0,Pune,Maharashtra,2024-05-26,Organic Search,Premium
C107500,Arjun Rao,Male,63.0,Pune,Maharashtra,2025-09-18,Organic Search,Standard
C107501,Sai Naidu,Female,64.0,Ahmedabad,Gujarat,2024-03-02,YouTube,Premium
C107502,Aditya Sharma,Male,23.0,Chennai,Tamil Nadu,2025-06-27,Organic Search,Standard
C107503,Sai Gupta,Female,27.0,Chennai,Tamil Nadu,2025-01-08,Organic Search,Premium
C107504,Sanjay Kumar,Male,38.0,Visakhapatnam,Andhra Pradesh,2025-07-06,Referral,Standard
C107505,Vihaan Kumar,Female,61.0,Ahmedabad,Gujarat,2024-11-25,Organic Search,Basic
C107506,Sai Singh,Female,45.0,Mumbai,Maharashtra,2024-04-25,YouTube,Basic
C107507,Aditya Rao,Male,39.0,Visakhapatnam,Andhra Pradesh,2025-07-02,Email,Standard
C107508,Sneha Patel,Female,62.0,Delhi,Delhi,2025-04-05,Google Ads,Premium
C107509,Rohan Patel,Male,49.0,Bengaluru,Karnataka,2024-12-05,Google Ads,Standard
C107510,Aditya Naidu,Female,65.0,Visakhapatnam,Andhra Pradesh,2024-09-29,Organic Search,Standard
C107511,Priya Patel,Male,59.0,Mumbai,Maharashtra,2024-09-07,YouTube,Standard
C107512,Rahul Kumar,Female,65.0,Mumbai,Maharashtra,2024-12-17,Instagram,Basic
C107513,Ananya Patel,Male,44.0,Mumbai,Maharashtra,2024-07-10,YouTube,Standard
C107514,Kiran Gupta,Female,35.0,Chennai,Tamil Nadu,2024-07-25,Google Ads,Basic
C107515,Sanjay Naidu,Male,20.0,Bengaluru,Karnataka,2024-07-22,Google Ads,Standard
C107516,Aarav Sharma,Female,53.0,Bengaluru,Karnataka,2024-01-10,YouTube,Standard
C107517,Arjun Varma,Male,30.0,Delhi,Delhi,2025-11-08,YouTube,Premium
C107518,Aditya Das,Male,18.0,Mumbai,Maharashtra,2024-06-21,Referral,Premium
C107519,Sai Reddy,Female,56.0,Bengaluru,Karnataka,2024-04-30,YouTube,Premium
C107520,Rohan Gupta,Male,38.0,Kakinada,Andhra Pradesh,2024-04-20,Organic Search,Basic
C107521,Rohan Patel,Female,44.0,Pune,Maharashtra,2025-12-22,Organic Search,Standard
C107522,Divya Varma,Female,55.0,Hyderabad,Telangana,2024-12-14,Organic Search,Basic
C107523,Kiran Sharma,Male,33.0,Bengaluru,Karnataka,2024-08-26,Google Ads,Basic
C107524,Rohan Rao,Female,57.0,Visakhapatnam,Andhra Pradesh,2024-10-21,Instagram,Standard
C107525,Sai Kumar,Male,45.0,Mumbai,Maharashtra,2024-03-05,Instagram,Basic
C107526,Rohan Rao,Female,45.0,Bengaluru,Karnataka,2024-08-16,Instagram,Standard
C107527,Sneha Varma,Female,30.0,Kolkata,West Bengal,2024-06-30,Google Ads,Basic
C107528,Kavya Das,Male,55.0,Visakhapatnam,Andhra Pradesh,2025-08-09,Instagram,Standard
C107529,Sanjay Patel,Male,29.0,Delhi,Delhi,2024-02-12,Google Ads,Standard
C107530,Sai Reddy,Female,47.0,Ahmedabad,Gujarat,2024-11-06,Referral,Standard
C107531,Sneha Das,Female,57.0,Chennai,Tamil Nadu,2025-07-30,Instagram,Basic
C107532,Divya Sharma,Male,23.0,Bengaluru,Karnataka,2025-08-31,Google Ads,Basic
C107533,Kavya Varma,Male,37.0,Ahmedabad,Gujarat,2025-01-09,Google Ads,Premium
C107534,Kavya Kumar,Male,50.0,Kakinada,Andhra Pradesh,2024-06-11,Instagram,Premium
C107535,Aditya Patel,Female,31.0,Kakinada,Andhra Pradesh,2024-09-03,Email,Standard
C107536,Meera Gupta,Female,19.0,Bengaluru,Karnataka,2024-06-11,Organic Search,Basic
C107537,Ananya Singh,Male,37.0,Pune,Maharashtra,2025-04-28,Email,Premium
C107538,Aarav Das,Female,41.0,Kolkata,West Bengal,2024-08-01,Email,Standard
C107539,Kavya Das,Female,62.0,Hyderabad,Telangana,2025-04-05,YouTube,Standard
C107540,Sanjay Singh,Female,56.0,Kakinada,Andhra Pradesh,2025-04-23,Organic Search,Basic
C107541,Rahul Reddy,Male,26.0,Bengaluru,Karnataka,2025-11-17,Instagram,Basic
C107542,Kavya Sharma,Male,31.0,Mumbai,Maharashtra,2024-09-27,Instagram,Standard
C107543,Kavya Patel,Male,26.0,Kakinada,Andhra Pradesh,2025-12-02,Email,Standard
C107544,Sanjay Singh,Female,61.0,Pune,Maharashtra,2024-10-19,Email,Basic
C107545,Priya Gupta,Male,34.0,Kolkata,West Bengal,2025-05-11,Organic Search,Standard
C107546,Aditya Patel,Male,60.0,Chennai,Tamil Nadu,2025-04-27,Instagram,Standard
C107547,Nikhil Patel,Female,20.0,Ahmedabad,Gujarat,2025-08-20,YouTube,Basic
C107548,Kavya Varma,Female,44.0,Hyderabad,Telangana,2024-12-08,Referral,Standard
C107549,Meera Kumar,Male,21.0,Kolkata,West Bengal,2025-08-01,YouTube,Basic
C107550,Rohan Reddy,Male,44.0,Hyderabad,Telangana,2024-09-16,Referral,Standard
C107551,Divya Kumar,Male,18.0,Bengaluru,Karnataka,2024-12-24,Instagram,Standard
C107552,Kavya Varma,Male,25.0,Pune,Maharashtra,2024-12-30,Google Ads,Basic
C107553,Priya Singh,Male,25.0,Chennai,Tamil Nadu,2025-05-29,Google Ads,Standard
C107554,Kavya Kumar,Male,52.0,Bengaluru,Karnataka,2025-03-27,Google Ads,Basic
C107555,Meera Gupta,Male,48.0,Ahmedabad,Gujarat,2024-02-27,Organic Search,Basic
C107556,Divya Gupta,Female,44.0,Delhi,Delhi,2025-08-13,Google Ads,Premium
C107557,Arjun Gupta,Female,27.0,Visakhapatnam,Andhra Pradesh,2025-07-07,Instagram,Standard
C107558,Aditya Singh,Male,30.0,Hyderabad,Telangana,2024-03-17,Google Ads,Standard
C107559,Rohan Rao,Female,36.0,Mumbai,Maharashtra,2025-12-03,Email,Basic
C107560,Priya Rao,Male,64.0,Mumbai,Maharashtra,2025-04-27,Instagram,Basic
C107561,Meera Sharma,Female,51.0,Pune,Maharashtra,2024-03-03,Instagram,Standard
C107562,Kiran Patel,Female,19.0,Chennai,Tamil Nadu,2024-12-24,Organic Search,Standard
C107563,Sanjay Kumar,Female,19.0,Bengaluru,Karnataka,2025-09-02,Google Ads,Standard
C107564,Kavya Singh,Female,34.0,Pune,Maharashtra,2024-07-23,YouTube,Standard
C107565,Vihaan Patel,Male,28.0,Kakinada,Andhra Pradesh,2025-11-12,Instagram,Standard
C107566,Arjun Sharma,Male,37.0,Bengaluru,Karnataka,2024-11-01,Email,Basic
C107567,Arjun Varma,Female,65.0,Mumbai,Maharashtra,2024-06-14,Email,Standard
C107568,Vihaan Rao,Male,,Chennai,Tamil Nadu,2024-09-17,Instagram,Premium
C107569,Arjun Naidu,Female,46.0,Ahmedabad,Gujarat,2025-01-18,Email,Standard
C107570,Aditya Das,Male,41.0,Bengaluru,Karnataka,2025-05-17,Google Ads,Premium
C107571,Rahul Rao,Male,49.0,Mumbai,Maharashtra,2025-11-08,Google Ads,Standard
C107572,Rahul Gupta,Female,44.0,Mumbai,Maharashtra,2024-05-22,Organic Search,Basic
C107573,Aditya Sharma,Female,42.0,Kolkata,West Bengal,2025-12-01,YouTube,Standard
C107574,Rohan Gupta,Female,31.0,Hyderabad,Telangana,2025-01-20,Instagram,Basic
C107575,Nikhil Sharma,Female,64.0,Kolkata,West Bengal,2024-04-03,Email,Standard
C107576,Arjun Patel,Female,30.0,Chennai,Tamil Nadu,2025-11-07,Instagram,Standard
C107577,Arjun Varma,Male,24.0,Delhi,Delhi,2024-09-11,Instagram,Standard
C107578,Vihaan Varma,Female,22.0,Visakhapatnam,Andhra Pradesh,2025-03-29,Instagram,Standard
C107579,Kiran Rao,Male,21.0,Visakhapatnam,Andhra Pradesh,2025-05-24,Email,Standard
C107580,Meera Gupta,Male,34.0,Visakhapatnam,Andhra Pradesh,2024-01-10,Organic Search,Premium
C107581,Kiran Patel,Female,57.0,Visakhapatnam,Andhra Pradesh,2024-06-10,Referral,Standard
C107582,Aarav Patel,Male,25.0,Mumbai,Maharashtra,2025-05-16,YouTube,Premium
C107583,Arjun Reddy,Male,18.0,Visakhapatnam,Andhra Pradesh,2024-08-25,Organic Search,Standard
C107584,Sai Rao,Male,43.0,Bengaluru,Karnataka,2024-01-07,Instagram,Standard
C107585,Kiran Naidu,Other,44.0,Delhi,Delhi,2024-01-18,Instagram,Basic
C107586,Sai Das,Female,45.0,Pune,Maharashtra,2025-08-26,Referral,Standard
C107587,Priya Sharma,Male,18.0,Ahmedabad,Gujarat,2024-04-22,Google Ads,Basic
C107588,Rahul Naidu,Female,27.0,Pune,Maharashtra,2024-03-14,Instagram,Standard
C107589,Kiran Patel,Male,34.0,Pune,Maharashtra,2025-02-14,Instagram,Standard
C107590,Aarav Singh,Female,53.0,Delhi,Delhi,2024-03-27,Google Ads,Premium
C107591,Kiran Rao,Male,49.0,Pune,Maharashtra,2025-04-21,Referral,Premium
C107592,Aarav Naidu,Male,57.0,Chennai,Tamil Nadu,2025-02-01,Email,Standard
C107593,Vihaan Gupta,Female,44.0,Chennai,Tamil Nadu,2025-04-18,Organic Search,Standard
C107594,Rahul Sharma,Female,37.0,Pune,Maharashtra,2024-12-24,YouTube,Standard
C107595,Vihaan Das,Male,44.0,Kolkata,West Bengal,2025-07-22,Organic Search,Premium
C107596,Rahul Sharma,Male,36.0,Delhi,Delhi,2025-04-15,Google Ads,Standard
C107597,Rohan Varma,Female,25.0,Bengaluru,Karnataka,2024-10-30,Referral,Premium
C107598,Priya Varma,Male,45.0,Mumbai,Maharashtra,2024-01-12,Instagram,Basic
C107599,Aditya Das,Male,,Chennai,Tamil Nadu,2024-07-18,YouTube,Standard
C107600,Rohan Das,Female,30.0,Bengaluru,Karnataka,2024-04-05,Referral,Standard
C107601,Kiran Reddy,Male,52.0,Bengaluru,Karnataka,2024-01-12,Google Ads,Standard
C107602,Rohan Sharma,Male,21.0,Kakinada,Andhra Pradesh,2024-07-18,Organic Search,Standard
C107603,Vihaan Reddy,Male,19.0,Mumbai,Maharashtra,2024-05-30,Referral,Premium
C107604,Kavya Sharma,Male,35.0,Ahmedabad,Gujarat,2024-02-26,YouTube,Standard
C107605,Aarav Rao,Female,46.0,Bengaluru,Karnataka,2024-08-16,Instagram,Basic
C107606,Divya Naidu,Female,58.0,Kakinada,Andhra Pradesh,2025-01-04,Google Ads,Basic
C107607,Meera Gupta,Male,42.0,Mumbai,Maharashtra,2024-05-10,YouTube,Standard
C107608,Kavya Naidu,Female,30.0,Delhi,Delhi,2024-07-18,Referral,Standard
C107609,Divya Naidu,Male,34.0,Ahmedabad,Gujarat,2024-01-15,Google Ads,Standard
C107610,Priya Varma,Male,36.0,Mumbai,Maharashtra,2024-02-06,Email,Standard
C107611,Kavya Rao,Female,34.0,Pune,Maharashtra,2024-04-24,Email,Basic
C107612,Sneha Sharma,Male,50.0,Ahmedabad,Gujarat,2024-11-26,Instagram,Premium
C107613,Meera Sharma,Female,56.0,Hyderabad,Telangana,2025-05-01,Google Ads,Premium
C107614,Vihaan Patel,Male,52.0,Hyderabad,Telangana,2025-07-29,Google Ads,Premium
C107615,Arjun Varma,Female,36.0,Ahmedabad,Gujarat,2025-04-04,Google Ads,Basic
C107616,Priya Rao,Female,31.0,Mumbai,Maharashtra,2025-03-26,Google Ads,Standard
C107617,Sai Varma,Male,21.0,Kakinada,Andhra Pradesh,2025-11-14,Google Ads,Standard
C107618,Sneha Gupta,Female,56.0,Kakinada,Andhra Pradesh,2024-07-05,Organic Search,Standard
C107619,Kavya Rao,Male,64.0,Visakhapatnam,Andhra Pradesh,2025-08-05,Referral,Premium
C107620,Priya Kumar,Male,20.0,Kakinada,Andhra Pradesh,2025-11-14,Google Ads,Premium
C107621,Ananya Das,Male,24.0,Visakhapatnam,Andhra Pradesh,2025-02-18,Instagram,Basic
C107622,Sanjay Kumar,Female,28.0,Delhi,Delhi,2025-09-05,Google Ads,Standard
C107623,Sanjay Gupta,Female,56.0,Kakinada,Andhra Pradesh,2024-04-10,Instagram,Standard
C107624,Rahul Das,Female,28.0,Delhi,Delhi,2025-10-03,YouTube,Standard
C107625,Rahul Rao,Female,18.0,Pune,Maharashtra,2025-02-15,Instagram,Standard
C107626,Kavya Patel,Male,34.0,Hyderabad,Telangana,2024-06-10,Organic Search,Basic
C107627,Rahul Kumar,Female,35.0,Kakinada,Andhra Pradesh,2024-02-14,Email,Premium
C107628,Rohan Das,Female,36.0,Pune,Maharashtra,2025-06-09,Organic Search,Standard
C107629,Aditya Das,Female,42.0,Kakinada,Andhra Pradesh,2024-11-10,Organic Search,Standard
C107630,Kavya Das,Female,,Delhi,Delhi,2024-08-14,Organic Search,Standard
C107631,Divya Singh,Female,19.0,Delhi,Delhi,2024-10-11,Referral,Standard
C107632,Sanjay Das,Male,23.0,Pune,Maharashtra,2025-12-24,Google Ads,Basic
C107633,Rahul Gupta,Female,53.0,Visakhapatnam,Andhra Pradesh,2024-11-08,Email,Basic
C107634,Vihaan Patel,Other,49.0,Pune,Maharashtra,2024-02-27,Instagram,Premium
C107635,Rahul Reddy,Female,30.0,Ahmedabad,Gujarat,2024-07-23,Google Ads,Premium
C107636,Nikhil Singh,Male,63.0,Mumbai,Maharashtra,2024-04-16,Organic Search,Standard
C107637,Vihaan Singh,Male,43.0,Ahmedabad,Gujarat,2025-05-15,Referral,Basic
C107638,Divya Gupta,Female,56.0,Ahmedabad,Gujarat,2025-08-07,Google Ads,Standard
C107639,Sneha Reddy,Female,56.0,Visakhapatnam,Andhra Pradesh,2025-09-05,Organic Search,Basic
C107640,Nikhil Singh,Female,32.0,Hyderabad,Telangana,2025-04-07,Instagram,Basic
C107641,Meera Kumar,Female,46.0,Delhi,Delhi,2025-07-15,Organic Search,Premium
C107642,Meera Reddy,Female,46.0,Hyderabad,Telangana,2024-10-31,Organic Search,Premium
C107643,Priya Singh,Female,39.0,Chennai,Tamil Nadu,2025-04-03,Instagram,Premium
C107644,Sanjay Rao,Male,48.0,Ahmedabad,Gujarat,2024-03-19,Instagram,Basic
C107645,Kiran Kumar,Male,34.0,Kolkata,West Bengal,2025-01-27,YouTube,Standard
C107646,Sai Sharma,Female,22.0,Ahmedabad,Gujarat,2025-02-10,Instagram,Basic
C107647,Aditya Kumar,Male,20.0,Ahmedabad,Gujarat,2024-01-23,YouTube,Standard
C107648,Aarav Naidu,Male,39.0,Kakinada,Andhra Pradesh,2025-02-04,Google Ads,Standard
C107649,Sanjay Naidu,Female,61.0,Visakhapatnam,Andhra Pradesh,2025-06-11,Google Ads,Premium
C107650,Priya Kumar,Male,28.0,Pune,Maharashtra,2024-09-25,Email,Premium
C107651,Divya Gupta,Female,,Visakhapatnam,Andhra Pradesh,2025-02-01,Referral,Basic
C107652,Ananya Varma,Male,25.0,Hyderabad,Telangana,2024-07-27,Google Ads,Standard
C107653,Divya Singh,Female,48.0,Ahmedabad,Gujarat,2024-07-16,Email,Basic
C107654,Ananya Rao,Male,26.0,Pune,Maharashtra,2024-04-04,Google Ads,Standard
C107655,Priya Kumar,Female,39.0,Kakinada,Andhra Pradesh,2024-08-27,Instagram,Standard
C107656,Sai Das,Female,56.0,Pune,Maharashtra,2025-08-09,Organic Search,Standard
C107657,Meera Gupta,Male,35.0,Bengaluru,Karnataka,2025-11-13,Referral,Premium
C107658,Vihaan Naidu,Male,62.0,Ahmedabad,Gujarat,2025-04-09,Email,Standard
C107659,Arjun Sharma,Male,20.0,Kakinada,Andhra Pradesh,2025-03-31,Referral,Basic
C107660,Kavya Singh,Male,22.0,Hyderabad,Telangana,2025-03-24,Email,Standard
C107661,Divya Rao,Male,26.0,Hyderabad,Telangana,2024-12-13,Instagram,Standard
C107662,Rahul Sharma,Male,29.0,Kolkata,West Bengal,2024-11-04,YouTube,Standard
C107663,Sanjay Reddy,Female,38.0,Pune,Maharashtra,2025-03-29,Google Ads,Basic
C107664,Kavya Rao,Male,61.0,Pune,Maharashtra,2025-07-26,YouTube,Basic
C107665,Kavya Patel,Male,29.0,Hyderabad,Telangana,2024-10-29,Organic Search,Standard
C107666,Vihaan Kumar,Male,,Pune,Maharashtra,2025-02-17,Organic Search,Standard
C107667,Nikhil Kumar,Male,20.0,Pune,Maharashtra,2024-12-09,Referral,Standard
C107668,Rahul Patel,Female,52.0,Visakhapatnam,Andhra Pradesh,2024-07-27,Instagram,Basic
C107669,Sneha Varma,Female,44.0,Delhi,Delhi,2024-07-30,Google Ads,Basic
C107670,Sanjay Gupta,Female,20.0,Delhi,Delhi,2024-02-27,Email,Standard
C107671,Rahul Gupta,Male,40.0,Hyderabad,Telangana,2024-11-17,Google Ads,Standard
C107672,Aditya Patel,Male,28.0,Pune,Maharashtra,2025-06-04,Instagram,Basic
C107673,Aarav Reddy,Male,38.0,Kolkata,West Bengal,2025-05-15,Referral,Premium
C107674,Kiran Kumar,Female,31.0,Mumbai,Maharashtra,2025-12-20,Instagram,Premium
C107675,Aditya Das,Male,55.0,Ahmedabad,Gujarat,2024-01-30,Google Ads,Standard
C107676,Arjun Patel,Female,20.0,Kakinada,Andhra Pradesh,2025-07-09,Referral,Standard
C107677,Divya Sharma,Female,46.0,Bengaluru,Karnataka,2025-08-03,Instagram,Premium
C107678,Meera Reddy,Female,56.0,Pune,Maharashtra,2024-11-14,Instagram,Standard
C107679,Arjun Das,Female,18.0,Kolkata,West Bengal,2024-07-25,Instagram,Basic
C107680,Ananya Varma,Female,61.0,Hyderabad,Telangana,2024-09-17,Referral,Standard
C107681,Priya Das,Male,54.0,Bengaluru,Karnataka,2025-05-13,YouTube,Premium
C107682,Aditya Varma,Male,31.0,Delhi,Delhi,2025-09-21,Google Ads,Standard
C107683,Ananya Singh,Female,41.0,Bengaluru,Karnataka,2025-04-14,Email,Standard
C107684,Rahul Varma,Female,50.0,Delhi,Delhi,2025-01-10,Instagram,Premium
C107685,Aditya Varma,Male,42.0,Bengaluru,Karnataka,2025-04-21,Email,Premium
C107686,Rohan Patel,Male,54.0,Visakhapatnam,Andhra Pradesh,2024-02-21,Instagram,Basic
C107687,Aarav Gupta,Male,60.0,Pune,Maharashtra,2025-03-19,Organic Search,Standard
C107688,Meera Rao,Female,35.0,Delhi,Delhi,2024-01-31,Organic Search,Standard
C107689,Ananya Naidu,Male,23.0,Ahmedabad,Gujarat,2025-12-01,Email,Standard
C107690,Nikhil Das,Male,38.0,Hyderabad,Telangana,2025-10-11,Instagram,Standard
C107691,Kavya Kumar,Male,46.0,Pune,Maharashtra,2025-01-06,Organic Search,Standard
C107692,Nikhil Rao,Female,55.0,Kolkata,West Bengal,2024-09-30,Instagram,Standard
C107693,Sai Sharma,Female,31.0,Visakhapatnam,Andhra Pradesh,2025-06-18,Referral,Standard
C107694,Rohan Patel,Male,62.0,Mumbai,Maharashtra,2025-04-10,Organic Search,Premium
C107695,Rohan Das,Female,19.0,Pune,Maharashtra,2025-05-29,Email,Standard
C107696,Rahul Reddy,Male,45.0,Ahmedabad,Gujarat,2025-01-11,Organic Search,Standard
C107697,Priya Gupta,Female,38.0,Ahmedabad,Gujarat,2024-06-21,Email,Basic
C107698,Kavya Gupta,Female,51.0,Bengaluru,Karnataka,2024-02-23,Organic Search,Basic
C107699,Ananya Rao,Male,31.0,Kakinada,Andhra Pradesh,2024-07-25,Google Ads,Basic
C107700,Arjun Patel,Female,62.0,Mumbai,Maharashtra,2025-01-21,Google Ads,Standard
C107701,Kiran Varma,Female,18.0,Delhi,Delhi,2024-11-05,Referral,Standard
C107702,Meera Reddy,Male,57.0,Bengaluru,Karnataka,2025-01-04,Referral,Standard
C107703,Ananya Kumar,Male,41.0,Bengaluru,Karnataka,2024-07-21,Email,Standard
C107704,Sneha Gupta,Female,42.0,Mumbai,Maharashtra,2025-11-15,Referral,Basic
C107705,Sneha Sharma,Male,32.0,Bengaluru,Karnataka,2024-09-24,Email,Standard
C107706,Sneha Das,Female,36.0,Ahmedabad,Gujarat,2025-09-09,Instagram,Standard
C107707,Aarav Singh,Male,38.0,Pune,Maharashtra,2024-10-12,Google Ads,Basic
C107708,Priya Reddy,Female,32.0,Delhi,Delhi,2024-11-19,YouTube,Standard
C107709,Nikhil Patel,Female,18.0,Pune,Maharashtra,2025-03-16,Instagram,Standard
C107710,Meera Das,Female,37.0,Kolkata,West Bengal,2024-07-11,Instagram,Standard
C107711,Kavya Varma,Male,37.0,Bengaluru,Karnataka,2024-06-09,Organic Search,Standard
C107712,Sanjay Gupta,Female,52.0,Mumbai,Maharashtra,2024-10-03,Instagram,Standard
C107713,Sneha Patel,Female,40.0,Visakhapatnam,Andhra Pradesh,2025-08-10,Google Ads,Standard
C107714,Nikhil Patel,Female,44.0,Hyderabad,Telangana,2024-04-15,Email,Basic
C107715,Kiran Singh,Female,40.0,Kakinada,Andhra Pradesh,2024-11-15,Referral,Premium
C107716,Kiran Varma,Male,38.0,Kakinada,Andhra Pradesh,2025-05-05,YouTube,Standard
C107717,Ananya Varma,Female,52.0,Mumbai,Maharashtra,2025-05-30,Organic Search,Premium
C107718,Kavya Reddy,Male,50.0,Delhi,Delhi,2024-11-13,Referral,Standard
C107719,Sai Reddy,Male,65.0,Mumbai,Maharashtra,2024-02-29,YouTube,Standard
C107720,Arjun Kumar,Female,41.0,Pune,Maharashtra,2024-01-12,Google Ads,Standard
C107721,Rahul Naidu,Male,19.0,Mumbai,Maharashtra,2024-12-09,Google Ads,Standard
C107722,Sneha Das,Female,46.0,Ahmedabad,Gujarat,2025-08-14,Email,Standard
C107723,Arjun Sharma,Male,37.0,Delhi,Delhi,2024-01-21,Referral,Standard
C107724,Vihaan Kumar,Male,22.0,Kakinada,Andhra Pradesh,2025-10-09,Google Ads,Standard
C107725,Meera Sharma,Female,59.0,Visakhapatnam,Andhra Pradesh,2025-05-08,Google Ads,Standard
C107726,Vihaan Sharma,Male,48.0,Chennai,Tamil Nadu,2024-01-06,Google Ads,Basic
C107727,Nikhil Singh,Female,48.0,Pune,Maharashtra,2024-09-07,Google Ads,Premium
C107728,Priya Varma,Other,48.0,Hyderabad,Telangana,2024-06-09,Google Ads,Standard
C107729,Arjun Kumar,Male,65.0,Hyderabad,Telangana,2025-11-23,YouTube,Standard
C107730,Kiran Rao,Male,51.0,Pune,Maharashtra,2025-02-08,Organic Search,Basic
C107731,Ananya Reddy,Male,52.0,Chennai,Tamil Nadu,2024-08-24,Referral,Standard
C107732,Vihaan Varma,Female,54.0,Delhi,Delhi,2024-07-21,Referral,Standard
C107733,Arjun Kumar,Male,52.0,Hyderabad,Telangana,2025-02-15,Instagram,Basic
C107734,Aarav Patel,Female,51.0,Visakhapatnam,Andhra Pradesh,2024-01-04,Referral,Standard
C107735,Kiran Gupta,Other,21.0,Chennai,Tamil Nadu,2024-07-06,Email,Basic
C107736,Meera Reddy,Male,37.0,Chennai,Tamil Nadu,2024-04-30,Organic Search,Premium
C107737,Aditya Varma,Female,31.0,Chennai,Tamil Nadu,2025-03-28,Google Ads,Standard
C107738,Nikhil Varma,Male,60.0,Chennai,Tamil Nadu,2025-05-03,YouTube,Standard
C107739,Arjun Varma,Female,46.0,Kolkata,West Bengal,2024-12-06,Organic Search,Premium
C107740,Nikhil Sharma,Male,42.0,Ahmedabad,Gujarat,2024-04-12,Instagram,Standard
C107741,Arjun Das,Female,43.0,Pune,Maharashtra,2024-09-27,YouTube,Premium
C107742,Aditya Sharma,Male,50.0,Bengaluru,Karnataka,2025-09-07,Google Ads,Standard
C107743,Sai Das,Female,54.0,Visakhapatnam,Andhra Pradesh,2024-05-28,YouTube,Basic
C107744,Rohan Rao,Male,27.0,Mumbai,Maharashtra,2024-04-29,Email,Basic
C107745,Vihaan Gupta,Female,65.0,Hyderabad,Telangana,2024-03-22,Google Ads,Standard
C107746,Ananya Sharma,Female,54.0,Hyderabad,Telangana,2025-08-19,Google Ads,Premium
C107747,Meera Das,Female,27.0,Ahmedabad,Gujarat,2024-03-28,Referral,Basic
C107748,Priya Naidu,Female,47.0,Delhi,Delhi,2025-02-28,Organic Search,Standard
C107749,Nikhil Rao,Male,38.0,Hyderabad,Telangana,2025-12-30,Organic Search,Standard
C107750,Kavya Gupta,Male,36.0,Visakhapatnam,Andhra Pradesh,2025-04-13,Google Ads,Basic
C107751,Rohan Rao,Male,59.0,Delhi,Delhi,2024-10-27,Organic Search,Standard
C107752,Ananya Patel,Female,31.0,Kakinada,Andhra Pradesh,2024-05-30,Referral,Standard
C107753,Rohan Das,Male,58.0,Visakhapatnam,Andhra Pradesh,2024-01-02,Google Ads,Basic
C107754,Rahul Sharma,Male,48.0,Hyderabad,Telangana,2024-04-23,Google Ads,Standard
C107755,Vihaan Reddy,Female,57.0,Kolkata,West Bengal,2025-11-26,Organic Search,Standard
C107756,Vihaan Varma,Male,53.0,Kolkata,West Bengal,2024-04-14,Email,Basic
C107757,Sai Sharma,Female,47.0,Bengaluru,Karnataka,2024-01-15,Google Ads,Standard
C107758,Sai Das,Male,27.0,Delhi,Delhi,2025-08-18,Email,Basic
C107759,Rahul Sharma,Male,65.0,Chennai,Tamil Nadu,2024-11-01,Organic Search,Standard
C107760,Arjun Rao,Female,48.0,Bengaluru,Karnataka,2024-09-17,Instagram,Basic
C107761,Ananya Singh,Female,35.0,Ahmedabad,Gujarat,2025-06-07,Google Ads,Standard
C107762,Rohan Das,Female,30.0,Mumbai,Maharashtra,2025-01-16,Google Ads,Standard
C107763,Sneha Gupta,Male,23.0,Kakinada,Andhra Pradesh,2025-10-29,Instagram,Standard
C107764,Sai Naidu,Male,33.0,Visakhapatnam,Andhra Pradesh,2024-12-07,Google Ads,Basic
C107765,Nikhil Patel,Male,24.0,Kolkata,West Bengal,2025-06-04,Organic Search,Basic
C107766,Meera Kumar,Male,60.0,Bengaluru,Karnataka,2025-10-03,Google Ads,Standard
C107767,Priya Sharma,Female,38.0,Hyderabad,Telangana,2024-12-04,Organic Search,Basic
C107768,Kavya Patel,Male,48.0,Bengaluru,Karnataka,2024-07-26,YouTube,Standard
C107769,Priya Reddy,Female,56.0,Chennai,Tamil Nadu,2025-12-12,Google Ads,Basic
C107770,Vihaan Kumar,Female,64.0,Ahmedabad,Gujarat,2024-06-14,Google Ads,Premium
C107771,Aditya Gupta,Male,39.0,Bengaluru,Karnataka,2024-01-29,Instagram,Premium
C107772,Kiran Das,Female,20.0,Ahmedabad,Gujarat,2025-02-26,Email,Standard
C107773,Divya Gupta,Male,47.0,Hyderabad,Telangana,2025-12-21,Referral,Basic
C107774,Ananya Das,Female,63.0,Mumbai,Maharashtra,2024-03-04,Referral,Premium
C107775,Rahul Singh,Male,35.0,Pune,Maharashtra,2025-09-12,Organic Search,Standard
C107776,Sneha Singh,Female,22.0,Visakhapatnam,Andhra Pradesh,2025-08-29,Organic Search,Premium
C107777,Kiran Kumar,Male,52.0,Ahmedabad,Gujarat,2025-11-09,Referral,Premium
C107778,Kiran Rao,Male,47.0,Pune,Maharashtra,2024-11-03,Organic Search,Standard
C107779,Sneha Reddy,Male,25.0,Hyderabad,Telangana,2024-07-04,YouTube,Premium
C107780,Meera Singh,Male,18.0,Mumbai,Maharashtra,2025-01-08,Email,Basic
C107781,Rahul Kumar,Female,42.0,Ahmedabad,Gujarat,2024-04-13,Instagram,Basic
C107782,Rahul Patel,Male,25.0,Hyderabad,Telangana,2025-09-07,Organic Search,Standard
C107783,Meera Rao,Female,26.0,Ahmedabad,Gujarat,2025-04-29,Organic Search,Standard
C107784,Sanjay Sharma,Female,32.0,Ahmedabad,Gujarat,2024-12-18,Referral,Basic
C107785,Sneha Kumar,Male,40.0,Ahmedabad,Gujarat,2025-01-11,Email,Standard
C107786,Aarav Singh,Male,57.0,Mumbai,Maharashtra,2025-06-03,Google Ads,Premium
C107787,Ananya Varma,Male,38.0,Mumbai,Maharashtra,2025-01-16,Referral,Standard
C107788,Priya Singh,Female,58.0,Bengaluru,Karnataka,2025-09-05,Organic Search,Standard
C107789,Aarav Reddy,Male,47.0,Delhi,Delhi,2025-11-05,Organic Search,Standard
C107790,Meera Naidu,Female,36.0,Pune,Maharashtra,2025-11-24,Instagram,Standard
C107791,Sanjay Patel,Male,42.0,Bengaluru,Karnataka,2025-03-28,Instagram,Basic
C107792,Rahul Singh,Male,24.0,Pune,Maharashtra,2025-06-26,Google Ads,Standard
C107793,Aditya Naidu,Male,64.0,Mumbai,Maharashtra,2024-08-15,Google Ads,Standard
C107794,Kavya Naidu,Female,32.0,Pune,Maharashtra,2024-01-28,Organic Search,Standard
C107795,Sanjay Gupta,Female,61.0,Delhi,Delhi,2024-10-19,Instagram,Standard
C107796,Vihaan Das,Female,48.0,Kakinada,Andhra Pradesh,2025-09-28,Organic Search,Standard
C107797,Nikhil Naidu,Male,32.0,Delhi,Delhi,2024-04-07,Referral,Premium
C107798,Divya Kumar,Male,41.0,Visakhapatnam,Andhra Pradesh,2025-02-02,Email,Standard
C107799,Nikhil Singh,Female,23.0,Bengaluru,Karnataka,2024-05-20,Referral,Standard
C107800,Aarav Gupta,Female,47.0,Hyderabad,Telangana,2024-11-09,Organic Search,Premium
C107801,Arjun Das,Female,21.0,Bengaluru,Karnataka,2024-04-14,Google Ads,Standard
C107802,Sneha Das,Male,48.0,Chennai,Tamil Nadu,2025-06-20,Google Ads,Standard
C107803,Rohan Singh,Female,27.0,Kakinada,Andhra Pradesh,2025-08-14,Email,Premium
C107804,Rohan Das,Male,24.0,Bengaluru,Karnataka,2025-07-07,Google Ads,Basic
C107805,Aditya Rao,Other,28.0,Ahmedabad,Gujarat,2025-05-29,Google Ads,Standard
C107806,Vihaan Patel,Male,22.0,Kolkata,West Bengal,2024-06-20,YouTube,Premium
C107807,Aditya Gupta,Female,60.0,Delhi,Delhi,2025-01-22,Organic Search,Basic
C107808,Aditya Kumar,Male,62.0,Delhi,Delhi,2024-03-17,Instagram,Standard
C107809,Rohan Kumar,Female,62.0,Kakinada,Andhra Pradesh,2024-09-30,Organic Search,Basic
C107810,Rohan Das,Female,52.0,Ahmedabad,Gujarat,2025-01-04,Google Ads,Standard
C107811,Rohan Gupta,Female,29.0,Mumbai,Maharashtra,2025-05-03,Google Ads,Standard
C107812,Aarav Gupta,Male,54.0,Kakinada,Andhra Pradesh,2024-03-11,Instagram,Standard
C107813,Vihaan Reddy,Male,54.0,Chennai,Tamil Nadu,2025-08-16,Instagram,Basic
C107814,Aditya Naidu,Female,29.0,Hyderabad,Telangana,2024-12-01,Google Ads,Basic
C107815,Sneha Kumar,Female,58.0,Visakhapatnam,Andhra Pradesh,2025-10-05,Referral,Standard
C107816,Nikhil Varma,Female,65.0,Visakhapatnam,Andhra Pradesh,2025-01-20,Google Ads,Basic
C107817,Vihaan Das,Male,36.0,Chennai,Tamil Nadu,2025-02-03,Instagram,Premium
C107818,Sanjay Naidu,Male,46.0,Ahmedabad,Gujarat,2025-05-20,Google Ads,Standard
C107819,Nikhil Reddy,Male,59.0,Mumbai,Maharashtra,2025-08-21,Google Ads,Standard
C107820,Rohan Gupta,Female,30.0,Visakhapatnam,Andhra Pradesh,2024-04-25,Referral,Standard
C107821,Ananya Sharma,Male,65.0,Delhi,Delhi,2025-01-08,Google Ads,Standard
C107822,Sanjay Kumar,Male,32.0,Mumbai,Maharashtra,2024-01-22,Referral,Standard
C107823,Sneha Reddy,Female,64.0,Pune,Maharashtra,2024-12-12,Referral,Premium
C107824,Ananya Patel,Female,29.0,Mumbai,Maharashtra,2025-08-16,Google Ads,Standard
C107825,Meera Kumar,Female,53.0,Kolkata,West Bengal,2025-09-23,Organic Search,Premium
C107826,Sai Sharma,Male,43.0,Ahmedabad,Gujarat,2024-07-25,Email,Standard
C107827,Aditya Sharma,Male,35.0,Chennai,Tamil Nadu,2024-10-09,Email,Standard
C107828,Nikhil Rao,Female,39.0,Ahmedabad,Gujarat,2025-02-06,Google Ads,Premium
C107829,Sneha Sharma,Male,28.0,Chennai,Tamil Nadu,2024-10-16,Google Ads,Standard
C107830,Sneha Patel,Female,50.0,Kakinada,Andhra Pradesh,2024-05-09,Referral,Premium
C107831,Kiran Singh,Male,65.0,Mumbai,Maharashtra,2024-08-10,YouTube,Standard
C107832,Sai Rao,Female,46.0,Ahmedabad,Gujarat,2024-10-21,Google Ads,Basic
C107833,Nikhil Naidu,Male,31.0,Pune,Maharashtra,2025-01-13,Email,Basic
C107834,Arjun Reddy,Female,50.0,Kakinada,Andhra Pradesh,2025-11-03,Google Ads,Standard
C107835,Rahul Reddy,Female,39.0,Mumbai,Maharashtra,2025-02-01,YouTube,Standard
C107836,Aarav Patel,Male,62.0,Bengaluru,Karnataka,2024-10-09,Google Ads,Premium
C107837,Arjun Rao,Male,30.0,Visakhapatnam,Andhra Pradesh,2025-04-27,Google Ads,Standard
C107838,Kiran Reddy,Female,42.0,Kakinada,Andhra Pradesh,2025-07-18,Referral,Standard
C107839,Divya Singh,Female,41.0,Ahmedabad,Gujarat,2024-11-10,Organic Search,Standard
C107840,Sai Naidu,Male,60.0,Chennai,Tamil Nadu,2024-12-23,Organic Search,Basic
C107841,Divya Naidu,Male,23.0,Chennai,Tamil Nadu,2024-06-08,Organic Search,Basic
C107842,Sai Das,Female,47.0,Kolkata,West Bengal,2025-09-23,Organic Search,Standard
C107843,Aditya Reddy,Female,56.0,Ahmedabad,Gujarat,2025-09-24,Referral,Standard
C107844,Priya Reddy,Female,35.0,Mumbai,Maharashtra,2024-05-07,Instagram,Standard
C107845,Priya Sharma,Male,42.0,Hyderabad,Telangana,2024-09-09,Organic Search,Standard
C107846,Kavya Patel,Female,32.0,Hyderabad,Telangana,2024-07-17,Google Ads,Basic
C107847,Aditya Kumar,Male,38.0,Delhi,Delhi,2025-11-04,Instagram,Standard
C107848,Arjun Reddy,Male,63.0,Kolkata,West Bengal,2024-02-17,Instagram,Standard
C107849,Kiran Sharma,Female,35.0,Chennai,Tamil Nadu,2024-05-31,Referral,Premium
C107850,Ananya Sharma,Male,27.0,Kolkata,West Bengal,2024-08-17,Google Ads,Standard
C107851,Sanjay Das,Female,45.0,Chennai,Tamil Nadu,2025-02-12,Email,Standard
C107852,Priya Kumar,Male,40.0,Mumbai,Maharashtra,2024-06-30,Email,Premium
C107853,Ananya Gupta,Male,55.0,Ahmedabad,Gujarat,2025-01-26,Instagram,Standard
C107854,Sneha Reddy,Female,19.0,Ahmedabad,Gujarat,2025-06-29,Google Ads,Basic
C107855,Kavya Patel,Male,61.0,Kakinada,Andhra Pradesh,2025-08-27,Organic Search,Standard
C107856,Kiran Patel,Female,51.0,Visakhapatnam,Andhra Pradesh,2024-03-13,Organic Search,Premium
C107857,Meera Varma,Female,58.0,Delhi,Delhi,2024-04-11,Organic Search,Premium
C107858,Arjun Patel,Male,37.0,Ahmedabad,Gujarat,2024-03-10,Instagram,Standard
C107859,Meera Naidu,Female,39.0,Delhi,Delhi,2025-10-26,YouTube,Standard
C107860,Divya Gupta,Female,34.0,Visakhapatnam,Andhra Pradesh,2025-04-21,Organic Search,Premium
C107861,Ananya Singh,Female,58.0,Kolkata,West Bengal,2025-01-22,Google Ads,Premium
C107862,Sanjay Kumar,Male,21.0,Visakhapatnam,Andhra Pradesh,2025-07-31,Email,Standard
C107863,Vihaan Das,Female,43.0,Mumbai,Maharashtra,2025-03-03,Google Ads,Premium
C107864,Sanjay Kumar,Female,,Hyderabad,Telangana,2024-06-20,Email,Premium
C107865,Priya Kumar,Female,48.0,Bengaluru,Karnataka,2025-01-07,Organic Search,Basic
C107866,Priya Singh,Male,64.0,Pune,Maharashtra,2025-05-28,Referral,Basic
C107867,Sneha Kumar,Male,50.0,Kakinada,Andhra Pradesh,2024-01-27,Instagram,Basic
C107868,Ananya Das,Female,20.0,Kolkata,West Bengal,2025-03-18,Google Ads,Standard
C107869,Arjun Sharma,Female,37.0,Visakhapatnam,Andhra Pradesh,2024-12-28,Organic Search,Premium
C107870,Sai Varma,Female,19.0,Chennai,Tamil Nadu,2024-02-20,Email,Standard
C107871,Sai Varma,Female,41.0,Kakinada,Andhra Pradesh,2024-07-11,Referral,Basic
C107872,Rahul Das,Male,26.0,Kakinada,Andhra Pradesh,2024-11-23,YouTube,Standard
C107873,Meera Naidu,Female,51.0,Mumbai,Maharashtra,2024-09-07,Instagram,Basic
C107874,Ananya Reddy,Male,43.0,Visakhapatnam,Andhra Pradesh,2024-07-30,Instagram,Standard
C107875,Vihaan Singh,Male,32.0,Hyderabad,Telangana,2025-04-18,Google Ads,Basic
C107876,Rohan Rao,Male,59.0,Pune,Maharashtra,2024-10-22,Organic Search,Basic
C107877,Sneha Rao,Female,53.0,Chennai,Tamil Nadu,2024-12-29,Organic Search,Premium
C107878,Vihaan Reddy,Male,48.0,Delhi,Delhi,2025-08-05,Organic Search,Standard
C107879,Vihaan Rao,Male,34.0,Kakinada,Andhra Pradesh,2024-03-09,Organic Search,Standard
C107880,Rahul Rao,Male,31.0,Kolkata,West Bengal,2024-09-19,Google Ads,Standard
C107881,Kavya Sharma,Male,46.0,Bengaluru,Karnataka,2024-02-23,Google Ads,Standard
C107882,Aditya Singh,Female,55.0,Bengaluru,Karnataka,2025-11-07,Email,Standard
C107883,Sneha Reddy,Male,58.0,Bengaluru,Karnataka,2024-05-15,Google Ads,Standard
C107884,Priya Reddy,Male,55.0,Delhi,Delhi,2025-08-21,Referral,Basic
C107885,Meera Rao,Male,19.0,Hyderabad,Telangana,2024-05-19,Instagram,Standard
C107886,Nikhil Gupta,Female,65.0,Mumbai,Maharashtra,2024-08-24,Google Ads,Basic
C107887,Aarav Kumar,Female,29.0,Ahmedabad,Gujarat,2025-03-20,Referral,Standard
C107888,Nikhil Singh,Female,18.0,Visakhapatnam,Andhra Pradesh,2025-08-29,Instagram,Basic
C107889,Kiran Reddy,Male,44.0,Ahmedabad,Gujarat,2024-05-09,YouTube,Standard
C107890,Rahul Naidu,Male,39.0,Chennai,Tamil Nadu,2024-06-04,Instagram,Standard
C107891,Sai Singh,Male,23.0,Kolkata,West Bengal,2025-10-05,YouTube,Basic
C107892,Sai Reddy,Female,28.0,Kakinada,Andhra Pradesh,2024-08-23,Instagram,Standard
C107893,Aditya Singh,Male,27.0,Hyderabad,Telangana,2024-06-02,Organic Search,Basic
C107894,Ananya Reddy,Male,39.0,Kakinada,Andhra Pradesh,2025-06-26,Referral,Standard
C107895,Kiran Varma,Female,53.0,Ahmedabad,Gujarat,2024-03-07,Instagram,Standard
C107896,Sanjay Varma,Female,50.0,Delhi,Delhi,2025-09-24,Google Ads,Standard
C107897,Arjun Patel,Male,19.0,Chennai,Tamil Nadu,2025-10-01,Google Ads,Premium
C107898,Vihaan Rao,Female,26.0,Chennai,Tamil Nadu,2025-09-17,Organic Search,Standard
C107899,Nikhil Naidu,Male,47.0,Bengaluru,Karnataka,2024-08-03,Instagram,Premium
C107900,Arjun Naidu,Female,56.0,Mumbai,Maharashtra,2024-03-24,Google Ads,Standard
C107901,Nikhil Naidu,Female,19.0,Mumbai,Maharashtra,2024-11-06,Email,Standard
C107902,Nikhil Reddy,Female,34.0,Hyderabad,Telangana,2024-09-01,Email,Premium
C107903,Kavya Kumar,Male,23.0,Pune,Maharashtra,2025-12-01,Google Ads,Premium
C107904,Nikhil Gupta,Female,41.0,Chennai,Tamil Nadu,2025-04-06,Instagram,Standard
C107905,Arjun Singh,Male,36.0,Delhi,Delhi,2025-11-20,Referral,Premium
C107906,Aditya Kumar,Female,26.0,Bengaluru,Karnataka,2025-07-02,Google Ads,Standard
C107907,Rahul Reddy,Female,64.0,Kakinada,Andhra Pradesh,2025-06-05,Email,Basic
C107908,Sai Varma,Female,54.0,Kolkata,West Bengal,2024-03-22,Google Ads,Premium
C107909,Aarav Reddy,Female,44.0,Chennai,Tamil Nadu,2024-02-20,YouTube,Standard
C107910,Meera Kumar,Female,54.0,Ahmedabad,Gujarat,2024-02-03,Referral,Basic
C107911,Meera Singh,Female,32.0,Delhi,Delhi,2025-03-09,Referral,Basic
C107912,Kavya Naidu,Male,62.0,Mumbai,Maharashtra,2024-05-27,Organic Search,Premium
C107913,Sai Rao,Other,37.0,Kolkata,West Bengal,2025-12-23,YouTube,Basic
C107914,Kiran Varma,Male,36.0,Ahmedabad,Gujarat,2024-04-06,Organic Search,Standard
C107915,Rohan Reddy,Male,45.0,Kolkata,West Bengal,2025-11-22,Referral,Standard
C107916,Ananya Sharma,Female,45.0,Pune,Maharashtra,2025-05-02,Organic Search,Standard
C107917,Kiran Varma,Male,47.0,Hyderabad,Telangana,2024-03-18,Instagram,Standard
C107918,Sai Kumar,Female,57.0,Kolkata,West Bengal,2024-02-12,Organic Search,Standard
C107919,Meera Patel,Male,30.0,Kolkata,West Bengal,2024-10-16,Email,Premium
C107920,Rahul Sharma,Male,51.0,Chennai,Tamil Nadu,2024-09-04,Referral,Standard
C107921,Rohan Gupta,Female,27.0,Mumbai,Maharashtra,2024-08-18,Organic Search,Standard
C107922,Aarav Naidu,Female,29.0,Kakinada,Andhra Pradesh,2025-01-20,Email,Basic
C107923,Aditya Varma,Female,41.0,Delhi,Delhi,2024-04-04,Email,Standard
C107924,Sanjay Das,Female,43.0,Mumbai,Maharashtra,2024-04-04,YouTube,Standard
C107925,Rohan Kumar,Male,48.0,Ahmedabad,Gujarat,2025-05-22,Email,Premium
C107926,Sneha Patel,Male,24.0,Chennai,Tamil Nadu,2025-12-23,Google Ads,Basic
C107927,Kavya Patel,Female,57.0,Pune,Maharashtra,2024-07-18,Instagram,Standard
C107928,Nikhil Singh,Female,44.0,Kolkata,West Bengal,2025-11-11,Referral,Premium
C107929,Rahul Gupta,Female,46.0,Delhi,Delhi,2024-09-08,Google Ads,Standard
C107930,Sneha Varma,Male,53.0,Bengaluru,Karnataka,2024-09-02,Email,Standard
C107931,Nikhil Rao,Male,51.0,Bengaluru,Karnataka,2024-03-06,Organic Search,Standard
C107932,Rohan Varma,Male,38.0,Kakinada,Andhra Pradesh,2024-11-05,Google Ads,Standard
C107933,Sai Gupta,Female,41.0,Pune,Maharashtra,2024-12-29,YouTube,Standard
C107934,Aditya Varma,Male,29.0,Chennai,Tamil Nadu,2025-04-29,Organic Search,Standard
C107935,Meera Kumar,Female,45.0,Delhi,Delhi,2024-04-25,YouTube,Basic
C107936,Sai Gupta,Male,27.0,Ahmedabad,Gujarat,2024-05-17,Instagram,Premium
C107937,Sanjay Rao,Female,48.0,Kakinada,Andhra Pradesh,2024-11-11,Referral,Premium
C107938,Rahul Varma,Male,38.0,Ahmedabad,Gujarat,2024-02-20,Email,Premium
C107939,Kiran Varma,Female,29.0,Pune,Maharashtra,2024-04-14,Organic Search,Standard
C107940,Sai Patel,Female,40.0,Chennai,Tamil Nadu,2025-04-04,YouTube,Premium
C107941,Rahul Kumar,Male,62.0,Visakhapatnam,Andhra Pradesh,2025-11-27,Organic Search,Premium
C107942,Rohan Patel,Male,44.0,Visakhapatnam,Andhra Pradesh,2025-02-22,Google Ads,Standard
C107943,Vihaan Reddy,Male,34.0,Delhi,Delhi,2024-04-15,Google Ads,Basic
C107944,Kavya Sharma,Female,39.0,Kakinada,Andhra Pradesh,2025-12-24,Email,Premium
C107945,Sanjay Rao,Female,47.0,Visakhapatnam,Andhra Pradesh,2025-01-15,Instagram,Premium
C107946,Sai Varma,Male,25.0,Visakhapatnam,Andhra Pradesh,2025-06-07,YouTube,Standard
C107947,Aarav Patel,Female,44.0,Hyderabad,Telangana,2024-05-23,Organic Search,Standard
C107948,Sai Kumar,Male,19.0,Bengaluru,Karnataka,2025-02-26,Organic Search,Premium
C107949,Sneha Reddy,Female,58.0,Mumbai,Maharashtra,2024-02-25,YouTube,Basic
C107950,Ananya Patel,Female,47.0,Ahmedabad,Gujarat,2025-04-01,Instagram,Standard
C107951,Divya Sharma,Female,23.0,Hyderabad,Telangana,2024-05-27,Google Ads,Standard
C107952,Rahul Reddy,Male,40.0,Hyderabad,Telangana,2025-10-25,Email,Standard
C107953,Priya Singh,Male,60.0,Hyderabad,Telangana,2024-02-09,Organic Search,Basic
C107954,Sneha Gupta,Other,64.0,Bengaluru,Karnataka,2025-04-21,Organic Search,Premium
C107955,Aditya Das,Male,24.0,Kakinada,Andhra Pradesh,2024-04-11,Instagram,Basic
C107956,Sanjay Sharma,Female,30.0,Ahmedabad,Gujarat,2025-05-16,Email,Premium
C107957,Sanjay Gupta,Female,24.0,Ahmedabad,Gujarat,2024-12-26,Google Ads,Standard
C107958,Priya Patel,Female,35.0,Mumbai,Maharashtra,2025-12-07,Google Ads,Standard
C107959,Rohan Das,Female,59.0,Kolkata,West Bengal,2025-04-20,YouTube,Standard
C107960,Meera Rao,Female,51.0,Ahmedabad,Gujarat,2024-09-28,Instagram,Basic
C107961,Sneha Kumar,Female,30.0,Pune,Maharashtra,2024-03-04,Instagram,Standard
C107962,Aditya Kumar,Male,33.0,Visakhapatnam,Andhra Pradesh,2025-03-10,Google Ads,Standard
C107963,Sneha Das,Female,47.0,Pune,Maharashtra,2024-11-17,Organic Search,Basic
C107964,Kiran Kumar,Male,46.0,Delhi,Delhi,2024-02-08,Instagram,Basic
C107965,Vihaan Das,Female,40.0,Kolkata,West Bengal,2025-02-28,Instagram,Premium
C107966,Nikhil Patel,Female,38.0,Kakinada,Andhra Pradesh,2024-06-02,Google Ads,Standard
C107967,Sneha Reddy,Female,62.0,Visakhapatnam,Andhra Pradesh,2024-06-19,Email,Standard
C107968,Nikhil Sharma,Male,42.0,Chennai,Tamil Nadu,2024-01-07,Instagram,Standard
C107969,Nikhil Rao,Male,55.0,Pune,Maharashtra,2024-09-28,Organic Search,Premium
C107970,Kiran Gupta,Female,64.0,Kakinada,Andhra Pradesh,2024-06-08,Organic Search,Premium
C107971,Aarav Das,Female,34.0,Ahmedabad,Gujarat,2024-02-22,Referral,Standard
C107972,Arjun Varma,Male,55.0,Pune,Maharashtra,2024-11-13,Instagram,Basic
C107973,Divya Singh,Female,57.0,Mumbai,Maharashtra,2024-06-09,Referral,Standard
C107974,Nikhil Patel,Female,28.0,Kakinada,Andhra Pradesh,2024-04-07,Instagram,Standard
C107975,Divya Patel,Female,28.0,Kakinada,Andhra Pradesh,2024-12-06,Google Ads,Basic
C107976,Aditya Das,Female,25.0,Hyderabad,Telangana,2024-02-16,Organic Search,Premium
C107977,Kavya Rao,Female,47.0,Hyderabad,Telangana,2025-12-24,Instagram,Standard
C107978,Kiran Das,Female,54.0,Bengaluru,Karnataka,2024-12-09,Instagram,Standard
C107979,Rohan Das,Male,54.0,Delhi,Delhi,2025-12-28,Instagram,Standard
C107980,Rahul Kumar,Other,36.0,Bengaluru,Karnataka,2025-10-05,Instagram,Standard
C107981,Rohan Das,Female,51.0,Visakhapatnam,Andhra Pradesh,2025-12-16,Google Ads,Basic
C107982,Kavya Patel,Female,19.0,Kakinada,Andhra Pradesh,2025-01-31,Google Ads,Standard
C107983,Rahul Reddy,Female,49.0,Bengaluru,Karnataka,2024-11-04,Organic Search,Standard
C107984,Aditya Singh,Female,40.0,Visakhapatnam,Andhra Pradesh,2025-06-09,Instagram,Standard
C107985,Aditya Reddy,Male,57.0,Bengaluru,Karnataka,2024-02-28,Google Ads,Standard
C107986,Aditya Naidu,Male,64.0,Ahmedabad,Gujarat,2025-09-05,YouTube,Standard
C107987,Nikhil Gupta,Male,44.0,Delhi,Delhi,2024-08-24,Referral,Basic
C107988,Aarav Reddy,Female,47.0,Hyderabad,Telangana,2024-01-06,Organic Search,Standard
C107989,Sai Patel,Female,62.0,Chennai,Tamil Nadu,2024-06-22,Referral,Standard
C107990,Nikhil Rao,Male,34.0,Visakhapatnam,Andhra Pradesh,2024-06-25,Instagram,Premium
C107991,Rohan Naidu,Male,24.0,Kakinada,Andhra Pradesh,2024-01-11,Instagram,Standard
C107992,Kiran Das,Female,42.0,Bengaluru,Karnataka,2025-05-03,Organic Search,Standard
C107993,Aarav Sharma,Male,35.0,Visakhapatnam,Andhra Pradesh,2024-03-10,Organic Search,Basic
C107994,Aarav Singh,Male,48.0,Mumbai,Maharashtra,2025-09-10,Referral,Basic
C107995,Sneha Varma,Male,55.0,Chennai,Tamil Nadu,2024-11-26,Referral,Basic
C107996,Ananya Kumar,Female,42.0,Bengaluru,Karnataka,2025-06-08,Google Ads,Standard
C107997,Meera Patel,Female,32.0,Kakinada,Andhra Pradesh,2024-09-04,Instagram,Basic
C107998,Kiran Reddy,Female,45.0,Ahmedabad,Gujarat,2024-04-06,Instagram,Standard
C107999,Nikhil Gupta,Male,39.0,Kolkata,West Bengal,2024-05-11,YouTube,Standard
C108000,Aditya Rao,Male,26.0,Ahmedabad,Gujarat,2025-04-16,Instagram,Premium
C108001,Sanjay Gupta,Female,55.0,Visakhapatnam,Andhra Pradesh,2025-06-06,Google Ads,Basic
C108002,Priya Reddy,Other,33.0,Bengaluru,Karnataka,2024-07-14,Email,Basic
C108003,Kavya Das,Male,43.0,Mumbai,Maharashtra,2024-09-17,Google Ads,Standard
C108004,Sanjay Patel,Female,61.0,Hyderabad,Telangana,2025-11-20,YouTube,Standard
C108005,Ananya Kumar,Female,27.0,Chennai,Tamil Nadu,2025-09-13,Instagram,Premium
C108006,Ananya Singh,Female,38.0,Chennai,Tamil Nadu,2024-10-28,Organic Search,Premium
C108007,Meera Patel,Male,26.0,Hyderabad,Telangana,2024-06-24,Instagram,Basic
C108008,Ananya Das,Male,38.0,Kolkata,West Bengal,2024-08-07,Instagram,Standard
C108009,Rohan Gupta,Male,32.0,Hyderabad,Telangana,2025-01-28,Referral,Standard
C108010,Aarav Reddy,Female,61.0,Ahmedabad,Gujarat,2025-02-17,Organic Search,Standard
C108011,Sai Varma,Female,32.0,Ahmedabad,Gujarat,2024-05-14,Google Ads,Standard
C108012,Rahul Patel,Male,47.0,Visakhapatnam,Andhra Pradesh,2024-02-18,Google Ads,Basic
C108013,Sneha Kumar,Male,24.0,Bengaluru,Karnataka,2024-12-27,Google Ads,Basic
C108014,Sanjay Das,Male,39.0,Visakhapatnam,Andhra Pradesh,2025-08-05,Instagram,Standard
C108015,Sneha Naidu,Female,58.0,Pune,Maharashtra,2024-04-21,Organic Search,Standard
C108016,Arjun Reddy,Female,50.0,Visakhapatnam,Andhra Pradesh,2024-10-25,YouTube,Premium
C108017,Divya Sharma,Male,31.0,Kolkata,West Bengal,2024-04-27,Email,Basic
C108018,Rohan Patel,Female,64.0,Kolkata,West Bengal,2024-06-25,Google Ads,Basic
C108019,Sanjay Singh,Female,56.0,Hyderabad,Telangana,2025-03-22,Email,Standard
C108020,Sai Kumar,Female,37.0,Kolkata,West Bengal,2024-07-27,Referral,Standard
C108021,Aditya Kumar,Female,64.0,Chennai,Tamil Nadu,2024-07-11,Instagram,Standard
C108022,Sneha Reddy,Male,26.0,Visakhapatnam,Andhra Pradesh,2025-12-27,Google Ads,Basic
C108023,Aditya Varma,Female,33.0,Kolkata,West Bengal,2024-05-05,Email,Standard
C108024,Divya Patel,Female,62.0,Hyderabad,Telangana,2024-05-18,Organic Search,Premium
C108025,Arjun Singh,Female,64.0,Visakhapatnam,Andhra Pradesh,2025-11-09,Google Ads,Basic
C108026,Rohan Varma,Female,57.0,Hyderabad,Telangana,2025-02-05,Organic Search,Standard
C108027,Sai Reddy,Male,27.0,Mumbai,Maharashtra,2024-02-01,Organic Search,Standard
C108028,Aditya Varma,Female,28.0,Mumbai,Maharashtra,2024-11-06,YouTube,Premium
C108029,Rohan Kumar,Female,49.0,Kakinada,Andhra Pradesh,2025-02-16,YouTube,Premium
C108030,Meera Rao,Male,20.0,Bengaluru,Karnataka,2024-07-03,Instagram,Premium
C108031,Kiran Kumar,Female,65.0,Visakhapatnam,Andhra Pradesh,2025-02-04,Google Ads,Standard
C108032,Meera Patel,Male,63.0,Mumbai,Maharashtra,2025-04-18,Organic Search,Basic
C108033,Sneha Singh,Female,56.0,Kolkata,West Bengal,2024-07-01,Organic Search,Standard
C108034,Sai Reddy,Male,64.0,Hyderabad,Telangana,2025-08-16,Instagram,Basic
C108035,Rohan Varma,Male,29.0,Delhi,Delhi,2024-11-26,Email,Standard
C108036,Aditya Kumar,Female,60.0,Kolkata,West Bengal,2025-12-04,Organic Search,Premium
C108037,Sneha Singh,Female,30.0,Ahmedabad,Gujarat,2024-03-05,Google Ads,Standard
C108038,Priya Das,Female,23.0,Visakhapatnam,Andhra Pradesh,2024-08-24,Google Ads,Standard
C108039,Kiran Kumar,Female,30.0,Visakhapatnam,Andhra Pradesh,2025-06-10,Google Ads,Basic
C108040,Sai Varma,Male,55.0,Pune,Maharashtra,2025-10-15,Google Ads,Standard
C108041,Aarav Rao,Female,63.0,Delhi,Delhi,2024-06-10,Referral,Standard
C108042,Sanjay Sharma,Female,47.0,Mumbai,Maharashtra,2025-12-16,Instagram,Standard
C108043,Kiran Patel,Male,29.0,Kakinada,Andhra Pradesh,2024-05-21,Organic Search,Basic
C108044,Vihaan Sharma,Female,46.0,Kolkata,West Bengal,2024-10-30,Instagram,Standard
C108045,Sanjay Patel,Male,42.0,Kakinada,Andhra Pradesh,2024-08-17,Organic Search,Premium
C108046,Sanjay Sharma,Male,42.0,Chennai,Tamil Nadu,2024-11-05,Instagram,Standard
C108047,Nikhil Das,Female,34.0,Chennai,Tamil Nadu,2025-10-20,Organic Search,Basic
C108048,Vihaan Das,Female,,Visakhapatnam,Andhra Pradesh,2025-06-18,Google Ads,Standard
C108049,Rohan Varma,Female,35.0,Ahmedabad,Gujarat,2025-08-04,Email,Standard
C108050,Rahul Kumar,Female,60.0,Mumbai,Maharashtra,2024-07-04,Instagram,Standard
C108051,Sai Patel,Male,37.0,Pune,Maharashtra,2025-11-22,Referral,Standard
C108052,Priya Rao,Other,18.0,Mumbai,Maharashtra,2024-11-13,Google Ads,Standard
C108053,Sneha Sharma,Male,34.0,Ahmedabad,Gujarat,2025-04-20,Instagram,Premium
C108054,Arjun Sharma,Male,40.0,Hyderabad,Telangana,2025-05-24,Organic Search,Standard
C108055,Meera Gupta,Male,46.0,Visakhapatnam,Andhra Pradesh,2025-04-28,Instagram,Standard
C108056,Aarav Sharma,Male,48.0,Kakinada,Andhra Pradesh,2025-03-15,YouTube,Standard
C108057,Priya Kumar,Male,38.0,Hyderabad,Telangana,2024-12-16,Referral,Standard
C108058,Kiran Gupta,Female,24.0,Kolkata,West Bengal,2025-04-17,Instagram,Standard
C108059,Sai Reddy,Female,39.0,Hyderabad,Telangana,2025-10-22,YouTube,Standard
C108060,Kiran Patel,Female,18.0,Delhi,Delhi,2024-10-11,Instagram,Standard
C108061,Arjun Sharma,Male,42.0,Delhi,Delhi,2025-01-07,Organic Search,Basic
C108062,Sneha Reddy,Female,39.0,Pune,Maharashtra,2024-05-11,Google Ads,Standard
C108063,Sneha Patel,Male,35.0,Kakinada,Andhra Pradesh,2024-09-16,Referral,Standard
C108064,Kiran Rao,Female,49.0,Chennai,Tamil Nadu,2025-07-17,Organic Search,Premium
C108065,Ananya Das,Female,54.0,Delhi,Delhi,2025-04-12,Instagram,Standard
C108066,Kiran Varma,Male,30.0,Hyderabad,Telangana,2024-06-03,Email,Standard
C108067,Sanjay Das,Female,42.0,Visakhapatnam,Andhra Pradesh,2025-02-02,Instagram,Basic
C108068,Sneha Sharma,Female,42.0,Delhi,Delhi,2025-08-15,Email,Premium
C108069,Divya Rao,Male,42.0,Chennai,Tamil Nadu,2024-03-31,Instagram,Standard
C108070,Ananya Rao,Female,37.0,Hyderabad,Telangana,2024-02-15,Instagram,Basic
C108071,Sanjay Kumar,Female,28.0,Mumbai,Maharashtra,2024-10-13,Instagram,Standard
C108072,Sanjay Gupta,Male,26.0,Pune,Maharashtra,2025-04-24,Email,Standard
C108073,Nikhil Gupta,Male,19.0,Kakinada,Andhra Pradesh,2024-08-16,YouTube,Premium
C108074,Divya Reddy,Male,20.0,Delhi,Delhi,2025-08-22,YouTube,Standard
C108075,Sai Sharma,Female,56.0,Pune,Maharashtra,2025-09-10,Organic Search,Basic
C108076,Vihaan Patel,Male,21.0,Visakhapatnam,Andhra Pradesh,2025-01-23,Organic Search,Premium
C108077,Sai Naidu,Male,59.0,Delhi,Delhi,2024-10-03,Organic Search,Standard
C108078,Meera Gupta,Male,61.0,Mumbai,Maharashtra,2024-01-31,Referral,Standard
C108079,Rahul Kumar,Other,29.0,Hyderabad,Telangana,2025-08-22,Google Ads,Standard
C108080,Kiran Naidu,Female,39.0,Kakinada,Andhra Pradesh,2025-10-15,Email,Standard
C108081,Rohan Sharma,Female,35.0,Bengaluru,Karnataka,2024-11-18,Instagram,Standard
C108082,Rohan Kumar,Female,36.0,Mumbai,Maharashtra,2025-01-12,Organic Search,Premium
C108083,Arjun Patel,Female,35.0,Bengaluru,Karnataka,2025-07-04,Google Ads,Basic
C108084,Arjun Singh,Female,34.0,Ahmedabad,Gujarat,2025-05-22,Google Ads,Standard
C108085,Arjun Rao,Male,50.0,Delhi,Delhi,2024-04-08,Organic Search,Premium
C108086,Aditya Singh,Male,37.0,Ahmedabad,Gujarat,2025-05-05,Instagram,Basic
C108087,Rahul Sharma,Female,26.0,Kolkata,West Bengal,2025-11-05,YouTube,Basic
C108088,Vihaan Gupta,Male,36.0,Hyderabad,Telangana,2025-07-02,YouTube,Standard
C108089,Meera Patel,Male,64.0,Delhi,Delhi,2024-12-16,Email,Basic
C108090,Rahul Patel,Female,65.0,Hyderabad,Telangana,2025-01-16,Email,Standard
C108091,Arjun Naidu,Female,20.0,Hyderabad,Telangana,2024-07-08,Instagram,Basic
C108092,Rahul Varma,Male,45.0,Chennai,Tamil Nadu,2025-04-27,Google Ads,Basic
C108093,Divya Reddy,Male,64.0,Mumbai,Maharashtra,2024-06-25,Organic Search,Standard
C108094,Sneha Naidu,Male,27.0,Hyderabad,Telangana,2024-09-06,Instagram,Standard
C108095,Arjun Singh,Male,21.0,Chennai,Tamil Nadu,2024-07-12,Google Ads,Premium
C108096,Divya Sharma,Male,28.0,Chennai,Tamil Nadu,2024-09-01,Google Ads,Premium
C108097,Aditya Singh,Female,33.0,Kakinada,Andhra Pradesh,2024-09-24,Email,Standard
C108098,Aarav Kumar,Female,62.0,Kolkata,West Bengal,2024-03-01,Email,Basic
C108099,Aarav Kumar,Male,30.0,Delhi,Delhi,2025-06-07,Instagram,Standard
C108100,Aarav Kumar,Male,33.0,Chennai,Tamil Nadu,2024-11-17,Instagram,Standard
C108101,Arjun Singh,Female,30.0,Hyderabad,Telangana,2025-11-24,Organic Search,Premium
C108102,Kiran Varma,Male,36.0,Delhi,Delhi,2024-05-12,Instagram,Standard
C108103,Arjun Reddy,Male,65.0,Pune,Maharashtra,2025-05-03,Google Ads,Standard
C108104,Sanjay Das,Male,22.0,Hyderabad,Telangana,2024-05-10,Instagram,Basic
C108105,Sai Das,Female,40.0,Kakinada,Andhra Pradesh,2025-02-03,Organic Search,Premium
C108106,Priya Kumar,Male,47.0,Pune,Maharashtra,2024-12-24,Instagram,Premium
C108107,Aarav Sharma,Male,23.0,Ahmedabad,Gujarat,2024-11-23,Google Ads,Premium
C108108,Priya Singh,Female,20.0,Mumbai,Maharashtra,2025-04-22,Referral,Standard
C108109,Kavya Reddy,Female,65.0,Visakhapatnam,Andhra Pradesh,2025-08-27,Instagram,Standard
C108110,Nikhil Rao,Female,30.0,Delhi,Delhi,2024-08-19,YouTube,Premium
C108111,Aditya Sharma,Female,29.0,Kakinada,Andhra Pradesh,2025-09-12,Organic Search,Standard
C108112,Arjun Naidu,Female,34.0,Pune,Maharashtra,2024-05-14,Email,Standard
C108113,Rahul Varma,Male,21.0,Kolkata,West Bengal,2024-08-01,Google Ads,Premium
C108114,Meera Rao,Male,25.0,Mumbai,Maharashtra,2024-08-14,Instagram,Basic
C108115,Meera Naidu,Male,19.0,Kakinada,Andhra Pradesh,2025-11-26,Referral,Basic
C108116,Arjun Sharma,Male,43.0,Bengaluru,Karnataka,2024-03-27,Google Ads,Standard
C108117,Kiran Rao,Male,40.0,Hyderabad,Telangana,2024-10-15,Email,Standard
C108118,Vihaan Singh,Male,31.0,Chennai,Tamil Nadu,2024-11-05,Instagram,Standard
C108119,Kavya Das,Female,62.0,Visakhapatnam,Andhra Pradesh,2025-08-07,Email,Premium
C108120,Vihaan Naidu,Female,32.0,Kakinada,Andhra Pradesh,2024-12-20,Google Ads,Standard
C108121,Sneha Das,Male,18.0,Visakhapatnam,Andhra Pradesh,2025-12-06,Referral,Standard
C108122,Aarav Kumar,Female,22.0,Pune,Maharashtra,2025-06-24,Instagram,Standard
C108123,Vihaan Kumar,Male,52.0,Kakinada,Andhra Pradesh,2025-05-28,Google Ads,Standard
C108124,Aditya Patel,Female,43.0,Chennai,Tamil Nadu,2025-07-03,Google Ads,Standard
C108125,Kavya Singh,Female,30.0,Chennai,Tamil Nadu,2024-04-27,Google Ads,Standard
C108126,Ananya Reddy,Male,29.0,Bengaluru,Karnataka,2024-11-23,YouTube,Standard
C108127,Priya Naidu,Male,28.0,Ahmedabad,Gujarat,2025-03-03,Google Ads,Basic
C108128,Aditya Naidu,Female,38.0,Delhi,Delhi,2024-06-01,Instagram,Premium
C108129,Rahul Gupta,Female,51.0,Bengaluru,Karnataka,2024-03-27,Referral,Standard
C108130,Kavya Varma,Female,48.0,Delhi,Delhi,2024-04-09,Google Ads,Basic
C108131,Sai Patel,Male,53.0,Kolkata,West Bengal,2025-07-30,Organic Search,Premium
C108132,Sneha Sharma,Male,19.0,Mumbai,Maharashtra,2025-04-24,Instagram,Standard
C108133,Aditya Naidu,Male,44.0,Delhi,Delhi,2024-07-24,Organic Search,Standard
C108134,Rohan Singh,Female,54.0,Delhi,Delhi,2025-06-22,Email,Standard
C108135,Priya Kumar,Male,27.0,Pune,Maharashtra,2025-05-22,Instagram,Basic
C108136,Priya Rao,Male,45.0,Ahmedabad,Gujarat,2025-08-19,Google Ads,Basic
C108137,Kiran Varma,Other,18.0,Kolkata,West Bengal,2025-10-26,Referral,Standard
C108138,Kavya Kumar,Male,61.0,Bengaluru,Karnataka,2025-10-06,Referral,Basic
C108139,Vihaan Das,Male,53.0,Delhi,Delhi,2024-05-12,Google Ads,Standard
C108140,Vihaan Gupta,Female,47.0,Kolkata,West Bengal,2025-07-15,Referral,Basic
C108141,Sanjay Patel,Female,46.0,Mumbai,Maharashtra,2024-10-13,Email,Basic
C108142,Sneha Varma,Female,50.0,Hyderabad,Telangana,2024-10-21,Referral,Standard
C108143,Divya Varma,Male,38.0,Delhi,Delhi,2025-04-17,Email,Premium
C108144,Priya Kumar,Female,64.0,Kolkata,West Bengal,2025-03-15,Organic Search,Standard
C108145,Kiran Sharma,Male,28.0,Kolkata,West Bengal,2024-11-02,Referral,Basic
C108146,Arjun Kumar,Female,56.0,Bengaluru,Karnataka,2025-12-30,Google Ads,Premium
C108147,Aditya Kumar,Female,54.0,Kolkata,West Bengal,2024-05-07,Google Ads,Standard
C108148,Sai Gupta,Female,58.0,Bengaluru,Karnataka,2024-03-11,Instagram,Standard
C108149,Aditya Naidu,Female,21.0,Ahmedabad,Gujarat,2024-01-22,Google Ads,Basic
C108150,Sai Naidu,Female,39.0,Pune,Maharashtra,2025-08-17,Google Ads,Basic
C108151,Aarav Rao,Male,48.0,Bengaluru,Karnataka,2024-10-23,Organic Search,Premium
C108152,Aditya Sharma,Male,47.0,Delhi,Delhi,2024-11-15,Instagram,Standard
C108153,Meera Das,Male,51.0,Visakhapatnam,Andhra Pradesh,2025-04-18,Email,Basic
C108154,Rohan Naidu,Female,48.0,Chennai,Tamil Nadu,2024-11-13,Instagram,Premium
C108155,Sanjay Gupta,Male,28.0,Kolkata,West Bengal,2025-02-23,Instagram,Standard
C108156,Sanjay Naidu,Female,57.0,Ahmedabad,Gujarat,2024-02-12,Google Ads,Standard
C108157,Arjun Gupta,Female,41.0,Hyderabad,Telangana,2024-04-24,Referral,Standard
C108158,Aditya Patel,Female,64.0,Kakinada,Andhra Pradesh,2025-11-11,Instagram,Standard
C108159,Rahul Reddy,Male,42.0,Delhi,Delhi,2024-11-25,Instagram,Premium
C108160,Rahul Gupta,Female,43.0,Ahmedabad,Gujarat,2024-05-02,Referral,Basic
C108161,Nikhil Sharma,Female,46.0,Chennai,Tamil Nadu,2024-09-26,Google Ads,Standard
C108162,Nikhil Gupta,Other,59.0,Pune,Maharashtra,2024-09-01,Google Ads,Standard
C108163,Nikhil Sharma,Female,61.0,Delhi,Delhi,2024-07-19,Google Ads,Standard
C108164,Aarav Patel,Male,46.0,Visakhapatnam,Andhra Pradesh,2024-08-02,Google Ads,Premium
C108165,Sneha Sharma,Male,44.0,Bengaluru,Karnataka,2025-06-16,Instagram,Standard
C108166,Priya Naidu,Female,20.0,Visakhapatnam,Andhra Pradesh,2024-03-18,Google Ads,Premium
C108167,Sneha Patel,Female,21.0,Mumbai,Maharashtra,2024-08-14,Referral,Standard
C108168,Sai Rao,Female,53.0,Visakhapatnam,Andhra Pradesh,2024-12-07,Referral,Standard
C108169,Aditya Reddy,Female,34.0,Hyderabad,Telangana,2025-01-29,YouTube,Standard
C108170,Divya Kumar,Female,38.0,Hyderabad,Telangana,2025-10-04,Organic Search,Standard
C108171,Kavya Rao,Female,48.0,Hyderabad,Telangana,2025-11-04,Instagram,Premium
C108172,Kavya Sharma,Female,28.0,Pune,Maharashtra,2024-08-05,Google Ads,Standard
C108173,Priya Singh,Female,33.0,Mumbai,Maharashtra,2025-01-28,Organic Search,Premium
C108174,Nikhil Kumar,Male,20.0,Pune,Maharashtra,2024-01-17,Google Ads,Standard
C108175,Kiran Gupta,Male,54.0,Visakhapatnam,Andhra Pradesh,2025-03-26,Referral,Premium
C108176,Rohan Singh,Male,42.0,Hyderabad,Telangana,2024-04-21,Email,Premium
C108177,Ananya Naidu,Male,27.0,Pune,Maharashtra,2024-02-23,Referral,Standard
C108178,Kiran Rao,Female,46.0,Ahmedabad,Gujarat,2025-05-05,Instagram,Basic
C108179,Sanjay Kumar,Female,24.0,Chennai,Tamil Nadu,2024-05-10,Instagram,Premium
C108180,Arjun Das,Male,55.0,Kakinada,Andhra Pradesh,2024-12-14,Instagram,Standard
C108181,Kavya Rao,Male,29.0,Kolkata,West Bengal,2024-03-14,Instagram,Premium
C108182,Sneha Rao,Female,30.0,Hyderabad,Telangana,2025-06-28,Instagram,Standard
C108183,Nikhil Naidu,Female,60.0,Pune,Maharashtra,2025-07-12,Email,Standard
C108184,Aarav Patel,Female,53.0,Delhi,Delhi,2025-02-23,Google Ads,Premium
C108185,Sai Singh,Male,50.0,Bengaluru,Karnataka,2025-09-02,Instagram,Standard
C108186,Rohan Naidu,Male,46.0,Kakinada,Andhra Pradesh,2024-11-14,Instagram,Premium
C108187,Kiran Rao,Female,42.0,Mumbai,Maharashtra,2024-05-16,YouTube,Basic
C108188,Ananya Sharma,Female,27.0,Hyderabad,Telangana,2024-04-20,Instagram,Standard
C108189,Divya Varma,Female,32.0,Mumbai,Maharashtra,2024-06-09,Google Ads,Standard
C108190,Vihaan Singh,Female,64.0,Visakhapatnam,Andhra Pradesh,2024-05-26,Referral,Premium
C108191,Vihaan Rao,Male,62.0,Pune,Maharashtra,2024-08-23,Instagram,Standard
C108192,Vihaan Rao,Male,52.0,Visakhapatnam,Andhra Pradesh,2024-06-05,Instagram,Standard
C108193,Rohan Patel,Male,60.0,Chennai,Tamil Nadu,2025-03-07,Instagram,Standard
C108194,Sanjay Patel,Male,56.0,Bengaluru,Karnataka,2024-04-18,YouTube,Standard
C108195,Priya Patel,Male,37.0,Delhi,Delhi,2025-03-29,Email,Standard
C108196,Aditya Varma,Male,52.0,Bengaluru,Karnataka,2024-08-31,Referral,Standard
C108197,Ananya Reddy,Male,54.0,Pune,Maharashtra,2025-05-16,Organic Search,Standard
C108198,Kavya Patel,Female,24.0,Mumbai,Maharashtra,2025-01-09,Referral,Standard
C108199,Rahul Reddy,Male,61.0,Kakinada,Andhra Pradesh,2025-10-22,Google Ads,Basic
C108200,Arjun Reddy,Female,41.0,Delhi,Delhi,2024-11-17,Referral,Standard
C108201,Divya Naidu,Male,33.0,Delhi,Delhi,2024-08-03,Referral,Premium
C108202,Divya Reddy,Male,40.0,Kakinada,Andhra Pradesh,2025-03-06,Google Ads,Premium
C108203,Vihaan Varma,Male,33.0,Pune,Maharashtra,2025-04-25,Organic Search,Standard
C108204,Sanjay Patel,Male,33.0,Bengaluru,Karnataka,2024-11-16,Instagram,Standard
C108205,Arjun Patel,Male,44.0,Chennai,Tamil Nadu,2025-02-12,Instagram,Basic
C108206,Meera Patel,Female,65.0,Mumbai,Maharashtra,2024-12-09,Google Ads,Standard
C108207,Rahul Gupta,Female,37.0,Ahmedabad,Gujarat,2024-08-11,Instagram,Standard
C108208,Ananya Patel,Male,28.0,Pune,Maharashtra,2024-08-16,YouTube,Premium
C108209,Vihaan Gupta,Male,54.0,Ahmedabad,Gujarat,2025-10-24,Referral,Standard
C108210,Vihaan Reddy,Male,32.0,Kakinada,Andhra Pradesh,2025-05-07,Instagram,Standard
C108211,Arjun Varma,Female,43.0,Ahmedabad,Gujarat,2024-03-10,Email,Basic
C108212,Meera Singh,Male,30.0,Delhi,Delhi,2025-12-03,Organic Search,Standard
C108213,Kavya Reddy,Male,28.0,Mumbai,Maharashtra,2025-06-03,Google Ads,Basic
C108214,Divya Naidu,Female,30.0,Pune,Maharashtra,2024-02-06,Referral,Basic
C108215,Sneha Naidu,Female,35.0,Chennai,Tamil Nadu,2025-06-15,Email,Standard
C108216,Aarav Kumar,Female,63.0,Delhi,Delhi,2025-03-06,Google Ads,Standard
C108217,Kiran Patel,Male,,Visakhapatnam,Andhra Pradesh,2025-10-30,Referral,Standard
C108218,Aarav Kumar,Male,51.0,Kakinada,Andhra Pradesh,2024-12-23,Email,Standard
C108219,Sai Singh,Male,20.0,Delhi,Delhi,2025-01-13,Organic Search,Basic
C108220,Sneha Reddy,Female,18.0,Kolkata,West Bengal,2024-08-17,Organic Search,Standard
C108221,Rahul Varma,Female,34.0,Kakinada,Andhra Pradesh,2024-08-22,YouTube,Basic
C108222,Aarav Patel,Male,60.0,Hyderabad,Telangana,2025-03-27,Instagram,Standard
C108223,Kavya Singh,Female,18.0,Delhi,Delhi,2025-08-27,Organic Search,Standard
C108224,Meera Das,Male,54.0,Ahmedabad,Gujarat,2025-10-12,Email,Standard
C108225,Aditya Rao,Female,57.0,Chennai,Tamil Nadu,2025-07-16,Google Ads,Standard
C108226,Sai Gupta,Male,31.0,Ahmedabad,Gujarat,2025-03-21,YouTube,Standard
C108227,Aarav Varma,Male,23.0,Chennai,Tamil Nadu,2024-12-31,Organic Search,Premium
C108228,Sanjay Gupta,Male,25.0,Hyderabad,Telangana,2024-09-04,Organic Search,Premium
C108229,Priya Varma,Female,21.0,Chennai,Tamil Nadu,2025-07-14,Instagram,Standard
C108230,Priya Sharma,Male,58.0,Chennai,Tamil Nadu,2024-08-20,Instagram,Standard
C108231,Vihaan Reddy,Male,55.0,Visakhapatnam,Andhra Pradesh,2024-07-14,YouTube,Basic
C108232,Nikhil Varma,Female,50.0,Bengaluru,Karnataka,2025-09-25,YouTube,Standard
C108233,Arjun Reddy,Female,22.0,Bengaluru,Karnataka,2025-03-06,Google Ads,Standard
C108234,Nikhil Reddy,Female,63.0,Bengaluru,Karnataka,2024-09-15,Google Ads,Basic
C108235,Nikhil Patel,Female,50.0,Pune,Maharashtra,2025-09-23,Email,Standard
C108236,Rohan Gupta,Female,57.0,Kakinada,Andhra Pradesh,2025-12-03,Instagram,Basic
C108237,Meera Singh,Female,36.0,Kolkata,West Bengal,2024-08-20,Referral,Basic
C108238,Aarav Varma,Male,27.0,Visakhapatnam,Andhra Pradesh,2025-01-15,YouTube,Standard
C108239,Rahul Gupta,Male,57.0,Visakhapatnam,Andhra Pradesh,2024-12-18,Google Ads,Standard
C108240,Sanjay Sharma,Male,20.0,Kolkata,West Bengal,2025-05-27,Organic Search,Basic
C108241,Kiran Patel,Male,26.0,Kolkata,West Bengal,2025-11-25,Referral,Standard
C108242,Rahul Reddy,Male,25.0,Mumbai,Maharashtra,2025-02-04,Google Ads,Standard
C108243,Rohan Das,Male,22.0,Kakinada,Andhra Pradesh,2025-08-05,Google Ads,Standard
C108244,Aditya Singh,Male,44.0,Ahmedabad,Gujarat,2025-03-10,Referral,Standard
C108245,Ananya Gupta,Female,28.0,Visakhapatnam,Andhra Pradesh,2025-10-09,Organic Search,Premium
C108246,Arjun Reddy,Female,64.0,Kakinada,Andhra Pradesh,2024-10-22,Referral,Basic
C108247,Aditya Kumar,Female,62.0,Delhi,Delhi,2024-10-08,YouTube,Premium
C108248,Nikhil Sharma,Female,26.0,Bengaluru,Karnataka,2024-11-04,Instagram,Standard
C108249,Sneha Kumar,Male,57.0,Visakhapatnam,Andhra Pradesh,2025-12-28,YouTube,Standard
C108250,Priya Kumar,Male,19.0,Chennai,Tamil Nadu,2025-03-22,Referral,Standard
C108251,Ananya Patel,Male,31.0,Kakinada,Andhra Pradesh,2024-04-21,Google Ads,Basic
C108252,Meera Gupta,Female,49.0,Kolkata,West Bengal,2024-01-30,Instagram,Basic
C108253,Sneha Gupta,Male,27.0,Mumbai,Maharashtra,2025-01-13,Google Ads,Standard
C108254,Vihaan Naidu,Female,21.0,Delhi,Delhi,2025-08-11,Google Ads,Standard
C108255,Sai Reddy,Male,25.0,Kolkata,West Bengal,2024-12-15,YouTube,Basic
C108256,Rahul Gupta,Female,49.0,Delhi,Delhi,2025-02-12,Organic Search,Standard
C108257,Aarav Kumar,Female,28.0,Mumbai,Maharashtra,2025-08-05,Instagram,Standard
C108258,Sanjay Kumar,Male,29.0,Mumbai,Maharashtra,2025-01-11,Google Ads,Standard
C108259,Sanjay Singh,Female,,Kolkata,West Bengal,2025-10-25,Referral,Standard
C108260,Kavya Gupta,Female,60.0,Hyderabad,Telangana,2025-04-10,Organic Search,Basic
C108261,Arjun Kumar,Female,60.0,Hyderabad,Telangana,2025-06-17,Organic Search,Basic
C108262,Kavya Sharma,Female,56.0,Hyderabad,Telangana,2025-07-24,Instagram,Standard
C108263,Divya Reddy,Male,18.0,Ahmedabad,Gujarat,2025-04-02,Instagram,Premium
C108264,Ananya Patel,Male,30.0,Hyderabad,Telangana,2024-02-06,Instagram,Standard
C108265,Sai Sharma,Female,60.0,Chennai,Tamil Nadu,2024-11-08,Referral,Basic
C108266,Sanjay Rao,Male,44.0,Bengaluru,Karnataka,2024-04-13,Instagram,Basic
C108267,Ananya Singh,Male,19.0,Pune,Maharashtra,2025-01-07,Google Ads,Standard
C108268,Vihaan Gupta,Male,29.0,Hyderabad,Telangana,2024-04-14,Organic Search,Standard
C108269,Kiran Gupta,Female,57.0,Hyderabad,Telangana,2025-01-06,Google Ads,Premium
C108270,Sai Das,Male,60.0,Chennai,Tamil Nadu,2024-09-08,YouTube,Premium
C108271,Meera Gupta,Other,38.0,Kolkata,West Bengal,2024-01-15,Organic Search,Standard
C108272,Rahul Varma,Male,25.0,Bengaluru,Karnataka,2024-04-01,Google Ads,Standard
C108273,Sanjay Naidu,Male,21.0,Chennai,Tamil Nadu,2025-01-02,Instagram,Basic
C108274,Aditya Rao,Male,28.0,Visakhapatnam,Andhra Pradesh,2024-02-27,Referral,Basic
C108275,Vihaan Reddy,Male,56.0,Kolkata,West Bengal,2025-09-16,Email,Standard
C108276,Rohan Rao,Male,57.0,Ahmedabad,Gujarat,2025-07-07,Referral,Standard
C108277,Aarav Naidu,Female,30.0,Delhi,Delhi,2025-06-01,YouTube,Standard
C108278,Divya Patel,Male,64.0,Kakinada,Andhra Pradesh,2024-05-05,Organic Search,Standard
C108279,Ananya Rao,Male,60.0,Bengaluru,Karnataka,2025-08-03,Referral,Basic
C108280,Rohan Das,Male,65.0,Kolkata,West Bengal,2025-04-08,Instagram,Basic
C108281,Rahul Gupta,Male,54.0,Chennai,Tamil Nadu,2024-10-12,Google Ads,Basic
C108282,Vihaan Patel,Female,45.0,Hyderabad,Telangana,2024-01-01,Referral,Standard
C108283,Rohan Singh,Male,65.0,Kakinada,Andhra Pradesh,2025-01-21,Google Ads,Standard
C108284,Sai Kumar,Female,51.0,Ahmedabad,Gujarat,2025-08-04,Organic Search,Basic
C108285,Sai Singh,Male,57.0,Mumbai,Maharashtra,2024-01-25,Google Ads,Standard
C108286,Divya Kumar,Male,37.0,Hyderabad,Telangana,2024-02-08,Instagram,Premium
C108287,Vihaan Naidu,Female,29.0,Kolkata,West Bengal,2024-10-06,Organic Search,Standard
C108288,Priya Varma,Male,45.0,Pune,Maharashtra,2025-01-08,Email,Premium
C108289,Arjun Rao,Female,37.0,Hyderabad,Telangana,2024-12-12,Instagram,Premium
C108290,Nikhil Varma,Male,34.0,Kakinada,Andhra Pradesh,2024-11-07,Referral,Standard
C108291,Kiran Kumar,Male,51.0,Ahmedabad,Gujarat,2024-07-05,Email,Standard
C108292,Divya Rao,Female,47.0,Chennai,Tamil Nadu,2024-02-13,Google Ads,Premium
C108293,Kiran Gupta,Male,33.0,Mumbai,Maharashtra,2024-01-23,Google Ads,Standard
C108294,Sneha Varma,Female,29.0,Mumbai,Maharashtra,2024-03-13,Email,Standard
C108295,Kavya Rao,Female,44.0,Chennai,Tamil Nadu,2025-05-18,Email,Basic
C108296,Divya Reddy,Male,33.0,Hyderabad,Telangana,2025-07-27,Instagram,Premium
C108297,Nikhil Sharma,Male,29.0,Delhi,Delhi,2024-11-13,Google Ads,Premium
C108298,Priya Varma,Female,28.0,Mumbai,Maharashtra,2024-02-26,Email,Standard
C108299,Kavya Varma,Male,49.0,Bengaluru,Karnataka,2024-10-30,Google Ads,Standard
C108300,Rohan Sharma,Female,37.0,Bengaluru,Karnataka,2025-12-20,YouTube,Premium
C108301,Ananya Varma,Male,34.0,Delhi,Delhi,2024-07-01,Instagram,Basic
C108302,Sai Rao,Male,23.0,Delhi,Delhi,2024-12-24,Organic Search,Standard
C108303,Aarav Naidu,Female,20.0,Delhi,Delhi,2025-01-27,YouTube,Standard
C108304,Nikhil Varma,Female,51.0,Kolkata,West Bengal,2024-08-28,Google Ads,Standard
C108305,Sanjay Sharma,Female,64.0,Pune,Maharashtra,2024-11-15,Email,Premium
C108306,Sanjay Reddy,Female,33.0,Bengaluru,Karnataka,2024-12-10,Instagram,Premium
C108307,Kiran Patel,Male,58.0,Kakinada,Andhra Pradesh,2024-12-12,Email,Standard
C108308,Nikhil Sharma,Male,46.0,Ahmedabad,Gujarat,2025-06-07,YouTube,Premium
C108309,Sneha Gupta,Male,32.0,Chennai,Tamil Nadu,2025-02-28,YouTube,Premium
C108310,Vihaan Gupta,Male,45.0,Hyderabad,Telangana,2024-02-08,Google Ads,Standard
C108311,Aarav Naidu,Male,24.0,Kakinada,Andhra Pradesh,2024-01-05,Organic Search,Standard
C108312,Meera Sharma,Female,34.0,Ahmedabad,Gujarat,2024-10-26,Organic Search,Basic
C108313,Kavya Reddy,Male,53.0,Chennai,Tamil Nadu,2025-10-24,Google Ads,Standard
C108314,Divya Gupta,Male,58.0,Bengaluru,Karnataka,2024-01-27,Organic Search,Basic
C108315,Aarav Das,Female,28.0,Bengaluru,Karnataka,2024-02-21,Instagram,Standard
C108316,Kiran Patel,Male,61.0,Mumbai,Maharashtra,2025-05-10,YouTube,Standard
C108317,Nikhil Naidu,Female,47.0,Mumbai,Maharashtra,2024-11-25,Organic Search,Standard
C108318,Rohan Naidu,Male,29.0,Mumbai,Maharashtra,2024-06-17,Referral,Premium
C108319,Rohan Singh,Male,55.0,Chennai,Tamil Nadu,2024-05-31,Google Ads,Premium
C108320,Priya Patel,Female,60.0,Hyderabad,Telangana,2025-04-30,YouTube,Premium
C108321,Rahul Naidu,Female,31.0,Delhi,Delhi,2025-01-17,Instagram,Standard
C108322,Aarav Rao,Female,23.0,Visakhapatnam,Andhra Pradesh,2025-04-10,Referral,Standard
C108323,Aarav Singh,Male,31.0,Visakhapatnam,Andhra Pradesh,2024-07-23,Referral,Premium
C108324,Sneha Reddy,Male,54.0,Hyderabad,Telangana,2025-01-19,Google Ads,Basic
C108325,Rahul Varma,Female,20.0,Kolkata,West Bengal,2025-09-19,Instagram,Standard
C108326,Sneha Singh,Male,31.0,Kakinada,Andhra Pradesh,2024-08-19,Google Ads,Basic
C108327,Aarav Naidu,Female,33.0,Pune,Maharashtra,2024-10-16,YouTube,Basic
C108328,Rahul Gupta,Male,18.0,Delhi,Delhi,2024-04-29,Organic Search,Standard
C108329,Priya Naidu,Male,46.0,Chennai,Tamil Nadu,2025-04-11,Organic Search,Standard
C108330,Rahul Gupta,Male,56.0,Mumbai,Maharashtra,2024-01-24,Referral,Basic
C108331,Aditya Reddy,Female,25.0,Delhi,Delhi,2024-06-30,Email,Basic
C108332,Kavya Varma,Male,60.0,Kakinada,Andhra Pradesh,2025-06-04,Referral,Basic
C108333,Kavya Singh,Female,63.0,Kolkata,West Bengal,2024-01-15,Email,Premium
C108334,Sneha Reddy,Male,59.0,Chennai,Tamil Nadu,2025-12-23,Organic Search,Standard
C108335,Sanjay Kumar,Male,52.0,Bengaluru,Karnataka,2024-10-22,Google Ads,Standard
C108336,Meera Gupta,Male,39.0,Kakinada,Andhra Pradesh,2024-10-18,YouTube,Standard
C108337,Sai Sharma,Female,27.0,Bengaluru,Karnataka,2025-01-26,YouTube,Premium
C108338,Sanjay Naidu,Female,61.0,Ahmedabad,Gujarat,2025-04-11,Google Ads,Standard
C108339,Ananya Varma,Male,43.0,Delhi,Delhi,2024-12-01,YouTube,Standard
C108340,Ananya Reddy,Male,39.0,Mumbai,Maharashtra,2025-10-07,Organic Search,Basic
C108341,Aditya Patel,Female,36.0,Bengaluru,Karnataka,2025-12-03,Instagram,Premium
C108342,Aditya Gupta,Male,28.0,Delhi,Delhi,2024-05-26,Instagram,Basic
C108343,Rahul Patel,Female,36.0,Kolkata,West Bengal,2025-05-30,Email,Standard
C108344,Nikhil Naidu,Female,56.0,Chennai,Tamil Nadu,2024-08-07,Organic Search,Basic
C108345,Aditya Kumar,Male,44.0,Hyderabad,Telangana,2025-12-27,Google Ads,Standard
C108346,Aarav Sharma,Female,36.0,Mumbai,Maharashtra,2024-07-03,Referral,Premium
C108347,Meera Patel,Female,23.0,Bengaluru,Karnataka,2024-08-03,Referral,Basic
C108348,Aarav Kumar,Male,37.0,Chennai,Tamil Nadu,2025-06-05,Google Ads,Standard
C108349,Sneha Varma,Male,28.0,Kakinada,Andhra Pradesh,2025-07-30,Instagram,Premium
C108350,Kavya Gupta,Male,37.0,Kakinada,Andhra Pradesh,2024-04-03,Instagram,Premium
C108351,Arjun Kumar,Female,25.0,Kakinada,Andhra Pradesh,2025-02-09,Organic Search,Basic
C108352,Sai Gupta,Female,63.0,Bengaluru,Karnataka,2024-09-09,Instagram,Basic
C108353,Sanjay Reddy,Male,26.0,Chennai,Tamil Nadu,2025-03-22,Email,Standard
C108354,Arjun Patel,Male,23.0,Hyderabad,Telangana,2025-02-10,Email,Premium
C108355,Ananya Kumar,Male,49.0,Chennai,Tamil Nadu,2025-12-20,YouTube,Standard
C108356,Vihaan Reddy,Male,34.0,Pune,Maharashtra,2025-11-12,YouTube,Standard
C108357,Kavya Naidu,Male,65.0,Ahmedabad,Gujarat,2025-04-22,YouTube,Standard
C108358,Vihaan Varma,Male,37.0,Delhi,Delhi,2025-05-10,Referral,Standard
C108359,Aditya Reddy,Male,49.0,Hyderabad,Telangana,2025-10-18,Instagram,Standard
C108360,Nikhil Varma,Female,58.0,Chennai,Tamil Nadu,2024-05-13,Google Ads,Basic
C108361,Arjun Singh,Female,65.0,Chennai,Tamil Nadu,2025-06-13,Referral,Basic
C108362,Vihaan Das,Male,56.0,Kolkata,West Bengal,2025-07-17,Instagram,Premium
C108363,Sneha Sharma,Female,45.0,Hyderabad,Telangana,2024-04-02,Instagram,Standard
C108364,Sanjay Varma,Male,57.0,Kolkata,West Bengal,2025-10-05,Google Ads,Standard
C108365,Divya Gupta,Male,31.0,Chennai,Tamil Nadu,2025-05-25,Google Ads,Standard
C108366,Rahul Kumar,Other,59.0,Ahmedabad,Gujarat,2024-09-10,Referral,Standard
C108367,Priya Patel,Female,59.0,Kakinada,Andhra Pradesh,2024-12-19,YouTube,Premium
C108368,Aditya Rao,Male,36.0,Mumbai,Maharashtra,2024-12-23,Google Ads,Premium
C108369,Aarav Das,Male,21.0,Ahmedabad,Gujarat,2025-11-01,Instagram,Basic
C108370,Divya Das,Female,50.0,Bengaluru,Karnataka,2025-12-08,Referral,Standard
C108371,Nikhil Gupta,Male,22.0,Kakinada,Andhra Pradesh,2025-08-11,Google Ads,Standard
C108372,Kiran Kumar,Female,18.0,Chennai,Tamil Nadu,2025-04-21,YouTube,Premium
C108373,Divya Sharma,Male,63.0,Ahmedabad,Gujarat,2024-03-17,Google Ads,Standard
C108374,Kavya Gupta,Male,45.0,Ahmedabad,Gujarat,2025-10-29,Google Ads,Standard
C108375,Rahul Varma,Female,49.0,Kolkata,West Bengal,2024-04-07,Organic Search,Basic
C108376,Rahul Singh,Female,60.0,Delhi,Delhi,2024-05-01,Referral,Standard
C108377,Aarav Naidu,Male,62.0,Ahmedabad,Gujarat,2024-02-20,Referral,Standard
C108378,Arjun Das,Female,63.0,Chennai,Tamil Nadu,2025-11-22,Instagram,Basic
C108379,Meera Gupta,Female,24.0,Kolkata,West Bengal,2024-12-26,Google Ads,Standard
C108380,Vihaan Sharma,Male,33.0,Kolkata,West Bengal,2024-06-21,Instagram,Premium
C108381,Arjun Rao,Male,54.0,Chennai,Tamil Nadu,2024-02-28,Organic Search,Standard
C108382,Aarav Gupta,Male,19.0,Bengaluru,Karnataka,2024-10-27,Google Ads,Basic
C108383,Aditya Reddy,Female,29.0,Mumbai,Maharashtra,2025-06-12,Instagram,Premium
C108384,Sanjay Patel,Female,42.0,Kakinada,Andhra Pradesh,2025-12-27,Referral,Premium
C108385,Sanjay Das,Male,34.0,Pune,Maharashtra,2025-02-07,Referral,Basic
C108386,Rohan Reddy,Female,26.0,Kolkata,West Bengal,2025-03-19,Google Ads,Standard
C108387,Rahul Singh,Male,61.0,Mumbai,Maharashtra,2025-09-02,YouTube,Premium
C108388,Priya Sharma,Female,39.0,Ahmedabad,Gujarat,2025-10-20,Email,Standard
C108389,Sanjay Singh,Female,37.0,Chennai,Tamil Nadu,2024-07-23,YouTube,Premium
C108390,Kavya Reddy,Male,49.0,Mumbai,Maharashtra,2025-12-25,Google Ads,Standard
C108391,Divya Naidu,Male,50.0,Bengaluru,Karnataka,2025-01-13,Referral,Premium
C108392,Arjun Das,Male,41.0,Delhi,Delhi,2025-11-10,Google Ads,Standard
C108393,Aarav Patel,Female,60.0,Pune,Maharashtra,2024-03-26,Google Ads,Standard
C108394,Kiran Reddy,Male,32.0,Mumbai,Maharashtra,2024-03-12,Instagram,Premium
C108395,Arjun Varma,Female,59.0,Mumbai,Maharashtra,2025-10-07,Instagram,Standard
C108396,Kiran Kumar,Male,59.0,Mumbai,Maharashtra,2025-05-05,Organic Search,Basic
C108397,Kavya Reddy,Male,18.0,Mumbai,Maharashtra,2024-05-07,Organic Search,Standard
C108398,Rohan Gupta,Female,54.0,Ahmedabad,Gujarat,2025-10-15,Instagram,Basic
C108399,Rohan Naidu,Male,25.0,Chennai,Tamil Nadu,2024-03-15,Instagram,Basic
C108400,Ananya Sharma,Female,41.0,Chennai,Tamil Nadu,2025-05-13,Instagram,Standard
C108401,Divya Das,Male,62.0,Bengaluru,Karnataka,2024-05-29,Email,Standard
C108402,Priya Gupta,Male,27.0,Pune,Maharashtra,2024-02-21,Google Ads,Basic
C108403,Sai Patel,Male,44.0,Kakinada,Andhra Pradesh,2025-08-11,Organic Search,Standard
C108404,Sanjay Das,Male,55.0,Ahmedabad,Gujarat,2025-09-10,Instagram,Basic
C108405,Arjun Naidu,Female,41.0,Chennai,Tamil Nadu,2024-03-18,Email,Standard
C108406,Nikhil Rao,Male,21.0,Delhi,Delhi,2024-03-08,Organic Search,Basic
C108407,Aditya Varma,Male,21.0,Delhi,Delhi,2025-03-24,Instagram,Standard
C108408,Vihaan Sharma,Male,42.0,Hyderabad,Telangana,2024-01-21,Organic Search,Standard
C108409,Ananya Kumar,Female,19.0,Hyderabad,Telangana,2025-06-28,YouTube,Basic
C108410,Rahul Gupta,Female,18.0,Ahmedabad,Gujarat,2025-10-30,Referral,Standard
C108411,Nikhil Naidu,Female,63.0,Visakhapatnam,Andhra Pradesh,2025-07-02,Google Ads,Standard
C108412,Vihaan Reddy,Other,43.0,Kakinada,Andhra Pradesh,2024-06-17,Referral,Standard
C108413,Sneha Rao,Male,40.0,Kolkata,West Bengal,2024-05-18,Google Ads,Basic
C108414,Nikhil Kumar,Male,22.0,Kakinada,Andhra Pradesh,2025-05-11,YouTube,Standard
C108415,Rohan Das,Female,55.0,Chennai,Tamil Nadu,2024-02-14,Referral,Standard
C108416,Sanjay Rao,Male,42.0,Mumbai,Maharashtra,2025-01-27,Organic Search,Premium
C108417,Sai Gupta,Female,28.0,Mumbai,Maharashtra,2024-11-23,Email,Premium
C108418,Meera Naidu,Female,54.0,Mumbai,Maharashtra,2025-06-27,Google Ads,Premium
C108419,Sai Sharma,Male,29.0,Ahmedabad,Gujarat,2024-05-27,Referral,Standard
C108420,Divya Das,Female,42.0,Hyderabad,Telangana,2025-07-10,Organic Search,Standard
C108421,Kiran Sharma,Male,44.0,Kakinada,Andhra Pradesh,2025-05-25,Google Ads,Premium
C108422,Arjun Kumar,Female,31.0,Ahmedabad,Gujarat,2024-06-23,Google Ads,Premium
C108423,Kiran Reddy,Male,60.0,Delhi,Delhi,2024-09-17,YouTube,Standard
C108424,Meera Varma,Female,51.0,Ahmedabad,Gujarat,2024-02-18,Google Ads,Basic
C108425,Kiran Reddy,Male,31.0,Bengaluru,Karnataka,2024-11-24,Organic Search,Premium
C108426,Sanjay Rao,Female,25.0,Chennai,Tamil Nadu,2024-07-09,Instagram,Standard
C108427,Sneha Sharma,Female,33.0,Bengaluru,Karnataka,2024-03-23,Organic Search,Basic
C108428,Ananya Das,Female,40.0,Bengaluru,Karnataka,2025-02-12,Email,Basic
C108429,Divya Patel,Female,44.0,Hyderabad,Telangana,2025-02-18,Instagram,Standard
C108430,Sneha Patel,Female,37.0,Ahmedabad,Gujarat,2024-03-03,Instagram,Standard
C108431,Rohan Reddy,Female,19.0,Ahmedabad,Gujarat,2024-05-15,Google Ads,Premium
C108432,Kiran Naidu,Female,50.0,Visakhapatnam,Andhra Pradesh,2024-03-01,Email,Premium
C108433,Ananya Gupta,Female,36.0,Kakinada,Andhra Pradesh,2025-05-10,Google Ads,Basic
C108434,Aarav Singh,Female,34.0,Kakinada,Andhra Pradesh,2024-09-03,Google Ads,Standard
C108435,Rohan Varma,Female,44.0,Kakinada,Andhra Pradesh,2024-02-21,Referral,Standard
C108436,Divya Kumar,Male,58.0,Hyderabad,Telangana,2024-05-19,YouTube,Premium
C108437,Meera Varma,Female,18.0,Ahmedabad,Gujarat,2025-12-13,Instagram,Standard
C108438,Sneha Gupta,Male,64.0,Ahmedabad,Gujarat,2024-07-05,Email,Standard
C108439,Sai Das,Male,48.0,Bengaluru,Karnataka,2025-05-14,YouTube,Standard
C108440,Meera Kumar,Other,44.0,Bengaluru,Karnataka,2024-12-07,Referral,Premium
C108441,Kavya Das,Male,20.0,Kakinada,Andhra Pradesh,2024-05-12,YouTube,Standard
C108442,Rohan Gupta,Male,52.0,Visakhapatnam,Andhra Pradesh,2024-08-12,Referral,Premium
C108443,Rahul Kumar,Female,52.0,Delhi,Delhi,2024-01-11,Email,Standard
C108444,Priya Kumar,Female,44.0,Hyderabad,Telangana,2025-06-29,Organic Search,Standard
C108445,Kavya Naidu,Male,56.0,Delhi,Delhi,2024-09-01,Instagram,Standard
C108446,Rahul Reddy,Female,58.0,Hyderabad,Telangana,2024-12-30,Referral,Premium
C108447,Kiran Sharma,Male,58.0,Kolkata,West Bengal,2024-04-21,Email,Standard
C108448,Rohan Singh,Male,33.0,Delhi,Delhi,2025-08-24,Instagram,Standard
C108449,Ananya Sharma,Male,50.0,Hyderabad,Telangana,2024-06-08,Google Ads,Standard
C108450,Arjun Gupta,Male,20.0,Kakinada,Andhra Pradesh,2025-02-17,Organic Search,Premium
C108451,Priya Kumar,Female,44.0,Visakhapatnam,Andhra Pradesh,2025-09-29,Instagram,Basic
C108452,Ananya Naidu,Female,25.0,Kakinada,Andhra Pradesh,2025-06-04,Google Ads,Standard
C108453,Divya Reddy,Female,32.0,Kakinada,Andhra Pradesh,2025-03-16,Instagram,Standard
C108454,Aditya Gupta,Female,50.0,Hyderabad,Telangana,2025-10-10,Instagram,Premium
C108455,Rahul Reddy,Female,38.0,Ahmedabad,Gujarat,2024-05-08,Referral,Standard
C108456,Kiran Reddy,Female,59.0,Ahmedabad,Gujarat,2025-12-04,Instagram,Standard
C108457,Rahul Singh,Male,22.0,Ahmedabad,Gujarat,2025-02-10,Google Ads,Standard
C108458,Kavya Das,Female,64.0,Mumbai,Maharashtra,2024-10-26,Instagram,Premium
C108459,Vihaan Naidu,Female,51.0,Delhi,Delhi,2024-07-05,YouTube,Standard
C108460,Aditya Patel,Male,38.0,Kakinada,Andhra Pradesh,2025-06-27,Organic Search,Standard
C108461,Sneha Varma,Male,19.0,Hyderabad,Telangana,2025-12-13,Instagram,Standard
C108462,Nikhil Naidu,Male,20.0,Kolkata,West Bengal,2025-05-18,Instagram,Premium
C108463,Aarav Sharma,Male,37.0,Ahmedabad,Gujarat,2024-01-24,Google Ads,Basic
C108464,Rahul Kumar,Female,45.0,Ahmedabad,Gujarat,2024-12-08,Instagram,Basic
C108465,Ananya Kumar,Male,42.0,Pune,Maharashtra,2025-06-18,Organic Search,Standard
C108466,Rohan Naidu,Male,32.0,Ahmedabad,Gujarat,2024-10-17,Referral,Standard
C108467,Sneha Varma,Male,49.0,Kakinada,Andhra Pradesh,2025-07-18,Referral,Standard
C108468,Aditya Naidu,Female,47.0,Ahmedabad,Gujarat,2025-05-31,Organic Search,Standard
C108469,Nikhil Sharma,Male,34.0,Bengaluru,Karnataka,2024-02-19,Organic Search,Standard
C108470,Nikhil Varma,Male,33.0,Mumbai,Maharashtra,2025-02-11,Google Ads,Standard
C108471,Ananya Varma,Female,39.0,Delhi,Delhi,2024-05-05,Email,Standard
C108472,Arjun Reddy,Female,53.0,Delhi,Delhi,2024-12-21,Google Ads,Premium
C108473,Nikhil Singh,Female,46.0,Delhi,Delhi,2024-10-07,Email,Standard
C108474,Divya Naidu,Female,24.0,Mumbai,Maharashtra,2025-08-12,Instagram,Standard
C108475,Divya Kumar,Male,62.0,Kolkata,West Bengal,2025-09-25,Google Ads,Standard
C108476,Divya Reddy,Female,27.0,Bengaluru,Karnataka,2024-12-02,Google Ads,Premium
C108477,Priya Sharma,Female,50.0,Ahmedabad,Gujarat,2025-01-27,Instagram,Standard
C108478,Rohan Naidu,Female,18.0,Kolkata,West Bengal,2025-04-02,Google Ads,Standard
C108479,Kavya Das,Male,30.0,Kakinada,Andhra Pradesh,2025-04-23,Organic Search,Premium
C108480,Kavya Das,Female,,Hyderabad,Telangana,2025-04-08,Google Ads,Basic
C108481,Sanjay Naidu,Male,58.0,Mumbai,Maharashtra,2025-07-25,YouTube,Standard
C108482,Kiran Kumar,Male,45.0,Visakhapatnam,Andhra Pradesh,2025-12-17,Google Ads,Basic
C108483,Divya Rao,Female,20.0,Chennai,Tamil Nadu,2025-08-27,YouTube,Standard
C108484,Kavya Reddy,Female,63.0,Pune,Maharashtra,2024-04-08,Instagram,Standard
C108485,Arjun Das,Male,31.0,Hyderabad,Telangana,2024-12-13,Google Ads,Basic
C108486,Meera Varma,Female,35.0,Ahmedabad,Gujarat,2024-12-02,Instagram,Standard
C108487,Meera Gupta,Male,23.0,Mumbai,Maharashtra,2025-01-06,Google Ads,Premium
C108488,Rahul Varma,Female,51.0,Kakinada,Andhra Pradesh,2025-01-20,Instagram,Basic
C108489,Sneha Naidu,Male,39.0,Delhi,Delhi,2025-06-08,Email,Standard
C108490,Meera Sharma,Male,28.0,Bengaluru,Karnataka,2024-11-03,Instagram,Standard
C108491,Rahul Singh,Female,48.0,Pune,Maharashtra,2024-07-11,Instagram,Premium
C108492,Sanjay Das,Male,27.0,Chennai,Tamil Nadu,2024-11-30,Google Ads,Basic
C108493,Vihaan Naidu,Female,43.0,Chennai,Tamil Nadu,2025-09-15,Email,Basic
C108494,Ananya Naidu,Male,49.0,Kakinada,Andhra Pradesh,2024-08-15,Google Ads,Standard
C108495,Aarav Gupta,Female,56.0,Delhi,Delhi,2024-01-16,Instagram,Premium
C108496,Kiran Patel,Male,51.0,Delhi,Delhi,2025-12-13,Instagram,Standard
C108497,Priya Kumar,Female,45.0,Kolkata,West Bengal,2024-05-22,Organic Search,Premium
C108498,Aditya Kumar,Female,19.0,Bengaluru,Karnataka,2025-03-16,Email,Standard
C108499,Priya Gupta,Female,29.0,Visakhapatnam,Andhra Pradesh,2025-08-07,Referral,Standard
C108500,Kavya Varma,Male,45.0,Mumbai,Maharashtra,2024-07-19,Referral,Premium
C108501,Ananya Das,Female,43.0,Mumbai,Maharashtra,2024-09-05,Google Ads,Basic
C108502,Vihaan Kumar,Female,43.0,Hyderabad,Telangana,2024-07-23,Referral,Standard
C108503,Sai Sharma,Male,53.0,Delhi,Delhi,2024-04-19,Organic Search,Standard
C108504,Aditya Naidu,Female,61.0,Pune,Maharashtra,2024-04-21,Organic Search,Standard
C108505,Kiran Singh,Female,42.0,Ahmedabad,Gujarat,2024-05-16,Google Ads,Basic
C108506,Priya Rao,Female,24.0,Visakhapatnam,Andhra Pradesh,2024-11-30,Email,Standard
C108507,Aditya Sharma,Male,39.0,Ahmedabad,Gujarat,2025-01-22,Referral,Basic
C108508,Kavya Das,Male,30.0,Delhi,Delhi,2024-01-12,Organic Search,Premium
C108509,Kavya Patel,Female,43.0,Visakhapatnam,Andhra Pradesh,2025-09-09,Email,Standard
C108510,Rahul Singh,Female,46.0,Bengaluru,Karnataka,2025-05-08,Organic Search,Standard
C108511,Nikhil Sharma,Female,44.0,Mumbai,Maharashtra,2024-02-21,Instagram,Premium
C108512,Rohan Sharma,Other,45.0,Delhi,Delhi,2025-09-07,Google Ads,Standard
C108513,Aditya Gupta,Male,32.0,Pune,Maharashtra,2024-01-23,Google Ads,Standard
C108514,Rohan Patel,Male,26.0,Mumbai,Maharashtra,2025-02-13,Google Ads,Standard
C108515,Sai Singh,Female,59.0,Kakinada,Andhra Pradesh,2024-12-05,Referral,Premium
C108516,Kavya Sharma,Female,37.0,Mumbai,Maharashtra,2025-01-01,Email,Standard
C108517,Aditya Reddy,Female,27.0,Delhi,Delhi,2025-11-29,Referral,Premium
C108518,Ananya Sharma,Female,65.0,Kolkata,West Bengal,2025-11-07,Referral,Premium
C108519,Ananya Das,Male,19.0,Chennai,Tamil Nadu,2024-07-22,Email,Premium
C108520,Kiran Singh,Male,34.0,Chennai,Tamil Nadu,2025-02-27,Google Ads,Basic
C108521,Kavya Sharma,Male,53.0,Kakinada,Andhra Pradesh,2025-12-01,Google Ads,Premium
C108522,Kiran Gupta,Female,37.0,Chennai,Tamil Nadu,2025-06-16,Instagram,Premium
C108523,Rohan Patel,Male,58.0,Bengaluru,Karnataka,2025-10-10,Organic Search,Basic
C108524,Ananya Naidu,Female,35.0,Ahmedabad,Gujarat,2024-11-13,Instagram,Basic
C108525,Priya Reddy,Male,48.0,Ahmedabad,Gujarat,2024-07-25,Google Ads,Standard
C108526,Rohan Naidu,Male,38.0,Mumbai,Maharashtra,2025-01-07,Google Ads,Basic
C108527,Sai Naidu,Male,40.0,Visakhapatnam,Andhra Pradesh,2025-08-19,Referral,Basic
C108528,Kavya Singh,Female,41.0,Delhi,Delhi,2025-11-09,YouTube,Standard
C108529,Priya Kumar,Male,64.0,Bengaluru,Karnataka,2025-05-15,Organic Search,Standard
C108530,Meera Naidu,Female,54.0,Bengaluru,Karnataka,2025-05-30,Instagram,Standard
C108531,Aditya Gupta,Female,35.0,Ahmedabad,Gujarat,2025-01-08,Referral,Basic
C108532,Ananya Kumar,Male,37.0,Mumbai,Maharashtra,2024-08-21,Instagram,Standard
C108533,Ananya Das,Female,37.0,Chennai,Tamil Nadu,2024-11-04,Organic Search,Basic
C108534,Nikhil Rao,Male,53.0,Ahmedabad,Gujarat,2024-12-29,Google Ads,Premium
C108535,Rohan Kumar,Male,46.0,Visakhapatnam,Andhra Pradesh,2025-08-18,Instagram,Standard
C108536,Sanjay Rao,Male,43.0,Chennai,Tamil Nadu,2025-02-09,Referral,Basic
C108537,Sai Naidu,Female,38.0,Kakinada,Andhra Pradesh,2025-08-01,Google Ads,Premium
C108538,Arjun Reddy,Female,37.0,Delhi,Delhi,2024-01-20,YouTube,Standard
C108539,Meera Varma,Male,44.0,Visakhapatnam,Andhra Pradesh,2025-07-06,Instagram,Basic
C108540,Meera Sharma,Female,57.0,Mumbai,Maharashtra,2025-01-05,YouTube,Standard
C108541,Vihaan Patel,Female,64.0,Hyderabad,Telangana,2025-12-29,Google Ads,Standard
C108542,Ananya Varma,Female,20.0,Ahmedabad,Gujarat,2024-12-10,Instagram,Basic
C108543,Rohan Rao,Female,29.0,Ahmedabad,Gujarat,2024-12-15,Organic Search,Premium
C108544,Vihaan Reddy,Female,50.0,Kakinada,Andhra Pradesh,2024-04-03,Referral,Standard
C108545,Priya Patel,Female,25.0,Kakinada,Andhra Pradesh,2025-08-12,Organic Search,Standard
C108546,Kavya Rao,Male,47.0,Bengaluru,Karnataka,2025-05-27,Referral,Standard
C108547,Arjun Singh,Female,38.0,Kolkata,West Bengal,2025-09-21,Referral,Standard
C108548,Nikhil Das,Male,27.0,Ahmedabad,Gujarat,2024-03-08,Instagram,Standard
C108549,Sai Singh,Female,42.0,Kolkata,West Bengal,2024-06-03,YouTube,Standard
C108550,Ananya Patel,Female,42.0,Hyderabad,Telangana,2025-10-02,Email,Standard
C108551,Sai Patel,Male,52.0,Hyderabad,Telangana,2024-01-31,Email,Standard
C108552,Kiran Singh,Male,57.0,Kolkata,West Bengal,2025-01-05,Organic Search,Standard
C108553,Sanjay Gupta,Female,63.0,Visakhapatnam,Andhra Pradesh,2024-10-22,Instagram,Standard
C108554,Meera Naidu,Female,39.0,Bengaluru,Karnataka,2025-11-16,Organic Search,Standard
C108555,Sai Patel,Female,51.0,Hyderabad,Telangana,2025-09-17,Referral,Standard
C108556,Sneha Das,Female,55.0,Chennai,Tamil Nadu,2025-10-16,Organic Search,Standard
C108557,Ananya Kumar,Male,65.0,Delhi,Delhi,2024-07-30,Email,Basic
C108558,Aarav Varma,Male,49.0,Kakinada,Andhra Pradesh,2025-03-04,Google Ads,Standard
C108559,Aditya Sharma,Female,29.0,Kakinada,Andhra Pradesh,2025-05-26,Organic Search,Basic
C108560,Sai Rao,Male,34.0,Pune,Maharashtra,2025-12-07,Organic Search,Basic
C108561,Arjun Kumar,Female,28.0,Kakinada,Andhra Pradesh,2024-01-06,Instagram,Standard
C108562,Priya Sharma,Male,27.0,Mumbai,Maharashtra,2025-12-14,Email,Standard
C108563,Divya Gupta,Male,32.0,Kakinada,Andhra Pradesh,2024-09-16,Referral,Basic
C108564,Sai Varma,Female,41.0,Chennai,Tamil Nadu,2024-04-03,Organic Search,Standard
C108565,Meera Naidu,Female,55.0,Chennai,Tamil Nadu,2025-03-25,Organic Search,Standard
C108566,Vihaan Varma,Female,31.0,Hyderabad,Telangana,2025-07-24,Instagram,Standard
C108567,Rahul Das,Male,26.0,Bengaluru,Karnataka,2024-04-04,Instagram,Standard
C108568,Aarav Rao,Female,24.0,Bengaluru,Karnataka,2024-01-30,Instagram,Basic
C108569,Priya Sharma,Male,27.0,Chennai,Tamil Nadu,2025-10-16,Organic Search,Premium
C108570,Rohan Naidu,Female,38.0,Bengaluru,Karnataka,2025-11-12,Organic Search,Premium
C108571,Priya Gupta,Female,37.0,Bengaluru,Karnataka,2024-04-24,Email,Standard
C108572,Kiran Sharma,Male,37.0,Kolkata,West Bengal,2025-10-21,Organic Search,Basic
C108573,Ananya Naidu,Female,33.0,Visakhapatnam,Andhra Pradesh,2025-10-26,Referral,Standard
C108574,Sneha Gupta,Female,39.0,Hyderabad,Telangana,2025-12-29,Referral,Standard
C108575,Vihaan Singh,Female,49.0,Pune,Maharashtra,2024-06-06,YouTube,Standard
C108576,Sneha Das,Female,20.0,Kakinada,Andhra Pradesh,2025-02-26,Instagram,Standard
C108577,Divya Rao,Male,60.0,Chennai,Tamil Nadu,2025-12-26,Google Ads,Standard
C108578,Nikhil Sharma,Female,32.0,Bengaluru,Karnataka,2025-10-20,Google Ads,Standard
C108579,Rahul Das,Male,24.0,Hyderabad,Telangana,2025-03-17,Instagram,Standard
C108580,Ananya Naidu,Male,26.0,Kakinada,Andhra Pradesh,2024-05-23,Email,Standard
C108581,Ananya Rao,Female,44.0,Chennai,Tamil Nadu,2024-03-02,Google Ads,Premium
C108582,Ananya Varma,Male,42.0,Bengaluru,Karnataka,2024-07-08,Referral,Standard
C108583,Sneha Singh,Other,22.0,Visakhapatnam,Andhra Pradesh,2024-02-17,Instagram,Standard
C108584,Ananya Varma,Male,41.0,Visakhapatnam,Andhra Pradesh,2024-05-22,Google Ads,Premium
C108585,Nikhil Sharma,Male,28.0,Ahmedabad,Gujarat,2024-02-24,Instagram,Standard
C108586,Rahul Rao,Male,61.0,Hyderabad,Telangana,2025-07-10,Organic Search,Standard
C108587,Sai Reddy,Male,32.0,Hyderabad,Telangana,2025-03-06,Referral,Basic
C108588,Sneha Singh,Male,65.0,Mumbai,Maharashtra,2025-01-13,Organic Search,Standard
C108589,Aarav Sharma,Male,45.0,Bengaluru,Karnataka,2025-08-13,Referral,Basic
C108590,Aarav Kumar,Male,64.0,Pune,Maharashtra,2024-10-26,Instagram,Standard
C108591,Vihaan Sharma,Male,44.0,Delhi,Delhi,2024-10-21,Email,Basic
C108592,Nikhil Singh,Male,24.0,Ahmedabad,Gujarat,2024-05-31,Instagram,Premium
C108593,Rohan Varma,Male,48.0,Bengaluru,Karnataka,2024-11-20,Google Ads,Standard
C108594,Rohan Reddy,Male,40.0,Ahmedabad,Gujarat,2024-05-07,Referral,Standard
C108595,Rohan Sharma,Male,57.0,Kakinada,Andhra Pradesh,2025-03-06,Organic Search,Standard
C108596,Sai Singh,Male,36.0,Bengaluru,Karnataka,2025-12-29,Organic Search,Basic
C108597,Ananya Reddy,Male,26.0,Kolkata,West Bengal,2025-01-24,Instagram,Standard
C108598,Sanjay Kumar,Male,,Pune,Maharashtra,2024-08-06,Email,Premium
C108599,Ananya Singh,Male,53.0,Hyderabad,Telangana,2025-05-17,Referral,Standard
C108600,Meera Kumar,Female,29.0,Mumbai,Maharashtra,2025-08-21,Organic Search,Standard
C108601,Sanjay Gupta,Male,50.0,Ahmedabad,Gujarat,2024-12-10,YouTube,Premium
C108602,Kiran Reddy,Male,24.0,Visakhapatnam,Andhra Pradesh,2024-07-01,Referral,Premium
C108603,Nikhil Rao,Female,21.0,Delhi,Delhi,2025-06-05,Google Ads,Standard
C108604,Nikhil Naidu,Female,52.0,Bengaluru,Karnataka,2024-05-16,Organic Search,Standard
C108605,Kavya Gupta,Male,34.0,Mumbai,Maharashtra,2025-12-29,Referral,Premium
C108606,Meera Sharma,Female,45.0,Visakhapatnam,Andhra Pradesh,2024-08-20,Organic Search,Basic
C108607,Meera Patel,Female,19.0,Pune,Maharashtra,2024-09-12,Referral,Basic
C108608,Sneha Das,Female,27.0,Chennai,Tamil Nadu,2025-06-14,YouTube,Standard
C108609,Divya Rao,Female,22.0,Hyderabad,Telangana,2024-01-09,Instagram,Basic
C108610,Sneha Sharma,Female,31.0,Ahmedabad,Gujarat,2024-05-28,Organic Search,Basic
C108611,Aarav Sharma,Female,31.0,Chennai,Tamil Nadu,2024-04-01,Google Ads,Standard
C108612,Priya Naidu,Male,35.0,Pune,Maharashtra,2024-10-12,Email,Standard
C108613,Kiran Singh,Female,29.0,Visakhapatnam,Andhra Pradesh,2025-02-08,YouTube,Basic
C108614,Nikhil Patel,Female,39.0,Pune,Maharashtra,2024-05-11,Email,Standard
C108615,Arjun Naidu,Male,61.0,Kakinada,Andhra Pradesh,2024-09-08,Organic Search,Standard
C108616,Sanjay Sharma,Male,22.0,Pune,Maharashtra,2025-07-17,Instagram,Premium
C108617,Sai Sharma,Female,60.0,Delhi,Delhi,2025-11-17,Instagram,Standard
C108618,Sanjay Reddy,Female,37.0,Kakinada,Andhra Pradesh,2024-01-11,Referral,Premium
C108619,Rahul Patel,Female,45.0,Kolkata,West Bengal,2025-04-03,Google Ads,Premium
C108620,Rahul Kumar,Male,50.0,Ahmedabad,Gujarat,2024-01-19,Instagram,Standard
C108621,Nikhil Varma,Female,53.0,Mumbai,Maharashtra,2025-01-14,Organic Search,Standard
C108622,Arjun Kumar,Male,63.0,Kolkata,West Bengal,2025-10-04,Email,Premium
C108623,Kavya Kumar,Female,65.0,Pune,Maharashtra,2025-08-05,Instagram,Basic
C108624,Arjun Naidu,Male,22.0,Bengaluru,Karnataka,2024-06-18,Instagram,Premium
C108625,Rohan Gupta,Male,37.0,Mumbai,Maharashtra,2024-07-07,Google Ads,Standard
C108626,Aditya Das,Male,43.0,Kakinada,Andhra Pradesh,2025-07-25,Email,Standard
C108627,Kiran Patel,Male,43.0,Pune,Maharashtra,2025-08-21,Organic Search,Basic
C108628,Divya Singh,Male,65.0,Ahmedabad,Gujarat,2024-07-24,Google Ads,Standard
C108629,Aarav Naidu,Female,49.0,Bengaluru,Karnataka,2024-01-03,Instagram,Standard
C108630,Kiran Das,Male,37.0,Mumbai,Maharashtra,2024-11-20,Organic Search,Standard
C108631,Kavya Naidu,Female,62.0,Kakinada,Andhra Pradesh,2025-03-28,Instagram,Standard
C108632,Arjun Das,Female,53.0,Chennai,Tamil Nadu,2024-11-19,Email,Basic
C108633,Kiran Sharma,Male,56.0,Visakhapatnam,Andhra Pradesh,2025-11-13,Google Ads,Premium
C108634,Priya Das,Female,48.0,Visakhapatnam,Andhra Pradesh,2025-08-16,YouTube,Standard
C108635,Divya Singh,Female,21.0,Delhi,Delhi,2025-07-29,Email,Premium
C108636,Aditya Singh,Female,64.0,Kakinada,Andhra Pradesh,2024-01-15,Instagram,Standard
C108637,Aditya Das,Female,52.0,Ahmedabad,Gujarat,2025-09-15,Google Ads,Standard
C108638,Rahul Gupta,Female,25.0,Bengaluru,Karnataka,2025-07-05,Instagram,Standard
C108639,Rahul Varma,Other,30.0,Hyderabad,Telangana,2024-10-16,Google Ads,Standard
C108640,Vihaan Singh,Male,34.0,Bengaluru,Karnataka,2025-03-06,Google Ads,Standard
C108641,Rahul Varma,Male,30.0,Ahmedabad,Gujarat,2025-08-24,Referral,Premium
C108642,Arjun Naidu,Female,47.0,Bengaluru,Karnataka,2025-10-23,Organic Search,Standard
C108643,Divya Gupta,Male,44.0,Mumbai,Maharashtra,2025-02-06,Instagram,Basic
C108644,Rohan Reddy,Female,28.0,Chennai,Tamil Nadu,2024-01-31,Google Ads,Standard
C108645,Kavya Kumar,Male,51.0,Bengaluru,Karnataka,2025-03-27,Organic Search,Standard
C108646,Kiran Das,Male,31.0,Delhi,Delhi,2025-05-11,Google Ads,Standard
C108647,Sai Das,Female,25.0,Kolkata,West Bengal,2024-02-13,Referral,Basic
C108648,Kiran Reddy,Male,63.0,Kakinada,Andhra Pradesh,2025-08-19,Organic Search,Premium
C108649,Divya Patel,Male,33.0,Chennai,Tamil Nadu,2024-05-27,Email,Premium
C108650,Sanjay Das,Female,29.0,Ahmedabad,Gujarat,2025-10-12,Referral,Basic
C108651,Sanjay Varma,Female,52.0,Pune,Maharashtra,2025-02-06,YouTube,Standard
C108652,Kiran Kumar,Female,54.0,Chennai,Tamil Nadu,2024-08-23,Instagram,Basic
C108653,Ananya Sharma,Male,25.0,Pune,Maharashtra,2024-02-12,Instagram,Standard
C108654,Kiran Sharma,Female,20.0,Kakinada,Andhra Pradesh,2024-01-14,Google Ads,Standard
C108655,Sanjay Gupta,Female,58.0,Hyderabad,Telangana,2025-06-25,Instagram,Standard
C108656,Kiran Reddy,Female,42.0,Pune,Maharashtra,2024-10-02,Instagram,Premium
C108657,Sneha Singh,Male,39.0,Hyderabad,Telangana,2025-09-05,Instagram,Basic
C108658,Arjun Rao,Male,38.0,Visakhapatnam,Andhra Pradesh,2024-06-17,Email,Standard
C108659,Rohan Naidu,Female,46.0,Kolkata,West Bengal,2025-11-02,Google Ads,Premium
C108660,Rahul Patel,Female,50.0,Hyderabad,Telangana,2025-11-18,Organic Search,Standard
C108661,Kiran Singh,Male,21.0,Kolkata,West Bengal,2024-03-15,Google Ads,Standard
C108662,Priya Patel,Female,30.0,Chennai,Tamil Nadu,2025-04-17,Email,Standard
C108663,Sanjay Singh,Female,63.0,Hyderabad,Telangana,2025-11-16,Instagram,Premium
C108664,Nikhil Rao,Male,26.0,Kakinada,Andhra Pradesh,2024-08-23,Instagram,Standard
C108665,Sneha Reddy,Female,61.0,Delhi,Delhi,2024-02-19,Email,Basic
C108666,Meera Das,Male,37.0,Hyderabad,Telangana,2025-10-01,Instagram,Standard
C108667,Meera Patel,Female,27.0,Kolkata,West Bengal,2024-12-12,Email,Standard
C108668,Kiran Gupta,Female,46.0,Delhi,Delhi,2024-01-20,Email,Premium
C108669,Nikhil Patel,Female,49.0,Kolkata,West Bengal,2025-09-05,Email,Basic
C108670,Aarav Varma,Female,34.0,Bengaluru,Karnataka,2025-05-10,Referral,Standard
C108671,Ananya Rao,Female,56.0,Visakhapatnam,Andhra Pradesh,2024-02-21,Organic Search,Premium
C108672,Aditya Varma,Male,21.0,Chennai,Tamil Nadu,2024-07-07,Instagram,Basic
C108673,Meera Varma,Female,23.0,Chennai,Tamil Nadu,2024-01-14,YouTube,Standard
C108674,Sai Sharma,Female,47.0,Visakhapatnam,Andhra Pradesh,2025-11-28,Instagram,Standard
C108675,Divya Varma,Male,45.0,Pune,Maharashtra,2024-01-19,Referral,Standard
C108676,Divya Kumar,Female,51.0,Hyderabad,Telangana,2025-08-03,YouTube,Basic
C108677,Kiran Varma,Male,58.0,Pune,Maharashtra,2025-01-08,Google Ads,Basic
C108678,Kiran Das,Female,62.0,Kolkata,West Bengal,2025-03-01,Organic Search,Standard
C108679,Arjun Sharma,Female,42.0,Delhi,Delhi,2025-08-15,Referral,Standard
C108680,Vihaan Singh,Female,42.0,Bengaluru,Karnataka,2025-10-15,Organic Search,Standard
C108681,Rohan Varma,Female,62.0,Hyderabad,Telangana,2024-04-03,Instagram,Standard
C108682,Divya Naidu,Male,64.0,Visakhapatnam,Andhra Pradesh,2024-01-14,Referral,Standard
C108683,Meera Reddy,Female,20.0,Hyderabad,Telangana,2024-03-31,Instagram,Basic
C108684,Sanjay Das,Female,42.0,Pune,Maharashtra,2025-05-13,Instagram,Standard
C108685,Ananya Sharma,Male,62.0,Visakhapatnam,Andhra Pradesh,2025-02-19,Email,Standard
C108686,Rohan Sharma,Male,20.0,Delhi,Delhi,2024-03-02,Organic Search,Basic
C108687,Rahul Kumar,Female,64.0,Mumbai,Maharashtra,2024-06-20,Organic Search,Premium
C108688,Sai Sharma,Female,53.0,Ahmedabad,Gujarat,2025-01-27,Organic Search,Premium
C108689,Priya Gupta,Male,25.0,Kolkata,West Bengal,2025-06-17,Organic Search,Standard
C108690,Vihaan Naidu,Male,48.0,Hyderabad,Telangana,2024-09-07,Referral,Basic
C108691,Sanjay Sharma,Male,38.0,Pune,Maharashtra,2025-11-24,Google Ads,Premium
C108692,Vihaan Kumar,Female,34.0,Hyderabad,Telangana,2025-12-25,Organic Search,Premium
C108693,Aditya Naidu,Male,47.0,Delhi,Delhi,2025-07-13,Email,Standard
C108694,Meera Varma,Male,53.0,Delhi,Delhi,2024-11-27,Instagram,Basic
C108695,Divya Naidu,Female,60.0,Visakhapatnam,Andhra Pradesh,2025-10-02,Google Ads,Standard
C108696,Divya Singh,Male,38.0,Kakinada,Andhra Pradesh,2025-06-15,Instagram,Standard
C108697,Sanjay Singh,Female,25.0,Kolkata,West Bengal,2025-01-14,Organic Search,Basic
C108698,Priya Sharma,Male,59.0,Ahmedabad,Gujarat,2024-11-19,Google Ads,Standard
C108699,Rohan Naidu,Male,34.0,Hyderabad,Telangana,2025-08-30,Email,Premium
C108700,Kavya Kumar,Female,54.0,Hyderabad,Telangana,2025-02-10,Organic Search,Premium
C108701,Vihaan Patel,Female,56.0,Ahmedabad,Gujarat,2024-05-13,YouTube,Standard
C108702,Aarav Rao,Female,20.0,Chennai,Tamil Nadu,2025-12-30,Google Ads,Basic
C108703,Nikhil Patel,Male,37.0,Pune,Maharashtra,2024-02-19,Organic Search,Basic
C108704,Kavya Reddy,Male,22.0,Kolkata,West Bengal,2025-05-22,Email,Premium
C108705,Ananya Reddy,Male,47.0,Delhi,Delhi,2025-04-23,Instagram,Standard
C108706,Divya Reddy,Female,56.0,Kolkata,West Bengal,2025-03-03,Google Ads,Premium
C108707,Priya Sharma,Male,44.0,Ahmedabad,Gujarat,2024-02-07,Google Ads,Standard
C108708,Sanjay Varma,Female,33.0,Mumbai,Maharashtra,2024-12-25,Instagram,Standard
C108709,Arjun Kumar,Female,64.0,Kolkata,West Bengal,2025-10-13,Google Ads,Basic
C108710,Rahul Varma,Female,22.0,Bengaluru,Karnataka,2024-06-23,Instagram,Standard
C108711,Kiran Varma,Male,24.0,Delhi,Delhi,2025-05-19,Organic Search,Premium
C108712,Priya Kumar,Male,35.0,Ahmedabad,Gujarat,2025-09-18,Google Ads,Standard
C108713,Arjun Rao,Female,63.0,Kakinada,Andhra Pradesh,2025-11-26,Instagram,Basic
C108714,Sanjay Das,Female,60.0,Hyderabad,Telangana,2025-01-11,Email,Standard
C108715,Aditya Naidu,Female,45.0,Kolkata,West Bengal,2024-08-17,Organic Search,Basic
C108716,Sanjay Kumar,Female,63.0,Pune,Maharashtra,2025-05-25,YouTube,Standard
C108717,Sanjay Kumar,Male,61.0,Kolkata,West Bengal,2024-12-20,Organic Search,Standard
C108718,Sneha Das,Male,46.0,Ahmedabad,Gujarat,2025-04-02,Organic Search,Standard
C108719,Arjun Patel,Male,23.0,Hyderabad,Telangana,2025-06-25,Google Ads,Basic
C108720,Meera Reddy,Female,61.0,Ahmedabad,Gujarat,2025-06-02,Referral,Standard
C108721,Sai Sharma,Female,48.0,Mumbai,Maharashtra,2024-06-26,Google Ads,Standard
C108722,Kavya Kumar,Female,24.0,Bengaluru,Karnataka,2025-07-05,YouTube,Basic
C108723,Rahul Sharma,Female,58.0,Chennai,Tamil Nadu,2025-01-30,Instagram,Premium
C108724,Sai Patel,Male,37.0,Hyderabad,Telangana,2025-11-10,Referral,Standard
C108725,Kiran Reddy,Female,55.0,Kolkata,West Bengal,2025-04-26,Google Ads,Standard
C108726,Divya Gupta,Female,30.0,Pune,Maharashtra,2025-10-13,Organic Search,Standard
C108727,Divya Sharma,Male,18.0,Pune,Maharashtra,2025-12-15,Google Ads,Basic
C108728,Vihaan Reddy,Female,39.0,Hyderabad,Telangana,2025-12-26,Organic Search,Standard
C108729,Arjun Reddy,Female,39.0,Ahmedabad,Gujarat,2025-06-27,YouTube,Standard
C108730,Sai Gupta,Female,59.0,Hyderabad,Telangana,2025-03-12,Instagram,Premium
C108731,Kavya Reddy,Male,23.0,Mumbai,Maharashtra,2024-03-27,Organic Search,Basic
C108732,Rahul Sharma,Female,61.0,Delhi,Delhi,2024-10-08,Google Ads,Standard
C108733,Vihaan Reddy,Female,25.0,Ahmedabad,Gujarat,2024-12-12,Google Ads,Premium
C108734,Vihaan Das,Female,62.0,Chennai,Tamil Nadu,2025-07-23,Google Ads,Basic
C108735,Rahul Singh,Male,51.0,Visakhapatnam,Andhra Pradesh,2025-03-05,Email,Basic
C108736,Divya Patel,Male,35.0,Kakinada,Andhra Pradesh,2024-11-16,Google Ads,Standard
C108737,Sanjay Varma,Female,63.0,Ahmedabad,Gujarat,2024-04-17,Organic Search,Standard
C108738,Sanjay Kumar,Male,35.0,Hyderabad,Telangana,2025-06-06,Organic Search,Basic
C108739,Nikhil Varma,Male,48.0,Ahmedabad,Gujarat,2024-11-11,Google Ads,Premium
C108740,Sanjay Gupta,Female,18.0,Mumbai,Maharashtra,2024-01-27,Instagram,Basic
C108741,Kavya Singh,Male,22.0,Visakhapatnam,Andhra Pradesh,2024-07-26,Instagram,Standard
C108742,Sanjay Naidu,Male,34.0,Kakinada,Andhra Pradesh,2025-10-04,Google Ads,Standard
C108743,Aarav Sharma,Female,29.0,Hyderabad,Telangana,2024-03-27,YouTube,Premium
C108744,Divya Rao,Male,28.0,Hyderabad,Telangana,2024-10-23,Google Ads,Premium
C108745,Sai Sharma,Female,36.0,Kolkata,West Bengal,2025-01-08,Organic Search,Premium
C108746,Nikhil Sharma,Male,47.0,Bengaluru,Karnataka,2024-03-02,YouTube,Standard
C108747,Sai Reddy,Male,24.0,Kakinada,Andhra Pradesh,2024-04-30,Google Ads,Basic
C108748,Nikhil Kumar,Male,54.0,Pune,Maharashtra,2025-11-17,Referral,Standard
C108749,Kavya Naidu,Male,58.0,Pune,Maharashtra,2025-03-07,Organic Search,Standard
C108750,Rahul Singh,Male,58.0,Visakhapatnam,Andhra Pradesh,2024-06-02,Email,Standard
C108751,Aarav Varma,Female,27.0,Mumbai,Maharashtra,2024-05-03,Instagram,Standard
C108752,Ananya Sharma,Female,60.0,Pune,Maharashtra,2024-11-06,Organic Search,Standard
C108753,Rahul Varma,Male,24.0,Kakinada,Andhra Pradesh,2025-06-12,YouTube,Standard
C108754,Nikhil Gupta,Male,23.0,Hyderabad,Telangana,2025-06-17,Organic Search,Standard
C108755,Rahul Kumar,Female,52.0,Bengaluru,Karnataka,2024-05-22,Organic Search,Standard
C108756,Sanjay Singh,Male,54.0,Bengaluru,Karnataka,2025-06-13,Organic Search,Standard
C108757,Priya Gupta,Male,24.0,Delhi,Delhi,2025-10-16,Email,Basic
C108758,Arjun Kumar,Male,37.0,Bengaluru,Karnataka,2024-06-14,Google Ads,Standard
C108759,Sanjay Varma,Male,37.0,Bengaluru,Karnataka,2024-01-20,YouTube,Standard
C108760,Priya Sharma,Female,52.0,Visakhapatnam,Andhra Pradesh,2025-11-30,Instagram,Premium
C108761,Meera Kumar,Male,42.0,Chennai,Tamil Nadu,2025-01-16,Organic Search,Standard
C108762,Sai Patel,Female,46.0,Delhi,Delhi,2025-07-20,Google Ads,Basic
C108763,Divya Reddy,Male,21.0,Chennai,Tamil Nadu,2024-08-21,Email,Basic
C108764,Rahul Rao,Male,64.0,Kakinada,Andhra Pradesh,2024-08-06,Organic Search,Basic
C108765,Sanjay Gupta,Female,44.0,Chennai,Tamil Nadu,2024-06-13,Organic Search,Standard
C108766,Priya Naidu,Male,50.0,Chennai,Tamil Nadu,2024-06-07,Instagram,Basic
C108767,Ananya Naidu,Female,41.0,Kakinada,Andhra Pradesh,2024-12-10,Email,Standard
C108768,Priya Gupta,Female,29.0,Hyderabad,Telangana,2024-03-18,Instagram,Standard
C108769,Nikhil Sharma,Female,50.0,Chennai,Tamil Nadu,2025-09-06,Instagram,Standard
C108770,Sanjay Kumar,Male,31.0,Ahmedabad,Gujarat,2025-01-08,Referral,Basic
C108771,Aditya Reddy,Male,28.0,Pune,Maharashtra,2025-10-30,YouTube,Basic
C108772,Rahul Kumar,Male,44.0,Visakhapatnam,Andhra Pradesh,2025-01-01,YouTube,Standard
C108773,Rahul Das,Female,35.0,Visakhapatnam,Andhra Pradesh,2024-08-09,Referral,Basic
C108774,Vihaan Gupta,Female,60.0,Delhi,Delhi,2025-01-10,Organic Search,Basic
C108775,Sai Singh,Male,49.0,Visakhapatnam,Andhra Pradesh,2024-04-22,Google Ads,Premium
C108776,Kiran Das,Male,35.0,Mumbai,Maharashtra,2025-08-24,Google Ads,Standard
C108777,Rohan Naidu,Male,19.0,Mumbai,Maharashtra,2025-06-09,Email,Standard
C108778,Meera Rao,Male,34.0,Kakinada,Andhra Pradesh,2024-04-17,Organic Search,Standard
C108779,Vihaan Sharma,Male,23.0,Hyderabad,Telangana,2025-02-28,Organic Search,Standard
C108780,Vihaan Das,Female,28.0,Delhi,Delhi,2025-01-27,Instagram,Standard
C108781,Arjun Gupta,Female,31.0,Kolkata,West Bengal,2024-05-26,Google Ads,Standard
C108782,Sneha Varma,Male,49.0,Chennai,Tamil Nadu,2024-03-30,Instagram,Basic
C108783,Aarav Gupta,Male,23.0,Visakhapatnam,Andhra Pradesh,2025-07-09,Organic Search,Standard
C108784,Rohan Sharma,Male,25.0,Mumbai,Maharashtra,2024-07-11,Google Ads,Standard
C108785,Rahul Rao,Male,19.0,Pune,Maharashtra,2025-01-13,Google Ads,Premium
C108786,Sai Singh,Female,62.0,Bengaluru,Karnataka,2024-06-29,Referral,Premium
C108787,Ananya Rao,Male,65.0,Mumbai,Maharashtra,2025-04-21,Instagram,Standard
C108788,Kiran Kumar,Other,32.0,Bengaluru,Karnataka,2024-02-05,Google Ads,Premium
C108789,Rohan Rao,Female,39.0,Ahmedabad,Gujarat,2024-09-19,Organic Search,Premium
C108790,Vihaan Patel,Female,32.0,Mumbai,Maharashtra,2025-02-03,Google Ads,Premium
C108791,Vihaan Reddy,Female,43.0,Kolkata,West Bengal,2024-11-16,Referral,Standard
C108792,Aarav Varma,Female,44.0,Delhi,Delhi,2025-03-23,YouTube,Premium
C108793,Priya Gupta,Other,30.0,Pune,Maharashtra,2024-05-11,Instagram,Standard
C108794,Meera Varma,Male,48.0,Visakhapatnam,Andhra Pradesh,2024-11-18,Google Ads,Standard
C108795,Divya Singh,Other,18.0,Visakhapatnam,Andhra Pradesh,2025-07-06,Email,Standard
C108796,Sneha Rao,Male,48.0,Hyderabad,Telangana,2024-08-31,Referral,Basic
C108797,Arjun Singh,Male,54.0,Ahmedabad,Gujarat,2024-04-24,YouTube,Standard
C108798,Divya Varma,Female,20.0,Kakinada,Andhra Pradesh,2025-09-10,Instagram,Basic
C108799,Priya Singh,Male,52.0,Kolkata,West Bengal,2025-07-22,Organic Search,Premium
C108800,Nikhil Gupta,Male,53.0,Bengaluru,Karnataka,2025-05-11,Referral,Standard
C108801,Kiran Patel,Male,64.0,Kolkata,West Bengal,2025-08-05,Google Ads,Standard
C108802,Aditya Das,Male,56.0,Kolkata,West Bengal,2025-07-22,Referral,Basic
C108803,Sai Sharma,Male,19.0,Kolkata,West Bengal,2025-06-29,Google Ads,Basic
C108804,Aditya Das,Male,21.0,Chennai,Tamil Nadu,2025-01-06,Instagram,Standard
C108805,Sneha Kumar,Female,24.0,Pune,Maharashtra,2024-01-15,Instagram,Basic
C108806,Sai Kumar,Female,45.0,Kolkata,West Bengal,2025-03-11,Google Ads,Standard
C108807,Vihaan Reddy,Male,52.0,Chennai,Tamil Nadu,2024-07-18,Referral,Standard
C108808,Sai Kumar,Female,49.0,Ahmedabad,Gujarat,2025-07-18,Instagram,Premium
C108809,Sanjay Kumar,Female,33.0,Ahmedabad,Gujarat,2024-12-07,Instagram,Standard
C108810,Sneha Naidu,Female,27.0,Delhi,Delhi,2025-10-22,Google Ads,Standard
C108811,Rohan Reddy,Female,21.0,Kolkata,West Bengal,2025-03-10,Email,Standard
C108812,Divya Gupta,Female,35.0,Ahmedabad,Gujarat,2025-02-05,YouTube,Standard
C108813,Aditya Reddy,Male,32.0,Chennai,Tamil Nadu,2025-11-02,Instagram,Standard
C108814,Meera Sharma,Female,32.0,Ahmedabad,Gujarat,2024-12-12,YouTube,Premium
C108815,Sneha Naidu,Female,22.0,Bengaluru,Karnataka,2024-10-01,Email,Standard
C108816,Vihaan Naidu,Female,31.0,Delhi,Delhi,2024-09-28,YouTube,Standard
C108817,Aarav Naidu,Male,58.0,Ahmedabad,Gujarat,2025-09-30,Referral,Premium
C108818,Sai Singh,Female,29.0,Visakhapatnam,Andhra Pradesh,2025-07-06,Referral,Standard
C108819,Divya Reddy,Female,60.0,Kolkata,West Bengal,2024-04-29,Organic Search,Premium
C108820,Rahul Varma,Male,22.0,Kolkata,West Bengal,2024-12-25,Referral,Standard
C108821,Aarav Reddy,Female,48.0,Delhi,Delhi,2024-09-28,Organic Search,Standard
C108822,Ananya Kumar,Female,23.0,Ahmedabad,Gujarat,2025-04-17,Organic Search,Standard
C108823,Divya Reddy,Female,36.0,Delhi,Delhi,2024-02-08,Referral,Standard
C108824,Sanjay Naidu,Male,63.0,Hyderabad,Telangana,2025-06-05,Referral,Premium
C108825,Vihaan Gupta,Female,54.0,Mumbai,Maharashtra,2025-06-26,Google Ads,Standard
C108826,Divya Reddy,Female,42.0,Kolkata,West Bengal,2024-06-14,Email,Standard
C108827,Rohan Kumar,Male,48.0,Kakinada,Andhra Pradesh,2024-04-19,Email,Basic
C108828,Divya Patel,Female,49.0,Chennai,Tamil Nadu,2025-04-03,Email,Premium
C108829,Ananya Reddy,Male,,Visakhapatnam,Andhra Pradesh,2024-07-06,Instagram,Premium
C108830,Vihaan Rao,Female,46.0,Ahmedabad,Gujarat,2025-11-18,YouTube,Basic
C108831,Priya Naidu,Female,42.0,Pune,Maharashtra,2025-07-19,Google Ads,Standard
C108832,Aditya Das,Female,21.0,Visakhapatnam,Andhra Pradesh,2025-11-28,Google Ads,Standard
C108833,Nikhil Patel,Female,64.0,Chennai,Tamil Nadu,2025-01-25,Instagram,Standard
C108834,Kavya Sharma,Male,45.0,Chennai,Tamil Nadu,2025-11-16,Instagram,Basic
C108835,Sai Patel,Female,31.0,Ahmedabad,Gujarat,2024-01-11,Google Ads,Standard
C108836,Aarav Kumar,Male,24.0,Kolkata,West Bengal,2024-07-30,Instagram,Premium
C108837,Sneha Sharma,Female,47.0,Pune,Maharashtra,2024-01-02,Instagram,Standard
C108838,Priya Naidu,Male,55.0,Chennai,Tamil Nadu,2025-05-09,Instagram,Standard
C108839,Priya Das,Female,56.0,Kakinada,Andhra Pradesh,2025-01-07,Instagram,Premium
C108840,Sneha Gupta,Female,60.0,Hyderabad,Telangana,2024-07-28,YouTube,Basic
C108841,Aditya Das,Male,60.0,Hyderabad,Telangana,2024-08-10,Referral,Standard
C108842,Aarav Patel,Male,47.0,Chennai,Tamil Nadu,2025-04-14,Instagram,Standard
C108843,Sai Naidu,Male,63.0,Hyderabad,Telangana,2024-05-11,Referral,Basic
C108844,Aarav Singh,Male,21.0,Delhi,Delhi,2025-01-10,Email,Standard
C108845,Sanjay Patel,Male,36.0,Pune,Maharashtra,2025-03-23,Referral,Premium
C108846,Kavya Sharma,Female,41.0,Chennai,Tamil Nadu,2024-06-24,Google Ads,Standard
C108847,Divya Rao,Female,51.0,Mumbai,Maharashtra,2024-06-15,Email,Standard
C108848,Sneha Gupta,Female,32.0,Mumbai,Maharashtra,2024-09-15,Instagram,Standard
C108849,Sneha Sharma,Male,31.0,Kolkata,West Bengal,2025-03-08,Instagram,Standard
C108850,Arjun Singh,Male,61.0,Kakinada,Andhra Pradesh,2024-07-04,YouTube,Premium
C108851,Arjun Naidu,Male,49.0,Ahmedabad,Gujarat,2024-10-03,Google Ads,Premium
C108852,Rohan Sharma,Female,48.0,Pune,Maharashtra,2025-01-31,Instagram,Standard
C108853,Meera Kumar,Female,26.0,Bengaluru,Karnataka,2024-05-16,Instagram,Premium
C108854,Vihaan Kumar,Female,42.0,Mumbai,Maharashtra,2025-02-19,Organic Search,Basic
C108855,Aditya Gupta,Female,38.0,Chennai,Tamil Nadu,2024-04-10,Instagram,Basic
C108856,Sneha Gupta,Female,47.0,Mumbai,Maharashtra,2024-04-14,Google Ads,Basic
C108857,Sai Rao,Female,62.0,Kolkata,West Bengal,2024-06-21,Google Ads,Standard
C108858,Ananya Varma,Male,31.0,Delhi,Delhi,2024-07-28,Google Ads,Standard
C108859,Aarav Reddy,Female,56.0,Visakhapatnam,Andhra Pradesh,2024-01-22,Referral,Standard
C108860,Sai Kumar,Female,48.0,Mumbai,Maharashtra,2025-12-02,Instagram,Premium
C108861,Divya Varma,Male,41.0,Chennai,Tamil Nadu,2024-08-12,Google Ads,Basic
C108862,Meera Das,Female,63.0,Ahmedabad,Gujarat,2025-08-10,Instagram,Standard
C108863,Sai Rao,Female,25.0,Mumbai,Maharashtra,2025-10-20,YouTube,Standard
C108864,Vihaan Kumar,Female,50.0,Ahmedabad,Gujarat,2025-08-07,Email,Basic
C108865,Aditya Varma,Male,37.0,Pune,Maharashtra,2025-08-29,Instagram,Standard
C108866,Rohan Naidu,Male,50.0,Kolkata,West Bengal,2024-03-14,Instagram,Basic
C108867,Arjun Varma,Female,24.0,Chennai,Tamil Nadu,2024-09-28,Organic Search,Standard
C108868,Aditya Varma,Male,53.0,Kakinada,Andhra Pradesh,2025-06-28,Organic Search,Basic
C108869,Aarav Singh,Male,21.0,Ahmedabad,Gujarat,2025-02-24,Google Ads,Basic
C108870,Rohan Reddy,Male,34.0,Bengaluru,Karnataka,2024-01-05,Instagram,Standard
C108871,Ananya Sharma,Male,61.0,Pune,Maharashtra,2025-02-18,Referral,Standard
C108872,Vihaan Rao,Female,48.0,Kakinada,Andhra Pradesh,2025-08-10,Google Ads,Standard
C108873,Vihaan Varma,Female,41.0,Mumbai,Maharashtra,2025-08-27,Instagram,Basic
C108874,Nikhil Varma,Male,33.0,Pune,Maharashtra,2024-10-07,Google Ads,Standard
C108875,Meera Gupta,Female,22.0,Ahmedabad,Gujarat,2024-06-21,Organic Search,Basic
C108876,Meera Patel,Male,23.0,Mumbai,Maharashtra,2024-08-13,Google Ads,Basic
C108877,Arjun Patel,Male,52.0,Pune,Maharashtra,2024-08-04,Instagram,Standard
C108878,Divya Varma,Male,31.0,Pune,Maharashtra,2024-09-10,Instagram,Premium
C108879,Divya Reddy,Female,21.0,Bengaluru,Karnataka,2024-08-08,Referral,Standard
C108880,Sneha Gupta,Male,39.0,Bengaluru,Karnataka,2024-11-29,Referral,Standard
C108881,Nikhil Reddy,Female,37.0,Pune,Maharashtra,2024-01-30,Email,Standard
C108882,Sneha Gupta,Male,63.0,Bengaluru,Karnataka,2024-07-19,Referral,Standard
C108883,Sai Sharma,Female,29.0,Kakinada,Andhra Pradesh,2024-08-17,Referral,Standard
C108884,Sanjay Das,Male,30.0,Pune,Maharashtra,2024-04-21,Referral,Standard
C108885,Nikhil Kumar,Female,25.0,Ahmedabad,Gujarat,2025-10-02,YouTube,Standard
C108886,Meera Das,Female,27.0,Delhi,Delhi,2025-05-08,Organic Search,Premium
C108887,Aditya Patel,Male,43.0,Mumbai,Maharashtra,2025-10-27,Google Ads,Premium
C108888,Rohan Sharma,Female,28.0,Chennai,Tamil Nadu,2025-02-13,Email,Standard
C108889,Ananya Gupta,Female,52.0,Ahmedabad,Gujarat,2024-03-21,Instagram,Standard
C108890,Kiran Patel,Male,57.0,Delhi,Delhi,2025-10-22,Instagram,Standard
C108891,Nikhil Varma,Female,41.0,Mumbai,Maharashtra,2024-11-30,Google Ads,Basic
C108892,Sai Varma,Female,29.0,Bengaluru,Karnataka,2025-05-14,Organic Search,Basic
C108893,Divya Kumar,Male,57.0,Pune,Maharashtra,2024-10-05,YouTube,Premium
C108894,Arjun Rao,Female,64.0,Kolkata,West Bengal,2024-12-26,Email,Basic
C108895,Kiran Gupta,Male,62.0,Pune,Maharashtra,2024-12-23,Email,Standard
C108896,Rahul Kumar,Female,62.0,Mumbai,Maharashtra,2024-07-26,Instagram,Standard
C108897,Sanjay Das,Female,56.0,Mumbai,Maharashtra,2025-02-08,YouTube,Premium
C108898,Vihaan Naidu,Other,53.0,Delhi,Delhi,2025-06-19,Instagram,Premium
C108899,Divya Naidu,Female,63.0,Delhi,Delhi,2024-01-15,YouTube,Basic
C108900,Kiran Reddy,Female,34.0,Mumbai,Maharashtra,2024-04-05,Instagram,Standard
C108901,Arjun Gupta,Male,62.0,Kakinada,Andhra Pradesh,2025-09-06,Instagram,Standard
C108902,Vihaan Sharma,Male,18.0,Delhi,Delhi,2025-02-19,Referral,Basic
C108903,Aarav Rao,Female,57.0,Mumbai,Maharashtra,2025-12-11,Instagram,Standard
C108904,Sai Naidu,Male,34.0,Kolkata,West Bengal,2025-03-17,Instagram,Premium
C108905,Arjun Patel,Female,32.0,Visakhapatnam,Andhra Pradesh,2025-04-21,Email,Standard
C108906,Priya Varma,Male,50.0,Chennai,Tamil Nadu,2025-10-18,Organic Search,Standard
C108907,Divya Sharma,Male,26.0,Kolkata,West Bengal,2025-04-27,Google Ads,Standard
C108908,Sai Reddy,Male,65.0,Hyderabad,Telangana,2024-08-28,Referral,Standard
C108909,Divya Kumar,Female,52.0,Pune,Maharashtra,2025-01-20,Referral,Standard
C108910,Nikhil Naidu,Male,18.0,Hyderabad,Telangana,2024-06-20,Instagram,Standard
C108911,Aarav Reddy,Male,58.0,Bengaluru,Karnataka,2024-09-01,Google Ads,Standard
C108912,Kavya Rao,Other,23.0,Pune,Maharashtra,2025-05-11,Email,Premium
C108913,Nikhil Naidu,Female,57.0,Mumbai,Maharashtra,2024-04-18,Organic Search,Premium
C108914,Rahul Sharma,Female,57.0,Hyderabad,Telangana,2025-05-05,Google Ads,Standard
C108915,Sai Das,Male,48.0,Bengaluru,Karnataka,2025-03-02,Email,Basic
C108916,Priya Naidu,Male,46.0,Ahmedabad,Gujarat,2024-08-13,Referral,Standard
C108917,Rohan Varma,Female,57.0,Pune,Maharashtra,2024-02-02,Email,Standard
C108918,Divya Naidu,Male,58.0,Delhi,Delhi,2025-05-29,Organic Search,Standard
C108919,Priya Das,Male,51.0,Kakinada,Andhra Pradesh,2025-08-24,Referral,Premium
C108920,Aarav Naidu,Female,26.0,Delhi,Delhi,2025-06-16,Instagram,Standard
C108921,Kiran Kumar,Male,49.0,Visakhapatnam,Andhra Pradesh,2024-11-03,Organic Search,Standard
C108922,Aarav Rao,Female,27.0,Delhi,Delhi,2025-04-22,Email,Standard
C108923,Vihaan Gupta,Male,20.0,Hyderabad,Telangana,2024-10-29,Email,Premium
C108924,Meera Singh,Male,25.0,Bengaluru,Karnataka,2024-09-18,Referral,Basic
C108925,Meera Reddy,Male,40.0,Mumbai,Maharashtra,2024-08-26,Instagram,Premium
C108926,Kiran Patel,Female,64.0,Bengaluru,Karnataka,2024-06-02,Referral,Premium
C108927,Kavya Varma,Female,19.0,Bengaluru,Karnataka,2025-12-08,Referral,Standard
C108928,Arjun Rao,Female,21.0,Delhi,Delhi,2025-05-01,Google Ads,Basic
C108929,Kavya Reddy,Male,22.0,Kakinada,Andhra Pradesh,2024-05-07,Instagram,Basic
C108930,Arjun Sharma,Female,27.0,Mumbai,Maharashtra,2025-09-23,Organic Search,Standard
C108931,Meera Varma,Female,43.0,Mumbai,Maharashtra,2024-04-20,Google Ads,Standard
C108932,Aditya Sharma,Female,57.0,Kakinada,Andhra Pradesh,2025-03-09,Email,Standard
C108933,Sneha Naidu,Female,20.0,Mumbai,Maharashtra,2024-04-30,Instagram,Premium
C108934,Rahul Das,Female,56.0,Visakhapatnam,Andhra Pradesh,2024-09-20,Referral,Standard
C108935,Kavya Varma,Female,61.0,Kolkata,West Bengal,2025-04-25,Instagram,Standard
C108936,Meera Kumar,Male,21.0,Kakinada,Andhra Pradesh,2025-12-30,Organic Search,Standard
C108937,Aditya Kumar,Female,39.0,Pune,Maharashtra,2025-12-25,Referral,Standard
C108938,Priya Patel,Male,57.0,Pune,Maharashtra,2025-10-15,Google Ads,Basic
C108939,Sai Rao,Other,51.0,Mumbai,Maharashtra,2024-06-20,YouTube,Standard
C108940,Arjun Varma,Male,26.0,Pune,Maharashtra,2024-03-09,Google Ads,Standard
C108941,Sneha Reddy,Male,25.0,Kolkata,West Bengal,2025-10-23,Google Ads,Basic
C108942,Priya Gupta,Male,39.0,Kakinada,Andhra Pradesh,2025-11-04,Organic Search,Standard
C108943,Vihaan Das,Female,58.0,Hyderabad,Telangana,2024-07-22,Referral,Standard
C108944,Rohan Sharma,Male,63.0,Bengaluru,Karnataka,2024-01-14,Email,Standard
C108945,Meera Rao,Female,40.0,Hyderabad,Telangana,2025-04-17,YouTube,Standard
C108946,Rohan Singh,Female,43.0,Ahmedabad,Gujarat,2024-02-25,Email,Basic
C108947,Kavya Singh,Male,44.0,Hyderabad,Telangana,2024-01-30,Instagram,Standard
C108948,Sai Das,Female,41.0,Kakinada,Andhra Pradesh,2025-11-15,Instagram,Basic
C108949,Kavya Sharma,Female,49.0,Delhi,Delhi,2024-12-27,Organic Search,Premium
C108950,Nikhil Kumar,Female,31.0,Mumbai,Maharashtra,2024-03-22,Instagram,Basic
C108951,Sneha Rao,Male,43.0,Kakinada,Andhra Pradesh,2025-04-22,Referral,Standard
C108952,Kavya Gupta,Female,47.0,Ahmedabad,Gujarat,2024-09-26,YouTube,Premium
C108953,Rohan Rao,Male,45.0,Pune,Maharashtra,2025-01-26,Organic Search,Premium
C108954,Sneha Kumar,Female,64.0,Visakhapatnam,Andhra Pradesh,2025-10-18,Instagram,Standard
C108955,Aditya Das,Female,53.0,Ahmedabad,Gujarat,2024-06-22,Organic Search,Standard
C108956,Nikhil Sharma,Male,53.0,Kolkata,West Bengal,2025-04-16,Google Ads,Premium
C108957,Arjun Das,Male,56.0,Delhi,Delhi,2025-08-27,YouTube,Standard
C108958,Aarav Sharma,Female,43.0,Kakinada,Andhra Pradesh,2024-11-05,Referral,Standard
C108959,Ananya Reddy,Male,32.0,Ahmedabad,Gujarat,2025-12-09,Referral,Standard
C108960,Kavya Sharma,Male,43.0,Kakinada,Andhra Pradesh,2024-11-23,Instagram,Standard
C108961,Kiran Singh,Male,62.0,Kakinada,Andhra Pradesh,2024-12-01,Google Ads,Basic
C108962,Rohan Gupta,Female,60.0,Pune,Maharashtra,2025-10-07,Google Ads,Standard
C108963,Aditya Naidu,Male,34.0,Delhi,Delhi,2025-04-09,Organic Search,Standard
C108964,Rahul Kumar,Male,41.0,Kakinada,Andhra Pradesh,2025-09-26,Referral,Basic
C108965,Rohan Rao,Female,31.0,Kakinada,Andhra Pradesh,2025-07-31,Organic Search,Basic
C108966,Kavya Naidu,Female,18.0,Bengaluru,Karnataka,2025-06-04,Instagram,Standard
C108967,Rohan Varma,Female,32.0,Kolkata,West Bengal,2024-06-25,Google Ads,Premium
C108968,Vihaan Gupta,Female,22.0,Kolkata,West Bengal,2024-10-18,Referral,Premium
C108969,Rahul Rao,Male,35.0,Ahmedabad,Gujarat,2025-09-23,Email,Standard
C108970,Kavya Das,Male,20.0,Kakinada,Andhra Pradesh,2025-03-25,Referral,Basic
C108971,Rahul Naidu,Male,33.0,Mumbai,Maharashtra,2024-07-23,Google Ads,Premium
C108972,Divya Varma,Male,52.0,Kakinada,Andhra Pradesh,2024-08-26,Instagram,Standard
C108973,Arjun Gupta,Male,58.0,Kolkata,West Bengal,2025-07-20,Email,Premium
C108974,Aarav Varma,Female,60.0,Hyderabad,Telangana,2024-05-10,YouTube,Standard
C108975,Arjun Reddy,Male,44.0,Pune,Maharashtra,2024-03-22,Organic Search,Basic
C108976,Nikhil Reddy,Male,44.0,Bengaluru,Karnataka,2025-07-12,Email,Basic
C108977,Sanjay Reddy,Female,64.0,Kakinada,Andhra Pradesh,2024-07-29,Email,Basic
C108978,Rohan Singh,Male,44.0,Ahmedabad,Gujarat,2025-07-12,Organic Search,Standard
C108979,Kiran Patel,Female,22.0,Kakinada,Andhra Pradesh,2025-01-24,Organic Search,Standard
C108980,Sneha Reddy,Male,62.0,Kolkata,West Bengal,2025-12-29,Instagram,Basic
C108981,Rohan Patel,Female,47.0,Delhi,Delhi,2025-01-18,Google Ads,Standard
C108982,Meera Gupta,Male,49.0,Chennai,Tamil Nadu,2025-09-25,Organic Search,Basic
C108983,Aarav Singh,Male,22.0,Kakinada,Andhra Pradesh,2025-09-12,Organic Search,Standard
C108984,Kiran Patel,Female,40.0,Bengaluru,Karnataka,2024-06-03,Email,Premium
C108985,Vihaan Rao,Male,40.0,Visakhapatnam,Andhra Pradesh,2025-12-28,Google Ads,Premium
C108986,Ananya Naidu,Male,57.0,Chennai,Tamil Nadu,2025-06-28,Organic Search,Basic
C108987,Sai Gupta,Male,36.0,Pune,Maharashtra,2024-03-19,Google Ads,Premium
C108988,Ananya Kumar,Female,34.0,Kolkata,West Bengal,2024-01-05,Google Ads,Basic
C108989,Kiran Singh,Male,50.0,Hyderabad,Telangana,2024-07-17,Referral,Standard
C108990,Aditya Rao,Female,18.0,Bengaluru,Karnataka,2024-01-12,Referral,Standard
C108991,Meera Sharma,Female,53.0,Bengaluru,Karnataka,2024-09-18,Google Ads,Standard
C108992,Aditya Reddy,Female,18.0,Ahmedabad,Gujarat,2025-12-28,Email,Standard
C108993,Sai Gupta,Female,29.0,Hyderabad,Telangana,2024-12-15,Email,Premium
C108994,Ananya Kumar,Male,41.0,Kolkata,West Bengal,2024-01-18,Instagram,Standard
C108995,Sanjay Rao,Female,27.0,Bengaluru,Karnataka,2024-12-26,Google Ads,Basic
C108996,Aditya Kumar,Male,19.0,Ahmedabad,Gujarat,2024-06-08,Email,Premium
C108997,Sneha Gupta,Male,38.0,Kakinada,Andhra Pradesh,2025-09-17,YouTube,Standard
C108998,Arjun Das,Female,51.0,Chennai,Tamil Nadu,2024-03-07,Organic Search,Basic
C108999,Meera Reddy,Female,29.0,Mumbai,Maharashtra,2025-07-16,Instagram,Premium
C109000,Rahul Rao,Male,31.0,Chennai,Tamil Nadu,2024-11-21,Referral,Premium
C109001,Vihaan Naidu,Other,50.0,Kolkata,West Bengal,2024-01-14,Organic Search,Basic
C109002,Aarav Gupta,Female,63.0,Ahmedabad,Gujarat,2025-05-06,Google Ads,Basic
C109003,Divya Naidu,Male,42.0,Kolkata,West Bengal,2024-11-28,Email,Standard
C109004,Rahul Reddy,Female,44.0,Pune,Maharashtra,2025-07-17,Google Ads,Basic
C109005,Aditya Reddy,Female,57.0,Kolkata,West Bengal,2025-03-27,Email,Standard
C109006,Divya Rao,Female,21.0,Mumbai,Maharashtra,2025-07-28,Instagram,Premium
C109007,Sneha Naidu,Female,65.0,Mumbai,Maharashtra,2024-12-02,Google Ads,Standard
C109008,Sai Patel,Male,40.0,Kakinada,Andhra Pradesh,2024-01-06,Google Ads,Basic
C109009,Ananya Varma,Female,36.0,Pune,Maharashtra,2024-04-05,Google Ads,Standard
C109010,Kiran Gupta,Male,47.0,Visakhapatnam,Andhra Pradesh,2024-11-30,Instagram,Standard
C109011,Kavya Rao,Female,61.0,Kolkata,West Bengal,2024-10-17,Google Ads,Standard
C109012,Sneha Varma,Female,62.0,Chennai,Tamil Nadu,2025-08-02,Referral,Standard
C109013,Rohan Varma,Female,55.0,Pune,Maharashtra,2024-10-27,Instagram,Standard
C109014,Kavya Varma,Male,41.0,Kolkata,West Bengal,2025-09-19,Google Ads,Premium
C109015,Divya Rao,Female,25.0,Bengaluru,Karnataka,2024-05-17,Instagram,Basic
C109016,Kavya Varma,Female,27.0,Chennai,Tamil Nadu,2024-10-07,YouTube,Standard
C109017,Nikhil Reddy,Male,58.0,Ahmedabad,Gujarat,2025-07-06,Instagram,Premium
C109018,Ananya Singh,Male,24.0,Hyderabad,Telangana,2024-03-31,Email,Premium
C109019,Aditya Singh,Male,41.0,Hyderabad,Telangana,2024-08-22,Google Ads,Basic
C109020,Vihaan Reddy,Female,37.0,Bengaluru,Karnataka,2025-07-02,Google Ads,Standard
C109021,Sai Varma,Male,52.0,Pune,Maharashtra,2025-03-05,Organic Search,Standard
C109022,Rahul Varma,Female,34.0,Mumbai,Maharashtra,2025-07-21,Email,Standard
C109023,Kiran Kumar,Female,51.0,Chennai,Tamil Nadu,2025-01-11,Email,Standard
C109024,Meera Singh,Female,42.0,Bengaluru,Karnataka,2025-09-19,Instagram,Basic
C109025,Rohan Gupta,Female,60.0,Mumbai,Maharashtra,2025-10-02,Google Ads,Standard
C109026,Vihaan Singh,Male,26.0,Hyderabad,Telangana,2025-12-12,Google Ads,Premium
C109027,Sai Reddy,Male,54.0,Visakhapatnam,Andhra Pradesh,2024-03-30,Google Ads,Basic
C109028,Meera Reddy,Male,52.0,Chennai,Tamil Nadu,2025-03-07,YouTube,Standard
C109029,Sneha Kumar,Female,57.0,Bengaluru,Karnataka,2024-03-24,Google Ads,Standard
C109030,Rohan Varma,Female,41.0,Pune,Maharashtra,2024-06-16,Google Ads,Premium
C109031,Kavya Patel,Female,33.0,Kakinada,Andhra Pradesh,2024-08-07,Instagram,Basic
C109032,Sneha Singh,Female,42.0,Visakhapatnam,Andhra Pradesh,2025-04-16,Google Ads,Basic
C109033,Rohan Gupta,Female,64.0,Visakhapatnam,Andhra Pradesh,2024-11-10,Instagram,Standard
C109034,Rahul Reddy,Other,27.0,Chennai,Tamil Nadu,2025-09-23,Google Ads,Premium
C109035,Aditya Singh,Female,49.0,Delhi,Delhi,2024-08-05,YouTube,Premium
C109036,Priya Varma,Male,28.0,Delhi,Delhi,2025-03-26,Referral,Standard
C109037,Vihaan Gupta,Male,55.0,Delhi,Delhi,2025-07-11,Instagram,Standard
C109038,Meera Kumar,Female,38.0,Kakinada,Andhra Pradesh,2025-12-16,Google Ads,Standard
C109039,Vihaan Kumar,Female,59.0,Bengaluru,Karnataka,2024-06-28,Referral,Standard
C109040,Nikhil Sharma,Female,25.0,Visakhapatnam,Andhra Pradesh,2025-06-19,Instagram,Standard
C109041,Nikhil Naidu,Male,23.0,Kakinada,Andhra Pradesh,2024-03-02,Organic Search,Standard
C109042,Aditya Sharma,Female,63.0,Visakhapatnam,Andhra Pradesh,2025-01-31,Referral,Basic
C109043,Vihaan Rao,Male,34.0,Kolkata,West Bengal,2024-10-29,Referral,Standard
C109044,Kavya Gupta,Male,22.0,Visakhapatnam,Andhra Pradesh,2025-11-30,Email,Basic
C109045,Aditya Naidu,Female,58.0,Hyderabad,Telangana,2025-07-18,Instagram,Standard
C109046,Sneha Gupta,Female,37.0,Visakhapatnam,Andhra Pradesh,2025-11-07,Instagram,Premium
C109047,Meera Gupta,Male,62.0,Pune,Maharashtra,2025-09-12,Email,Standard
C109048,Vihaan Singh,Male,39.0,Kakinada,Andhra Pradesh,2024-10-26,Instagram,Basic
C109049,Sneha Rao,Female,54.0,Hyderabad,Telangana,2025-06-19,Instagram,Basic
C109050,Kiran Kumar,Male,45.0,Kakinada,Andhra Pradesh,2024-01-23,YouTube,Standard
C109051,Nikhil Singh,Male,41.0,Pune,Maharashtra,2025-02-11,Organic Search,Premium
C109052,Sneha Singh,Female,41.0,Bengaluru,Karnataka,2024-02-04,Instagram,Standard
C109053,Meera Das,Female,30.0,Pune,Maharashtra,2025-06-12,Organic Search,Premium
C109054,Ananya Naidu,Male,53.0,Hyderabad,Telangana,2025-12-06,Instagram,Standard
C109055,Aarav Varma,Female,43.0,Hyderabad,Telangana,2025-05-12,Organic Search,Basic
C109056,Divya Rao,Female,18.0,Pune,Maharashtra,2025-09-05,Google Ads,Standard
C109057,Ananya Patel,Male,37.0,Visakhapatnam,Andhra Pradesh,2024-06-20,Referral,Basic
C109058,Sanjay Naidu,Male,37.0,Bengaluru,Karnataka,2025-12-26,Email,Standard
C109059,Aarav Gupta,Male,60.0,Mumbai,Maharashtra,2025-02-06,Instagram,Premium
C109060,Rahul Patel,Male,38.0,Delhi,Delhi,2025-05-07,YouTube,Premium
C109061,Priya Rao,Female,45.0,Pune,Maharashtra,2025-07-16,Instagram,Basic
C109062,Kavya Gupta,Male,21.0,Hyderabad,Telangana,2025-04-11,YouTube,Standard
C109063,Rahul Sharma,Other,36.0,Kolkata,West Bengal,2024-08-19,Instagram,Standard
C109064,Sneha Singh,Male,31.0,Chennai,Tamil Nadu,2025-03-22,Instagram,Premium
C109065,Nikhil Kumar,Female,41.0,Kakinada,Andhra Pradesh,2025-04-22,Instagram,Standard
C109066,Sai Gupta,Female,61.0,Delhi,Delhi,2025-09-17,Google Ads,Premium
C109067,Ananya Varma,Female,62.0,Chennai,Tamil Nadu,2024-12-17,Referral,Standard
C109068,Priya Patel,Female,31.0,Hyderabad,Telangana,2025-01-01,Email,Basic
C109069,Vihaan Kumar,Female,47.0,Kakinada,Andhra Pradesh,2025-01-02,Organic Search,Standard
C109070,Sneha Sharma,Female,63.0,Visakhapatnam,Andhra Pradesh,2024-03-24,Referral,Basic
C109071,Kiran Reddy,Female,28.0,Delhi,Delhi,2024-03-06,Referral,Basic
C109072,Kiran Sharma,Female,39.0,Chennai,Tamil Nadu,2024-01-15,Google Ads,Standard
C109073,Nikhil Sharma,Other,42.0,Visakhapatnam,Andhra Pradesh,2025-05-01,Email,Standard
C109074,Divya Gupta,Male,18.0,Mumbai,Maharashtra,2024-11-01,YouTube,Standard
C109075,Meera Das,Male,40.0,Mumbai,Maharashtra,2025-09-23,Google Ads,Premium
C109076,Nikhil Gupta,Male,23.0,Mumbai,Maharashtra,2025-05-27,Google Ads,Basic
C109077,Rahul Singh,Female,32.0,Ahmedabad,Gujarat,2024-04-13,Google Ads,Basic
C109078,Arjun Gupta,Male,23.0,Mumbai,Maharashtra,2024-03-14,Google Ads,Standard
C109079,Aarav Reddy,Male,53.0,Hyderabad,Telangana,2024-09-24,Referral,Standard
C109080,Arjun Sharma,Female,58.0,Bengaluru,Karnataka,2025-11-03,Instagram,Premium
C109081,Aditya Reddy,Male,30.0,Kakinada,Andhra Pradesh,2024-02-05,Organic Search,Premium
C109082,Arjun Singh,Female,19.0,Visakhapatnam,Andhra Pradesh,2024-05-16,Instagram,Standard
C109083,Aditya Naidu,Male,41.0,Kakinada,Andhra Pradesh,2024-01-22,Instagram,Basic
C109084,Kavya Kumar,Female,23.0,Mumbai,Maharashtra,2024-10-28,Instagram,Premium
C109085,Aarav Naidu,Male,39.0,Chennai,Tamil Nadu,2025-12-23,Google Ads,Basic
C109086,Aarav Reddy,Female,44.0,Chennai,Tamil Nadu,2025-05-14,Organic Search,Standard
C109087,Meera Varma,Female,40.0,Pune,Maharashtra,2024-12-26,YouTube,Standard
C109088,Kavya Das,Male,43.0,Hyderabad,Telangana,2024-04-15,Google Ads,Premium
C109089,Meera Naidu,Male,45.0,Pune,Maharashtra,2024-09-16,Google Ads,Premium
C109090,Rahul Patel,Female,25.0,Hyderabad,Telangana,2025-01-17,Organic Search,Standard
C109091,Arjun Sharma,Female,50.0,Mumbai,Maharashtra,2024-07-19,Email,Standard
C109092,Priya Das,Male,50.0,Mumbai,Maharashtra,2025-05-29,Email,Standard
C109093,Aarav Rao,Female,24.0,Kolkata,West Bengal,2025-12-16,Google Ads,Standard
C109094,Divya Sharma,Male,38.0,Visakhapatnam,Andhra Pradesh,2024-05-30,Referral,Premium
C109095,Sneha Rao,Male,31.0,Kolkata,West Bengal,2024-07-03,Instagram,Standard
C109096,Kiran Gupta,Male,37.0,Chennai,Tamil Nadu,2024-04-02,Google Ads,Standard
C109097,Arjun Sharma,Male,55.0,Pune,Maharashtra,2025-06-13,YouTube,Standard
C109098,Sai Sharma,Male,46.0,Pune,Maharashtra,2024-12-03,Instagram,Premium
C109099,Vihaan Patel,Male,61.0,Bengaluru,Karnataka,2024-07-26,Google Ads,Basic
C109100,Aditya Patel,Male,45.0,Kakinada,Andhra Pradesh,2024-06-09,Google Ads,Premium
C109101,Meera Singh,Male,20.0,Kakinada,Andhra Pradesh,2024-02-21,Instagram,Basic
C109102,Rohan Gupta,Female,52.0,Mumbai,Maharashtra,2024-12-13,YouTube,Standard
C109103,Priya Varma,Female,21.0,Bengaluru,Karnataka,2025-05-13,Instagram,Standard
C109104,Kavya Naidu,Male,34.0,Bengaluru,Karnataka,2024-06-20,Referral,Premium
C109105,Vihaan Das,Male,62.0,Kolkata,West Bengal,2024-01-02,Organic Search,Standard
C109106,Priya Sharma,Female,65.0,Hyderabad,Telangana,2024-12-11,Instagram,Standard
C109107,Priya Rao,Female,25.0,Bengaluru,Karnataka,2025-05-08,Instagram,Premium
C109108,Kiran Rao,Female,65.0,Kolkata,West Bengal,2024-09-08,Google Ads,Premium
C109109,Rahul Reddy,Male,65.0,Bengaluru,Karnataka,2024-07-01,Instagram,Standard
C109110,Rohan Naidu,Male,60.0,Hyderabad,Telangana,2024-04-22,Instagram,Standard
C109111,Ananya Rao,Male,57.0,Hyderabad,Telangana,2025-06-28,Referral,Standard
C109112,Priya Rao,Female,21.0,Ahmedabad,Gujarat,2025-09-20,Instagram,Premium
C109113,Vihaan Kumar,Male,23.0,Delhi,Delhi,2025-07-15,Email,Premium
C109114,Sneha Rao,Male,47.0,Mumbai,Maharashtra,2025-01-13,YouTube,Standard
C109115,Nikhil Singh,Male,22.0,Kolkata,West Bengal,2025-06-12,Google Ads,Premium
C109116,Nikhil Das,Female,30.0,Bengaluru,Karnataka,2024-10-16,Instagram,Premium
C109117,Ananya Sharma,Male,64.0,Pune,Maharashtra,2024-01-18,Instagram,Premium
C109118,Sanjay Reddy,Female,61.0,Chennai,Tamil Nadu,2024-09-25,Instagram,Basic
C109119,Sai Sharma,Male,30.0,Kolkata,West Bengal,2025-05-28,Google Ads,Standard
C109120,Sanjay Sharma,Male,43.0,Kolkata,West Bengal,2025-04-17,Referral,Standard
C109121,Divya Rao,Male,43.0,Kolkata,West Bengal,2025-12-23,Instagram,Standard
C109122,Meera Varma,Other,30.0,Mumbai,Maharashtra,2025-12-29,Google Ads,Standard
C109123,Arjun Das,Male,29.0,Bengaluru,Karnataka,2024-06-26,Instagram,Premium
C109124,Divya Gupta,Male,38.0,Pune,Maharashtra,2024-01-07,Email,Standard
C109125,Sanjay Patel,Female,46.0,Hyderabad,Telangana,2024-07-19,Google Ads,Premium
C109126,Nikhil Sharma,Male,56.0,Chennai,Tamil Nadu,2025-10-01,Organic Search,Basic
C109127,Meera Sharma,Male,58.0,Kolkata,West Bengal,2025-08-16,Referral,Standard
C109128,Aarav Patel,Male,18.0,Visakhapatnam,Andhra Pradesh,2024-03-13,Google Ads,Basic
C109129,Kavya Sharma,Female,,Kolkata,West Bengal,2024-04-27,Email,Basic
C109130,Arjun Das,Male,47.0,Kakinada,Andhra Pradesh,2025-02-15,Instagram,Premium
C109131,Priya Kumar,Female,20.0,Pune,Maharashtra,2025-04-27,Email,Standard
C109132,Vihaan Reddy,Female,58.0,Chennai,Tamil Nadu,2025-12-18,Google Ads,Standard
C109133,Kavya Patel,Female,46.0,Mumbai,Maharashtra,2025-07-05,Referral,Basic
C109134,Vihaan Rao,Male,52.0,Kolkata,West Bengal,2024-06-03,Referral,Basic
C109135,Ananya Patel,Female,49.0,Visakhapatnam,Andhra Pradesh,2024-01-28,Referral,Standard
C109136,Vihaan Gupta,Female,34.0,Delhi,Delhi,2025-04-07,Email,Standard
C109137,Rohan Singh,Female,27.0,Hyderabad,Telangana,2025-02-08,Instagram,Standard
C109138,Rahul Rao,Male,36.0,Hyderabad,Telangana,2025-11-03,Referral,Basic
C109139,Rohan Singh,Female,54.0,Kolkata,West Bengal,2025-02-24,Instagram,Standard
C109140,Rohan Rao,Female,48.0,Kolkata,West Bengal,2024-12-31,Google Ads,Standard
C109141,Aarav Kumar,Female,48.0,Bengaluru,Karnataka,2024-08-09,Instagram,Basic
C109142,Sai Naidu,Male,24.0,Hyderabad,Telangana,2024-03-03,Referral,Premium
C109143,Arjun Gupta,Female,18.0,Kolkata,West Bengal,2025-10-01,Email,Standard
C109144,Divya Das,Female,50.0,Delhi,Delhi,2025-08-26,Organic Search,Standard
C109145,Nikhil Naidu,Female,63.0,Chennai,Tamil Nadu,2024-04-28,Referral,Standard
C109146,Arjun Gupta,Female,35.0,Mumbai,Maharashtra,2025-05-28,Organic Search,Premium
C109147,Priya Sharma,Female,39.0,Ahmedabad,Gujarat,2024-09-22,Organic Search,Premium
C109148,Aditya Rao,Male,63.0,Ahmedabad,Gujarat,2024-11-15,Instagram,Standard
C109149,Aditya Singh,Male,29.0,Hyderabad,Telangana,2025-09-11,Organic Search,Standard
C109150,Aditya Rao,Male,43.0,Hyderabad,Telangana,2025-09-06,Google Ads,Basic
C109151,Sneha Kumar,Female,22.0,Pune,Maharashtra,2024-05-19,Google Ads,Basic
C109152,Sanjay Naidu,Male,30.0,Kolkata,West Bengal,2024-08-12,YouTube,Standard
C109153,Priya Reddy,Female,35.0,Bengaluru,Karnataka,2025-08-22,Instagram,Standard
C109154,Meera Varma,Other,50.0,Bengaluru,Karnataka,2025-10-31,YouTube,Basic
C109155,Sanjay Das,Female,32.0,Kolkata,West Bengal,2024-02-27,Organic Search,Premium
C109156,Sai Kumar,Female,40.0,Chennai,Tamil Nadu,2025-08-31,Organic Search,Basic
C109157,Ananya Patel,Female,32.0,Bengaluru,Karnataka,2024-12-23,Referral,Basic
C109158,Sai Sharma,Male,24.0,Kolkata,West Bengal,2025-03-06,Referral,Basic
C109159,Divya Naidu,Female,56.0,Hyderabad,Telangana,2024-02-24,Google Ads,Standard
C109160,Aditya Naidu,Female,50.0,Mumbai,Maharashtra,2025-05-11,Google Ads,Premium
C109161,Kavya Varma,Female,49.0,Ahmedabad,Gujarat,2025-05-09,Organic Search,Standard
C109162,Sneha Varma,Male,45.0,Mumbai,Maharashtra,2025-04-28,Google Ads,Standard
C109163,Rahul Varma,Male,24.0,Hyderabad,Telangana,2025-07-31,Referral,Standard
C109164,Vihaan Rao,Female,42.0,Kakinada,Andhra Pradesh,2025-11-21,YouTube,Standard
C109165,Ananya Das,Female,51.0,Mumbai,Maharashtra,2025-09-12,Google Ads,Standard
C109166,Rahul Das,Female,41.0,Pune,Maharashtra,2025-06-27,Organic Search,Standard
C109167,Sai Rao,Male,52.0,Visakhapatnam,Andhra Pradesh,2025-12-17,Google Ads,Standard
C109168,Divya Sharma,Female,33.0,Kakinada,Andhra Pradesh,2025-05-07,Instagram,Standard
C109169,Aditya Gupta,Female,42.0,Visakhapatnam,Andhra Pradesh,2025-05-05,Referral,Premium
C109170,Rohan Kumar,Female,36.0,Delhi,Delhi,2025-01-30,Referral,Standard
C109171,Arjun Varma,Female,65.0,Visakhapatnam,Andhra Pradesh,2025-07-15,Organic Search,Basic
C109172,Kavya Rao,Male,26.0,Hyderabad,Telangana,2024-02-22,Instagram,Basic
C109173,Kiran Rao,Male,31.0,Delhi,Delhi,2025-01-04,Instagram,Basic
C109174,Rahul Patel,Female,50.0,Bengaluru,Karnataka,2024-11-06,Organic Search,Standard
C109175,Rohan Varma,Male,20.0,Pune,Maharashtra,2025-10-28,Referral,Basic
C109176,Divya Sharma,Female,42.0,Visakhapatnam,Andhra Pradesh,2024-02-22,Referral,Standard
C109177,Rohan Patel,Male,19.0,Ahmedabad,Gujarat,2025-04-14,Google Ads,Basic
C109178,Sai Sharma,Female,43.0,Kakinada,Andhra Pradesh,2024-05-14,YouTube,Premium
C109179,Sai Naidu,Male,33.0,Bengaluru,Karnataka,2025-10-06,YouTube,Standard
C109180,Meera Kumar,Female,27.0,Ahmedabad,Gujarat,2025-09-13,Referral,Premium
C109181,Kavya Sharma,Female,41.0,Ahmedabad,Gujarat,2024-06-20,Instagram,Premium
C109182,Sanjay Sharma,Male,33.0,Chennai,Tamil Nadu,2025-09-28,YouTube,Standard
C109183,Vihaan Varma,Female,21.0,Hyderabad,Telangana,2024-12-28,Organic Search,Premium
C109184,Sanjay Sharma,Female,43.0,Bengaluru,Karnataka,2025-12-09,Referral,Standard
C109185,Rahul Reddy,Female,45.0,Kakinada,Andhra Pradesh,2025-06-16,Email,Basic
C109186,Vihaan Reddy,Other,49.0,Mumbai,Maharashtra,2024-01-26,Google Ads,Standard
C109187,Aarav Sharma,Female,61.0,Kolkata,West Bengal,2024-05-27,Instagram,Standard
C109188,Rohan Sharma,Female,,Kakinada,Andhra Pradesh,2024-10-21,Email,Basic
C109189,Aarav Kumar,Female,56.0,Chennai,Tamil Nadu,2024-06-03,Email,Standard
C109190,Arjun Naidu,Female,49.0,Mumbai,Maharashtra,2024-04-06,Referral,Basic
C109191,Kavya Das,Female,50.0,Chennai,Tamil Nadu,2025-12-14,Organic Search,Standard
C109192,Sneha Gupta,Male,56.0,Mumbai,Maharashtra,2025-09-26,Google Ads,Premium
C109193,Sai Kumar,Female,49.0,Bengaluru,Karnataka,2024-11-13,Organic Search,Standard
C109194,Aarav Naidu,Female,42.0,Visakhapatnam,Andhra Pradesh,2024-06-05,Instagram,Basic
C109195,Meera Gupta,Male,53.0,Delhi,Delhi,2024-05-12,YouTube,Premium
C109196,Sai Kumar,Male,64.0,Kolkata,West Bengal,2025-10-30,Instagram,Standard
C109197,Arjun Rao,Female,41.0,Ahmedabad,Gujarat,2024-08-29,Instagram,Standard
C109198,Sanjay Singh,Female,28.0,Pune,Maharashtra,2024-01-10,Email,Basic
C109199,Kavya Reddy,Male,37.0,Pune,Maharashtra,2024-10-17,Instagram,Basic
C109200,Nikhil Kumar,Female,18.0,Bengaluru,Karnataka,2024-11-27,Instagram,Standard
C109201,Rohan Naidu,Female,32.0,Pune,Maharashtra,2025-03-30,Organic Search,Standard
C109202,Nikhil Singh,Male,60.0,Ahmedabad,Gujarat,2024-09-04,Google Ads,Standard
C109203,Rohan Reddy,Female,22.0,Bengaluru,Karnataka,2025-11-04,Organic Search,Basic
C109204,Vihaan Das,Male,60.0,Mumbai,Maharashtra,2025-04-14,Instagram,Premium
C109205,Aditya Gupta,Female,44.0,Kolkata,West Bengal,2025-12-21,Google Ads,Standard
C109206,Rahul Patel,Male,33.0,Kakinada,Andhra Pradesh,2024-09-24,Google Ads,Standard
C109207,Ananya Rao,Female,40.0,Delhi,Delhi,2025-04-20,Referral,Premium
C109208,Sneha Varma,Male,60.0,Visakhapatnam,Andhra Pradesh,2024-09-23,Google Ads,Standard
C109209,Ananya Reddy,Female,23.0,Bengaluru,Karnataka,2025-05-25,Google Ads,Basic
C109210,Vihaan Kumar,Female,45.0,Pune,Maharashtra,2025-06-28,Google Ads,Standard
C109211,Sanjay Kumar,Male,30.0,Kakinada,Andhra Pradesh,2024-08-22,Instagram,Standard
C109212,Divya Gupta,Female,43.0,Chennai,Tamil Nadu,2025-11-15,Email,Standard
C109213,Kiran Kumar,Female,55.0,Pune,Maharashtra,2025-09-17,Referral,Standard
C109214,Priya Rao,Female,62.0,Bengaluru,Karnataka,2025-10-14,Google Ads,Standard
C109215,Ananya Varma,Female,30.0,Pune,Maharashtra,2024-06-07,Instagram,Basic
C109216,Kavya Das,Female,49.0,Pune,Maharashtra,2025-06-08,Organic Search,Premium
C109217,Arjun Singh,Female,38.0,Kakinada,Andhra Pradesh,2024-03-18,Google Ads,Basic
C109218,Aarav Kumar,Female,42.0,Mumbai,Maharashtra,2024-03-18,YouTube,Basic
C109219,Sneha Gupta,Male,25.0,Delhi,Delhi,2025-12-11,Instagram,Standard
C109220,Kavya Gupta,Male,59.0,Kolkata,West Bengal,2024-04-21,YouTube,Standard
C109221,Aditya Reddy,Male,26.0,Kakinada,Andhra Pradesh,2025-09-22,Google Ads,Basic
C109222,Arjun Kumar,Male,19.0,Mumbai,Maharashtra,2024-11-10,Referral,Premium
C109223,Kavya Singh,Female,54.0,Kolkata,West Bengal,2024-08-09,Google Ads,Standard
C109224,Nikhil Reddy,Male,37.0,Visakhapatnam,Andhra Pradesh,2024-02-23,YouTube,Standard
C109225,Arjun Patel,Female,21.0,Kolkata,West Bengal,2025-05-07,Google Ads,Standard
C109226,Nikhil Kumar,Male,50.0,Chennai,Tamil Nadu,2025-06-10,Organic Search,Standard
C109227,Divya Naidu,Male,31.0,Mumbai,Maharashtra,2024-12-06,Instagram,Standard
C109228,Ananya Reddy,Female,64.0,Mumbai,Maharashtra,2025-08-14,Referral,Premium
C109229,Kavya Varma,Male,65.0,Hyderabad,Telangana,2024-08-23,Organic Search,Standard
C109230,Aditya Varma,Female,44.0,Bengaluru,Karnataka,2025-02-06,Referral,Basic
C109231,Meera Kumar,Female,40.0,Chennai,Tamil Nadu,2024-07-28,Email,Standard
C109232,Aarav Singh,Female,39.0,Bengaluru,Karnataka,2025-03-01,Organic Search,Standard
C109233,Sanjay Gupta,Female,47.0,Hyderabad,Telangana,2024-04-09,Referral,Basic
C109234,Sneha Naidu,Female,61.0,Kolkata,West Bengal,2024-12-13,Instagram,Basic
C109235,Sanjay Rao,Male,48.0,Hyderabad,Telangana,2025-02-05,Google Ads,Standard
C109236,Rahul Gupta,Female,22.0,Bengaluru,Karnataka,2025-02-10,Organic Search,Standard
C109237,Kavya Sharma,Male,27.0,Pune,Maharashtra,2024-11-22,Google Ads,Standard
C109238,Kavya Varma,Male,48.0,Kakinada,Andhra Pradesh,2025-04-14,Email,Standard
C109239,Divya Kumar,Female,35.0,Ahmedabad,Gujarat,2025-01-08,Instagram,Basic
C109240,Rohan Naidu,Female,41.0,Hyderabad,Telangana,2024-07-25,YouTube,Standard
C109241,Sneha Naidu,Female,37.0,Bengaluru,Karnataka,2024-06-06,Email,Standard
C109242,Sai Das,Female,46.0,Ahmedabad,Gujarat,2025-04-17,Referral,Basic
C109243,Meera Varma,Female,29.0,Ahmedabad,Gujarat,2025-11-16,Organic Search,Standard
C109244,Arjun Singh,Female,21.0,Delhi,Delhi,2025-07-03,Organic Search,Premium
C109245,Aarav Singh,Male,29.0,Kakinada,Andhra Pradesh,2025-04-11,Instagram,Premium
C109246,Sneha Sharma,Male,50.0,Visakhapatnam,Andhra Pradesh,2025-11-03,Google Ads,Standard
C109247,Priya Das,Female,47.0,Ahmedabad,Gujarat,2025-10-18,Google Ads,Standard
C109248,Arjun Varma,Female,56.0,Ahmedabad,Gujarat,2025-01-04,Google Ads,Premium
C109249,Divya Gupta,Male,23.0,Ahmedabad,Gujarat,2024-03-20,Google Ads,Standard
C109250,Aarav Varma,Male,24.0,Bengaluru,Karnataka,2025-04-08,Google Ads,Standard
C109251,Rohan Sharma,Male,24.0,Ahmedabad,Gujarat,2025-03-30,Instagram,Standard
C109252,Aarav Reddy,Female,45.0,Kakinada,Andhra Pradesh,2024-07-21,Instagram,Premium
C109253,Rahul Gupta,Male,45.0,Mumbai,Maharashtra,2025-09-12,Google Ads,Standard
C109254,Priya Das,Male,25.0,Hyderabad,Telangana,2025-09-27,Instagram,Standard
C109255,Kiran Gupta,Male,39.0,Delhi,Delhi,2024-08-29,Referral,Standard
C109256,Aarav Rao,Male,20.0,Mumbai,Maharashtra,2024-12-14,Instagram,Basic
C109257,Arjun Naidu,Female,47.0,Kakinada,Andhra Pradesh,2024-05-22,Instagram,Premium
C109258,Aarav Varma,Female,45.0,Chennai,Tamil Nadu,2024-05-10,Organic Search,Standard
C109259,Priya Sharma,Male,19.0,Kolkata,West Bengal,2024-07-12,Referral,Premium
C109260,Arjun Das,Female,22.0,Kakinada,Andhra Pradesh,2024-09-24,Organic Search,Premium
C109261,Priya Singh,Female,51.0,Ahmedabad,Gujarat,2024-07-18,YouTube,Standard
C109262,Ananya Reddy,Female,61.0,Ahmedabad,Gujarat,2024-04-20,Referral,Standard
C109263,Divya Das,Male,58.0,Kakinada,Andhra Pradesh,2024-11-22,Organic Search,Standard
C109264,Divya Rao,Male,45.0,Kolkata,West Bengal,2025-03-31,Instagram,Basic
C109265,Arjun Sharma,Female,43.0,Mumbai,Maharashtra,2024-08-25,Email,Basic
C109266,Meera Rao,Female,56.0,Ahmedabad,Gujarat,2025-01-24,Referral,Premium
C109267,Kavya Varma,Male,58.0,Delhi,Delhi,2024-07-17,Email,Standard
C109268,Kiran Reddy,Female,61.0,Delhi,Delhi,2025-05-28,Instagram,Standard
C109269,Sai Naidu,Male,37.0,Kolkata,West Bengal,2025-04-18,YouTube,Standard
C109270,Rahul Rao,Male,40.0,Delhi,Delhi,2025-12-01,Google Ads,Standard
C109271,Arjun Varma,Male,21.0,Hyderabad,Telangana,2024-02-08,Organic Search,Basic
C109272,Kavya Sharma,Female,26.0,Kakinada,Andhra Pradesh,2025-09-14,YouTube,Standard
C109273,Sneha Rao,Male,36.0,Pune,Maharashtra,2024-09-05,Organic Search,Basic
C109274,Kiran Sharma,Male,56.0,Kolkata,West Bengal,2024-02-18,Google Ads,Standard
C109275,Rahul Varma,Male,39.0,Visakhapatnam,Andhra Pradesh,2025-05-18,Google Ads,Basic
C109276,Meera Singh,Male,46.0,Kolkata,West Bengal,2024-05-05,Email,Standard
C109277,Arjun Das,Male,59.0,Kolkata,West Bengal,2024-05-08,Referral,Premium
C109278,Vihaan Rao,Female,40.0,Ahmedabad,Gujarat,2025-12-16,Google Ads,Standard
C109279,Priya Rao,Female,34.0,Mumbai,Maharashtra,2024-06-10,Email,Standard
C109280,Rahul Reddy,Male,53.0,Visakhapatnam,Andhra Pradesh,2025-02-03,YouTube,Premium
C109281,Priya Rao,Male,33.0,Ahmedabad,Gujarat,2024-05-26,Google Ads,Standard
C109282,Priya Das,Female,36.0,Bengaluru,Karnataka,2024-03-31,Instagram,Basic
C109283,Vihaan Singh,Male,60.0,Bengaluru,Karnataka,2024-01-01,Email,Basic
C109284,Sneha Naidu,Male,38.0,Visakhapatnam,Andhra Pradesh,2024-01-12,Referral,Standard
C109285,Rahul Kumar,Female,30.0,Visakhapatnam,Andhra Pradesh,2024-12-11,YouTube,Standard
C109286,Rahul Sharma,Female,58.0,Kakinada,Andhra Pradesh,2024-11-12,Organic Search,Basic
C109287,Priya Das,Male,48.0,Bengaluru,Karnataka,2024-01-29,Google Ads,Basic
C109288,Aarav Varma,Male,54.0,Visakhapatnam,Andhra Pradesh,2024-09-12,Email,Premium
C109289,Aarav Kumar,Male,33.0,Visakhapatnam,Andhra Pradesh,2024-07-18,Organic Search,Premium
C109290,Arjun Gupta,Male,55.0,Ahmedabad,Gujarat,2025-02-21,Google Ads,Premium
C109291,Rohan Singh,Female,63.0,Chennai,Tamil Nadu,2025-12-27,Instagram,Standard
C109292,Sneha Rao,Female,25.0,Pune,Maharashtra,2025-05-19,Email,Basic
C109293,Vihaan Das,Male,27.0,Chennai,Tamil Nadu,2025-11-01,Instagram,Premium
C109294,Kiran Patel,Male,45.0,Hyderabad,Telangana,2024-05-20,YouTube,Standard
C109295,Rahul Rao,Male,52.0,Pune,Maharashtra,2024-06-06,Instagram,Premium
C109296,Meera Sharma,Male,18.0,Mumbai,Maharashtra,2025-07-02,Google Ads,Premium
C109297,Kiran Naidu,Female,44.0,Mumbai,Maharashtra,2024-08-14,YouTube,Standard
C109298,Ananya Rao,Male,24.0,Hyderabad,Telangana,2025-09-11,Instagram,Standard
C109299,Aarav Kumar,Female,64.0,Chennai,Tamil Nadu,2024-12-04,Instagram,Standard
C109300,Arjun Das,Female,52.0,Hyderabad,Telangana,2024-05-26,Instagram,Standard
C109301,Kiran Sharma,Female,65.0,Visakhapatnam,Andhra Pradesh,2025-09-08,YouTube,Standard
C109302,Aditya Das,Female,28.0,Visakhapatnam,Andhra Pradesh,2025-02-05,YouTube,Basic
C109303,Rohan Reddy,Female,56.0,Visakhapatnam,Andhra Pradesh,2025-08-08,Google Ads,Basic
C109304,Rahul Gupta,Other,36.0,Delhi,Delhi,2024-11-26,Organic Search,Standard
C109305,Arjun Gupta,Male,22.0,Bengaluru,Karnataka,2024-04-02,Organic Search,Basic
C109306,Priya Kumar,Male,41.0,Pune,Maharashtra,2025-05-12,Instagram,Standard
C109307,Meera Reddy,Male,40.0,Kolkata,West Bengal,2024-03-31,Google Ads,Premium
C109308,Vihaan Singh,Female,42.0,Hyderabad,Telangana,2025-04-29,Organic Search,Standard
C109309,Vihaan Reddy,Female,59.0,Visakhapatnam,Andhra Pradesh,2024-10-31,Instagram,Basic
C109310,Sai Varma,Male,31.0,Chennai,Tamil Nadu,2025-07-31,Referral,Standard
C109311,Priya Kumar,Female,48.0,Visakhapatnam,Andhra Pradesh,2025-09-27,Google Ads,Basic
C109312,Kiran Das,Female,27.0,Hyderabad,Telangana,2024-10-24,Referral,Standard
C109313,Sai Reddy,Female,60.0,Chennai,Tamil Nadu,2025-10-05,Instagram,Basic
C109314,Ananya Sharma,Male,39.0,Chennai,Tamil Nadu,2024-03-21,Instagram,Basic
C109315,Sneha Reddy,Male,56.0,Hyderabad,Telangana,2024-03-19,Instagram,Basic
C109316,Vihaan Singh,Female,30.0,Ahmedabad,Gujarat,2025-12-26,YouTube,Basic
C109317,Rohan Das,Male,33.0,Kakinada,Andhra Pradesh,2025-02-23,Instagram,Standard
C109318,Vihaan Varma,Female,65.0,Pune,Maharashtra,2024-11-25,Google Ads,Standard
C109319,Rahul Patel,Male,27.0,Delhi,Delhi,2024-04-23,Google Ads,Standard
C109320,Vihaan Kumar,Male,44.0,Kolkata,West Bengal,2024-07-29,Google Ads,Basic
C109321,Divya Reddy,Male,33.0,Delhi,Delhi,2025-05-15,Organic Search,Standard
C109322,Sneha Varma,Female,36.0,Delhi,Delhi,2025-08-22,Google Ads,Premium
C109323,Ananya Kumar,Male,51.0,Ahmedabad,Gujarat,2025-10-30,Email,Standard
C109324,Aarav Das,Female,55.0,Pune,Maharashtra,2024-10-24,Referral,Premium
C109325,Aditya Reddy,Male,41.0,Mumbai,Maharashtra,2024-11-27,Organic Search,Standard
C109326,Nikhil Naidu,Female,48.0,Chennai,Tamil Nadu,2024-04-29,Organic Search,Premium
C109327,Ananya Rao,Male,20.0,Visakhapatnam,Andhra Pradesh,2024-03-01,Instagram,Basic
C109328,Rohan Sharma,Male,29.0,Pune,Maharashtra,2024-11-15,Organic Search,Standard
C109329,Divya Gupta,Other,53.0,Hyderabad,Telangana,2025-02-26,Organic Search,Basic
C109330,Sanjay Gupta,Female,49.0,Visakhapatnam,Andhra Pradesh,2024-03-17,YouTube,Premium
C109331,Priya Sharma,Female,20.0,Ahmedabad,Gujarat,2024-10-25,YouTube,Standard
C109332,Aditya Rao,Female,60.0,Mumbai,Maharashtra,2025-04-13,Organic Search,Basic
C109333,Meera Reddy,Male,37.0,Kakinada,Andhra Pradesh,2025-08-14,Google Ads,Standard
C109334,Sneha Reddy,Female,32.0,Kakinada,Andhra Pradesh,2025-11-16,Google Ads,Premium
C109335,Rahul Das,Male,40.0,Kakinada,Andhra Pradesh,2024-09-05,Organic Search,Basic
C109336,Sanjay Rao,Female,36.0,Delhi,Delhi,2024-10-12,YouTube,Premium
C109337,Arjun Patel,Female,42.0,Kakinada,Andhra Pradesh,2025-09-30,Instagram,Standard
C109338,Arjun Kumar,Female,25.0,Visakhapatnam,Andhra Pradesh,2025-05-21,Referral,Standard
C109339,Aditya Singh,Female,24.0,Visakhapatnam,Andhra Pradesh,2024-07-18,Instagram,Standard
C109340,Vihaan Sharma,Female,65.0,Pune,Maharashtra,2025-05-15,Google Ads,Standard
C109341,Priya Naidu,Female,53.0,Mumbai,Maharashtra,2024-04-24,Google Ads,Premium
C109342,Kavya Patel,Male,35.0,Mumbai,Maharashtra,2024-11-23,Google Ads,Standard
C109343,Kiran Reddy,Female,58.0,Kakinada,Andhra Pradesh,2024-08-11,Email,Standard
C109344,Divya Rao,Female,56.0,Pune,Maharashtra,2025-12-25,Instagram,Standard
C109345,Sanjay Singh,Male,51.0,Kakinada,Andhra Pradesh,2024-01-26,Email,Premium
C109346,Divya Rao,Female,52.0,Pune,Maharashtra,2025-09-17,Referral,Standard
C109347,Rohan Singh,Male,63.0,Pune,Maharashtra,2024-07-24,Organic Search,Basic
C109348,Rahul Gupta,Female,58.0,Hyderabad,Telangana,2024-01-27,Instagram,Basic
C109349,Vihaan Gupta,Female,30.0,Chennai,Tamil Nadu,2025-04-26,Google Ads,Basic
C109350,Aditya Naidu,Male,52.0,Pune,Maharashtra,2025-05-09,Email,Standard
C109351,Sneha Kumar,Male,25.0,Bengaluru,Karnataka,2024-04-13,Email,Standard
C109352,Sneha Das,Female,42.0,Bengaluru,Karnataka,2024-01-28,Google Ads,Basic
C109353,Sanjay Varma,Male,21.0,Pune,Maharashtra,2024-03-22,Referral,Premium
C109354,Rohan Rao,Other,26.0,Mumbai,Maharashtra,2024-10-25,YouTube,Standard
C109355,Nikhil Naidu,Male,52.0,Ahmedabad,Gujarat,2024-04-06,Google Ads,Standard
C109356,Sanjay Naidu,Male,35.0,Chennai,Tamil Nadu,2025-05-28,Instagram,Standard
C109357,Nikhil Sharma,Male,25.0,Chennai,Tamil Nadu,2024-02-26,YouTube,Basic
C109358,Ananya Patel,Female,65.0,Bengaluru,Karnataka,2025-07-29,Organic Search,Standard
C109359,Kavya Rao,Female,63.0,Chennai,Tamil Nadu,2025-09-30,Google Ads,Standard
C109360,Kavya Sharma,Female,29.0,Pune,Maharashtra,2025-06-07,Organic Search,Standard
C109361,Vihaan Singh,Female,46.0,Pune,Maharashtra,2025-11-20,Google Ads,Basic
C109362,Ananya Kumar,Female,32.0,Mumbai,Maharashtra,2025-11-16,Organic Search,Standard
C109363,Divya Das,Male,56.0,Hyderabad,Telangana,2024-02-03,Email,Standard
C109364,Aditya Kumar,Male,51.0,Kakinada,Andhra Pradesh,2024-09-06,Referral,Basic
C109365,Kavya Singh,Female,38.0,Kakinada,Andhra Pradesh,2025-07-08,YouTube,Basic
C109366,Divya Varma,Male,62.0,Kakinada,Andhra Pradesh,2024-09-04,Organic Search,Standard
C109367,Ananya Singh,Female,53.0,Mumbai,Maharashtra,2025-06-22,Instagram,Premium
C109368,Arjun Singh,Female,25.0,Kolkata,West Bengal,2025-07-19,Email,Basic
C109369,Kavya Sharma,Female,39.0,Bengaluru,Karnataka,2025-12-28,Organic Search,Basic
C109370,Sanjay Varma,Female,57.0,Kakinada,Andhra Pradesh,2024-08-28,Referral,Premium
C109371,Kiran Kumar,Female,43.0,Hyderabad,Telangana,2024-09-10,Google Ads,Premium
C109372,Vihaan Naidu,Female,22.0,Chennai,Tamil Nadu,2024-01-18,Google Ads,Premium
C109373,Ananya Singh,Female,55.0,Visakhapatnam,Andhra Pradesh,2024-07-27,YouTube,Standard
C109374,Sai Kumar,Male,41.0,Ahmedabad,Gujarat,2024-07-23,Google Ads,Standard
C109375,Meera Rao,Male,29.0,Visakhapatnam,Andhra Pradesh,2024-11-26,Referral,Standard
C109376,Aarav Varma,Male,57.0,Chennai,Tamil Nadu,2024-11-03,Referral,Basic
C109377,Sai Patel,Female,60.0,Hyderabad,Telangana,2025-09-17,Instagram,Standard
C109378,Sai Reddy,Female,46.0,Hyderabad,Telangana,2025-07-18,Instagram,Basic
C109379,Sai Das,Female,52.0,Bengaluru,Karnataka,2025-06-15,Instagram,Standard
C109380,Kavya Reddy,Male,29.0,Hyderabad,Telangana,2024-01-04,Instagram,Standard
C109381,Aarav Sharma,Female,53.0,Chennai,Tamil Nadu,2024-12-10,Organic Search,Basic
C109382,Ananya Rao,Male,61.0,Hyderabad,Telangana,2025-06-16,Instagram,Premium
C109383,Divya Gupta,Female,29.0,Bengaluru,Karnataka,2024-06-27,Google Ads,Premium
C109384,Vihaan Sharma,Male,63.0,Chennai,Tamil Nadu,2024-11-06,Referral,Standard
C109385,Kiran Kumar,Female,22.0,Ahmedabad,Gujarat,2025-06-14,Organic Search,Standard
C109386,Kavya Varma,Female,39.0,Kolkata,West Bengal,2025-08-03,Instagram,Standard
C109387,Priya Patel,Male,21.0,Hyderabad,Telangana,2025-09-15,Instagram,Basic
C109388,Ananya Rao,Male,39.0,Kakinada,Andhra Pradesh,2024-11-09,Email,Basic
C109389,Arjun Sharma,Male,49.0,Pune,Maharashtra,2024-10-18,Referral,Premium
C109390,Aarav Reddy,Male,59.0,Delhi,Delhi,2024-10-06,Referral,Premium
C109391,Rahul Sharma,Male,25.0,Delhi,Delhi,2025-05-03,Instagram,Standard
C109392,Divya Singh,Male,60.0,Visakhapatnam,Andhra Pradesh,2024-11-02,Organic Search,Basic
C109393,Priya Kumar,Male,65.0,Chennai,Tamil Nadu,2024-10-19,Referral,Standard
C109394,Aarav Sharma,Male,21.0,Mumbai,Maharashtra,2024-05-02,Organic Search,Standard
C109395,Sneha Kumar,Female,64.0,Chennai,Tamil Nadu,2024-12-15,YouTube,Standard
C109396,Arjun Singh,Male,61.0,Hyderabad,Telangana,2024-06-22,Organic Search,Basic
C109397,Sai Singh,Male,19.0,Bengaluru,Karnataka,2025-01-18,Instagram,Premium
C109398,Sanjay Sharma,Female,21.0,Delhi,Delhi,2025-10-10,Email,Standard
C109399,Priya Varma,Male,52.0,Mumbai,Maharashtra,2025-07-20,Referral,Premium
C109400,Aditya Das,Female,38.0,Delhi,Delhi,2024-12-14,Instagram,Standard
C109401,Ananya Kumar,Female,30.0,Hyderabad,Telangana,2025-12-14,Google Ads,Standard
C109402,Divya Rao,Female,37.0,Kolkata,West Bengal,2025-12-16,Instagram,Standard
C109403,Vihaan Das,Female,34.0,Bengaluru,Karnataka,2024-11-20,YouTube,Premium
C109404,Sai Das,Female,64.0,Mumbai,Maharashtra,2025-07-11,Organic Search,Premium
C109405,Sanjay Sharma,Female,29.0,Kakinada,Andhra Pradesh,2024-09-06,Email,Premium
C109406,Divya Varma,Female,22.0,Hyderabad,Telangana,2025-10-03,Organic Search,Basic
C109407,Vihaan Singh,Male,57.0,Mumbai,Maharashtra,2024-09-29,Email,Standard
C109408,Priya Kumar,Female,58.0,Pune,Maharashtra,2024-07-07,Organic Search,Premium
C109409,Rohan Reddy,Female,60.0,Delhi,Delhi,2024-04-07,Google Ads,Standard
C109410,Vihaan Kumar,Female,64.0,Delhi,Delhi,2025-09-07,Google Ads,Standard
C109411,Kavya Rao,Male,19.0,Bengaluru,Karnataka,2024-08-04,Referral,Premium
C109412,Sanjay Rao,Male,54.0,Chennai,Tamil Nadu,2025-08-16,Organic Search,Basic
C109413,Aarav Patel,Female,30.0,Ahmedabad,Gujarat,2024-03-04,Organic Search,Standard
C109414,Sai Kumar,Male,38.0,Pune,Maharashtra,2024-12-31,YouTube,Standard
C109415,Aditya Singh,Female,39.0,Kakinada,Andhra Pradesh,2024-11-08,Organic Search,Standard
C109416,Rahul Kumar,Male,65.0,Kolkata,West Bengal,2024-11-16,Google Ads,Basic
C109417,Sanjay Gupta,Male,43.0,Ahmedabad,Gujarat,2024-05-02,Google Ads,Standard
C109418,Vihaan Naidu,Male,28.0,Chennai,Tamil Nadu,2024-02-23,Google Ads,Premium
C109419,Nikhil Reddy,Female,22.0,Kolkata,West Bengal,2024-09-09,Email,Premium
C109420,Arjun Naidu,Female,46.0,Pune,Maharashtra,2024-12-09,Referral,Standard
C109421,Nikhil Varma,Female,57.0,Visakhapatnam,Andhra Pradesh,2025-08-02,Instagram,Premium
C109422,Sai Patel,Female,52.0,Pune,Maharashtra,2024-12-03,Referral,Standard
C109423,Ananya Varma,Female,62.0,Chennai,Tamil Nadu,2024-06-28,Organic Search,Basic
C109424,Kiran Naidu,Female,20.0,Hyderabad,Telangana,2024-07-10,Google Ads,Standard
C109425,Priya Singh,Male,37.0,Visakhapatnam,Andhra Pradesh,2025-03-22,Email,Standard
C109426,Rohan Singh,Female,47.0,Chennai,Tamil Nadu,2024-11-14,Google Ads,Standard
C109427,Ananya Sharma,Female,59.0,Ahmedabad,Gujarat,2025-10-19,Referral,Premium
C109428,Vihaan Singh,Male,33.0,Kolkata,West Bengal,2024-11-17,Email,Premium
C109429,Kavya Reddy,Female,50.0,Hyderabad,Telangana,2025-02-17,Instagram,Premium
C109430,Vihaan Kumar,Male,27.0,Kolkata,West Bengal,2024-02-16,Organic Search,Standard
C109431,Sneha Das,Female,46.0,Chennai,Tamil Nadu,2024-05-21,Email,Basic
C109432,Aarav Kumar,Female,55.0,Mumbai,Maharashtra,2025-09-12,Google Ads,Standard
C109433,Kavya Varma,Male,57.0,Mumbai,Maharashtra,2024-09-08,Organic Search,Premium
C109434,Sneha Naidu,Female,39.0,Kolkata,West Bengal,2024-11-03,Organic Search,Premium
C109435,Vihaan Reddy,Female,40.0,Hyderabad,Telangana,2025-03-06,Referral,Basic
C109436,Kavya Das,Female,60.0,Kolkata,West Bengal,2024-02-12,Instagram,Premium
C109437,Meera Rao,Female,44.0,Visakhapatnam,Andhra Pradesh,2025-01-04,Google Ads,Standard
C109438,Vihaan Patel,Male,34.0,Hyderabad,Telangana,2024-09-09,Google Ads,Basic
C109439,Meera Naidu,Male,31.0,Hyderabad,Telangana,2024-04-18,Google Ads,Standard
C109440,Aditya Sharma,Male,52.0,Hyderabad,Telangana,2024-11-01,Email,Standard
C109441,Sanjay Patel,Male,52.0,Ahmedabad,Gujarat,2024-11-22,YouTube,Standard
C109442,Nikhil Rao,Male,43.0,Visakhapatnam,Andhra Pradesh,2024-05-16,Instagram,Standard
C109443,Priya Patel,Female,25.0,Kakinada,Andhra Pradesh,2025-01-31,Organic Search,Standard
C109444,Aarav Kumar,Male,25.0,Hyderabad,Telangana,2025-06-28,Email,Premium
C109445,Kavya Das,Female,29.0,Chennai,Tamil Nadu,2024-07-14,Email,Basic
C109446,Divya Gupta,Male,,Hyderabad,Telangana,2025-12-06,Organic Search,Standard
C109447,Kiran Singh,Male,41.0,Delhi,Delhi,2025-03-23,Google Ads,Premium
C109448,Ananya Kumar,Female,37.0,Delhi,Delhi,2025-07-18,Referral,Standard
C109449,Sanjay Sharma,Other,36.0,Kolkata,West Bengal,2024-02-21,Google Ads,Standard
C109450,Priya Kumar,Female,62.0,Kakinada,Andhra Pradesh,2025-07-14,Google Ads,Basic
C109451,Arjun Das,Male,29.0,Visakhapatnam,Andhra Pradesh,2024-09-02,Referral,Premium
C109452,Sanjay Gupta,Female,56.0,Hyderabad,Telangana,2025-06-02,Instagram,Standard
C109453,Ananya Rao,Male,27.0,Mumbai,Maharashtra,2025-08-10,Google Ads,Basic
C109454,Rahul Gupta,Female,47.0,Mumbai,Maharashtra,2024-07-01,Instagram,Standard
C109455,Kiran Rao,Female,59.0,Mumbai,Maharashtra,2024-07-08,Instagram,Standard
C109456,Sai Das,Male,58.0,Delhi,Delhi,2024-02-13,Google Ads,Basic
C109457,Aditya Sharma,Female,46.0,Kolkata,West Bengal,2025-03-17,Instagram,Standard
C109458,Vihaan Sharma,Female,27.0,Ahmedabad,Gujarat,2025-07-19,Instagram,Standard
C109459,Rahul Patel,Male,36.0,Kakinada,Andhra Pradesh,2024-10-26,Email,Standard
C109460,Rohan Rao,Male,38.0,Ahmedabad,Gujarat,2024-04-27,Email,Standard
C109461,Ananya Reddy,Female,58.0,Mumbai,Maharashtra,2024-08-19,YouTube,Basic
C109462,Arjun Kumar,Male,36.0,Bengaluru,Karnataka,2024-10-21,YouTube,Standard
C109463,Vihaan Varma,Male,57.0,Delhi,Delhi,2025-10-30,Organic Search,Standard
C109464,Vihaan Gupta,Male,63.0,Ahmedabad,Gujarat,2024-03-31,Email,Basic
C109465,Vihaan Singh,Female,23.0,Kakinada,Andhra Pradesh,2024-09-07,Google Ads,Standard
C109466,Rohan Kumar,Male,62.0,Delhi,Delhi,2025-04-10,Instagram,Standard
C109467,Sneha Naidu,Female,45.0,Bengaluru,Karnataka,2024-06-21,YouTube,Standard
C109468,Aditya Patel,Female,46.0,Hyderabad,Telangana,2025-10-07,YouTube,Standard
C109469,Aarav Sharma,Male,32.0,Hyderabad,Telangana,2025-10-25,Referral,Standard
C109470,Sai Reddy,Male,34.0,Kolkata,West Bengal,2024-10-04,Referral,Premium
C109471,Kavya Gupta,Female,43.0,Pune,Maharashtra,2025-06-28,Instagram,Standard
C109472,Divya Patel,Male,27.0,Kolkata,West Bengal,2025-07-05,Instagram,Standard
C109473,Rahul Varma,Male,52.0,Hyderabad,Telangana,2025-05-12,Referral,Basic
C109474,Aarav Rao,Male,50.0,Chennai,Tamil Nadu,2024-05-16,Instagram,Premium
C109475,Ananya Das,Female,18.0,Bengaluru,Karnataka,2024-02-06,Referral,Basic
C109476,Ananya Varma,Female,28.0,Delhi,Delhi,2024-09-10,Organic Search,Premium
C109477,Divya Singh,Female,42.0,Kolkata,West Bengal,2024-04-05,Organic Search,Standard
C109478,Kiran Reddy,Male,53.0,Mumbai,Maharashtra,2024-08-01,Organic Search,Standard
C109479,Kiran Varma,Male,32.0,Kolkata,West Bengal,2025-04-10,Google Ads,Standard
C109480,Sneha Rao,Female,60.0,Mumbai,Maharashtra,2025-03-05,Google Ads,Basic
C109481,Kiran Gupta,Male,43.0,Pune,Maharashtra,2024-06-01,Email,Standard
C109482,Vihaan Patel,Other,43.0,Chennai,Tamil Nadu,2024-01-13,Referral,Premium
C109483,Rohan Gupta,Female,23.0,Delhi,Delhi,2024-06-13,YouTube,Standard
C109484,Kiran Kumar,Male,48.0,Bengaluru,Karnataka,2024-11-28,Google Ads,Standard
C109485,Rahul Das,Female,57.0,Pune,Maharashtra,2025-07-22,Instagram,Standard
C109486,Priya Singh,Female,28.0,Kakinada,Andhra Pradesh,2024-09-23,Google Ads,Standard
C109487,Kiran Reddy,Female,44.0,Kolkata,West Bengal,2024-07-27,Referral,Premium
C109488,Aditya Das,Male,18.0,Ahmedabad,Gujarat,2025-02-06,Google Ads,Standard
C109489,Divya Kumar,Female,28.0,Visakhapatnam,Andhra Pradesh,2024-02-22,Google Ads,Standard
C109490,Rahul Kumar,Male,21.0,Hyderabad,Telangana,2024-06-13,Google Ads,Standard
C109491,Divya Reddy,Female,54.0,Ahmedabad,Gujarat,2024-01-27,Google Ads,Basic
C109492,Arjun Singh,Male,65.0,Mumbai,Maharashtra,2025-01-18,Email,Standard
C109493,Kiran Patel,Male,19.0,Kolkata,West Bengal,2024-11-19,Instagram,Standard
C109494,Aarav Sharma,Female,51.0,Kakinada,Andhra Pradesh,2025-03-01,Organic Search,Basic
C109495,Sanjay Gupta,Female,46.0,Visakhapatnam,Andhra Pradesh,2025-03-26,Email,Standard
C109496,Kiran Reddy,Male,51.0,Chennai,Tamil Nadu,2024-10-15,Instagram,Standard
C109497,Kiran Reddy,Female,42.0,Visakhapatnam,Andhra Pradesh,2025-09-26,Instagram,Basic
C109498,Priya Naidu,Male,65.0,Kolkata,West Bengal,2025-11-01,Instagram,Premium
C109499,Sai Naidu,Female,19.0,Bengaluru,Karnataka,2024-03-21,Instagram,Standard
C109500,Meera Kumar,Female,25.0,Mumbai,Maharashtra,2025-11-02,Email,Standard
C109501,Priya Varma,Male,29.0,Kakinada,Andhra Pradesh,2024-05-23,YouTube,Premium
C109502,Sai Gupta,Female,55.0,Kakinada,Andhra Pradesh,2024-06-30,Instagram,Basic
C109503,Sai Reddy,Other,21.0,Visakhapatnam,Andhra Pradesh,2025-01-21,Google Ads,Premium
C109504,Sneha Patel,Female,23.0,Delhi,Delhi,2024-01-22,Organic Search,Basic
C109505,Priya Singh,Female,53.0,Delhi,Delhi,2024-09-22,Referral,Standard
C109506,Arjun Varma,Female,38.0,Visakhapatnam,Andhra Pradesh,2024-05-22,Google Ads,Premium
C109507,Ananya Varma,Female,51.0,Hyderabad,Telangana,2024-12-18,Referral,Standard
C109508,Divya Das,Male,35.0,Visakhapatnam,Andhra Pradesh,2025-08-17,Instagram,Basic
C109509,Kiran Reddy,Female,22.0,Kolkata,West Bengal,2025-11-05,Instagram,Standard
C109510,Kavya Naidu,Male,46.0,Kolkata,West Bengal,2024-06-03,YouTube,Standard
C109511,Vihaan Kumar,Male,23.0,Chennai,Tamil Nadu,2025-02-01,Email,Standard
C109512,Ananya Patel,Male,40.0,Kakinada,Andhra Pradesh,2024-12-12,Google Ads,Standard
C109513,Meera Naidu,Female,60.0,Ahmedabad,Gujarat,2024-10-30,YouTube,Standard
C109514,Sanjay Reddy,Male,26.0,Hyderabad,Telangana,2025-04-06,Google Ads,Basic
C109515,Kavya Varma,Male,27.0,Pune,Maharashtra,2025-12-23,Instagram,Premium
C109516,Rahul Naidu,Male,63.0,Visakhapatnam,Andhra Pradesh,2024-10-22,YouTube,Premium
C109517,Meera Sharma,Male,32.0,Hyderabad,Telangana,2024-02-17,Email,Standard
C109518,Aditya Singh,Female,35.0,Ahmedabad,Gujarat,2025-10-30,Organic Search,Standard
C109519,Nikhil Kumar,Male,50.0,Mumbai,Maharashtra,2025-11-11,Instagram,Basic
C109520,Sai Naidu,Male,24.0,Pune,Maharashtra,2024-08-23,Google Ads,Basic
C109521,Rahul Sharma,Female,20.0,Visakhapatnam,Andhra Pradesh,2025-01-01,YouTube,Standard
C109522,Meera Sharma,Male,58.0,Chennai,Tamil Nadu,2025-09-21,Instagram,Basic
C109523,Aarav Kumar,Male,63.0,Hyderabad,Telangana,2025-01-02,Organic Search,Basic
C109524,Kiran Naidu,Female,65.0,Hyderabad,Telangana,2024-12-17,Organic Search,Premium
C109525,Sanjay Varma,Female,19.0,Ahmedabad,Gujarat,2025-11-04,Google Ads,Premium
C109526,Nikhil Naidu,Male,43.0,Kakinada,Andhra Pradesh,2025-08-28,Organic Search,Standard
C109527,Rahul Patel,Female,58.0,Mumbai,Maharashtra,2025-01-05,YouTube,Basic
C109528,Rahul Sharma,Female,58.0,Kakinada,Andhra Pradesh,2024-04-27,Organic Search,Basic
C109529,Vihaan Rao,Female,35.0,Chennai,Tamil Nadu,2024-11-16,Google Ads,Standard
C109530,Arjun Rao,Male,41.0,Hyderabad,Telangana,2025-05-08,Referral,Premium
C109531,Aditya Das,Female,25.0,Pune,Maharashtra,2024-07-17,Google Ads,Basic
C109532,Aditya Patel,Female,24.0,Kakinada,Andhra Pradesh,2025-01-27,Instagram,Standard
C109533,Rahul Naidu,Female,36.0,Mumbai,Maharashtra,2025-04-25,YouTube,Basic
C109534,Sai Reddy,Female,29.0,Kakinada,Andhra Pradesh,2024-03-03,YouTube,Standard
C109535,Sneha Singh,Female,64.0,Kolkata,West Bengal,2025-02-19,Instagram,Premium
C109536,Sanjay Kumar,Female,21.0,Delhi,Delhi,2025-06-22,Email,Standard
C109537,Rahul Kumar,Male,43.0,Kolkata,West Bengal,2024-06-05,YouTube,Standard
C109538,Rahul Kumar,Male,44.0,Chennai,Tamil Nadu,2025-02-04,Email,Standard
C109539,Sanjay Kumar,Female,20.0,Hyderabad,Telangana,2025-06-01,Instagram,Standard
C109540,Aditya Sharma,Male,39.0,Visakhapatnam,Andhra Pradesh,2024-02-02,Instagram,Basic
C109541,Rohan Sharma,Female,63.0,Delhi,Delhi,2025-04-15,Referral,Basic
C109542,Rahul Das,Female,23.0,Pune,Maharashtra,2024-07-08,YouTube,Premium
C109543,Meera Singh,Female,24.0,Ahmedabad,Gujarat,2024-10-17,Google Ads,Premium
C109544,Rahul Reddy,Male,25.0,Hyderabad,Telangana,2025-04-18,Google Ads,Standard
C109545,Rohan Singh,Female,20.0,Ahmedabad,Gujarat,2024-01-04,Organic Search,Standard
C109546,Sanjay Kumar,Female,60.0,Delhi,Delhi,2024-01-13,Organic Search,Standard
C109547,Rahul Naidu,Female,20.0,Pune,Maharashtra,2024-11-22,YouTube,Standard
C109548,Arjun Gupta,Female,31.0,Chennai,Tamil Nadu,2025-11-24,Organic Search,Standard
C109549,Ananya Kumar,Male,57.0,Ahmedabad,Gujarat,2024-01-05,Referral,Basic
C109550,Sneha Rao,Female,65.0,Bengaluru,Karnataka,2025-07-29,YouTube,Premium
C109551,Kavya Patel,Male,25.0,Bengaluru,Karnataka,2024-02-24,Email,Standard
C109552,Aarav Kumar,Female,35.0,Chennai,Tamil Nadu,2024-12-22,Email,Basic
C109553,Priya Varma,Male,26.0,Bengaluru,Karnataka,2024-11-10,Instagram,Standard
C109554,Rohan Das,Male,27.0,Mumbai,Maharashtra,2024-12-07,Google Ads,Standard
C109555,Divya Das,Male,63.0,Kolkata,West Bengal,2024-02-29,Instagram,Standard
C109556,Priya Gupta,Male,34.0,Visakhapatnam,Andhra Pradesh,2025-07-04,Organic Search,Premium
C109557,Sai Varma,Female,47.0,Kolkata,West Bengal,2024-07-20,Instagram,Standard
C109558,Rohan Sharma,Female,25.0,Delhi,Delhi,2025-07-16,Google Ads,Basic
C109559,Arjun Kumar,Male,31.0,Visakhapatnam,Andhra Pradesh,2025-04-23,YouTube,Premium
C109560,Kiran Varma,Male,35.0,Chennai,Tamil Nadu,2025-02-06,Organic Search,Basic
C109561,Arjun Gupta,Female,46.0,Bengaluru,Karnataka,2024-08-13,Organic Search,Premium
C109562,Arjun Das,Male,61.0,Ahmedabad,Gujarat,2025-04-21,Email,Standard
C109563,Nikhil Gupta,Male,29.0,Pune,Maharashtra,2025-12-29,Instagram,Premium
C109564,Vihaan Sharma,Male,48.0,Delhi,Delhi,2025-11-04,Google Ads,Standard
C109565,Sanjay Reddy,Female,41.0,Kolkata,West Bengal,2025-10-30,Organic Search,Basic
C109566,Aarav Rao,Other,56.0,Ahmedabad,Gujarat,2024-06-09,Organic Search,Standard
C109567,Rohan Naidu,Male,34.0,Mumbai,Maharashtra,2025-03-03,Google Ads,Basic
C109568,Aditya Reddy,Female,38.0,Bengaluru,Karnataka,2024-10-17,Google Ads,Standard
C109569,Kavya Gupta,Female,47.0,Pune,Maharashtra,2025-12-06,Google Ads,Basic
C109570,Kiran Sharma,Other,39.0,Hyderabad,Telangana,2025-11-24,Referral,Standard
C109571,Arjun Patel,Female,54.0,Kolkata,West Bengal,2025-09-25,Google Ads,Standard
C109572,Sai Gupta,Female,18.0,Chennai,Tamil Nadu,2024-04-28,Instagram,Basic
C109573,Meera Kumar,Female,34.0,Mumbai,Maharashtra,2024-08-20,Google Ads,Standard
C109574,Vihaan Singh,Female,26.0,Pune,Maharashtra,2025-06-03,Referral,Basic
C109575,Kavya Naidu,Male,24.0,Delhi,Delhi,2025-07-01,Email,Standard
C109576,Priya Gupta,Female,20.0,Delhi,Delhi,2024-09-12,Google Ads,Premium
C109577,Kavya Das,Female,35.0,Mumbai,Maharashtra,2024-04-09,Google Ads,Standard
C109578,Vihaan Gupta,Male,28.0,Kolkata,West Bengal,2024-04-09,Google Ads,Standard
C109579,Rohan Gupta,Male,54.0,Kakinada,Andhra Pradesh,2025-05-14,Email,Standard
C109580,Rahul Reddy,Male,42.0,Kolkata,West Bengal,2024-11-27,Google Ads,Basic
C109581,Kavya Singh,Male,55.0,Mumbai,Maharashtra,2024-12-24,YouTube,Standard
C109582,Priya Kumar,Male,60.0,Visakhapatnam,Andhra Pradesh,2025-08-18,Google Ads,Basic
C109583,Nikhil Varma,Male,55.0,Bengaluru,Karnataka,2024-01-13,Organic Search,Standard
C109584,Nikhil Rao,Male,38.0,Mumbai,Maharashtra,2025-07-04,Google Ads,Standard
C109585,Nikhil Kumar,Female,64.0,Hyderabad,Telangana,2024-07-19,Email,Standard
C109586,Divya Gupta,Male,36.0,Visakhapatnam,Andhra Pradesh,2025-11-10,Email,Basic
C109587,Kavya Patel,Male,57.0,Hyderabad,Telangana,2025-11-28,Instagram,Standard
C109588,Nikhil Varma,Male,26.0,Pune,Maharashtra,2025-01-01,Google Ads,Basic
C109589,Sanjay Patel,Male,64.0,Bengaluru,Karnataka,2024-08-18,Instagram,Standard
C109590,Sneha Singh,Male,32.0,Mumbai,Maharashtra,2024-06-19,Referral,Standard
C109591,Aarav Rao,Other,48.0,Kolkata,West Bengal,2024-05-12,YouTube,Basic
C109592,Kavya Sharma,Male,34.0,Visakhapatnam,Andhra Pradesh,2025-12-30,Referral,Standard
C109593,Divya Patel,Male,29.0,Hyderabad,Telangana,2024-05-16,Email,Standard
C109594,Rahul Sharma,Female,33.0,Bengaluru,Karnataka,2024-11-21,Google Ads,Standard
C109595,Kavya Sharma,Female,47.0,Mumbai,Maharashtra,2024-12-15,Referral,Standard
C109596,Sneha Reddy,Male,23.0,Kakinada,Andhra Pradesh,2025-05-10,Organic Search,Basic
C109597,Arjun Rao,Male,27.0,Hyderabad,Telangana,2025-09-07,Instagram,Premium
C109598,Rahul Rao,Female,62.0,Bengaluru,Karnataka,2025-02-11,Instagram,Premium
C109599,Sanjay Gupta,Male,22.0,Chennai,Tamil Nadu,2025-07-07,Google Ads,Premium
C109600,Rahul Singh,Male,52.0,Delhi,Delhi,2025-02-17,Google Ads,Standard
C109601,Ananya Rao,Other,32.0,Hyderabad,Telangana,2024-11-14,YouTube,Basic
C109602,Rahul Reddy,Other,33.0,Pune,Maharashtra,2024-04-25,Instagram,Standard
C109603,Vihaan Naidu,Female,35.0,Kolkata,West Bengal,2024-06-01,Instagram,Basic
C109604,Meera Varma,Male,36.0,Bengaluru,Karnataka,2024-11-11,Instagram,Standard
C109605,Sai Varma,Female,52.0,Kolkata,West Bengal,2024-02-03,Instagram,Standard
C109606,Sneha Sharma,Female,56.0,Hyderabad,Telangana,2024-08-18,Google Ads,Standard
C109607,Rohan Rao,Female,35.0,Ahmedabad,Gujarat,2024-12-03,Instagram,Basic
C109608,Arjun Varma,Male,26.0,Mumbai,Maharashtra,2024-12-11,Instagram,Premium
C109609,Kavya Rao,Male,18.0,Mumbai,Maharashtra,2025-08-17,Instagram,Standard
C109610,Rohan Patel,Male,52.0,Bengaluru,Karnataka,2025-12-07,Organic Search,Standard
C109611,Ananya Patel,Female,62.0,Visakhapatnam,Andhra Pradesh,2025-06-16,Referral,Basic
C109612,Rahul Rao,Female,19.0,Pune,Maharashtra,2024-02-28,Organic Search,Premium
C109613,Divya Sharma,Male,46.0,Kolkata,West Bengal,2024-10-25,Instagram,Premium
C109614,Priya Kumar,Male,28.0,Mumbai,Maharashtra,2025-06-16,Google Ads,Standard
C109615,Priya Naidu,Male,28.0,Hyderabad,Telangana,2025-03-10,YouTube,Standard
C109616,Rohan Patel,Female,57.0,Hyderabad,Telangana,2024-11-30,Instagram,Standard
C109617,Rohan Rao,Male,30.0,Chennai,Tamil Nadu,2024-11-14,Google Ads,Standard
C109618,Sanjay Kumar,Male,32.0,Delhi,Delhi,2024-10-23,Google Ads,Standard
C109619,Rohan Reddy,Female,23.0,Ahmedabad,Gujarat,2025-02-26,Instagram,Standard
C109620,Arjun Singh,Female,61.0,Ahmedabad,Gujarat,2024-05-10,Referral,Standard
C109621,Meera Gupta,Female,61.0,Delhi,Delhi,2025-01-12,Referral,Premium
C109622,Aarav Singh,Female,61.0,Chennai,Tamil Nadu,2024-05-30,Google Ads,Basic
C109623,Aditya Singh,Male,29.0,Delhi,Delhi,2025-05-12,Referral,Standard
C109624,Divya Gupta,Male,27.0,Kolkata,West Bengal,2025-09-23,Google Ads,Standard
C109625,Aditya Das,Male,63.0,Kolkata,West Bengal,2025-01-05,Referral,Standard
C109626,Ananya Das,Female,47.0,Kolkata,West Bengal,2024-10-09,Organic Search,Premium
C109627,Kavya Varma,Female,30.0,Hyderabad,Telangana,2025-11-17,Email,Standard
C109628,Aditya Singh,Male,20.0,Delhi,Delhi,2025-04-26,Google Ads,Standard
C109629,Sanjay Singh,Female,56.0,Kakinada,Andhra Pradesh,2024-11-08,Google Ads,Premium
C109630,Rohan Gupta,Female,56.0,Delhi,Delhi,2024-01-22,Organic Search,Basic
C109631,Priya Varma,Female,18.0,Bengaluru,Karnataka,2024-01-12,Google Ads,Basic
C109632,Meera Rao,Male,40.0,Bengaluru,Karnataka,2024-06-10,YouTube,Standard
C109633,Kavya Gupta,Male,41.0,Hyderabad,Telangana,2024-06-21,Organic Search,Standard
C109634,Kavya Reddy,Female,40.0,Ahmedabad,Gujarat,2025-06-10,Google Ads,Standard
C109635,Sneha Patel,Female,35.0,Hyderabad,Telangana,2024-12-31,Organic Search,Standard
C109636,Aditya Sharma,Female,33.0,Pune,Maharashtra,2025-12-30,Instagram,Standard
C109637,Arjun Sharma,Female,34.0,Delhi,Delhi,2025-01-29,Instagram,Standard
C109638,Ananya Rao,Male,62.0,Hyderabad,Telangana,2025-10-21,YouTube,Standard
C109639,Priya Kumar,Female,65.0,Visakhapatnam,Andhra Pradesh,2025-02-07,Organic Search,Standard
C109640,Aarav Varma,Male,23.0,Ahmedabad,Gujarat,2024-09-18,Referral,Basic
C109641,Ananya Varma,Male,52.0,Visakhapatnam,Andhra Pradesh,2025-06-05,Organic Search,Standard
C109642,Nikhil Naidu,Male,45.0,Kakinada,Andhra Pradesh,2024-11-24,Instagram,Standard
C109643,Arjun Singh,Male,30.0,Kakinada,Andhra Pradesh,2024-07-19,Organic Search,Standard
C109644,Kiran Gupta,Male,26.0,Ahmedabad,Gujarat,2024-12-11,YouTube,Standard
C109645,Rahul Singh,Female,54.0,Pune,Maharashtra,2025-04-30,Organic Search,Premium
C109646,Priya Varma,Female,35.0,Kolkata,West Bengal,2024-10-01,Google Ads,Standard
C109647,Kavya Gupta,Male,24.0,Chennai,Tamil Nadu,2025-05-28,Google Ads,Standard
C109648,Nikhil Das,Male,64.0,Bengaluru,Karnataka,2025-12-16,Organic Search,Standard
C109649,Kiran Reddy,Male,62.0,Delhi,Delhi,2024-10-27,Google Ads,Standard
C109650,Rohan Kumar,Male,38.0,Chennai,Tamil Nadu,2024-08-03,YouTube,Standard
C109651,Divya Rao,Male,38.0,Hyderabad,Telangana,2024-10-20,Google Ads,Basic
C109652,Rahul Patel,Female,38.0,Visakhapatnam,Andhra Pradesh,2025-09-03,Instagram,Standard
C109653,Priya Varma,Female,27.0,Kakinada,Andhra Pradesh,2024-05-10,Google Ads,Standard
C109654,Sai Rao,Female,23.0,Chennai,Tamil Nadu,2025-12-11,Referral,Premium
C109655,Kiran Gupta,Female,31.0,Chennai,Tamil Nadu,2024-10-29,Instagram,Standard
C109656,Sai Rao,Female,36.0,Visakhapatnam,Andhra Pradesh,2025-09-06,Google Ads,Standard
C109657,Vihaan Rao,Male,25.0,Chennai,Tamil Nadu,2025-07-28,YouTube,Basic
C109658,Sanjay Patel,Male,19.0,Kolkata,West Bengal,2025-07-26,Instagram,Standard
C109659,Kiran Gupta,Male,62.0,Pune,Maharashtra,2025-10-25,Email,Basic
C109660,Sai Rao,Male,60.0,Mumbai,Maharashtra,2024-05-14,Google Ads,Standard
C109661,Ananya Rao,Female,32.0,Ahmedabad,Gujarat,2025-03-09,Email,Standard
C109662,Sanjay Kumar,Male,47.0,Bengaluru,Karnataka,2024-03-13,Referral,Standard
C109663,Divya Varma,Male,24.0,Mumbai,Maharashtra,2024-08-06,Organic Search,Standard
C109664,Sneha Patel,Male,62.0,Kolkata,West Bengal,2024-01-30,Google Ads,Standard
C109665,Divya Patel,Male,57.0,Ahmedabad,Gujarat,2025-05-13,Referral,Standard
C109666,Sai Kumar,Female,26.0,Kakinada,Andhra Pradesh,2025-03-19,Instagram,Standard
C109667,Aarav Naidu,Male,28.0,Ahmedabad,Gujarat,2025-06-24,Referral,Standard
C109668,Sai Das,Female,33.0,Hyderabad,Telangana,2024-05-08,Instagram,Basic
C109669,Priya Sharma,Male,22.0,Visakhapatnam,Andhra Pradesh,2024-08-30,Referral,Premium
C109670,Rahul Reddy,Male,34.0,Chennai,Tamil Nadu,2025-05-08,Google Ads,Basic
C109671,Arjun Singh,Male,50.0,Hyderabad,Telangana,2025-08-26,Organic Search,Premium
C109672,Divya Reddy,Female,52.0,Pune,Maharashtra,2025-10-08,Google Ads,Standard
C109673,Aditya Singh,Male,18.0,Bengaluru,Karnataka,2024-02-23,Email,Premium
C109674,Kiran Patel,Female,34.0,Chennai,Tamil Nadu,2024-10-20,Instagram,Basic
C109675,Priya Rao,Male,57.0,Chennai,Tamil Nadu,2024-01-08,Email,Standard
C109676,Kiran Gupta,Female,59.0,Hyderabad,Telangana,2025-08-20,YouTube,Standard
C109677,Divya Rao,Female,45.0,Visakhapatnam,Andhra Pradesh,2024-03-30,Google Ads,Standard
C109678,Aditya Das,Female,53.0,Pune,Maharashtra,2025-08-23,Instagram,Standard
C109679,Vihaan Reddy,Male,29.0,Kakinada,Andhra Pradesh,2024-04-23,Email,Premium
C109680,Meera Patel,Male,59.0,Chennai,Tamil Nadu,2024-01-12,Instagram,Standard
C109681,Kiran Kumar,Female,40.0,Pune,Maharashtra,2025-10-03,Referral,Standard
C109682,Sneha Singh,Female,51.0,Visakhapatnam,Andhra Pradesh,2024-11-16,Instagram,Premium
C109683,Rahul Patel,Male,30.0,Mumbai,Maharashtra,2024-11-06,Google Ads,Premium
C109684,Divya Das,Male,26.0,Kakinada,Andhra Pradesh,2025-04-17,Organic Search,Standard
C109685,Divya Sharma,Male,43.0,Bengaluru,Karnataka,2024-07-19,Instagram,Standard
C109686,Sneha Gupta,Male,43.0,Kakinada,Andhra Pradesh,2025-05-19,Referral,Standard
C109687,Ananya Gupta,Male,45.0,Kolkata,West Bengal,2024-11-09,Google Ads,Premium
C109688,Sanjay Patel,Male,56.0,Pune,Maharashtra,2024-07-18,Google Ads,Premium
C109689,Divya Kumar,Male,55.0,Mumbai,Maharashtra,2024-10-15,Email,Standard
C109690,Sai Rao,Female,32.0,Pune,Maharashtra,2024-01-05,Organic Search,Standard
C109691,Vihaan Kumar,Female,40.0,Pune,Maharashtra,2024-08-08,Organic Search,Standard
C109692,Priya Sharma,Female,22.0,Kakinada,Andhra Pradesh,2025-03-07,Google Ads,Standard
C109693,Divya Naidu,Female,55.0,Visakhapatnam,Andhra Pradesh,2024-04-10,Instagram,Standard
C109694,Arjun Kumar,Female,24.0,Chennai,Tamil Nadu,2024-03-27,Google Ads,Standard
C109695,Priya Singh,Male,21.0,Delhi,Delhi,2025-04-23,Referral,Standard
C109696,Vihaan Kumar,Female,42.0,Delhi,Delhi,2024-11-08,Organic Search,Basic
C109697,Aarav Sharma,Male,62.0,Delhi,Delhi,2024-04-09,Organic Search,Standard
C109698,Meera Sharma,Male,36.0,Hyderabad,Telangana,2025-06-29,Organic Search,Standard
C109699,Rahul Reddy,Female,26.0,Hyderabad,Telangana,2025-07-20,Instagram,Standard
C109700,Nikhil Sharma,Male,26.0,Ahmedabad,Gujarat,2024-01-26,YouTube,Standard
C109701,Ananya Das,Female,58.0,Mumbai,Maharashtra,2024-05-27,YouTube,Standard
C109702,Sanjay Reddy,Female,49.0,Chennai,Tamil Nadu,2024-09-27,Instagram,Premium
C109703,Sneha Kumar,Male,41.0,Kolkata,West Bengal,2025-06-17,Google Ads,Basic
C109704,Nikhil Patel,Male,62.0,Kolkata,West Bengal,2024-02-24,Organic Search,Basic
C109705,Sai Patel,Female,23.0,Delhi,Delhi,2025-08-11,Referral,Basic
C109706,Kavya Naidu,Female,47.0,Ahmedabad,Gujarat,2024-08-21,Instagram,Standard
C109707,Arjun Das,Female,35.0,Bengaluru,Karnataka,2024-04-01,Google Ads,Basic
C109708,Kiran Kumar,Male,29.0,Chennai,Tamil Nadu,2025-09-22,Referral,Standard
C109709,Sanjay Reddy,Female,62.0,Bengaluru,Karnataka,2024-03-04,Organic Search,Standard
C109710,Sanjay Gupta,Male,63.0,Pune,Maharashtra,2024-04-04,Organic Search,Basic
C109711,Priya Singh,Male,58.0,Hyderabad,Telangana,2025-11-24,YouTube,Basic
C109712,Rahul Naidu,Female,25.0,Kakinada,Andhra Pradesh,2025-01-14,Referral,Standard
C109713,Kavya Sharma,Male,52.0,Kolkata,West Bengal,2024-12-04,Organic Search,Basic
C109714,Aarav Varma,Male,35.0,Mumbai,Maharashtra,2025-05-16,Instagram,Basic
C109715,Kiran Varma,Male,36.0,Kolkata,West Bengal,2025-04-05,Referral,Standard
C109716,Meera Patel,Female,27.0,Delhi,Delhi,2025-03-23,YouTube,Standard
C109717,Priya Sharma,Female,46.0,Pune,Maharashtra,2024-01-17,Organic Search,Premium
C109718,Priya Varma,Female,59.0,Bengaluru,Karnataka,2025-02-06,Email,Basic
C109719,Priya Patel,Male,29.0,Pune,Maharashtra,2024-07-22,Instagram,Premium
C109720,Rohan Sharma,Male,43.0,Bengaluru,Karnataka,2025-08-12,Instagram,Premium
C109721,Kiran Sharma,Female,49.0,Bengaluru,Karnataka,2025-01-03,Email,Standard
C109722,Divya Patel,Male,48.0,Pune,Maharashtra,2024-03-31,Google Ads,Standard
C109723,Sanjay Naidu,Male,30.0,Pune,Maharashtra,2025-10-08,Google Ads,Standard
C109724,Kiran Kumar,Male,19.0,Mumbai,Maharashtra,2024-07-26,Organic Search,Premium
C109725,Nikhil Singh,Female,57.0,Hyderabad,Telangana,2024-07-17,Instagram,Basic
C109726,Meera Patel,Female,46.0,Chennai,Tamil Nadu,2025-11-14,Google Ads,Standard
C109727,Priya Patel,Male,51.0,Kakinada,Andhra Pradesh,2025-07-19,Google Ads,Basic
C109728,Rahul Patel,Male,43.0,Ahmedabad,Gujarat,2025-09-19,Instagram,Basic
C109729,Sneha Gupta,Female,36.0,Hyderabad,Telangana,2025-04-28,Instagram,Standard
C109730,Arjun Naidu,Female,30.0,Kakinada,Andhra Pradesh,2025-10-26,Instagram,Standard
C109731,Priya Kumar,Male,49.0,Chennai,Tamil Nadu,2024-03-25,Referral,Standard
C109732,Meera Gupta,Male,57.0,Pune,Maharashtra,2025-03-13,Google Ads,Basic
C109733,Arjun Kumar,Female,33.0,Hyderabad,Telangana,2024-08-02,Referral,Standard
C109734,Divya Kumar,Female,19.0,Delhi,Delhi,2024-10-17,Organic Search,Basic
C109735,Kiran Gupta,Female,25.0,Ahmedabad,Gujarat,2024-06-22,Referral,Basic
C109736,Meera Reddy,Female,45.0,Delhi,Delhi,2024-05-29,Email,Standard
C109737,Kiran Patel,Female,29.0,Bengaluru,Karnataka,2024-11-19,Email,Basic
C109738,Kavya Kumar,Male,57.0,Hyderabad,Telangana,2025-11-01,Referral,Basic
C109739,Sai Kumar,Male,31.0,Kakinada,Andhra Pradesh,2025-04-08,Google Ads,Standard
C109740,Meera Reddy,Male,41.0,Visakhapatnam,Andhra Pradesh,2024-09-12,YouTube,Basic
C109741,Rahul Gupta,Female,28.0,Hyderabad,Telangana,2024-11-12,Google Ads,Standard
C109742,Sai Singh,Male,39.0,Kakinada,Andhra Pradesh,2025-01-21,Referral,Standard
C109743,Rohan Naidu,Male,50.0,Visakhapatnam,Andhra Pradesh,2024-06-27,Referral,Premium
C109744,Kiran Reddy,Male,56.0,Delhi,Delhi,2025-01-15,Organic Search,Standard
C109745,Meera Gupta,Female,53.0,Kolkata,West Bengal,2025-05-22,Referral,Basic
C109746,Aditya Naidu,Female,42.0,Mumbai,Maharashtra,2024-06-26,Google Ads,Standard
C109747,Aditya Gupta,Male,39.0,Mumbai,Maharashtra,2025-03-02,Referral,Standard
C109748,Meera Patel,Male,33.0,Ahmedabad,Gujarat,2025-06-01,Organic Search,Premium
C109749,Ananya Das,Female,65.0,Mumbai,Maharashtra,2025-01-14,Google Ads,Standard
C109750,Aditya Sharma,Male,53.0,Delhi,Delhi,2024-08-01,YouTube,Standard
C109751,Rahul Patel,Female,60.0,Delhi,Delhi,2025-02-08,Organic Search,Basic
C109752,Sanjay Sharma,Male,53.0,Bengaluru,Karnataka,2025-08-02,Instagram,Premium
C109753,Rahul Sharma,Female,22.0,Visakhapatnam,Andhra Pradesh,2024-06-10,Google Ads,Premium
C109754,Aarav Reddy,Male,30.0,Kolkata,West Bengal,2025-02-23,YouTube,Premium
C109755,Nikhil Rao,Female,40.0,Visakhapatnam,Andhra Pradesh,2025-05-11,Google Ads,Basic
C109756,Rahul Singh,Male,33.0,Pune,Maharashtra,2024-08-22,Google Ads,Standard
C109757,Rahul Sharma,Male,61.0,Bengaluru,Karnataka,2024-10-09,Instagram,Standard
C109758,Kiran Singh,Female,41.0,Mumbai,Maharashtra,2025-10-10,Instagram,Premium
C109759,Kavya Kumar,Female,28.0,Delhi,Delhi,2024-09-22,Referral,Premium
C109760,Kavya Sharma,Female,46.0,Kakinada,Andhra Pradesh,2025-03-12,Organic Search,Standard
C109761,Ananya Patel,Female,36.0,Mumbai,Maharashtra,2024-04-19,Email,Standard
C109762,Priya Kumar,Female,24.0,Kolkata,West Bengal,2025-11-06,Instagram,Standard
C109763,Kavya Patel,Female,63.0,Bengaluru,Karnataka,2025-03-11,Referral,Standard
C109764,Meera Patel,Male,63.0,Kakinada,Andhra Pradesh,2025-07-09,Google Ads,Standard
C109765,Arjun Reddy,Female,55.0,Kolkata,West Bengal,2025-03-15,Email,Standard
C109766,Vihaan Rao,Male,33.0,Chennai,Tamil Nadu,2024-09-16,Google Ads,Standard
C109767,Kavya Das,Male,57.0,Delhi,Delhi,2024-09-05,YouTube,Standard
C109768,Aditya Reddy,Female,31.0,Delhi,Delhi,2025-05-26,Organic Search,Premium
C109769,Rohan Kumar,Male,60.0,Mumbai,Maharashtra,2025-09-19,Email,Standard
C109770,Meera Singh,Male,60.0,Pune,Maharashtra,2024-04-03,Referral,Standard
C109771,Rohan Naidu,Male,26.0,Visakhapatnam,Andhra Pradesh,2025-09-09,Referral,Standard
C109772,Nikhil Reddy,Female,33.0,Mumbai,Maharashtra,2025-08-28,Google Ads,Standard
C109773,Ananya Sharma,Female,51.0,Ahmedabad,Gujarat,2024-03-20,Organic Search,Premium
C109774,Aarav Reddy,Male,29.0,Pune,Maharashtra,2024-03-19,YouTube,Basic
C109775,Rohan Gupta,Male,56.0,Ahmedabad,Gujarat,2025-05-22,YouTube,Basic
C109776,Kiran Gupta,Male,50.0,Ahmedabad,Gujarat,2025-09-07,Referral,Premium
C109777,Vihaan Naidu,Male,28.0,Hyderabad,Telangana,2024-10-14,Email,Basic
C109778,Nikhil Gupta,Male,55.0,Hyderabad,Telangana,2025-04-12,Google Ads,Standard
C109779,Rohan Varma,Male,20.0,Kakinada,Andhra Pradesh,2025-12-30,Instagram,Standard
C109780,Meera Singh,Female,36.0,Bengaluru,Karnataka,2024-08-23,Email,Standard
C109781,Kavya Reddy,Female,26.0,Pune,Maharashtra,2024-06-13,YouTube,Basic
C109782,Ananya Rao,Male,18.0,Ahmedabad,Gujarat,2025-12-24,Organic Search,Premium
C109783,Meera Kumar,Male,53.0,Pune,Maharashtra,2024-07-23,Organic Search,Standard
C109784,Priya Singh,Male,25.0,Hyderabad,Telangana,2024-12-10,Google Ads,Basic
C109785,Aditya Varma,Male,51.0,Hyderabad,Telangana,2024-11-18,Email,Basic
C109786,Arjun Sharma,Male,21.0,Kolkata,West Bengal,2025-01-16,Email,Basic
C109787,Arjun Singh,Female,60.0,Visakhapatnam,Andhra Pradesh,2024-07-15,Referral,Premium
C109788,Arjun Gupta,Female,64.0,Delhi,Delhi,2025-05-10,Instagram,Standard
C109789,Aditya Reddy,Male,33.0,Pune,Maharashtra,2025-05-20,Referral,Standard
C109790,Arjun Varma,Male,41.0,Kakinada,Andhra Pradesh,2024-05-26,Google Ads,Premium
C109791,Ananya Singh,Female,47.0,Visakhapatnam,Andhra Pradesh,2024-12-17,Email,Premium
C109792,Sneha Rao,Female,46.0,Pune,Maharashtra,2024-02-11,YouTube,Basic
C109793,Aarav Varma,Male,19.0,Kolkata,West Bengal,2024-06-10,Organic Search,Premium
C109794,Arjun Varma,Female,65.0,Kakinada,Andhra Pradesh,2025-12-21,Google Ads,Standard
C109795,Kavya Varma,Male,62.0,Ahmedabad,Gujarat,2025-01-04,Referral,Premium
C109796,Sanjay Varma,Female,41.0,Chennai,Tamil Nadu,2025-03-30,Referral,Standard
C109797,Ananya Das,Male,44.0,Kolkata,West Bengal,2025-10-10,Organic Search,Basic
C109798,Meera Singh,Female,26.0,Delhi,Delhi,2025-06-05,Instagram,Standard
C109799,Kiran Kumar,Male,53.0,Kakinada,Andhra Pradesh,2025-08-01,Referral,Basic
C109800,Meera Kumar,Female,42.0,Hyderabad,Telangana,2025-06-03,Organic Search,Premium
C109801,Rahul Kumar,Female,31.0,Mumbai,Maharashtra,2024-12-30,Instagram,Standard
C109802,Aditya Sharma,Female,32.0,Delhi,Delhi,2025-04-06,Organic Search,Standard
C109803,Sneha Sharma,Female,21.0,Mumbai,Maharashtra,2024-07-29,Organic Search,Standard
C109804,Aarav Reddy,Male,55.0,Pune,Maharashtra,2025-10-12,Organic Search,Basic
C109805,Meera Reddy,Female,21.0,Ahmedabad,Gujarat,2024-05-11,YouTube,Standard
C109806,Rahul Reddy,Male,45.0,Visakhapatnam,Andhra Pradesh,2025-10-07,Organic Search,Standard
C109807,Rahul Rao,Female,57.0,Pune,Maharashtra,2025-10-03,Referral,Basic
C109808,Arjun Patel,Male,20.0,Kolkata,West Bengal,2024-04-13,Referral,Standard
C109809,Rohan Gupta,Male,25.0,Pune,Maharashtra,2025-06-02,Instagram,Standard
C109810,Kavya Das,Male,54.0,Hyderabad,Telangana,2025-12-23,Instagram,Basic
C109811,Divya Gupta,Female,57.0,Ahmedabad,Gujarat,2025-02-21,Email,Basic
C109812,Vihaan Varma,Female,21.0,Hyderabad,Telangana,2024-09-05,Google Ads,Standard
C109813,Meera Patel,Male,30.0,Pune,Maharashtra,2025-10-03,Google Ads,Standard
C109814,Arjun Sharma,Female,47.0,Kakinada,Andhra Pradesh,2025-01-09,Organic Search,Premium
C109815,Sneha Das,Male,43.0,Ahmedabad,Gujarat,2024-03-29,Instagram,Basic
C109816,Meera Patel,Male,42.0,Pune,Maharashtra,2024-06-30,Google Ads,Standard
C109817,Arjun Varma,Male,30.0,Delhi,Delhi,2025-05-13,Email,Basic
C109818,Kiran Sharma,Female,43.0,Visakhapatnam,Andhra Pradesh,2024-11-28,Instagram,Basic
C109819,Divya Gupta,Female,20.0,Visakhapatnam,Andhra Pradesh,2024-06-07,Referral,Basic
C109820,Aarav Das,Female,59.0,Delhi,Delhi,2025-08-06,Instagram,Standard
C109821,Ananya Varma,Male,44.0,Bengaluru,Karnataka,2024-03-29,Organic Search,Standard
C109822,Meera Naidu,Male,35.0,Pune,Maharashtra,2024-06-08,Email,Standard
C109823,Sneha Singh,Female,35.0,Kolkata,West Bengal,2024-12-05,Email,Premium
C109824,Rohan Patel,Male,35.0,Kakinada,Andhra Pradesh,2024-01-29,Google Ads,Standard
C109825,Nikhil Patel,Female,38.0,Visakhapatnam,Andhra Pradesh,2024-10-09,Organic Search,Standard
C109826,Sai Varma,Female,27.0,Mumbai,Maharashtra,2025-10-26,Google Ads,Premium
C109827,Arjun Gupta,Male,46.0,Mumbai,Maharashtra,2025-11-18,Referral,Standard
C109828,Ananya Rao,Male,26.0,Kakinada,Andhra Pradesh,2025-09-28,Instagram,Standard
C109829,Sanjay Kumar,Female,33.0,Delhi,Delhi,2024-08-24,Instagram,Standard
C109830,Ananya Sharma,Female,59.0,Chennai,Tamil Nadu,2024-02-17,Instagram,Standard
C109831,Rohan Reddy,Female,45.0,Delhi,Delhi,2025-08-17,Instagram,Standard
C109832,Rahul Kumar,Female,,Delhi,Delhi,2024-09-29,Instagram,Standard
C109833,Kiran Reddy,Male,49.0,Pune,Maharashtra,2025-06-30,Instagram,Standard
C109834,Arjun Singh,Female,55.0,Mumbai,Maharashtra,2024-03-27,Organic Search,Standard
C109835,Aarav Singh,Female,22.0,Chennai,Tamil Nadu,2025-05-02,Referral,Standard
C109836,Meera Gupta,Female,42.0,Delhi,Delhi,2025-03-04,Email,Premium
C109837,Aditya Rao,Male,34.0,Bengaluru,Karnataka,2025-11-02,Google Ads,Basic
C109838,Divya Rao,Female,18.0,Ahmedabad,Gujarat,2024-03-15,Instagram,Basic
C109839,Meera Kumar,Male,22.0,Visakhapatnam,Andhra Pradesh,2024-10-24,YouTube,Premium
C109840,Vihaan Kumar,Male,27.0,Chennai,Tamil Nadu,2025-12-23,Instagram,Standard
C109841,Rahul Gupta,Other,18.0,Mumbai,Maharashtra,2024-10-11,Organic Search,Basic
C109842,Divya Gupta,Female,38.0,Kolkata,West Bengal,2025-04-25,Email,Standard
C109843,Nikhil Rao,Female,20.0,Pune,Maharashtra,2024-04-27,Google Ads,Standard
C109844,Sneha Das,Female,57.0,Pune,Maharashtra,2025-06-15,Organic Search,Standard
C109845,Kavya Rao,Male,46.0,Pune,Maharashtra,2024-07-20,Organic Search,Basic
C109846,Divya Varma,Female,64.0,Ahmedabad,Gujarat,2025-02-21,Organic Search,Standard
C109847,Divya Rao,Female,22.0,Hyderabad,Telangana,2025-10-04,Referral,Standard
C109848,Arjun Gupta,Female,21.0,Hyderabad,Telangana,2025-04-27,Instagram,Basic
C109849,Sanjay Gupta,Female,59.0,Hyderabad,Telangana,2024-12-12,Referral,Premium
C109850,Priya Gupta,Female,36.0,Bengaluru,Karnataka,2024-05-18,Instagram,Basic
C109851,Vihaan Rao,Female,54.0,Kakinada,Andhra Pradesh,2024-09-06,Google Ads,Basic
C109852,Ananya Kumar,Male,27.0,Ahmedabad,Gujarat,2025-09-11,Email,Standard
C109853,Aarav Gupta,Female,18.0,Kolkata,West Bengal,2024-06-06,Google Ads,Standard
C109854,Rohan Singh,Male,41.0,Kolkata,West Bengal,2025-04-24,Organic Search,Standard
C109855,Ananya Patel,Male,45.0,Hyderabad,Telangana,2024-12-20,YouTube,Standard
C109856,Meera Patel,Female,23.0,Mumbai,Maharashtra,2024-08-22,Instagram,Premium
C109857,Vihaan Varma,Female,18.0,Ahmedabad,Gujarat,2025-06-07,Instagram,Standard
C109858,Kavya Rao,Female,28.0,Chennai,Tamil Nadu,2024-09-21,Referral,Premium
C109859,Sneha Varma,Male,23.0,Pune,Maharashtra,2024-07-28,Instagram,Standard
C109860,Kiran Das,Male,65.0,Ahmedabad,Gujarat,2025-01-21,Instagram,Standard
C109861,Divya Reddy,Female,65.0,Hyderabad,Telangana,2025-07-07,YouTube,Basic
C109862,Sai Varma,Female,18.0,Ahmedabad,Gujarat,2025-09-22,Instagram,Standard
C109863,Priya Sharma,Female,39.0,Kolkata,West Bengal,2025-04-04,Google Ads,Standard
C109864,Kavya Patel,Female,36.0,Chennai,Tamil Nadu,2025-04-28,Google Ads,Standard
C109865,Ananya Patel,Male,19.0,Chennai,Tamil Nadu,2025-07-28,Instagram,Standard
C109866,Vihaan Singh,Female,49.0,Hyderabad,Telangana,2024-07-15,Organic Search,Standard
C109867,Divya Kumar,Male,58.0,Mumbai,Maharashtra,2024-07-02,Organic Search,Premium
C109868,Kiran Singh,Female,47.0,Mumbai,Maharashtra,2024-12-19,Google Ads,Premium
C109869,Priya Reddy,Female,62.0,Visakhapatnam,Andhra Pradesh,2025-04-05,Instagram,Standard
C109870,Kiran Naidu,Male,48.0,Bengaluru,Karnataka,2025-04-16,Organic Search,Basic
C109871,Kiran Das,Female,44.0,Mumbai,Maharashtra,2024-04-22,Email,Basic
C109872,Sneha Patel,Female,63.0,Bengaluru,Karnataka,2025-07-23,Referral,Standard
C109873,Sneha Rao,Male,51.0,Mumbai,Maharashtra,2024-09-22,Google Ads,Standard
C109874,Rohan Reddy,Male,54.0,Hyderabad,Telangana,2025-10-02,Referral,Standard
C109875,Ananya Varma,Female,55.0,Mumbai,Maharashtra,2025-06-12,Google Ads,Standard
C109876,Nikhil Naidu,Female,19.0,Ahmedabad,Gujarat,2025-12-18,Google Ads,Standard
C109877,Ananya Varma,Female,53.0,Ahmedabad,Gujarat,2025-04-06,Email,Premium
C109878,Kavya Singh,Male,53.0,Delhi,Delhi,2025-01-20,Google Ads,Premium
C109879,Nikhil Gupta,Female,41.0,Ahmedabad,Gujarat,2024-05-17,Email,Basic
C109880,Sneha Patel,Male,45.0,Kolkata,West Bengal,2024-10-18,Organic Search,Standard
C109881,Nikhil Singh,Male,57.0,Kakinada,Andhra Pradesh,2025-09-18,Organic Search,Standard
C109882,Aditya Rao,Male,24.0,Visakhapatnam,Andhra Pradesh,2024-10-05,Referral,Basic
C109883,Rohan Rao,Male,43.0,Mumbai,Maharashtra,2024-02-08,Instagram,Standard
C109884,Aditya Reddy,Male,54.0,Pune,Maharashtra,2024-06-27,Email,Standard
C109885,Nikhil Varma,Male,30.0,Ahmedabad,Gujarat,2025-03-10,Organic Search,Basic
C109886,Sai Gupta,Male,30.0,Delhi,Delhi,2025-04-04,Instagram,Premium
C109887,Rohan Varma,Female,18.0,Pune,Maharashtra,2025-12-19,Organic Search,Premium
C109888,Rohan Rao,Male,32.0,Chennai,Tamil Nadu,2025-11-12,YouTube,Standard
C109889,Aditya Varma,Male,35.0,Delhi,Delhi,2025-01-22,Email,Premium
C109890,Divya Rao,Female,63.0,Bengaluru,Karnataka,2025-02-08,Instagram,Standard
C109891,Rohan Varma,Female,21.0,Hyderabad,Telangana,2025-08-07,Email,Basic
C109892,Aditya Gupta,Female,49.0,Ahmedabad,Gujarat,2024-02-05,Google Ads,Basic
C109893,Aditya Kumar,Male,21.0,Visakhapatnam,Andhra Pradesh,2025-03-10,Google Ads,Standard
C109894,Kiran Sharma,Female,56.0,Kolkata,West Bengal,2024-12-12,Instagram,Standard
C109895,Rohan Kumar,Female,40.0,Mumbai,Maharashtra,2025-07-25,Organic Search,Basic
C109896,Ananya Naidu,Female,38.0,Hyderabad,Telangana,2025-08-07,Referral,Basic
C109897,Sneha Sharma,Female,63.0,Kolkata,West Bengal,2025-04-23,Google Ads,Standard
C109898,Meera Patel,Male,53.0,Bengaluru,Karnataka,2025-04-24,Google Ads,Basic
C109899,Aditya Reddy,Male,23.0,Pune,Maharashtra,2025-05-19,Google Ads,Basic
C109900,Rohan Sharma,Male,30.0,Kakinada,Andhra Pradesh,2025-02-27,Google Ads,Standard
C109901,Sai Kumar,Male,31.0,Hyderabad,Telangana,2024-06-15,Referral,Standard
C109902,Divya Sharma,Female,47.0,Pune,Maharashtra,2024-07-26,Instagram,Basic
C109903,Vihaan Sharma,Male,57.0,Kakinada,Andhra Pradesh,2025-06-25,Google Ads,Standard
C109904,Sai Das,Female,48.0,Delhi,Delhi,2025-03-27,Instagram,Standard
C109905,Vihaan Das,Other,37.0,Visakhapatnam,Andhra Pradesh,2024-06-22,Organic Search,Basic
C109906,Ananya Rao,Female,53.0,Visakhapatnam,Andhra Pradesh,2025-10-02,Referral,Basic
C109907,Priya Patel,Male,54.0,Chennai,Tamil Nadu,2025-12-16,Organic Search,Premium
C109908,Nikhil Gupta,Female,21.0,Delhi,Delhi,2025-04-02,Google Ads,Standard
C109909,Priya Singh,Male,44.0,Kolkata,West Bengal,2024-06-15,Instagram,Basic
C109910,Meera Varma,Male,52.0,Kolkata,West Bengal,2025-11-15,Google Ads,Premium
C109911,Rahul Sharma,Male,46.0,Chennai,Tamil Nadu,2024-06-21,Google Ads,Premium
C109912,Vihaan Patel,Male,29.0,Bengaluru,Karnataka,2024-11-11,Google Ads,Basic
C109913,Aarav Kumar,Female,25.0,Ahmedabad,Gujarat,2025-09-18,Organic Search,Basic
C109914,Nikhil Rao,Male,31.0,Mumbai,Maharashtra,2025-01-15,Instagram,Premium
C109915,Sneha Rao,Female,34.0,Bengaluru,Karnataka,2024-06-26,Google Ads,Premium
C109916,Kavya Reddy,Male,62.0,Hyderabad,Telangana,2024-02-28,Instagram,Basic
C109917,Rahul Varma,Female,47.0,Chennai,Tamil Nadu,2024-09-20,Google Ads,Standard
C109918,Rohan Varma,Male,58.0,Bengaluru,Karnataka,2025-05-05,Referral,Premium
C109919,Vihaan Kumar,Female,19.0,Delhi,Delhi,2025-06-05,Instagram,Basic
C109920,Rahul Singh,Male,55.0,Mumbai,Maharashtra,2024-06-11,Instagram,Basic
C109921,Sai Sharma,Female,27.0,Chennai,Tamil Nadu,2024-04-25,Organic Search,Standard
C109922,Sai Patel,Female,45.0,Ahmedabad,Gujarat,2025-05-27,Google Ads,Standard
C109923,Divya Singh,Female,36.0,Chennai,Tamil Nadu,2024-04-26,Google Ads,Standard
C109924,Kavya Singh,Male,59.0,Pune,Maharashtra,2024-02-16,Email,Standard
C109925,Kavya Patel,Female,50.0,Bengaluru,Karnataka,2024-12-21,Instagram,Basic
C109926,Ananya Varma,Female,40.0,Bengaluru,Karnataka,2025-02-20,Organic Search,Standard
C109927,Ananya Das,Female,,Kakinada,Andhra Pradesh,2024-06-26,Organic Search,Standard
C109928,Aarav Naidu,Female,51.0,Kolkata,West Bengal,2024-06-03,Google Ads,Standard
C109929,Sneha Reddy,Female,52.0,Hyderabad,Telangana,2024-06-21,Referral,Standard
C109930,Sanjay Reddy,Other,45.0,Pune,Maharashtra,2024-09-07,Google Ads,Standard
C109931,Aditya Singh,Female,52.0,Hyderabad,Telangana,2024-01-07,Organic Search,Standard
C109932,Nikhil Patel,Male,55.0,Hyderabad,Telangana,2024-01-09,Instagram,Standard
C109933,Aditya Singh,Male,19.0,Delhi,Delhi,2024-09-27,Email,Basic
C109934,Kavya Gupta,Female,35.0,Kolkata,West Bengal,2024-01-15,Google Ads,Basic
C109935,Rohan Reddy,Other,61.0,Kolkata,West Bengal,2024-08-20,Organic Search,Premium
C109936,Arjun Patel,Male,33.0,Ahmedabad,Gujarat,2025-02-28,YouTube,Standard
C109937,Priya Kumar,Male,57.0,Bengaluru,Karnataka,2024-01-23,Google Ads,Standard
C109938,Sanjay Rao,Male,44.0,Bengaluru,Karnataka,2025-03-27,Google Ads,Standard
C109939,Kiran Patel,Male,31.0,Pune,Maharashtra,2025-03-29,Referral,Basic
C109940,Sneha Sharma,Other,34.0,Visakhapatnam,Andhra Pradesh,2025-02-22,Referral,Basic
C109941,Rahul Kumar,Female,41.0,Ahmedabad,Gujarat,2025-04-02,Instagram,Standard
C109942,Rohan Patel,Male,23.0,Kolkata,West Bengal,2025-08-13,Referral,Standard
C109943,Nikhil Das,Male,32.0,Hyderabad,Telangana,2024-02-21,Organic Search,Premium
C109944,Nikhil Sharma,Male,50.0,Visakhapatnam,Andhra Pradesh,2024-05-03,YouTube,Premium
C109945,Aditya Gupta,Female,61.0,Kakinada,Andhra Pradesh,2024-08-19,Organic Search,Standard
C109946,Sanjay Reddy,Female,63.0,Pune,Maharashtra,2025-05-17,Email,Standard
C109947,Aarav Rao,Male,36.0,Delhi,Delhi,2025-09-29,Google Ads,Standard
C109948,Rohan Das,Male,56.0,Kolkata,West Bengal,2025-11-01,Instagram,Standard
C109949,Sneha Naidu,Female,37.0,Kolkata,West Bengal,2025-02-28,Email,Standard
C109950,Kavya Naidu,Female,56.0,Kakinada,Andhra Pradesh,2024-10-26,Email,Premium
C109951,Aarav Kumar,Female,61.0,Bengaluru,Karnataka,2024-10-27,Organic Search,Standard
C109952,Ananya Sharma,Male,39.0,Pune,Maharashtra,2024-02-13,Google Ads,Standard
C109953,Aditya Gupta,Other,46.0,Ahmedabad,Gujarat,2024-12-05,Instagram,Standard
C109954,Vihaan Sharma,Female,59.0,Delhi,Delhi,2025-01-09,Google Ads,Standard
C109955,Arjun Das,Female,24.0,Visakhapatnam,Andhra Pradesh,2024-06-01,Referral,Premium
C109956,Divya Rao,Male,29.0,Hyderabad,Telangana,2025-07-14,Google Ads,Standard
C109957,Arjun Das,Male,48.0,Bengaluru,Karnataka,2025-08-15,Instagram,Basic
C109958,Aditya Patel,Male,26.0,Ahmedabad,Gujarat,2024-08-08,Instagram,Standard
C109959,Vihaan Rao,Female,56.0,Bengaluru,Karnataka,2025-10-29,Google Ads,Basic
C109960,Sanjay Singh,Female,30.0,Chennai,Tamil Nadu,2024-03-19,Google Ads,Standard
C109961,Vihaan Sharma,Male,34.0,Mumbai,Maharashtra,2025-10-26,YouTube,Basic
C109962,Rohan Naidu,Female,56.0,Kolkata,West Bengal,2025-07-14,Organic Search,Premium
C109963,Priya Kumar,Female,43.0,Hyderabad,Telangana,2024-06-12,Instagram,Basic
C109964,Kiran Sharma,Male,55.0,Delhi,Delhi,2025-04-19,Organic Search,Premium
C109965,Aditya Gupta,Female,48.0,Kakinada,Andhra Pradesh,2024-08-14,Referral,Basic
C109966,Kavya Singh,Female,42.0,Delhi,Delhi,2025-08-06,YouTube,Standard
C109967,Kiran Das,Male,42.0,Pune,Maharashtra,2024-04-27,Email,Standard
C109968,Ananya Sharma,Female,56.0,Kakinada,Andhra Pradesh,2024-06-27,Instagram,Standard
C109969,Sanjay Patel,Male,65.0,Kolkata,West Bengal,2024-08-12,Instagram,Premium
C109970,Rahul Naidu,Female,19.0,Ahmedabad,Gujarat,2024-05-25,YouTube,Premium
C109971,Rahul Varma,Female,42.0,Kakinada,Andhra Pradesh,2024-08-30,YouTube,Premium
C109972,Rohan Kumar,Female,55.0,Kolkata,West Bengal,2025-03-15,Referral,Standard
C109973,Rahul Kumar,Female,48.0,Visakhapatnam,Andhra Pradesh,2025-04-07,Referral,Standard
C109974,Rahul Singh,Male,41.0,Pune,Maharashtra,2025-02-08,Referral,Standard
C109975,Kavya Varma,Male,56.0,Visakhapatnam,Andhra Pradesh,2024-05-18,Organic Search,Standard
C109976,Sai Patel,Female,40.0,Kolkata,West Bengal,2024-05-27,Referral,Premium
C109977,Sanjay Kumar,Male,24.0,Delhi,Delhi,2025-11-02,Instagram,Standard
C109978,Rohan Kumar,Female,31.0,Pune,Maharashtra,2024-07-02,Google Ads,Basic
C109979,Rohan Patel,Male,20.0,Delhi,Delhi,2024-03-16,Referral,Standard
C109980,Aditya Gupta,Male,51.0,Delhi,Delhi,2024-11-27,Google Ads,Basic
C109981,Divya Das,Female,64.0,Mumbai,Maharashtra,2024-01-06,Organic Search,Standard
C109982,Arjun Reddy,Female,36.0,Chennai,Tamil Nadu,2024-09-07,YouTube,Standard
C109983,Sneha Das,Female,53.0,Delhi,Delhi,2025-09-16,Google Ads,Basic
C109984,Priya Kumar,Female,65.0,Kolkata,West Bengal,2024-07-14,Organic Search,Standard
C109985,Divya Gupta,Male,36.0,Delhi,Delhi,2025-05-28,Email,Standard
C109986,Rahul Das,Female,60.0,Chennai,Tamil Nadu,2024-12-23,Referral,Standard
C109987,Priya Singh,Female,18.0,Bengaluru,Karnataka,2024-09-16,Instagram,Standard
C109988,Rohan Kumar,Female,50.0,Delhi,Delhi,2025-04-27,Google Ads,Standard
C109989,Kiran Rao,Male,25.0,Delhi,Delhi,2025-03-10,YouTube,Basic
C109990,Priya Patel,Female,55.0,Kakinada,Andhra Pradesh,2024-08-20,Email,Basic
C109991,Vihaan Reddy,Male,18.0,Chennai,Tamil Nadu,2024-06-12,Referral,Premium
C109992,Kiran Patel,Female,57.0,Hyderabad,Telangana,2025-10-31,Instagram,Standard
C109993,Aditya Das,Male,37.0,Delhi,Delhi,2024-05-02,Google Ads,Standard
C109994,Kiran Patel,Female,29.0,Ahmedabad,Gujarat,2025-12-01,Referral,Standard
C109995,Aarav Patel,Female,44.0,Bengaluru,Karnataka,2024-12-09,Email,Premium
C109996,Aditya Sharma,Female,65.0,Bengaluru,Karnataka,2025-12-28,Organic Search,Basic
C109997,Vihaan Sharma,Female,25.0,Delhi,Delhi,2024-09-14,Google Ads,Standard
C109998,Nikhil Das,Female,32.0,Delhi,Delhi,2025-02-16,Google Ads,Premium
C109999,Arjun Varma,Male,48.0,Chennai,Tamil Nadu,2025-03-25,Google Ads,Premium
C101977,Nikhil Das,Male,42.0,Kakinada,Andhra Pradesh,2024-09-06,Email,Premium
C103880,Kavya Rao,Female,61.0,Mumbai,Maharashtra,2025-09-23,Google Ads,Standard
C100052,Rohan Sharma,Female,32.0,Ahmedabad,Gujarat,2024-09-22,Referral,Premium
C102551,Aditya Rao,Male,58.0,Ahmedabad,Gujarat,2024-08-22,Google Ads,Standard
C102246,Aarav Patel,Female,38.0,Bengaluru,Karnataka,2025-02-24,Google Ads,Premium
C100270,Sneha Naidu,Female,19.0,Kakinada,Andhra Pradesh,2024-08-03,YouTube,Premium
C100601,Divya Patel,Female,63.0,Pune,Maharashtra,2025-07-22,Instagram,Premium
C102441,Rohan Kumar,Female,21.0,Chennai,Tamil Nadu,2024-01-01,Referral,Standard
C103286,Arjun Sharma,Female,59.0,Ahmedabad,Gujarat,2024-04-05,Email,Premium
C102967,Arjun Sharma,Male,30.0,Ahmedabad,Gujarat,2024-06-15,Instagram,Premium
C104712,Meera Naidu,Female,53.0,Visakhapatnam,Andhra Pradesh,2025-10-09,Organic Search,Standard
C109032,Sneha Singh,Female,42.0,Visakhapatnam,Andhra Pradesh,2025-04-16,Google Ads,Basic
C101787,Nikhil Rao,Male,59.0,Visakhapatnam,Andhra Pradesh,2024-03-13,Google Ads,Basic
C101698,Divya Rao,Female,65.0,Kakinada,Andhra Pradesh,2024-09-19,Google Ads,Basic
C103225,Rohan Naidu,Male,43.0,Pune,Maharashtra,2025-07-17,Referral,Standard
