return_id,order_id,customer_id,product_id,return_date,return_reason,refund_amount
R10000,O119505,C107113,P1260,2025-01-27,Late Delivery,647.41
R10001,O125902,C100550,P1022,2026-08-25,Late Delivery,6263.34
R10002,O123006,C109269,P1177,2026-06-04,Wrong Product,7308.43
R10003,O145900,C107267,P1261,2026-03-31,Damaged Product,3600.99
R10004,O105277,C106890,P1287,2026-05-30,Late Delivery,7134.84
R10005,O138495,C100111,P1076,2025-11-27,Late Delivery,7502.68
R10006,O117727,C101250,P1051,2025-02-08,Damaged Product,3260.87
R10007,O103361,C103117,P1430,2026-05-22,Late Delivery,1555.14
R10008,O109965,C103346,P1320,2025-08-06,Late Delivery,1761.2
R10009,O139815,C108892,P1248,2026-06-20,Wrong Product,8387.6
R10010,O105197,C108441,P1301,2025-12-16,Wrong Product,3060.71
R10011,O101561,C103907,P1434,2026-06-08,Changed Mind,7077.12
R10012,O114093,C107965,P1055,2026-08-09,Quality Issue,13542.46
R10013,O126462,C107181,P1179,2026-03-18,Changed Mind,7880.62
R10014,O121621,C108503,P1134,2025-03-05,Wrong Product,4624.26
R10015,O145917,C102444,P1308,2026-05-21,Quality Issue,10565.04
R10016,O133300,C102128,P1134,2026-01-18,Damaged Product,4624.26
R10017,O112420,C105938,P1255,2025-12-02,Late Delivery,2469.94
R10018,O133021,C106861,P1490,2025-07-26,Late Delivery,1641.9
R10019,O125545,C106206,P1210,2025-09-20,Late Delivery,12521.59
R10020,O139584,C103071,P1316,2025-10-13,Quality Issue,17960.72
R10021,O153270,C103849,P1057,2025-11-23,Wrong Product,1462.21
R10022,O130481,C109053,P1183,2025-12-30,Late Delivery,6668.18
R10023,O127911,C102249,P1215,2026-08-15,Quality Issue,3985.93
R10024,O146433,C101093,P1134,2025-03-24,Damaged Product,1095.22
R10025,O130511,C105658,P1266,2026-01-19,Changed Mind,5360.1
R10026,O157739,C100379,P1113,2026-02-22,Damaged Product,11641.6
R10027,O116499,C106302,P1178,2026-04-24,Changed Mind,6662.6
R10028,O110777,C104690,P1437,2025-08-22,Changed Mind,5848.09
R10029,O102928,C103260,P1191,2026-02-01,Wrong Product,2674.95
R10030,O110080,C107897,P1250,2025-09-06,Changed Mind,4735.75
R10031,O136831,C102839,P1000,2025-05-22,Late Delivery,4179.83
R10032,O111818,C109308,P1070,2025-09-24,Wrong Product,811.34
R10033,O141757,C108375,P1402,2026-06-29,Damaged Product,21074.13
R10034,O136610,C100510,P1218,2026-01-23,Quality Issue,6424.02
R10035,O122396,C108890,P1205,2026-05-15,Late Delivery,22641.88
R10036,O111464,C102810,P1289,2026-07-05,Damaged Product,3970.16
R10037,O157852,C104691,P1491,2025-04-14,Wrong Product,15367.64
R10038,O105548,C101737,P1396,2026-08-18,Late Delivery,9555.0
R10039,O120592,C101750,P1353,2025-12-06,Late Delivery,2887.58
R10040,O158136,C104093,P1128,2025-11-14,Wrong Product,4388.31
R10041,O113668,C104585,P1263,2026-04-01,Damaged Product,3518.44
R10042,O119389,C103196,P1474,2026-07-21,Changed Mind,11192.26
R10043,O132909,C105666,P1211,2025-07-28,Quality Issue,10969.02
R10044,O102630,C102118,P1084,2026-03-29,Changed Mind,1133.42
R10045,O128869,C108396,P1088,2026-07-05,Changed Mind,1343.33
R10046,O103998,C103730,P1000,2026-04-06,Late Delivery,16719.34
R10047,O101288,C102724,P1454,2026-07-11,Wrong Product,11241.22
R10048,O126355,C103410,P1209,2025-11-09,Changed Mind,18493.44
R10049,O159555,C100350,P1008,2025-07-27,Late Delivery,1508.63
R10050,O153136,C107209,P1371,2025-12-15,Changed Mind,8225.0
R10051,O104386,C109481,P1381,2025-10-07,Changed Mind,3792.89
R10052,O133435,C109615,P1031,2025-08-24,Damaged Product,17102.2
R10053,O115402,C104731,P1245,2025-12-04,Wrong Product,1914.48
R10054,O142952,C101009,P1454,2025-12-02,Late Delivery,5620.61
R10055,O137730,C103495,P1249,2025-06-04,Wrong Product,3472.69
R10056,O145454,C108212,P1133,2025-02-13,Quality Issue,17470.53
R10057,O110453,C104772,P1485,2025-08-07,Wrong Product,3047.81
R10058,O143593,C108632,P1323,2025-11-29,Changed Mind,18360.72
R10059,O127483,C105148,P1159,2026-07-13,Late Delivery,13959.49
R10060,O129484,C103636,P1281,2026-02-15,Changed Mind,8652.91
R10061,O147554,C104246,P1213,2026-06-10,Quality Issue,8663.81
R10062,O115656,C107640,P1202,2025-06-29,Late Delivery,1838.58
R10063,O126534,C102445,P1324,2025-02-18,Late Delivery,709.52
R10064,O120867,C103602,P1468,2025-07-04,Damaged Product,7060.5
R10065,O123459,C101569,P1120,2025-05-23,Changed Mind,9563.04
R10066,O143791,C105098,P1153,2025-05-23,Changed Mind,11842.76
R10067,O119897,C109719,P1062,2026-06-17,Changed Mind,4934.65
R10068,O141430,C100202,P1192,2026-04-14,Wrong Product,4955.47
R10069,O142907,C109808,P1352,2025-07-10,Changed Mind,4753.97
R10070,O101247,C106542,P1186,2026-04-09,Quality Issue,6523.38
R10071,O147327,C103085,P1322,2025-01-16,Quality Issue,1571.49
R10072,O155837,C108558,P1068,2025-04-20,Quality Issue,10468.6
R10073,O124461,C105708,P1204,2025-04-22,Late Delivery,6128.38
R10074,O103704,C101023,P1347,2025-12-14,Damaged Product,10618.44
R10075,O144734,C105751,P1363,2026-01-23,Quality Issue,879.85
R10076,O152841,C100771,P1068,2025-04-01,Quality Issue,8374.88
R10077,O135164,C102043,P1371,2025-11-26,Wrong Product,6450.98
R10078,O113817,C101529,P1415,2026-08-17,Damaged Product,3927.02
R10079,O119485,C109202,P1388,2026-06-16,Changed Mind,20877.28
R10080,O139628,C109343,P1235,2025-06-23,Quality Issue,14617.52
R10081,O136631,C104523,P1329,2026-02-05,Changed Mind,4323.72
R10082,O138990,C108197,P1444,2026-01-12,Changed Mind,5281.32
R10083,O154288,C109823,P1287,2025-09-29,Wrong Product,4756.56
R10084,O126027,C100044,P1193,2025-08-01,Wrong Product,6948.18
R10085,O105805,C106722,P1344,2025-02-04,Wrong Product,10072.28
R10086,O155916,C107055,P1471,2026-05-03,Changed Mind,4983.28
R10087,O143084,C101712,P1202,2025-11-07,Late Delivery,2328.87
R10088,O154177,C105281,P1211,2025-08-24,Changed Mind,24375.6
R10089,O131124,C102396,P1042,2026-06-01,Damaged Product,1144.83
R10090,O123051,C102064,P1044,2026-01-22,Damaged Product,11166.28
R10091,O105020,C100938,P1314,2026-04-09,Quality Issue,6038.97
R10092,O149475,C100133,P1129,2026-04-10,Wrong Product,5178.92
R10093,O156344,C100051,P1218,2026-01-11,Damaged Product,2730.21
R10094,O113286,C109730,P1020,2025-01-26,Quality Issue,24772.62
R10095,O105656,C100171,P1306,2025-07-13,Changed Mind,16983.84
R10096,O146335,C106497,P1371,2025-07-28,Wrong Product,10321.57
R10097,O127756,C102140,P1012,2025-04-04,Late Delivery,4249.58
R10098,O125233,C106282,P1441,2026-07-15,Late Delivery,7370.4
R10099,O117584,C102816,P1236,2025-09-27,Quality Issue,2813.03
R10100,O134700,C105478,P1184,2026-02-20,Changed Mind,3376.32
R10101,O155606,C102838,P1447,2025-07-16,Damaged Product,13572.12
R10102,O120832,C104689,P1459,2026-05-01,Quality Issue,412.9
R10103,O119816,C106605,P1172,2026-05-28,Changed Mind,249.98
R10104,O116685,C103573,P1276,2025-09-08,Damaged Product,6858.4
R10105,O151320,C107633,P1403,2025-11-08,Wrong Product,6692.1
R10106,O114980,C104228,P1090,2026-02-01,Damaged Product,22153.48
R10107,O125950,C106206,P1084,2026-06-23,Late Delivery,1445.11
R10108,O109554,C104441,P1146,2026-06-24,Late Delivery,13610.44
R10109,O144259,C105909,P1111,2026-04-11,Wrong Product,3974.61
R10110,O133588,C103999,P1348,2026-01-01,Wrong Product,1814.23
R10111,O122757,C104519,P1413,2025-12-04,Changed Mind,802.3
R10112,O104612,C102099,P1381,2026-06-30,Damaged Product,1064.67
R10113,O153831,C100923,P1478,2026-05-22,Damaged Product,11759.0
R10114,O105015,C104051,P1177,2026-04-18,Late Delivery,3461.89
R10115,O114186,C106794,P1189,2025-04-27,Damaged Product,1211.35
R10116,O127043,C106156,P1108,2025-12-21,Late Delivery,6844.14
R10117,O131189,C104717,P1046,2026-05-01,Quality Issue,8076.08
R10118,O153336,C101323,P1372,2025-03-31,Late Delivery,4781.06
R10119,O122717,C100866,P1230,2025-03-17,Damaged Product,4254.9
R10120,O112186,C109031,P1403,2025-02-14,Quality Issue,8922.8
R10121,O126826,C108817,P1394,2025-01-29,Wrong Product,8882.36
R10122,O150969,C102677,P1309,2025-12-25,Changed Mind,5841.45
R10123,O109740,C106653,P1170,2025-04-14,Late Delivery,18198.72
R10124,O130209,C102753,P1337,2025-05-15,Changed Mind,10278.78
R10125,O116381,C106956,P1105,2025-12-14,Quality Issue,2683.13
R10126,O134114,C104053,P1130,2025-03-19,Wrong Product,9291.06
R10127,O125715,C101549,P1055,2026-05-08,Changed Mind,19006.96
R10128,O159903,C100335,P1001,2026-01-23,Changed Mind,6886.41
R10129,O129918,C103019,P1024,2026-06-17,Damaged Product,7240.54
R10130,O147906,C109343,P1120,2025-05-31,Late Delivery,6375.36
R10131,O135882,C109154,P1474,2025-02-05,Quality Issue,5596.13
R10132,O141151,C109684,P1246,2026-03-22,Late Delivery,5850.68
R10133,O146232,C107678,P1197,2026-02-01,Wrong Product,9360.26
R10134,O128875,C107126,P1113,2026-08-12,Wrong Product,5529.76
R10135,O104611,C101245,P1181,2025-10-24,Changed Mind,12595.32
R10136,O158505,C102483,P1342,2026-01-23,Late Delivery,4443.0
R10137,O104151,C101188,P1204,2026-06-22,Damaged Product,5821.96
R10138,O113199,C100350,P1437,2025-09-04,Damaged Product,17544.26
R10139,O103306,C101087,P1033,2025-03-22,Late Delivery,10251.31
R10140,O124411,C106329,P1031,2025-01-21,Wrong Product,11476.48
R10141,O136643,C104242,P1482,2025-05-03,Wrong Product,13477.26
R10142,O129388,C105219,P1163,2025-04-22,Quality Issue,12082.16
R10143,O111475,C108977,P1451,2025-02-13,Wrong Product,5332.01
R10144,O110791,C108040,P1246,2025-10-08,Late Delivery,9751.14
R10145,O118781,C104974,P1039,2026-03-18,Late Delivery,7924.5
R10146,O125816,C100405,P1266,2025-04-19,Damaged Product,5360.1
R10147,O114981,C107459,P1224,2026-02-02,Changed Mind,7352.48
R10148,O107255,C108879,P1491,2025-04-10,Changed Mind,8088.23
R10149,O158155,C101940,P1032,2025-07-30,Changed Mind,11308.43
R10150,O134811,C103312,P1225,2026-05-07,Damaged Product,2097.13
R10151,O143670,C100754,P1080,2025-02-04,Changed Mind,12795.7
R10152,O144808,C103321,P1433,2025-06-24,Changed Mind,2193.18
R10153,O150476,C106112,P1405,2026-03-01,Changed Mind,3956.57
R10154,O155411,C104245,P1391,2025-07-29,Late Delivery,23236.14
R10155,O128666,C107961,P1265,2025-08-17,Damaged Product,4324.15
R10156,O109025,C107851,P1036,2025-04-03,Quality Issue,4237.6
R10157,O149021,C105975,P1244,2025-08-31,Quality Issue,4407.77
R10158,O121175,C100846,P1241,2026-06-05,Damaged Product,9059.6
R10159,O136732,C105648,P1097,2026-05-31,Late Delivery,2842.46
R10160,O146770,C106046,P1160,2026-06-17,Wrong Product,17170.68
R10161,O153667,C103136,P1269,2025-11-21,Late Delivery,8306.26
R10162,O146621,C109060,P1425,2025-09-22,Quality Issue,3955.34
R10163,O100474,C103312,P1202,2026-06-28,Wrong Product,2451.44
R10164,O139072,C104885,P1058,2025-12-06,Late Delivery,6157.48
R10165,O115238,C109173,P1218,2025-08-27,Changed Mind,5781.62
R10166,O124067,C106730,P1278,2025-08-14,Damaged Product,15579.03
R10167,O156557,C106116,P1200,2026-08-24,Late Delivery,8711.42
R10168,O157308,C108491,P1093,2025-12-12,Quality Issue,16438.92
R10169,O100989,C104653,P1121,2026-05-26,Changed Mind,7528.19
R10170,O111707,C108838,P1068,2025-06-22,Damaged Product,15702.9
R10171,O127438,C106340,P1484,2026-04-02,Damaged Product,208.61
R10172,O133061,C105324,P1397,2025-09-01,Wrong Product,1494.12
R10173,O150825,C104853,P1210,2026-05-25,Damaged Product,4393.54
R10174,O159504,C102387,P1387,2025-06-25,Quality Issue,6582.3
R10175,O113804,C103225,P1467,2025-09-22,Wrong Product,4275.64
R10176,O135805,C103321,P1114,2025-06-22,Wrong Product,3414.23
R10177,O142212,C104098,P1391,2025-02-23,Changed Mind,11618.07
R10178,O134022,C108697,P1107,2025-09-27,Late Delivery,7696.71
R10179,O116604,C100478,P1170,2025-09-19,Late Delivery,15468.91
R10180,O112115,C106777,P1115,2026-03-09,Changed Mind,929.79
R10181,O134832,C102487,P1367,2026-06-09,Changed Mind,1921.16
R10182,O130652,C107322,P1025,2026-01-10,Wrong Product,3296.48
R10183,O133604,C100274,P1345,2025-07-20,Late Delivery,3195.31
R10184,O110640,C102598,P1010,2025-07-22,Wrong Product,1839.28
R10185,O141674,C103673,P1174,2026-02-05,Changed Mind,375.87
R10186,O152312,C106383,P1257,2026-06-21,Wrong Product,16232.55
R10187,O120841,C103040,P1074,2025-09-14,Damaged Product,2235.37
R10188,O116597,C100494,P1328,2025-05-20,Late Delivery,755.97
R10189,O137340,C105875,P1223,2025-05-12,Late Delivery,1874.16
R10190,O121283,C103229,P1116,2026-02-04,Wrong Product,3310.08
R10191,O141691,C105796,P1484,2026-01-06,Quality Issue,417.22
R10192,O149558,C107465,P1174,2026-06-25,Quality Issue,300.7
R10193,O103166,C105384,P1090,2026-04-17,Changed Mind,5538.37
R10194,O114470,C104622,P1264,2025-05-15,Quality Issue,19137.8
R10195,O146502,C105844,P1373,2025-11-08,Damaged Product,17349.66
R10196,O138895,C107576,P1383,2025-02-25,Changed Mind,11656.85
R10197,O130934,C106216,P1160,2025-10-18,Changed Mind,3648.77
R10198,O105401,C106194,P1307,2025-08-29,Quality Issue,1195.51
R10199,O127924,C102483,P1441,2025-09-14,Late Delivery,1842.6
R10200,O133899,C105185,P1140,2025-04-09,Late Delivery,5897.84
R10201,O153403,C105237,P1124,2025-03-04,Changed Mind,18993.57
R10202,O137006,C104558,P1445,2026-09-03,Quality Issue,14811.52
R10203,O114150,C107073,P1155,2025-10-18,Changed Mind,3143.69
R10204,O109143,C100585,P1352,2026-06-23,Damaged Product,8081.75
R10205,O133815,C103539,P1083,2025-11-19,Late Delivery,11345.08
R10206,O117389,C102616,P1240,2026-03-03,Wrong Product,16328.91
R10207,O130091,C108563,P1117,2026-03-23,Late Delivery,32122.72
R10208,O116765,C101076,P1328,2025-04-10,Late Delivery,2570.3
R10209,O158932,C103854,P1011,2026-03-26,Late Delivery,2459.86
R10210,O146695,C102324,P1126,2025-10-31,Changed Mind,4970.3
R10211,O122291,C103033,P1311,2026-04-17,Wrong Product,6881.08
R10212,O115291,C104912,P1423,2026-05-17,Wrong Product,2542.93
R10213,O129891,C100084,P1228,2025-07-11,Damaged Product,2701.48
R10214,O117655,C107683,P1160,2026-07-07,Quality Issue,7297.54
R10215,O125462,C101291,P1035,2026-01-08,Damaged Product,3065.24
R10216,O134751,C102477,P1445,2025-11-04,Changed Mind,11108.64
R10217,O159186,C100184,P1007,2026-04-20,Changed Mind,9775.02
R10218,O125167,C106344,P1398,2025-10-26,Changed Mind,5337.29
R10219,O145982,C108679,P1075,2025-08-30,Quality Issue,7307.98
R10220,O128653,C109847,P1225,2025-09-04,Late Delivery,1986.76
R10221,O154576,C105472,P1255,2026-07-14,Damaged Product,1039.98
R10222,O144358,C102100,P1304,2026-08-11,Damaged Product,5246.98
R10223,O138387,C108308,P1243,2025-03-03,Wrong Product,12677.04
R10224,O116662,C107283,P1204,2026-01-12,Damaged Product,16546.63
R10225,O135834,C101535,P1482,2025-01-12,Late Delivery,4492.42
R10226,O154299,C102267,P1309,2025-04-03,Late Delivery,7788.59
R10227,O159152,C102981,P1039,2026-07-01,Late Delivery,7484.25
R10228,O141414,C106336,P1083,2026-06-07,Damaged Product,5105.29
R10229,O155269,C107063,P1335,2025-10-31,Late Delivery,4177.17
R10230,O106900,C100691,P1237,2025-10-13,Damaged Product,2757.02
R10231,O115721,C105190,P1232,2025-11-17,Changed Mind,13671.56
R10232,O143828,C103018,P1082,2025-10-07,Late Delivery,4214.95
R10233,O146807,C108353,P1292,2026-02-22,Wrong Product,17499.08
R10234,O104056,C107235,P1210,2026-08-09,Late Delivery,4393.54
R10235,O158582,C107842,P1276,2025-12-24,Changed Mind,6477.37
R10236,O127293,C105111,P1415,2025-03-17,Wrong Product,1377.9
R10237,O147209,C100524,P1267,2025-09-08,Late Delivery,11351.55
R10238,O138510,C107922,P1367,2025-09-12,Wrong Product,1820.04
R10239,O123727,C103276,P1251,2025-02-13,Late Delivery,15534.55
R10240,O100232,C102650,P1262,2025-03-19,Changed Mind,2063.34
R10241,O140650,C107515,P1433,2025-12-19,Late Delivery,2083.52
R10242,O111287,C101670,P1154,2025-06-16,Late Delivery,3160.21
R10243,O126308,C109785,P1390,2025-08-30,Damaged Product,23198.04
R10244,O115608,C104457,P1125,2026-01-01,Late Delivery,2594.39
R10245,O139589,C104781,P1247,2025-08-08,Changed Mind,8027.99
R10246,O155379,C103468,P1340,2025-01-08,Quality Issue,9028.23
R10247,O127959,C108763,P1034,2025-08-02,Changed Mind,14487.16
R10248,O127010,C109087,P1282,2026-07-06,Quality Issue,6130.47
R10249,O140910,C103491,P1312,2026-04-17,Quality Issue,4220.12
R10250,O109924,C100394,P1275,2025-06-20,Quality Issue,7592.06
R10251,O138964,C102793,P1394,2025-09-13,Damaged Product,10449.84
R10252,O144935,C109387,P1311,2026-03-10,Damaged Product,1462.23
R10253,O118862,C103357,P1497,2025-03-11,Changed Mind,22702.28
R10254,O120377,C102709,P1350,2026-01-29,Quality Issue,6699.16
R10255,O121607,C105033,P1391,2026-04-12,Late Delivery,5809.04
R10256,O147356,C101686,P1329,2026-01-30,Late Delivery,4323.72
R10257,O132063,C109672,P1086,2026-08-07,Quality Issue,5763.94
R10258,O132334,C109269,P1492,2026-07-12,Late Delivery,8927.28
R10259,O119688,C108260,P1139,2026-04-14,Quality Issue,10871.34
R10260,O143474,C104973,P1346,2026-07-01,Damaged Product,1620.28
R10261,O134950,C107713,P1183,2025-08-30,Quality Issue,10002.27
R10262,O159307,C101170,P1315,2026-03-02,Late Delivery,15688.92
R10263,O155432,C109407,P1423,2026-06-28,Damaged Product,2825.48
R10264,O133188,C100758,P1487,2025-04-06,Quality Issue,4595.81
R10265,O117344,C100380,P1060,2026-01-08,Quality Issue,10417.49
R10266,O117131,C103759,P1414,2025-03-24,Wrong Product,5640.03
R10267,O136845,C104314,P1465,2026-05-06,Changed Mind,6494.86
R10268,O153442,C106863,P1192,2025-10-11,Damaged Product,3912.21
R10269,O151958,C104913,P1458,2025-11-05,Quality Issue,6620.98
R10270,O138884,C105030,P1344,2025-12-08,Late Delivery,20144.56
R10271,O151008,C109561,P1389,2025-12-28,Wrong Product,3071.75
R10272,O145793,C108224,P1366,2026-06-17,Late Delivery,1935.76
R10273,O101228,C105692,P1015,2026-03-13,Changed Mind,9412.72
R10274,O124301,C102658,P1236,2026-03-11,Changed Mind,6251.18
R10275,O143827,C103300,P1101,2025-10-12,Damaged Product,10726.99
R10276,O143477,C107535,P1293,2025-03-22,Late Delivery,19206.57
R10277,O109599,C102427,P1017,2025-12-10,Quality Issue,6931.14
R10278,O158974,C101957,P1053,2026-04-19,Damaged Product,14240.92
R10279,O145763,C107843,P1434,2025-03-04,Late Delivery,4966.4
R10280,O111587,C100813,P1142,2025-04-23,Late Delivery,15737.58
R10281,O142255,C103283,P1326,2026-04-18,Damaged Product,3707.8
R10282,O109519,C109254,P1216,2025-08-24,Changed Mind,14846.51
R10283,O133753,C106867,P1006,2026-03-11,Wrong Product,6453.67
R10284,O125069,C106786,P1447,2025-08-29,Changed Mind,19227.17
R10285,O130357,C102243,P1447,2025-03-23,Wrong Product,5372.3
R10286,O111189,C105332,P1385,2026-01-05,Changed Mind,2840.06
R10287,O109549,C101672,P1496,2026-06-23,Wrong Product,19428.66
R10288,O154325,C101398,P1496,2025-07-23,Quality Issue,12952.44
R10289,O109548,C103822,P1324,2025-04-29,Wrong Product,1419.03
R10290,O103585,C103944,P1475,2025-08-31,Changed Mind,2879.34
R10291,O107740,C102351,P1167,2026-01-31,Wrong Product,27291.71
R10292,O153087,C104182,P1002,2026-03-25,Damaged Product,17435.88
R10293,O154257,C103810,P1231,2025-08-24,Changed Mind,2218.03
R10294,O126527,C102001,P1123,2025-09-23,Changed Mind,723.19
R10295,O123725,C109372,P1175,2025-12-19,Quality Issue,8228.27
R10296,O146563,C109188,P1171,2025-04-02,Late Delivery,6182.61
R10297,O138660,C106255,P1246,2025-07-18,Wrong Product,5850.68
R10298,O144117,C109101,P1091,2026-06-12,Quality Issue,1557.98
R10299,O117379,C100354,P1493,2025-10-25,Damaged Product,1169.43
R10300,O156133,C103813,P1111,2025-08-11,Quality Issue,3974.61
R10301,O114747,C101344,P1076,2026-05-26,Quality Issue,11254.02
R10302,O101473,C106754,P1195,2026-04-19,Wrong Product,7164.07
R10303,O139409,C103833,P1116,2026-07-28,Quality Issue,8275.2
R10304,O150891,C105370,P1385,2026-01-16,Changed Mind,2414.05
R10305,O151549,C109213,P1081,2026-07-21,Changed Mind,4212.19
R10306,O119073,C100236,P1014,2026-07-06,Wrong Product,6896.68
R10307,O159525,C106564,P1127,2025-05-16,Late Delivery,8985.32
R10308,O122926,C104045,P1093,2025-02-11,Late Delivery,11712.73
R10309,O143026,C101741,P1383,2026-04-01,Quality Issue,13113.95
R10310,O143862,C107604,P1444,2025-05-09,Late Delivery,7041.76
R10311,O109745,C101912,P1489,2026-03-29,Wrong Product,16687.95
R10312,O101552,C101626,P1427,2025-03-27,Damaged Product,7638.36
R10313,O126121,C108092,P1426,2026-07-21,Changed Mind,5679.6
R10314,O158065,C105099,P1108,2025-10-06,Damaged Product,11635.04
R10315,O151899,C103531,P1202,2025-04-30,Late Delivery,1746.65
R10316,O130724,C100322,P1241,2026-05-20,Changed Mind,6794.7
R10317,O122692,C108655,P1070,2026-04-27,Late Delivery,1138.72
R10318,O146096,C106999,P1317,2025-05-22,Late Delivery,20169.58
R10319,O140753,C108856,P1259,2025-09-27,Changed Mind,14933.68
R10320,O145816,C101516,P1288,2025-12-18,Late Delivery,18911.08
R10321,O136205,C109224,P1150,2025-09-20,Quality Issue,14291.29
R10322,O100817,C106574,P1494,2025-12-17,Wrong Product,2985.58
R10323,O134920,C104277,P1446,2026-03-26,Wrong Product,8965.79
R10324,O144478,C103699,P1165,2025-10-04,Quality Issue,476.78
R10325,O102875,C108285,P1382,2025-02-13,Quality Issue,6247.86
R10326,O104485,C100721,P1106,2025-07-01,Changed Mind,11215.99
R10327,O104527,C107049,P1022,2025-11-01,Damaged Product,3500.1
R10328,O117840,C104460,P1274,2025-12-25,Quality Issue,1563.4
R10329,O106360,C102196,P1413,2025-07-24,Changed Mind,2273.2
R10330,O115283,C101613,P1021,2026-07-24,Quality Issue,4507.05
R10331,O159322,C109664,P1180,2026-02-16,Wrong Product,11558.23
R10332,O129901,C108365,P1450,2025-09-20,Late Delivery,25217.6
R10333,O113353,C103854,P1371,2025-02-09,Late Delivery,3225.49
R10334,O114708,C104371,P1230,2025-12-01,Quality Issue,6382.35
R10335,O122729,C107548,P1359,2026-02-24,Late Delivery,10574.7
R10336,O120214,C105379,P1427,2025-11-12,Quality Issue,9738.91
R10337,O108994,C100243,P1294,2025-07-18,Damaged Product,5957.32
R10338,O144693,C108835,P1095,2026-07-05,Late Delivery,1049.45
R10339,O159163,C105226,P1435,2026-04-18,Quality Issue,2450.94
R10340,O144346,C100093,P1224,2025-12-31,Quality Issue,3676.24
R10341,O145460,C107096,P1091,2025-12-25,Late Delivery,3279.96
R10342,O153925,C107266,P1260,2025-02-18,Quality Issue,2741.98
R10343,O100619,C105111,P1428,2025-12-30,Damaged Product,1900.14
R10344,O113361,C108186,P1465,2025-08-25,Wrong Product,9742.29
R10345,O130397,C108705,P1460,2025-05-31,Damaged Product,10643.68
R10346,O109485,C103657,P1065,2025-04-24,Wrong Product,18875.28
R10347,O137673,C102256,P1434,2026-07-05,Quality Issue,7077.12
R10348,O127132,C102202,P1014,2025-06-29,Wrong Product,10818.32
R10349,O147419,C103451,P1156,2025-07-22,Changed Mind,6808.72
R10350,O144850,C103531,P1335,2025-03-19,Changed Mind,7890.21
R10351,O152317,C103968,P1403,2025-09-15,Quality Issue,3569.12
R10352,O100965,C104992,P1187,2025-07-13,Wrong Product,6521.49
R10353,O117167,C100283,P1083,2026-08-31,Quality Issue,5105.29
R10354,O128933,C104586,P1244,2026-02-04,Damaged Product,3489.48
R10355,O159194,C102714,P1491,2026-01-27,Wrong Product,15367.64
R10356,O128900,C102173,P1417,2025-04-06,Late Delivery,7848.17
R10357,O103448,C109038,P1351,2026-03-18,Changed Mind,10932.0
R10358,O121280,C103621,P1346,2025-07-17,Late Delivery,405.07
R10359,O157480,C102036,P1466,2026-06-17,Quality Issue,8772.87
R10360,O144570,C103129,P1019,2026-06-16,Changed Mind,22943.59
R10361,O110059,C100252,P1046,2026-08-29,Damaged Product,5683.17
R10362,O105178,C100032,P1400,2025-12-08,Wrong Product,4212.55
R10363,O118652,C102754,P1451,2026-01-14,Late Delivery,9597.62
R10364,O109902,C107703,P1011,2025-09-26,Late Delivery,4181.76
R10365,O148187,C103068,P1303,2025-08-08,Late Delivery,4244.36
R10366,O149303,C104315,P1023,2026-05-13,Damaged Product,11756.88
R10367,O151794,C105175,P1080,2025-08-02,Wrong Product,6734.58
R10368,O136721,C108875,P1493,2025-11-15,Late Delivery,389.81
R10369,O150642,C104876,P1025,2025-12-15,Late Delivery,10438.87
R10370,O128012,C103188,P1004,2025-08-06,Wrong Product,14285.18
R10371,O127929,C101570,P1379,2025-11-26,Changed Mind,7980.96
R10372,O139489,C102813,P1351,2025-12-07,Wrong Product,9292.2
R10373,O100611,C104646,P1298,2026-04-04,Quality Issue,6855.01
R10374,O119662,C102728,P1229,2025-05-24,Changed Mind,9044.06
R10375,O108888,C105007,P1081,2025-04-16,Wrong Product,4001.58
R10376,O109966,C102512,P1306,2025-02-22,Quality Issue,4033.66
R10377,O120488,C106333,P1342,2025-03-20,Wrong Product,5627.8
R10378,O104743,C104648,P1474,2025-04-24,Damaged Product,4476.9
R10379,O132456,C107525,P1372,2026-04-11,Quality Issue,13588.29
R10380,O118243,C105685,P1070,2025-06-22,Wrong Product,854.04
R10381,O101294,C101293,P1198,2025-04-09,Damaged Product,16746.35
R10382,O138206,C109149,P1232,2026-05-25,Quality Issue,27343.13
R10383,O132100,C109226,P1067,2025-02-16,Changed Mind,15092.25
R10384,O126473,C100574,P1364,2025-02-11,Quality Issue,22463.04
R10385,O141141,C109403,P1407,2026-03-23,Quality Issue,3007.81
R10386,O158378,C106873,P1166,2025-11-29,Damaged Product,4621.03
R10387,O155353,C105153,P1361,2026-06-23,Changed Mind,5821.4
R10388,O114844,C101703,P1364,2026-02-14,Changed Mind,29950.72
R10389,O124943,C108451,P1454,2025-08-06,Late Delivery,12490.24
R10390,O134290,C102234,P1459,2026-03-10,Damaged Product,1238.71
R10391,O131818,C106301,P1419,2026-03-20,Late Delivery,14531.58
R10392,O123254,C100527,P1073,2026-05-11,Changed Mind,5183.15
R10393,O109748,C109162,P1468,2025-05-16,Quality Issue,2353.5
R10394,O119579,C107993,P1203,2025-06-28,Damaged Product,8190.08
R10395,O105345,C103336,P1012,2025-08-26,Damaged Product,1495.22
R10396,O143969,C108016,P1076,2025-12-04,Changed Mind,10691.32
R10397,O149444,C108668,P1246,2025-09-04,Damaged Product,8776.03
R10398,O145780,C103342,P1055,2025-07-10,Wrong Product,14255.22
R10399,O147127,C109847,P1202,2026-04-03,Late Delivery,2328.87
R10400,O146942,C104778,P1356,2025-04-22,Late Delivery,7242.35
R10401,O155488,C103393,P1294,2025-03-02,Changed Mind,1572.07
R10402,O158721,C103834,P1036,2025-05-04,Quality Issue,1118.25
R10403,O136912,C104532,P1078,2025-11-17,Changed Mind,4706.86
R10404,O132167,C105743,P1484,2026-03-04,Changed Mind,927.16
R10405,O113389,C107109,P1390,2026-05-15,Late Delivery,25775.6
R10406,O155430,C100143,P1490,2026-02-24,Wrong Product,1733.11
R10407,O102653,C102511,P1011,2025-02-21,Wrong Product,7379.58
R10408,O100451,C100192,P1102,2026-03-12,Quality Issue,9601.34
R10409,O118140,C107618,P1233,2025-08-24,Changed Mind,3341.7
R10410,O129605,C101550,P1489,2025-08-18,Damaged Product,14184.76
R10411,O100220,C102759,P1339,2025-01-26,Quality Issue,11220.16
R10412,O131446,C100833,P1302,2025-06-14,Damaged Product,7843.44
R10413,O110492,C101174,P1488,2026-01-20,Wrong Product,1749.3
R10414,O158763,C102641,P1137,2025-05-04,Damaged Product,6030.33
R10415,O136463,C102770,P1129,2026-03-17,Wrong Product,7717.61
R10416,O115315,C103320,P1248,2025-12-07,Damaged Product,6660.74
R10417,O155901,C104734,P1319,2026-07-16,Damaged Product,1567.89
R10418,O137962,C107825,P1129,2025-11-21,Late Delivery,4874.28
R10419,O116545,C100052,P1255,2025-10-16,Damaged Product,3899.91
R10420,O137020,C104983,P1139,2025-04-20,Late Delivery,16307.01
R10421,O135152,C102070,P1259,2025-05-07,Damaged Product,13440.31
R10422,O111784,C105886,P1292,2025-12-18,Quality Issue,9210.04
R10423,O134565,C108514,P1040,2025-11-05,Damaged Product,10956.97
R10424,O133414,C103026,P1354,2025-12-31,Changed Mind,8045.22
R10425,O107224,C104489,P1078,2025-05-29,Quality Issue,15689.52
R10426,O127054,C108949,P1423,2025-03-22,Quality Issue,706.37
R10427,O152625,C103978,P1175,2026-01-24,Late Delivery,4356.14
R10428,O147390,C100568,P1377,2026-02-26,Late Delivery,3153.4
R10429,O136459,C103472,P1488,2026-02-01,Damaged Product,1554.94
R10430,O143626,C108454,P1014,2025-11-08,Late Delivery,8113.74
R10431,O132655,C104466,P1308,2026-04-19,Wrong Product,5018.39
R10432,O141356,C100872,P1478,2025-11-30,Late Delivery,5879.5
R10433,O100766,C102269,P1298,2025-10-27,Late Delivery,5107.66
R10434,O143925,C107274,P1297,2026-02-07,Damaged Product,3640.55
R10435,O140681,C104103,P1348,2026-08-21,Quality Issue,1718.75
R10436,O105935,C106465,P1380,2026-04-29,Changed Mind,19436.05
R10437,O146250,C107738,P1234,2026-01-10,Wrong Product,4835.08
R10438,O106048,C100421,P1219,2026-04-04,Late Delivery,2603.22
R10439,O155917,C102680,P1167,2025-03-13,Wrong Product,6822.93
R10440,O114548,C107464,P1071,2025-10-28,Quality Issue,18752.03
R10441,O155444,C104513,P1451,2026-06-20,Changed Mind,10664.02
R10442,O118805,C106752,P1075,2026-03-17,Quality Issue,10317.14
R10443,O125223,C107925,P1401,2026-06-29,Damaged Product,3223.42
R10444,O109531,C100768,P1379,2026-01-23,Changed Mind,4225.21
R10445,O116828,C103792,P1437,2025-07-19,Damaged Product,5848.09
R10446,O108509,C105470,P1432,2026-04-05,Late Delivery,19399.1
R10447,O153680,C103801,P1098,2025-05-19,Late Delivery,5258.1
R10448,O109440,C107700,P1495,2025-11-06,Wrong Product,895.58
R10449,O112390,C101474,P1004,2026-04-12,Quality Issue,19046.9
R10450,O158009,C104636,P1474,2026-05-05,Quality Issue,11192.26
R10451,O151563,C104565,P1187,2025-08-19,Wrong Product,2173.83
R10452,O139921,C106925,P1263,2026-06-21,Late Delivery,5013.78
R10453,O149244,C106434,P1478,2025-09-27,Late Delivery,13065.56
R10454,O133067,C106331,P1451,2026-04-23,Changed Mind,9064.42
R10455,O150801,C108991,P1368,2025-04-06,Damaged Product,6242.32
R10456,O142036,C101038,P1083,2025-05-16,Wrong Product,8508.81
R10457,O128292,C102353,P1395,2025-03-30,Changed Mind,4249.62
R10458,O127551,C105055,P1046,2025-01-31,Late Delivery,7627.41
R10459,O135645,C104017,P1019,2025-07-16,Wrong Product,5417.24
R10460,O101960,C102333,P1351,2026-05-28,Changed Mind,10932.0
R10461,O106987,C103994,P1312,2025-12-21,Late Delivery,4220.12
R10462,O146871,C109376,P1168,2025-06-09,Quality Issue,3282.51
R10463,O150648,C108365,P1378,2025-03-15,Late Delivery,2460.89
R10464,O136422,C107452,P1012,2026-02-09,Quality Issue,5980.9
R10465,O134080,C109204,P1448,2025-10-14,Damaged Product,882.56
R10466,O122833,C105900,P1211,2025-04-04,Changed Mind,18281.7
R10467,O152808,C101404,P1454,2026-05-07,Late Delivery,6245.12
R10468,O105285,C107528,P1176,2025-06-29,Late Delivery,25876.72
R10469,O159247,C102873,P1354,2025-02-23,Changed Mind,6838.44
R10470,O116890,C102373,P1476,2025-02-07,Changed Mind,5756.65
R10471,O153702,C104988,P1452,2025-02-16,Quality Issue,3626.98
R10472,O123981,C103714,P1332,2026-04-15,Damaged Product,11673.33
R10473,O157732,C100993,P1322,2025-09-14,Quality Issue,4714.47
R10474,O159438,C107426,P1275,2025-12-10,Damaged Product,4006.92
R10475,O124583,C102112,P1000,2026-04-23,Changed Mind,16719.34
R10476,O107898,C104784,P1179,2026-01-22,Late Delivery,4635.66
R10477,O143491,C100692,P1416,2026-04-20,Damaged Product,15076.39
R10478,O102210,C104001,P1185,2026-02-01,Late Delivery,1339.73
R10479,O134337,C101559,P1395,2025-08-29,Quality Issue,1118.32
R10480,O142728,C107379,P1157,2026-04-08,Quality Issue,2603.56
R10481,O141915,C103283,P1464,2025-05-31,Changed Mind,4446.26
R10482,O127353,C107799,P1136,2025-12-19,Changed Mind,803.78
R10483,O106044,C102052,P1050,2025-02-10,Late Delivery,4329.07
R10484,O151560,C102754,P1237,2026-01-04,Changed Mind,2757.02
R10485,O142993,C104971,P1222,2025-01-23,Wrong Product,368.14
R10486,O130600,C105103,P1183,2025-12-28,Damaged Product,6001.36
R10487,O105860,C101953,P1493,2026-06-05,Late Delivery,1559.24
R10488,O111704,C102886,P1450,2026-05-17,Damaged Product,16922.34
R10489,O144252,C106678,P1214,2025-04-27,Wrong Product,12035.52
R10490,O101232,C100358,P1336,2025-05-27,Quality Issue,890.14
R10491,O101461,C105788,P1204,2025-08-18,Changed Mind,24513.52
R10492,O122614,C105036,P1428,2026-03-23,Changed Mind,1266.76
R10493,O111522,C105014,P1473,2026-01-31,Quality Issue,7168.61
R10494,O124610,C107155,P1058,2026-04-14,Changed Mind,1368.33
R10495,O120637,C102268,P1106,2026-01-22,Wrong Product,3738.66
R10496,O151140,C103657,P1303,2026-05-13,Late Delivery,11984.06
R10497,O105179,C107331,P1196,2026-05-02,Changed Mind,11654.9
R10498,O114004,C100816,P1040,2026-02-20,Wrong Product,15378.2
R10499,O148757,C100658,P1054,2025-11-01,Late Delivery,2589.02
R10500,O114427,C105241,P1026,2025-02-12,Damaged Product,3352.63
R10501,O141347,C104192,P1260,2025-08-13,Quality Issue,2589.64
R10502,O121704,C105270,P1381,2026-03-24,Wrong Product,4524.86
R10503,O121493,C100870,P1171,2026-05-12,Quality Issue,21020.87
R10504,O104490,C100515,P1080,2025-09-27,Wrong Product,9596.78
R10505,O127792,C106061,P1116,2025-07-28,Changed Mind,8275.2
R10506,O158288,C105664,P1468,2026-08-16,Damaged Product,2353.5
R10507,O104756,C107560,P1007,2025-08-22,Changed Mind,19550.04
R10508,O104849,C107368,P1223,2025-12-20,Wrong Product,7121.81
R10509,O153653,C109328,P1044,2026-01-19,Changed Mind,2651.99
R10510,O148240,C106999,P1298,2025-11-04,Changed Mind,7258.25
R10511,O120851,C109770,P1381,2026-03-18,Late Delivery,1197.76
R10512,O143929,C101395,P1425,2026-01-18,Late Delivery,5859.76
R10513,O158570,C109055,P1449,2025-04-25,Wrong Product,12316.18
R10514,O119620,C105027,P1196,2025-05-10,Quality Issue,9906.66
R10515,O131076,C100504,P1311,2026-06-13,Quality Issue,3440.54
R10516,O139898,C101635,P1163,2026-04-28,Damaged Product,2869.51
R10517,O113632,C108205,P1371,2025-05-03,Quality Issue,12901.96
R10518,O158404,C103064,P1206,2025-05-02,Quality Issue,10118.4
R10519,O155978,C102866,P1177,2026-05-20,Late Delivery,3077.23
R10520,O127327,C103606,P1004,2025-12-27,Changed Mind,21287.71
R10521,O101663,C100381,P1099,2025-10-20,Damaged Product,8416.64
R10522,O136017,C105043,P1105,2025-10-13,Late Delivery,7646.92
R10523,O117674,C101712,P1149,2025-10-10,Quality Issue,28305.63
R10524,O145844,C103301,P1232,2025-06-11,Late Delivery,24464.9
R10525,O125829,C108877,P1082,2026-01-22,Late Delivery,16859.82
R10526,O143962,C109272,P1277,2026-05-18,Wrong Product,13029.35
R10527,O104024,C109797,P1393,2025-12-07,Late Delivery,4006.95
R10528,O120718,C106081,P1041,2025-05-17,Changed Mind,7790.06
R10529,O125810,C109243,P1282,2025-07-02,Quality Issue,7765.26
R10530,O114899,C108429,P1109,2026-05-29,Late Delivery,987.44
R10531,O156297,C104464,P1074,2025-05-28,Changed Mind,2117.72
R10532,O101027,C101349,P1432,2025-07-23,Damaged Product,21554.55
R10533,O155713,C101085,P1043,2025-08-23,Late Delivery,1471.1
R10534,O130924,C103706,P1484,2025-07-25,Quality Issue,591.06
R10535,O137458,C102218,P1431,2026-07-14,Damaged Product,27376.26
R10536,O109767,C101905,P1152,2025-07-15,Damaged Product,5751.6
R10537,O123630,C106379,P1165,2025-10-23,Late Delivery,1430.35
R10538,O129479,C100102,P1120,2026-07-04,Changed Mind,2868.91
R10539,O100873,C104309,P1170,2025-03-07,Quality Issue,12132.48
R10540,O148548,C104363,P1385,2026-07-16,Wrong Product,11360.24
R10541,O113184,C103409,P1045,2025-06-24,Wrong Product,9985.8
R10542,O140127,C102204,P1478,2025-10-13,Changed Mind,18618.42
R10543,O111362,C108590,P1274,2025-03-02,Late Delivery,1856.54
R10544,O144376,C103293,P1386,2026-05-22,Late Delivery,8583.96
R10545,O143814,C105283,P1115,2025-01-15,Wrong Product,3719.16
R10546,O101689,C109430,P1061,2026-02-25,Changed Mind,13916.52
R10547,O154416,C105456,P1091,2025-05-14,Damaged Product,1639.98
R10548,O124019,C109755,P1356,2025-12-29,Late Delivery,13036.23
R10549,O155383,C101639,P1382,2026-02-08,Wrong Product,6576.7
R10550,O100733,C101008,P1476,2025-11-01,Wrong Product,4797.21
R10551,O156552,C108443,P1417,2026-06-12,Quality Issue,14911.52
R10552,O131652,C107942,P1289,2025-08-07,Changed Mind,2793.82
R10553,O148118,C108171,P1234,2025-03-27,Quality Issue,9186.65
R10554,O143212,C100862,P1307,2025-07-11,Quality Issue,5047.73
R10555,O148432,C100535,P1058,2026-02-13,Changed Mind,4874.67
R10556,O138993,C105118,P1148,2026-02-18,Changed Mind,14296.71
R10557,O109462,C102050,P1367,2025-06-02,Damaged Product,1348.18
R10558,O111524,C103860,P1336,2025-09-26,Quality Issue,2670.41
R10559,O126003,C108924,P1242,2025-11-06,Damaged Product,8818.58
R10560,O145977,C107194,P1016,2025-06-10,Damaged Product,2245.87
R10561,O118645,C106698,P1122,2025-09-07,Damaged Product,13189.46
R10562,O102460,C102170,P1156,2026-03-27,Late Delivery,6808.72
R10563,O105531,C102505,P1474,2026-01-14,Damaged Product,10073.03
R10564,O124482,C100857,P1234,2025-06-04,Damaged Product,8703.14
R10565,O102734,C104995,P1399,2025-04-29,Late Delivery,10722.22
R10566,O110412,C106595,P1306,2026-06-30,Wrong Product,12737.88
R10567,O121474,C107299,P1247,2026-06-29,Wrong Product,4225.26
R10568,O109727,C108621,P1458,2025-08-15,Damaged Product,2813.92
R10569,O111948,C104770,P1181,2025-07-16,Quality Issue,15954.07
R10570,O139887,C108385,P1428,2025-07-02,Wrong Product,570.04
R10571,O126218,C106053,P1182,2025-10-19,Changed Mind,1186.5
R10572,O148537,C106984,P1017,2025-09-14,Wrong Product,6931.14
R10573,O145184,C105945,P1016,2025-12-27,Wrong Product,7486.23
R10574,O132574,C102887,P1418,2026-02-12,Damaged Product,3647.94
R10575,O132682,C103205,P1490,2025-09-28,Damaged Product,577.7
R10576,O140994,C108758,P1194,2025-07-20,Quality Issue,1537.48
R10577,O102666,C100857,P1464,2025-04-23,Quality Issue,2223.13
R10578,O141299,C108866,P1303,2025-04-01,Changed Mind,17976.1
R10579,O156286,C103382,P1093,2026-07-09,Quality Issue,8219.46
R10580,O137255,C106818,P1446,2026-02-01,Late Delivery,2801.81
R10581,O145699,C104320,P1318,2026-05-17,Changed Mind,18859.83
R10582,O122373,C109710,P1339,2025-09-27,Late Delivery,2805.04
R10583,O108240,C109218,P1033,2026-04-21,Wrong Product,22780.68
R10584,O106114,C105434,P1476,2025-06-29,Damaged Product,2718.42
R10585,O125035,C100398,P1147,2025-10-08,Damaged Product,6012.71
R10586,O144339,C102556,P1188,2025-09-25,Changed Mind,8314.39
R10587,O133054,C107375,P1338,2025-06-22,Wrong Product,26331.48
R10588,O136362,C109627,P1305,2025-04-11,Quality Issue,6624.7
R10589,O119287,C102235,P1001,2026-06-29,Late Delivery,4590.94
R10590,O109337,C107864,P1481,2026-05-02,Quality Issue,9037.24
R10591,O126975,C107129,P1220,2025-06-30,Damaged Product,5972.02
R10592,O146957,C108559,P1344,2026-07-26,Wrong Product,12722.88
R10593,O146590,C104752,P1089,2026-06-06,Late Delivery,1749.0
R10594,O128814,C103917,P1392,2026-08-15,Damaged Product,8171.26
R10595,O145141,C109400,P1220,2026-05-05,Late Delivery,2671.69
R10596,O142225,C107230,P1015,2025-12-31,Changed Mind,14119.08
R10597,O105469,C101965,P1146,2026-01-18,Damaged Product,11568.87
R10598,O140544,C106301,P1266,2026-03-19,Damaged Product,1786.7
R10599,O117482,C109912,P1019,2025-07-27,Damaged Product,18163.68
R10600,O100678,C100545,P1119,2026-08-16,Late Delivery,5439.96
R10601,O111371,C101091,P1176,2025-05-06,Changed Mind,16496.41
R10602,O119000,C108011,P1115,2026-01-13,Wrong Product,2370.96
R10603,O105678,C109651,P1026,2026-06-16,Quality Issue,6705.26
R10604,O140985,C108248,P1308,2025-07-10,Changed Mind,5282.52
R10605,O138850,C101031,P1298,2025-08-28,Late Delivery,2285.0
R10606,O127415,C100694,P1384,2026-06-13,Changed Mind,5073.76
R10607,O146751,C103719,P1048,2026-05-22,Wrong Product,23553.04
R10608,O103317,C109791,P1387,2026-04-07,Wrong Product,2309.58
R10609,O123792,C102835,P1451,2026-04-21,Wrong Product,18128.83
R10610,O120064,C104578,P1315,2026-05-22,Changed Mind,7452.24
R10611,O111488,C107366,P1318,2025-08-17,Quality Issue,21078.63
R10612,O104279,C108242,P1402,2026-04-06,Damaged Product,7024.71
R10613,O136774,C107508,P1156,2026-08-04,Changed Mind,3404.36
R10614,O147979,C107417,P1030,2026-04-27,Late Delivery,9896.43
R10615,O122430,C103885,P1083,2026-01-01,Changed Mind,7657.93
R10616,O137505,C100869,P1181,2025-03-22,Changed Mind,3778.6
R10617,O125524,C102079,P1279,2025-04-15,Changed Mind,19070.82
R10618,O156466,C107742,P1250,2025-03-16,Damaged Product,2492.5
R10619,O112680,C105738,P1309,2026-03-27,Wrong Product,4099.26
R10620,O112580,C105768,P1410,2026-01-20,Damaged Product,12349.64
R10621,O104775,C101472,P1290,2026-02-17,Quality Issue,722.92
R10622,O105084,C108052,P1033,2026-05-14,Late Delivery,17085.51
R10623,O131723,C103163,P1223,2026-03-27,Wrong Product,7496.64
R10624,O146610,C102594,P1073,2025-11-18,Wrong Product,2439.13
R10625,O101486,C103527,P1122,2025-05-07,Damaged Product,20825.46
R10626,O137365,C107014,P1162,2025-12-14,Quality Issue,2555.7
R10627,O132818,C100082,P1399,2026-08-31,Wrong Product,17870.36
R10628,O132801,C100183,P1411,2026-06-23,Late Delivery,8799.7
R10629,O111047,C104245,P1298,2026-05-18,Late Delivery,2688.24
R10630,O111937,C107321,P1165,2026-06-30,Damaged Product,2119.04
R10631,O110379,C101551,P1185,2025-10-08,Wrong Product,4763.49
R10632,O143999,C102022,P1368,2026-03-05,Quality Issue,9363.48
R10633,O149330,C104029,P1029,2025-11-13,Late Delivery,7986.63
R10634,O150094,C102604,P1062,2025-11-11,Quality Issue,4934.65
R10635,O111159,C108176,P1364,2025-08-20,Late Delivery,29950.72
R10636,O130148,C101058,P1016,2025-09-19,Late Delivery,4741.28
R10637,O106254,C106941,P1013,2026-03-31,Wrong Product,7260.84
R10638,O124571,C108807,P1093,2026-03-20,Damaged Product,14795.03
R10639,O133614,C105915,P1236,2025-11-10,Damaged Product,2656.75
R10640,O156848,C104429,P1198,2026-03-12,Damaged Product,12404.7
R10641,O136625,C104564,P1195,2025-07-17,Quality Issue,2262.34
R10642,O119497,C103893,P1059,2025-04-12,Wrong Product,7944.93
R10643,O101459,C101131,P1038,2025-05-29,Quality Issue,3146.09
R10644,O157132,C107413,P1451,2025-04-19,Late Delivery,10664.02
R10645,O139244,C109695,P1018,2026-06-12,Quality Issue,14854.92
R10646,O117220,C107269,P1468,2025-06-01,Changed Mind,6354.45
R10647,O105525,C106909,P1462,2025-11-12,Quality Issue,13435.93
R10648,O137327,C109648,P1463,2025-11-25,Wrong Product,16103.77
R10649,O134598,C108769,P1453,2026-02-28,Changed Mind,4740.96
R10650,O119381,C109060,P1320,2026-03-20,Changed Mind,8288.0
R10651,O104959,C104957,P1015,2026-06-16,Quality Issue,4967.83
R10652,O125172,C104432,P1387,2025-10-04,Late Delivery,9238.32
R10653,O158195,C100031,P1392,2025-08-26,Quality Issue,3881.35
R10654,O156255,C102615,P1006,2026-01-30,Wrong Product,17424.91
R10655,O112971,C101218,P1394,2025-09-24,Damaged Product,5224.92
R10656,O155436,C102433,P1347,2025-04-10,Quality Issue,9556.6
R10657,O158803,C109391,P1309,2025-07-05,Wrong Product,4099.26
R10658,O116479,C100339,P1007,2025-11-04,Wrong Product,14662.53
R10659,O136074,C101199,P1327,2025-11-27,Late Delivery,6391.89
R10660,O134659,C104512,P1232,2026-02-13,Changed Mind,21586.68
R10661,O106788,C104798,P1201,2026-06-07,Wrong Product,7126.27
R10662,O157958,C101622,P1317,2026-02-27,Changed Mind,14286.78
R10663,O146248,C107144,P1469,2026-04-11,Damaged Product,10762.78
R10664,O142735,C102585,P1259,2026-06-06,Late Delivery,26880.62
R10665,O111126,C104122,P1154,2025-02-03,Late Delivery,3357.72
R10666,O147610,C105589,P1130,2026-02-03,Wrong Product,8774.89
R10667,O101158,C109942,P1414,2026-04-20,Quality Issue,3133.35
R10668,O114255,C103030,P1313,2026-01-12,Late Delivery,12039.66
R10669,O154514,C105842,P1214,2025-11-15,Wrong Product,24071.04
R10670,O101098,C109915,P1227,2025-12-22,Late Delivery,4929.28
R10671,O134646,C108142,P1246,2025-12-23,Changed Mind,10401.22
R10672,O125978,C104707,P1472,2025-09-10,Changed Mind,12127.57
R10673,O145546,C104226,P1418,2025-06-23,Damaged Product,8663.85
R10674,O150940,C106333,P1208,2026-05-18,Late Delivery,9339.32
R10675,O156947,C109954,P1246,2026-02-16,Quality Issue,2925.34
R10676,O147503,C106123,P1087,2026-01-03,Quality Issue,4951.47
R10677,O117806,C104468,P1395,2025-06-22,Changed Mind,4473.28
R10678,O156558,C108778,P1221,2025-03-08,Wrong Product,2231.88
R10679,O147624,C108494,P1068,2026-02-14,Wrong Product,4710.87
R10680,O153322,C106681,P1391,2025-01-31,Wrong Product,6492.45
R10681,O119281,C105435,P1264,2026-03-03,Wrong Product,12918.02
R10682,O101566,C103773,P1337,2025-09-04,Wrong Product,10819.77
R10683,O121216,C102700,P1412,2026-01-11,Wrong Product,10722.06
R10684,O143082,C102575,P1187,2025-05-13,Wrong Product,5543.27
R10685,O156444,C105325,P1099,2025-03-04,Late Delivery,13326.34
R10686,O135370,C102716,P1130,2025-06-05,Quality Issue,19614.46
R10687,O128845,C104863,P1136,2026-05-28,Quality Issue,3782.48
R10688,O107445,C103405,P1183,2026-05-11,Wrong Product,6668.18
R10689,O136040,C105825,P1016,2026-05-05,Quality Issue,4990.82
R10690,O148154,C104304,P1404,2025-10-22,Changed Mind,6248.41
R10691,O118234,C104152,P1084,2025-07-11,Damaged Product,2266.84
R10692,O121355,C104954,P1156,2026-07-24,Quality Issue,3404.36
R10693,O113492,C105835,P1074,2026-02-01,Changed Mind,705.91
R10694,O156995,C101971,P1319,2025-05-06,Changed Mind,2665.41
R10695,O139493,C109288,P1440,2025-07-23,Changed Mind,8337.06
R10696,O105127,C103921,P1066,2026-03-17,Changed Mind,3461.72
R10697,O129784,C104083,P1484,2026-04-10,Wrong Product,660.6
R10698,O125779,C106498,P1158,2026-07-01,Wrong Product,2930.02
R10699,O126230,C103059,P1177,2025-12-04,Quality Issue,3654.21
R10700,O124528,C103024,P1425,2025-06-05,Late Delivery,4394.82
R10701,O159720,C108055,P1018,2026-07-08,Damaged Product,10027.07
R10702,O127616,C103486,P1370,2025-08-04,Wrong Product,27828.8
R10703,O102583,C107174,P1249,2025-08-19,Wrong Product,4085.52
R10704,O128868,C107584,P1199,2025-11-21,Changed Mind,19564.64
R10705,O119777,C100860,P1371,2026-06-20,Quality Issue,8225.0
R10706,O115335,C105150,P1415,2025-09-13,Damaged Product,2204.64
R10707,O136100,C102134,P1350,2026-03-30,Changed Mind,17981.96
R10708,O121868,C108935,P1383,2025-05-20,Quality Issue,4857.02
R10709,O156867,C106887,P1299,2025-06-23,Wrong Product,12180.98
R10710,O140708,C109630,P1308,2025-03-25,Late Delivery,7923.78
R10711,O142789,C105387,P1439,2025-10-27,Changed Mind,3899.68
R10712,O123579,C100218,P1085,2025-03-07,Wrong Product,2107.35
R10713,O108966,C101764,P1175,2026-02-04,Quality Issue,7260.24
R10714,O116883,C107883,P1244,2025-04-03,Changed Mind,3673.14
R10715,O114125,C102716,P1391,2026-02-04,Changed Mind,6834.16
R10716,O131841,C107251,P1366,2025-09-05,Late Delivery,3871.52
R10717,O132514,C101482,P1033,2025-11-19,Changed Mind,17085.51
R10718,O114991,C102515,P1289,2026-03-24,Wrong Product,2646.77
R10719,O130299,C105659,P1068,2026-04-02,Quality Issue,10468.6
R10720,O100284,C105091,P1416,2025-03-05,Damaged Product,8992.93
R10721,O125383,C102420,P1473,2025-07-11,Late Delivery,7566.86
R10722,O138416,C103710,P1045,2025-11-13,Changed Mind,7007.58
R10723,O107165,C108560,P1478,2026-06-19,Wrong Product,26131.12
R10724,O119524,C106929,P1398,2026-01-21,Quality Issue,9418.74
R10725,O111836,C104259,P1446,2025-06-14,Wrong Product,10646.88
R10726,O100118,C102368,P1143,2025-02-28,Quality Issue,5687.43
R10727,O103346,C107881,P1004,2025-01-03,Changed Mind,16806.09
R10728,O156230,C102223,P1076,2025-11-19,Wrong Product,3376.21
R10729,O155517,C107726,P1041,2025-05-13,Quality Issue,9932.33
R10730,O147286,C100515,P1001,2025-11-08,Damaged Product,6197.77
R10731,O156395,C102529,P1138,2026-08-27,Damaged Product,4026.27
R10732,O116124,C100591,P1339,2026-01-04,Wrong Product,10659.15
R10733,O106939,C101118,P1085,2026-07-25,Wrong Product,495.85
R10734,O147329,C103850,P1444,2025-03-13,Wrong Product,4753.19
R10735,O147992,C104765,P1297,2026-04-26,Late Delivery,8090.12
R10736,O104268,C109311,P1395,2025-09-12,Wrong Product,1118.32
R10737,O100484,C101593,P1073,2025-10-24,Damaged Product,12195.64
R10738,O101321,C106176,P1107,2025-11-23,Changed Mind,5131.14
R10739,O134940,C108546,P1225,2025-12-03,Damaged Product,7947.04
R10740,O151780,C109248,P1032,2026-04-15,Late Delivery,13304.04
R10741,O107800,C109850,P1383,2025-02-10,Changed Mind,14571.06
R10742,O115413,C104479,P1241,2025-11-19,Quality Issue,6454.96
R10743,O139505,C103030,P1074,2025-09-21,Wrong Product,1411.81
R10744,O123667,C103982,P1199,2026-03-22,Quality Issue,9782.32
R10745,O127590,C100626,P1404,2026-07-10,Damaged Product,13885.36
R10746,O157367,C107742,P1249,2025-06-10,Wrong Product,5821.87
R10747,O138047,C103490,P1345,2025-07-16,Changed Mind,6035.58
R10748,O132678,C104338,P1356,2026-01-25,Wrong Product,6518.12
R10749,O138736,C107365,P1136,2026-07-29,Quality Issue,3782.48
R10750,O157255,C101018,P1091,2026-03-25,Late Delivery,4427.95
R10751,O130610,C106397,P1485,2025-11-18,Changed Mind,5486.06
R10752,O125714,C102881,P1057,2025-11-22,Damaged Product,1644.98
R10753,O149976,C103361,P1111,2025-09-22,Wrong Product,5648.13
R10754,O149941,C106905,P1160,2025-08-27,Late Delivery,12878.01
R10755,O142551,C103603,P1185,2026-03-14,Changed Mind,4465.77
R10756,O139143,C101365,P1155,2026-01-04,Wrong Product,2829.32
R10757,O109024,C107127,P1229,2025-02-02,Wrong Product,4284.03
R10758,O150695,C106649,P1107,2026-04-08,Damaged Product,6157.37
R10759,O159655,C109287,P1112,2025-05-03,Wrong Product,29521.08
R10760,O141039,C103369,P1349,2025-02-07,Changed Mind,2552.55
R10761,O128489,C103481,P1492,2025-11-20,Wrong Product,17854.56
R10762,O110929,C101978,P1082,2025-12-20,Wrong Product,19835.08
R10763,O150803,C106752,P1302,2025-11-02,Late Delivery,13333.85
R10764,O103404,C101908,P1281,2026-06-29,Wrong Product,12144.44
R10765,O150116,C103518,P1311,2026-03-02,Quality Issue,4128.65
R10766,O144811,C103785,P1227,2026-05-30,Changed Mind,17745.41
R10767,O103396,C102330,P1417,2025-10-22,Wrong Product,14126.71
R10768,O140962,C100344,P1290,2025-05-07,Wrong Product,975.94
R10769,O106219,C101444,P1135,2026-01-02,Changed Mind,4180.56
R10770,O159197,C109577,P1368,2025-12-17,Quality Issue,5618.09
R10771,O101350,C103509,P1147,2026-04-05,Damaged Product,10610.67
R10772,O143747,C104121,P1025,2025-09-16,Damaged Product,10438.87
R10773,O147097,C100280,P1255,2025-08-04,Changed Mind,1234.97
R10774,O143613,C104683,P1099,2025-03-09,Changed Mind,14027.73
R10775,O136763,C102630,P1100,2025-01-30,Late Delivery,5022.28
R10776,O135680,C103533,P1412,2026-01-24,Quality Issue,9029.1
R10777,O107440,C101326,P1252,2026-04-24,Wrong Product,5823.52
R10778,O143179,C106547,P1152,2025-10-22,Late Delivery,2875.8
R10779,O152450,C107614,P1001,2026-09-01,Quality Issue,2180.7
R10780,O150628,C104505,P1140,2026-03-29,Late Delivery,6938.64
R10781,O127806,C101447,P1295,2025-12-09,Quality Issue,14023.34
R10782,O134573,C106524,P1013,2025-09-09,Wrong Product,5378.4
R10783,O155696,C103461,P1467,2025-02-21,Damaged Product,4275.64
R10784,O119969,C100447,P1184,2025-07-12,Changed Mind,3751.47
R10785,O115741,C100777,P1069,2025-07-12,Wrong Product,3784.57
R10786,O152939,C102933,P1127,2026-08-09,Quality Issue,12130.18
R10787,O108462,C107144,P1299,2026-08-26,Quality Issue,24361.96
R10788,O100448,C108040,P1344,2025-11-16,Quality Issue,14313.24
R10789,O136258,C105252,P1477,2026-01-02,Wrong Product,21404.66
R10790,O151517,C100542,P1171,2025-03-19,Late Delivery,15765.66
R10791,O113623,C108437,P1271,2025-07-24,Wrong Product,12521.08
R10792,O134704,C107110,P1317,2025-02-23,Quality Issue,16807.98
R10793,O125072,C109849,P1289,2026-04-03,Late Delivery,2940.86
R10794,O129596,C108845,P1112,2026-05-28,Damaged Product,14760.54
R10795,O138059,C101388,P1112,2025-08-11,Quality Issue,14760.54
R10796,O127362,C100507,P1470,2025-04-21,Quality Issue,3705.9
R10797,O114689,C106457,P1382,2025-05-31,Changed Mind,5590.2
R10798,O109602,C105800,P1305,2025-09-28,Late Delivery,14721.56
R10799,O131496,C100536,P1319,2025-04-14,Changed Mind,2822.2
R10800,O141478,C102639,P1483,2026-03-09,Late Delivery,948.96
R10801,O152770,C103783,P1228,2025-05-13,Changed Mind,3001.64
R10802,O104147,C104346,P1086,2025-10-05,Quality Issue,5763.94
R10803,O152707,C107167,P1069,2025-07-03,Wrong Product,3595.34
R10804,O115903,C106016,P1221,2026-01-25,Quality Issue,2120.29
R10805,O145031,C102972,P1173,2026-06-07,Wrong Product,4088.81
R10806,O124803,C100069,P1247,2026-02-05,Changed Mind,4014.0
R10807,O108972,C108057,P1316,2026-04-09,Late Delivery,4490.18
R10808,O151792,C103416,P1241,2025-07-24,Wrong Product,2264.9
R10809,O148412,C101942,P1071,2026-07-19,Wrong Product,26318.64
R10810,O137802,C103273,P1344,2026-06-04,Changed Mind,5036.14
R10811,O131681,C101706,P1155,2026-06-25,Changed Mind,5658.64
R10812,O139422,C108487,P1499,2025-06-23,Changed Mind,1922.55
R10813,O136585,C100100,P1092,2026-05-28,Damaged Product,27850.18
R10814,O109027,C108525,P1020,2026-07-24,Wrong Product,19557.33
R10815,O148904,C106525,P1230,2025-08-25,Quality Issue,1903.51
R10816,O126920,C100066,P1388,2026-05-14,Wrong Product,8872.84
R10817,O127195,C105393,P1054,2026-03-16,Damaged Product,11506.76
R10818,O147172,C105853,P1169,2025-11-19,Late Delivery,8884.22
R10819,O103860,C108899,P1367,2025-06-21,Quality Issue,1348.18
R10820,O134380,C109242,P1114,2026-07-02,Damaged Product,12974.07
R10821,O147020,C107721,P1039,2025-07-31,Late Delivery,4182.38
R10822,O120052,C101044,P1079,2025-08-29,Late Delivery,3926.0
R10823,O128524,C109562,P1265,2025-05-11,Quality Issue,4324.15
R10824,O154240,C104707,P1354,2025-12-10,Changed Mind,8045.22
R10825,O150396,C104622,P1251,2026-04-21,Quality Issue,11037.71
R10826,O156036,C103661,P1433,2025-09-14,Quality Issue,2924.24
R10827,O134826,C109719,P1272,2025-07-16,Wrong Product,2215.48
R10828,O150667,C105194,P1188,2026-07-26,Late Delivery,5542.93
R10829,O106906,C106183,P1265,2025-01-23,Damaged Product,4324.15
R10830,O128507,C103540,P1453,2026-07-12,Wrong Product,4241.91
R10831,O130641,C109952,P1197,2026-07-23,Damaged Product,6607.24
R10832,O118027,C109345,P1038,2025-06-14,Changed Mind,1165.22
R10833,O101201,C105930,P1007,2026-09-01,Late Delivery,15640.03
R10834,O138499,C104043,P1008,2025-05-19,Late Delivery,4274.46
R10835,O154491,C107610,P1181,2025-03-17,Quality Issue,6717.5
R10836,O104523,C100701,P1226,2025-08-08,Quality Issue,15613.21
R10837,O111759,C100979,P1276,2025-05-13,Wrong Product,6858.4
R10838,O156845,C107897,P1121,2026-05-16,Late Delivery,2509.4
R10839,O106528,C106945,P1342,2026-07-29,Changed Mind,2517.7
R10840,O158693,C101376,P1415,2026-03-17,Late Delivery,2755.8
R10841,O100305,C104676,P1341,2025-06-11,Quality Issue,9056.28
R10842,O138535,C105124,P1036,2025-12-07,Late Delivery,3531.33
R10843,O123632,C101380,P1050,2025-11-03,Wrong Product,15493.53
R10844,O145335,C103172,P1391,2025-11-19,Changed Mind,6834.16
R10845,O132333,C105957,P1059,2026-06-07,Wrong Product,4965.58
R10846,O129001,C103321,P1028,2026-03-14,Changed Mind,17488.2
R10847,O101061,C106051,P1278,2026-01-30,Damaged Product,10386.02
R10848,O132106,C108131,P1451,2025-04-03,Wrong Product,18128.83
R10849,O100261,C103366,P1182,2026-04-13,Changed Mind,3781.98
R10850,O121552,C108852,P1224,2026-05-13,Late Delivery,1654.31
R10851,O135603,C105976,P1449,2026-03-04,Damaged Product,10468.75
R10852,O131660,C102193,P1037,2026-03-04,Damaged Product,14492.7
R10853,O156322,C106386,P1411,2025-05-14,Quality Issue,9262.84
R10854,O145613,C103832,P1115,2025-12-29,Wrong Product,929.79
R10855,O113064,C106716,P1368,2025-01-30,Wrong Product,3121.16
R10856,O147341,C109762,P1067,2025-11-24,Changed Mind,5030.75
R10857,O136065,C104429,P1299,2025-04-06,Late Delivery,15530.75
R10858,O105566,C101743,P1475,2026-04-03,Wrong Product,10257.66
R10859,O122741,C103329,P1296,2026-04-16,Wrong Product,5225.28
R10860,O120285,C101375,P1316,2026-08-12,Damaged Product,4265.67
R10861,O130517,C109131,P1423,2025-10-27,Quality Issue,2119.11
R10862,O115429,C100668,P1117,2025-11-04,Wrong Product,21682.84
R10863,O155410,C108204,P1031,2025-07-01,Quality Issue,18002.32
R10864,O132331,C109494,P1164,2026-08-11,Late Delivery,6169.54
R10865,O137452,C109007,P1359,2025-03-06,Changed Mind,15068.95
R10866,O116985,C103619,P1344,2026-07-18,Damaged Product,21204.8
R10867,O137454,C106442,P1358,2026-02-15,Quality Issue,7592.4
R10868,O126016,C105539,P1082,2026-06-03,Changed Mind,19835.08
R10869,O158772,C105224,P1365,2025-10-08,Changed Mind,3420.03
R10870,O142643,C101412,P1205,2025-02-06,Quality Issue,9056.75
R10871,O150003,C108965,P1426,2026-05-19,Quality Issue,5395.62
R10872,O121287,C109379,P1438,2025-10-17,Changed Mind,6008.37
R10873,O103967,C103295,P1014,2026-02-12,Wrong Product,8113.74
R10874,O122665,C104151,P1190,2025-04-22,Damaged Product,11620.97
R10875,O150875,C106155,P1315,2025-04-24,Changed Mind,12551.14
R10876,O119658,C103037,P1491,2025-05-03,Damaged Product,7279.41
R10877,O133289,C100429,P1459,2025-05-28,Changed Mind,435.84
R10878,O156096,C108667,P1116,2026-08-15,Damaged Product,4137.6
R10879,O139259,C109985,P1190,2025-09-25,Quality Issue,6116.3
R10880,O122008,C102898,P1359,2026-06-17,Wrong Product,17976.99
R10881,O158639,C105248,P1103,2025-11-20,Wrong Product,8339.01
R10882,O106470,C106780,P1490,2025-10-13,Changed Mind,1824.33
R10883,O110218,C103180,P1408,2026-04-06,Quality Issue,19325.11
R10884,O118465,C105385,P1297,2026-01-31,Quality Issue,2022.53
R10885,O146677,C105580,P1179,2025-09-20,Changed Mind,6953.49
R10886,O154652,C101695,P1366,2026-02-11,Damaged Product,3871.52
R10887,O105295,C105789,P1432,2025-09-24,Quality Issue,24428.49
R10888,O110146,C100940,P1075,2025-12-31,Late Delivery,12251.61
R10889,O129637,C106904,P1372,2026-06-15,Quality Issue,5032.7
R10890,O110361,C106984,P1085,2025-07-07,Late Delivery,2107.35
R10891,O119744,C109282,P1152,2026-01-04,Damaged Product,5751.6
R10892,O140405,C105910,P1063,2026-01-14,Quality Issue,7616.8
R10893,O155510,C109193,P1185,2025-09-17,Changed Mind,4242.48
R10894,O156056,C104945,P1433,2025-05-28,Wrong Product,2339.39
R10895,O115786,C101078,P1371,2025-02-16,Quality Issue,5483.33
R10896,O135739,C107425,P1074,2025-11-25,Wrong Product,2509.89
R10897,O139341,C107660,P1244,2025-05-28,Late Delivery,1163.16
R10898,O104130,C102713,P1203,2025-09-19,Late Delivery,15561.15
R10899,O137554,C103634,P1390,2025-12-13,Late Delivery,16431.94
R10900,O127679,C100563,P1471,2026-01-02,Damaged Product,3147.34
R10901,O155321,C102047,P1315,2025-09-30,Wrong Product,7844.46
R10902,O121992,C100244,P1005,2025-10-08,Quality Issue,1086.21
R10903,O153599,C100028,P1098,2025-09-27,Quality Issue,3093.0
R10904,O116619,C106435,P1356,2026-04-21,Wrong Product,7242.35
R10905,O101997,C105687,P1093,2026-06-20,Late Delivery,12329.19
R10906,O110207,C101678,P1311,2026-06-22,Late Delivery,1462.23
R10907,O130095,C109975,P1381,2026-07-23,Late Delivery,1330.84
R10908,O124447,C105978,P1148,2025-08-10,Quality Issue,9029.5
R10909,O130544,C101630,P1211,2025-04-16,Wrong Product,18281.7
R10910,O157828,C107961,P1468,2025-03-24,Quality Issue,1882.8
R10911,O131955,C100417,P1401,2026-08-05,Wrong Product,2387.72
R10912,O106612,C107173,P1113,2025-06-16,Late Delivery,15716.16
R10913,O141458,C105922,P1276,2025-04-30,Changed Mind,12192.7
R10914,O154048,C108451,P1258,2026-02-04,Late Delivery,478.24
R10915,O110156,C103018,P1218,2025-11-15,Wrong Product,11563.24
R10916,O111008,C106862,P1499,2025-02-19,Damaged Product,3392.73
R10917,O122613,C109226,P1232,2025-08-24,Quality Issue,12952.01
R10918,O127909,C103302,P1365,2026-01-04,Changed Mind,6840.06
R10919,O121714,C102466,P1162,2026-03-02,Late Delivery,10222.8
R10920,O157965,C105122,P1436,2025-03-19,Changed Mind,1815.02
R10921,O130258,C107015,P1281,2025-12-17,Wrong Product,5768.61
R10922,O150106,C105463,P1353,2025-12-04,Damaged Product,4812.63
R10923,O146887,C109421,P1077,2026-07-26,Quality Issue,27077.8
R10924,O148950,C102703,P1053,2026-02-12,Damaged Product,17089.1
R10925,O102774,C102985,P1464,2026-08-17,Damaged Product,8003.27
R10926,O131626,C108392,P1472,2025-02-04,Quality Issue,6063.79
R10927,O133481,C108708,P1383,2025-04-30,Changed Mind,9714.04
R10928,O101063,C104483,P1002,2025-04-09,Damaged Product,20512.8
R10929,O101188,C104177,P1201,2026-06-11,Changed Mind,5938.56
R10930,O144336,C108285,P1187,2025-07-12,Damaged Product,8695.32
R10931,O115594,C107560,P1222,2026-04-22,Wrong Product,1398.93
R10932,O114537,C103065,P1067,2026-05-10,Quality Issue,15092.25
R10933,O138217,C104961,P1344,2026-06-24,Late Delivery,10602.4
R10934,O157625,C106684,P1077,2026-01-28,Quality Issue,28582.12
R10935,O132622,C101019,P1235,2025-09-19,Wrong Product,4872.51
R10936,O159540,C102222,P1194,2026-04-12,Damaged Product,2427.6
R10937,O103206,C109456,P1156,2026-07-23,Changed Mind,3234.14
R10938,O104025,C107108,P1408,2025-10-08,Wrong Product,12205.33
R10939,O100814,C106641,P1061,2025-07-13,Changed Mind,4638.84
R10940,O150714,C102158,P1390,2026-06-27,Damaged Product,25775.6
R10941,O106466,C109657,P1104,2026-03-24,Quality Issue,17201.96
R10942,O154902,C106232,P1381,2026-08-11,Quality Issue,2661.68
R10943,O153726,C106833,P1484,2025-12-28,Changed Mind,695.37
R10944,O136789,C104680,P1442,2025-06-16,Wrong Product,7601.62
R10945,O116387,C101779,P1201,2025-01-24,Late Delivery,7126.27
R10946,O159580,C108195,P1052,2025-11-25,Wrong Product,9554.38
R10947,O139490,C100874,P1320,2025-09-08,Wrong Product,2072.0
R10948,O111561,C100899,P1486,2025-05-02,Late Delivery,21775.18
R10949,O159950,C108329,P1032,2026-01-20,Damaged Product,3769.48
R10950,O143386,C104016,P1372,2025-11-05,Changed Mind,4026.16
R10951,O103123,C106367,P1140,2025-12-05,Damaged Product,6591.71
R10952,O114861,C102552,P1395,2025-06-24,Damaged Product,1118.32
R10953,O156832,C108250,P1306,2026-06-16,Damaged Product,16134.65
R10954,O106206,C101016,P1186,2026-07-04,Damaged Product,3624.1
R10955,O135956,C105791,P1304,2026-06-27,Quality Issue,2623.49
R10956,O127971,C104077,P1411,2026-06-30,Quality Issue,6599.77
R10957,O156370,C106661,P1146,2026-06-04,Late Delivery,13610.44
R10958,O110692,C109585,P1432,2026-02-13,Wrong Product,12932.73
R10959,O124245,C104100,P1299,2025-09-02,Changed Mind,12180.98
R10960,O137897,C109694,P1453,2025-04-06,Damaged Product,4740.96
R10961,O134507,C101518,P1233,2025-07-25,Damaged Product,3713.0
R10962,O143906,C109004,P1210,2026-02-27,Late Delivery,7908.37
R10963,O110797,C101303,P1054,2025-05-12,Wrong Product,2732.86
R10964,O111629,C103768,P1016,2026-01-06,Damaged Product,4990.82
R10965,O141158,C102625,P1119,2026-01-22,Damaged Product,2719.98
R10966,O149753,C101201,P1024,2026-01-24,Wrong Product,4827.03
R10967,O142778,C106484,P1096,2025-02-09,Wrong Product,20676.88
R10968,O120240,C105172,P1146,2025-10-06,Late Delivery,2722.09
R10969,O118378,C101248,P1099,2025-08-14,Damaged Product,8416.64
R10970,O106656,C103093,P1034,2026-02-03,Changed Mind,6157.04
R10971,O117946,C104926,P1206,2026-07-07,Late Delivery,15177.6
R10972,O119113,C107182,P1015,2026-03-31,Wrong Product,4706.36
R10973,O113889,C100168,P1244,2025-07-03,Changed Mind,3305.83
R10974,O159628,C106222,P1173,2026-04-15,Damaged Product,1434.67
R10975,O126461,C107679,P1242,2025-11-19,Changed Mind,2088.61
R10976,O148207,C107986,P1178,2025-08-20,Quality Issue,6329.47
R10977,O102328,C106343,P1183,2025-05-14,Damaged Product,6001.36
R10978,O130425,C103889,P1216,2025-07-10,Quality Issue,4124.03
R10979,O151105,C102128,P1177,2025-04-06,Changed Mind,5769.81
R10980,O133544,C108691,P1167,2025-03-09,Damaged Product,19391.48
R10981,O141869,C100186,P1382,2026-03-07,Quality Issue,6247.86
R10982,O144112,C100109,P1058,2025-01-10,Damaged Product,3078.74
R10983,O140415,C106465,P1484,2026-01-07,Wrong Product,556.3
R10984,O113615,C105576,P1168,2026-01-17,Damaged Product,1846.41
R10985,O135262,C103861,P1338,2026-06-09,Late Delivery,6582.87
R10986,O141816,C107948,P1251,2026-04-24,Changed Mind,8176.08
R10987,O107600,C107672,P1193,2026-03-01,Damaged Product,13896.36
R10988,O121349,C101070,P1381,2026-02-28,Changed Mind,2661.68
R10989,O112845,C103007,P1026,2025-03-05,Quality Issue,10057.89
R10990,O127954,C102014,P1010,2026-07-15,Changed Mind,3872.16
R10991,O157052,C109097,P1136,2025-07-25,Quality Issue,3782.48
R10992,O151011,C103706,P1175,2025-02-28,Wrong Product,2178.07
R10993,O119581,C101870,P1039,2026-02-20,Late Delivery,6273.56
R10994,O131190,C109654,P1117,2025-10-19,Damaged Product,8030.68
R10995,O125719,C107606,P1230,2025-02-01,Late Delivery,2239.42
R10996,O155577,C108538,P1466,2025-10-06,Changed Mind,6156.4
R10997,O153196,C103658,P1024,2026-03-23,Changed Mind,4572.97
R10998,O134936,C109575,P1269,2025-12-19,Quality Issue,17535.44
R10999,O116301,C104738,P1054,2026-02-01,Late Delivery,10931.42
R11000,O101286,C109117,P1335,2025-04-19,Late Delivery,7426.08
R11001,O111357,C101656,P1478,2026-01-12,Quality Issue,13065.56
R11002,O146488,C103079,P1124,2025-08-16,Late Delivery,25324.76
R11003,O137547,C100612,P1049,2026-06-11,Damaged Product,6853.36
R11004,O118562,C100615,P1135,2025-06-24,Damaged Product,12541.68
R11005,O126225,C102978,P1109,2026-01-10,Wrong Product,1974.88
R11006,O145819,C107615,P1064,2025-04-19,Wrong Product,11554.24
R11007,O137291,C106679,P1032,2026-07-28,Late Delivery,8869.36
R11008,O117228,C103046,P1180,2025-05-12,Quality Issue,15410.98
R11009,O128962,C100986,P1097,2026-03-13,Damaged Product,2700.34
R11010,O106642,C105968,P1451,2025-07-16,Late Delivery,10130.82
R11011,O116111,C109300,P1229,2025-11-26,Quality Issue,16184.1
R11012,O140836,C103409,P1465,2025-09-12,Late Delivery,3247.43
R11013,O113559,C106033,P1008,2025-10-05,Damaged Product,3352.52
R11014,O135596,C104414,P1379,2025-01-23,Changed Mind,9389.36
R11015,O112122,C105000,P1028,2025-01-21,Wrong Product,14864.97
R11016,O147975,C106515,P1316,2025-06-09,Late Delivery,12123.49
R11017,O118985,C107240,P1430,2026-01-06,Quality Issue,1727.93
R11018,O111517,C106178,P1472,2026-03-22,Quality Issue,22907.64
R11019,O107389,C108619,P1246,2026-07-01,Late Delivery,6500.76
R11020,O103618,C100817,P1306,2025-04-30,Damaged Product,16983.84
R11021,O114842,C109562,P1027,2026-03-26,Damaged Product,10248.87
R11022,O146710,C103896,P1374,2026-05-12,Changed Mind,21922.62
R11023,O156162,C100512,P1056,2026-06-29,Damaged Product,4230.54
R11024,O154144,C102634,P1382,2025-10-21,Late Delivery,6576.7
R11025,O135275,C108924,P1265,2025-07-24,Changed Mind,12323.83
R11026,O138521,C103831,P1493,2025-06-27,Changed Mind,1559.24
R11027,O119646,C107935,P1084,2025-10-14,Changed Mind,1700.13
R11028,O124142,C105516,P1411,2025-03-19,Quality Issue,6599.77
R11029,O135129,C106856,P1315,2026-08-14,Wrong Product,22356.71
R11030,O151207,C105397,P1073,2025-02-13,Wrong Product,2591.57
R11031,O159176,C106811,P1429,2025-09-11,Wrong Product,3642.88
R11032,O134411,C104915,P1317,2026-01-20,Wrong Product,5322.53
R11033,O112009,C107369,P1499,2026-08-24,Changed Mind,4297.46
R11034,O141982,C100297,P1366,2026-03-04,Quality Issue,1645.4
R11035,O155329,C107581,P1286,2025-02-21,Wrong Product,12495.27
R11036,O129551,C108238,P1496,2025-10-13,Late Delivery,25904.88
R11037,O106853,C105028,P1344,2025-03-25,Changed Mind,10602.4
R11038,O132224,C102778,P1229,2026-03-06,Changed Mind,19040.12
R11039,O145200,C107130,P1483,2025-12-26,Late Delivery,2704.54
R11040,O133032,C106807,P1156,2025-05-06,Damaged Product,3063.92
R11041,O142359,C100234,P1252,2025-10-21,Quality Issue,4367.64
R11042,O116460,C104189,P1255,2025-07-06,Quality Issue,2599.94
R11043,O105254,C100045,P1322,2025-07-31,Quality Issue,4007.3
R11044,O159037,C101363,P1097,2025-05-23,Damaged Product,3837.32
R11045,O128908,C103665,P1033,2026-02-20,Wrong Product,18224.54
R11046,O140204,C105280,P1419,2026-04-09,Damaged Product,3632.9
R11047,O125463,C107401,P1183,2025-03-06,Damaged Product,10002.27
R11048,O142612,C106294,P1182,2026-03-12,Damaged Product,5932.52
R11049,O153001,C108740,P1444,2025-10-11,Damaged Product,3168.79
R11050,O101339,C101568,P1015,2026-07-26,Changed Mind,9412.72
R11051,O124232,C109691,P1243,2026-01-05,Damaged Product,13422.74
R11052,O155880,C102809,P1328,2026-07-12,Wrong Product,2267.91
R11053,O118075,C104296,P1129,2025-11-13,Changed Mind,2030.95
R11054,O144841,C105642,P1432,2025-03-07,Quality Issue,25865.46
R11055,O107158,C109655,P1142,2026-04-23,Wrong Product,13886.1
R11056,O142135,C109436,P1201,2025-02-26,Late Delivery,1979.52
R11057,O150792,C105021,P1297,2025-08-23,Quality Issue,2022.53
R11058,O104844,C105724,P1199,2025-03-31,Damaged Product,8314.97
R11059,O158280,C100315,P1469,2026-03-08,Quality Issue,15294.47
R11060,O136374,C103002,P1287,2025-12-24,Changed Mind,7134.84
R11061,O132969,C101092,P1422,2025-05-30,Late Delivery,13042.28
R11062,O108180,C103070,P1185,2025-05-08,Damaged Product,2977.18
R11063,O158010,C106904,P1370,2026-05-15,Changed Mind,5565.76
R11064,O142413,C107217,P1481,2025-05-16,Damaged Product,16171.9
R11065,O108174,C106927,P1160,2025-02-25,Wrong Product,11590.21
R11066,O130044,C100615,P1157,2025-03-21,Wrong Product,2169.63
R11067,O159876,C106315,P1114,2025-10-24,Wrong Product,5804.19
R11068,O131616,C101718,P1076,2026-07-09,Late Delivery,15005.36
R11069,O131342,C100284,P1399,2025-08-01,Late Delivery,17870.36
R11070,O119252,C101824,P1460,2025-08-01,Changed Mind,5321.84
R11071,O144683,C105697,P1481,2026-03-09,Wrong Product,4518.62
R11072,O148801,C104330,P1289,2025-12-20,Wrong Product,2940.86
R11073,O140827,C100426,P1364,2025-05-11,Quality Issue,6738.91
R11074,O127215,C107291,P1418,2026-04-25,Late Delivery,2165.96
R11075,O152335,C104367,P1134,2025-08-26,Wrong Product,2920.58
R11076,O133716,C101788,P1157,2025-04-24,Changed Mind,2892.84
R11077,O156372,C108984,P1235,2026-01-10,Quality Issue,17197.08
R11078,O135420,C106847,P1064,2025-12-12,Changed Mind,9628.53
R11079,O132196,C108422,P1099,2026-04-26,Wrong Product,14027.73
R11080,O146844,C107668,P1356,2025-06-16,Late Delivery,5793.88
R11081,O109082,C102712,P1354,2026-07-08,Late Delivery,10861.05
R11082,O119228,C105972,P1130,2026-02-19,Changed Mind,13936.59
R11083,O143312,C101848,P1160,2025-07-07,Late Delivery,3863.4
R11084,O136928,C108783,P1401,2026-04-14,Quality Issue,4297.9
R11085,O123029,C100915,P1485,2025-04-06,Quality Issue,2895.42
R11086,O155769,C101934,P1457,2026-03-18,Quality Issue,3668.91
R11087,O125739,C106995,P1414,2025-09-09,Late Delivery,10653.39
R11088,O132152,C101811,P1016,2026-01-14,Wrong Product,7486.23
R11089,O155869,C105056,P1362,2025-08-19,Late Delivery,7581.99
R11090,O142982,C102896,P1221,2025-06-22,Damaged Product,4463.76
R11091,O126977,C107643,P1099,2025-10-09,Wrong Product,4675.91
R11092,O107357,C105108,P1316,2025-11-10,Changed Mind,4490.18
R11093,O131066,C106811,P1434,2025-02-10,Damaged Product,2359.04
R11094,O146901,C103554,P1462,2025-05-13,Wrong Product,4242.92
R11095,O138292,C105937,P1459,2025-06-12,Damaged Product,1376.34
R11096,O143871,C100537,P1463,2026-05-02,Quality Issue,11928.72
R11097,O158493,C105780,P1426,2025-08-26,Changed Mind,19310.64
R11098,O112176,C105318,P1143,2026-02-24,Damaged Product,5687.43
R11099,O139256,C103628,P1133,2025-02-25,Late Delivery,5823.51
R11100,O133934,C102300,P1449,2026-01-08,Wrong Product,5850.19
R11101,O145776,C103122,P1237,2026-06-24,Changed Mind,8706.39
R11102,O111297,C100223,P1202,2025-05-16,Late Delivery,1164.43
R11103,O154252,C101253,P1462,2025-12-26,Damaged Product,4478.64
R11104,O127681,C107182,P1152,2025-07-02,Changed Mind,4313.7
R11105,O139652,C100452,P1492,2025-08-04,Damaged Product,17854.56
R11106,O142703,C103688,P1450,2025-09-21,Changed Mind,26544.84
R11107,O133748,C107805,P1346,2025-10-01,Wrong Product,1279.17
R11108,O141921,C108386,P1191,2025-03-03,Late Delivery,12706.02
R11109,O116958,C100377,P1107,2025-11-17,Damaged Product,7696.71
R11110,O136673,C101440,P1111,2025-07-10,Wrong Product,7949.22
R11111,O130382,C106039,P1179,2026-01-06,Damaged Product,4403.88
R11112,O139895,C107195,P1101,2026-04-06,Damaged Product,2830.73
R11113,O125160,C105093,P1420,2026-06-07,Changed Mind,6693.54
R11114,O133373,C106481,P1154,2026-07-25,Damaged Product,13430.88
R11115,O118336,C101280,P1310,2025-07-03,Quality Issue,17895.57
R11116,O116785,C101930,P1464,2026-04-27,Quality Issue,8447.89
R11117,O155173,C104660,P1480,2026-02-27,Quality Issue,12828.97
R11118,O121948,C105543,P1431,2025-08-18,Changed Mind,16103.68
R11119,O144920,C107732,P1131,2026-07-11,Damaged Product,12862.2
R11120,O132301,C103519,P1338,2026-08-16,Quality Issue,19748.61
R11121,O107401,C102647,P1181,2025-09-24,Late Delivery,12595.32
R11122,O105149,C109503,P1286,2026-08-15,Late Delivery,10473.98
R11123,O109853,C106772,P1090,2026-03-17,Late Delivery,22153.48
R11124,O107764,C104740,P1000,2026-03-11,Changed Mind,4179.83
R11125,O139619,C104941,P1313,2025-06-13,Quality Issue,10835.69
R11126,O103458,C109726,P1141,2025-12-15,Quality Issue,21015.96
R11127,O108393,C101403,P1187,2025-05-31,Late Delivery,8260.55
R11128,O121423,C102409,P1164,2025-10-22,Changed Mind,16657.76
R11129,O101932,C103521,P1083,2025-02-05,Changed Mind,2836.27
R11130,O131373,C100230,P1448,2026-07-23,Quality Issue,3309.6
R11131,O106402,C105919,P1190,2025-05-14,Late Delivery,5504.67
R11132,O106834,C103553,P1275,2026-05-11,Changed Mind,4006.92
R11133,O152125,C107939,P1131,2025-10-19,Late Delivery,3858.66
R11134,O122810,C107614,P1355,2026-01-11,Late Delivery,6027.96
R11135,O146998,C104718,P1051,2026-06-13,Late Delivery,4589.37
R11136,O124821,C105337,P1063,2025-03-02,Changed Mind,16035.36
R11137,O103767,C108791,P1275,2025-01-22,Damaged Product,12653.43
R11138,O147674,C102554,P1337,2026-06-12,Changed Mind,9196.8
R11139,O108815,C109131,P1312,2026-03-17,Damaged Product,4009.11
R11140,O108104,C102224,P1110,2025-12-22,Changed Mind,4259.82
R11141,O157786,C107083,P1107,2026-03-18,Quality Issue,2565.57
R11142,O101700,C104547,P1056,2025-06-04,Wrong Product,4230.54
R11143,O102066,C109373,P1045,2025-08-15,Changed Mind,3153.41
R11144,O124265,C107548,P1290,2025-09-24,Late Delivery,975.94
R11145,O157396,C108135,P1128,2026-01-31,Late Delivery,4632.1
R11146,O115820,C107329,P1152,2026-03-05,Wrong Product,5751.6
R11147,O136293,C103984,P1185,2026-06-02,Quality Issue,2679.46
R11148,O151025,C108617,P1412,2025-02-01,Wrong Product,5643.19
R11149,O110051,C103277,P1482,2026-05-23,Wrong Product,13477.26
R11150,O147895,C108181,P1101,2026-04-26,Wrong Product,8045.24
R11151,O140380,C107957,P1109,2025-07-15,Wrong Product,2814.2
R11152,O101644,C103961,P1345,2025-08-05,Damaged Product,6035.58
R11153,O120797,C102878,P1331,2025-08-05,Late Delivery,4093.02
R11154,O107383,C105011,P1246,2025-12-03,Late Delivery,3250.38
R11155,O114866,C105107,P1280,2026-07-22,Damaged Product,5785.72
R11156,O156104,C100304,P1251,2025-02-05,Damaged Product,11037.71
R11157,O103331,C100295,P1091,2026-02-07,Changed Mind,3279.96
R11158,O110795,C104165,P1045,2026-01-19,Changed Mind,10511.37
R11159,O102107,C109559,P1380,2025-07-07,Damaged Product,21722.64
R11160,O137303,C104988,P1043,2025-12-15,Late Delivery,4413.3
R11161,O153525,C109320,P1343,2025-11-04,Late Delivery,3109.88
R11162,O136504,C108067,P1347,2025-06-12,Quality Issue,3362.51
R11163,O119528,C106292,P1177,2025-03-08,Damaged Product,1827.11
R11164,O123112,C106610,P1090,2026-03-24,Quality Issue,4984.53
R11165,O139658,C100123,P1356,2025-06-10,Changed Mind,7242.35
R11166,O159527,C106451,P1039,2025-05-14,Quality Issue,3962.25
R11167,O155452,C101176,P1140,2026-01-01,Quality Issue,6591.71
R11168,O125642,C102571,P1428,2026-01-17,Damaged Product,1900.14
R11169,O149624,C102577,P1078,2026-03-12,Changed Mind,14905.04
R11170,O111639,C106384,P1484,2026-06-18,Damaged Product,591.06
R11171,O132562,C107497,P1042,2026-05-12,Wrong Product,4338.29
R11172,O142691,C103722,P1247,2025-03-31,Late Delivery,1795.74
R11173,O117925,C101991,P1256,2025-09-15,Wrong Product,8781.59
R11174,O154520,C106727,P1192,2025-08-27,Quality Issue,2608.14
R11175,O125011,C109432,P1444,2025-10-31,Quality Issue,4225.06
R11176,O117440,C109037,P1325,2026-06-15,Damaged Product,615.52
R11177,O146950,C105812,P1303,2026-01-16,Quality Issue,19973.44
R11178,O137975,C107962,P1349,2025-10-14,Wrong Product,3003.0
R11179,O122809,C103932,P1089,2025-10-25,Damaged Product,1574.1
R11180,O136300,C107335,P1136,2025-12-10,Late Delivery,1512.99
R11181,O156460,C104930,P1377,2026-03-15,Late Delivery,12613.6
R11182,O109809,C105219,P1051,2025-05-09,Late Delivery,3623.19
R11183,O145836,C107796,P1119,2026-01-31,Damaged Product,3022.2
R11184,O147703,C107594,P1265,2025-08-10,Quality Issue,7783.47
R11185,O146406,C106074,P1031,2026-02-14,Wrong Product,12151.57
R11186,O107398,C107406,P1435,2026-03-13,Wrong Product,1531.84
R11187,O101313,C104957,P1103,2026-02-09,Damaged Product,17659.08
R11188,O154937,C102016,P1174,2025-07-20,Quality Issue,375.87
R11189,O105181,C105574,P1477,2025-07-09,Damaged Product,17837.22
R11190,O142061,C108738,P1357,2025-12-10,Wrong Product,6841.86
R11191,O131501,C107642,P1053,2026-04-02,Wrong Product,12816.83
R11192,O133459,C109208,P1240,2026-06-24,Damaged Product,16328.91
R11193,O102660,C102386,P1315,2025-12-03,Late Delivery,31377.84
R11194,O133443,C100655,P1177,2025-03-31,Changed Mind,3654.21
R11195,O141307,C104088,P1142,2026-04-30,Changed Mind,8331.66
R11196,O133781,C100651,P1281,2026-07-12,Damaged Product,3036.11
R11197,O155163,C101448,P1450,2025-08-25,Damaged Product,19908.63
R11198,O132760,C106083,P1268,2026-05-01,Damaged Product,23919.44
R11199,O121902,C102172,P1016,2025-03-27,Wrong Product,2495.41
R11200,O152933,C109630,P1382,2025-04-16,Late Delivery,6576.7
R11201,O103058,C100397,P1168,2026-01-12,Damaged Product,4103.14
R11202,O156861,C101360,P1183,2025-09-01,Damaged Product,13336.36
R11203,O158982,C103307,P1410,2025-03-13,Wrong Product,3087.41
R11204,O147929,C100872,P1044,2025-07-14,Late Delivery,10607.97
R11205,O152435,C104443,P1389,2026-08-16,Damaged Product,2610.99
R11206,O154472,C100326,P1099,2026-02-23,Quality Issue,8884.23
R11207,O119530,C105696,P1343,2025-08-26,Damaged Product,3455.42
R11208,O107965,C103078,P1148,2025-07-27,Changed Mind,9029.5
R11209,O136430,C103996,P1078,2025-02-07,Late Delivery,9413.71
R11210,O131416,C100258,P1054,2025-06-11,Damaged Product,2732.86
R11211,O122936,C100386,P1229,2026-01-26,Quality Issue,13566.09
R11212,O139982,C101578,P1341,2026-04-30,Late Delivery,5433.77
R11213,O159698,C108277,P1126,2026-06-09,Late Delivery,9443.57
R11214,O119303,C104877,P1394,2025-03-15,Changed Mind,9927.35
R11215,O116676,C108228,P1480,2026-08-30,Late Delivery,10061.94
R11216,O113291,C107660,P1060,2025-05-06,Late Delivery,3858.33
R11217,O118411,C109688,P1142,2025-03-18,Damaged Product,16663.32
R11218,O123371,C107755,P1267,2025-07-19,Damaged Product,13354.76
R11219,O113563,C105801,P1152,2026-07-28,Late Delivery,3027.16
R11220,O156388,C103917,P1200,2026-04-12,Late Delivery,7840.28
R11221,O140315,C107459,P1002,2025-11-03,Wrong Product,17435.88
R11222,O101482,C105984,P1278,2025-01-16,Wrong Product,15579.03
R11223,O129069,C101579,P1094,2025-03-02,Late Delivery,6564.23
R11224,O142811,C106833,P1235,2025-03-05,Quality Issue,5445.74
R11225,O149076,C100670,P1230,2026-03-23,Changed Mind,2239.42
R11226,O152186,C103451,P1296,2026-07-01,Wrong Product,2612.64
R11227,O149856,C103702,P1225,2026-03-27,Late Delivery,7947.04
R11228,O157897,C107436,P1262,2026-06-10,Quality Issue,2427.46
R11229,O145704,C102904,P1091,2025-04-12,Quality Issue,1639.98
R11230,O108946,C104231,P1166,2025-10-08,Wrong Product,2067.3
R11231,O141247,C104974,P1000,2025-04-14,Changed Mind,9288.52
R11232,O143101,C100093,P1210,2026-01-29,Changed Mind,4393.54
R11233,O131160,C107072,P1461,2026-02-10,Changed Mind,9148.26
R11234,O106507,C106243,P1287,2026-02-05,Wrong Product,8086.15
R11235,O106703,C105211,P1288,2025-10-19,Damaged Product,12055.81
R11236,O105576,C102111,P1178,2025-04-28,Quality Issue,9494.21
R11237,O134189,C100232,P1452,2026-06-05,Late Delivery,3853.67
R11238,O150114,C100864,P1410,2026-08-18,Changed Mind,9262.23
R11239,O135098,C109406,P1381,2025-11-30,Changed Mind,2395.51
R11240,O150918,C107732,P1123,2026-05-11,Late Delivery,2061.09
R11241,O120015,C102846,P1328,2026-06-05,Damaged Product,755.97
R11242,O119119,C107796,P1360,2025-09-29,Damaged Product,9909.94
R11243,O133328,C108266,P1243,2026-02-20,Wrong Product,6711.37
R11244,O135537,C105282,P1069,2025-09-05,Changed Mind,15138.28
R11245,O130423,C105765,P1009,2025-09-25,Damaged Product,8216.55
R11246,O111829,C105130,P1345,2025-01-09,Quality Issue,7100.68
R11247,O115098,C102645,P1285,2025-10-15,Wrong Product,6998.96
R11248,O130037,C101661,P1376,2026-06-13,Wrong Product,2308.44
R11249,O103586,C108864,P1041,2026-01-24,Changed Mind,7400.56
R11250,O114303,C101449,P1444,2025-08-09,Changed Mind,6689.67
R11251,O153068,C109778,P1312,2026-06-04,Changed Mind,2110.06
R11252,O113019,C109568,P1026,2025-06-13,Quality Issue,3352.63
R11253,O124567,C101869,P1393,2025-09-24,Quality Issue,2671.3
R11254,O156514,C109227,P1496,2025-08-09,Wrong Product,17485.79
R11255,O149677,C107901,P1225,2026-06-15,Wrong Product,6622.53
R11256,O140745,C105829,P1347,2026-06-08,Late Delivery,3008.56
R11257,O107407,C100859,P1276,2026-06-07,Damaged Product,13716.79
R11258,O138164,C108712,P1371,2025-07-04,Changed Mind,10321.57
R11259,O156195,C102997,P1472,2026-04-16,Damaged Product,26950.16
R11260,O116983,C106709,P1320,2025-12-26,Damaged Product,4144.0
R11261,O144524,C101289,P1012,2025-10-18,Quality Issue,1573.92
R11262,O124628,C109823,P1172,2025-11-24,Damaged Product,555.5
R11263,O148286,C103760,P1039,2026-05-10,Quality Issue,4182.38
R11264,O157133,C104034,P1327,2025-04-12,Damaged Product,6391.89
R11265,O148563,C104866,P1237,2025-09-25,Quality Issue,11028.09
R11266,O154484,C108199,P1338,2025-10-29,Damaged Product,17773.75
R11267,O145201,C105858,P1053,2026-08-27,Changed Mind,6764.44
R11268,O156102,C100011,P1461,2025-09-28,Wrong Product,3049.42
R11269,O158384,C100085,P1107,2025-12-03,Quality Issue,7311.87
R11270,O154046,C105318,P1178,2025-05-09,Late Delivery,6329.47
R11271,O144211,C104214,P1338,2025-08-25,Damaged Product,6582.87
R11272,O108924,C101822,P1071,2025-10-28,Changed Mind,16778.13
R11273,O129689,C106764,P1017,2025-06-06,Damaged Product,8230.72
R11274,O116870,C102505,P1134,2025-10-29,Wrong Product,3894.11
R11275,O112639,C100671,P1315,2026-02-28,Quality Issue,28240.06
R11276,O121336,C109885,P1223,2025-05-04,Wrong Product,1874.16
R11277,O114289,C105815,P1451,2026-01-23,Wrong Product,5332.01
R11278,O134855,C104655,P1263,2025-08-26,Damaged Product,3518.44
R11279,O143109,C108247,P1354,2025-01-19,Damaged Product,10861.05
R11280,O114263,C107290,P1380,2025-01-27,Changed Mind,13719.56
R11281,O124760,C104060,P1203,2025-12-12,Damaged Product,11670.86
R11282,O158186,C105654,P1027,2026-08-18,Late Delivery,3416.29
R11283,O121272,C103626,P1372,2025-11-07,Late Delivery,20130.8
R11284,O107910,C103792,P1344,2026-07-27,Changed Mind,15108.42
R11285,O148533,C103855,P1464,2025-07-25,Late Delivery,6002.45
R11286,O154405,C100450,P1371,2026-08-04,Damaged Product,12901.96
R11287,O114260,C108420,P1142,2025-07-14,Late Delivery,4165.83
R11288,O127546,C104366,P1106,2026-05-09,Late Delivery,12462.21
R11289,O150174,C106242,P1015,2025-08-15,Wrong Product,5229.29
R11290,O101612,C108959,P1335,2025-03-25,Quality Issue,1972.55
R11291,O134865,C100891,P1399,2025-02-19,Changed Mind,4467.59
R11292,O117163,C107669,P1376,2026-08-31,Damaged Product,2077.6
R11293,O141009,C109272,P1129,2026-03-13,Late Delivery,8123.8
R11294,O111110,C100759,P1055,2025-02-12,Changed Mind,9503.48
R11295,O107442,C108638,P1492,2026-06-26,Damaged Product,4240.46
R11296,O158127,C106228,P1232,2025-12-29,Late Delivery,12232.45
R11297,O137907,C106241,P1237,2025-07-26,Wrong Product,11608.52
R11298,O125738,C105916,P1370,2025-09-07,Changed Mind,27828.8
R11299,O154918,C102630,P1365,2025-03-04,Late Delivery,10944.1
R11300,O146004,C104940,P1434,2025-05-02,Changed Mind,9932.8
R11301,O129417,C101936,P1466,2025-12-07,Quality Issue,6156.4
R11302,O127782,C106344,P1318,2025-10-29,Quality Issue,18859.83
R11303,O122468,C108284,P1010,2025-08-12,Wrong Product,1645.67
R11304,O123793,C103363,P1256,2025-10-12,Late Delivery,10476.28
R11305,O120540,C100982,P1021,2026-03-03,Wrong Product,9514.88
R11306,O140891,C102665,P1280,2025-07-11,Changed Mind,6107.15
R11307,O114758,C107211,P1252,2025-07-03,Quality Issue,5823.52
R11308,O129553,C103649,P1155,2026-01-10,Damaged Product,9431.07
R11309,O140341,C106659,P1167,2025-02-03,Changed Mind,13645.86
R11310,O136105,C106307,P1420,2025-03-08,Late Delivery,4710.27
R11311,O112143,C108787,P1224,2026-03-30,Wrong Product,1838.12
R11312,O121431,C106690,P1343,2026-02-12,Wrong Product,5183.13
R11313,O126200,C104941,P1244,2025-12-18,Quality Issue,1040.72
R11314,O118466,C106912,P1440,2026-06-14,Damaged Product,2779.02
R11315,O141113,C106094,P1499,2025-11-16,Changed Mind,3845.09
R11316,O105703,C107490,P1164,2025-12-21,Wrong Product,24678.16
R11317,O145859,C109443,P1133,2026-08-29,Damaged Product,20964.64
R11318,O158642,C100740,P1283,2026-05-09,Changed Mind,6153.96
R11319,O151809,C106986,P1498,2025-06-20,Wrong Product,19888.02
R11320,O144183,C106894,P1129,2025-02-04,Changed Mind,6092.85
R11321,O144178,C101091,P1149,2026-06-21,Wrong Product,7448.85
R11322,O146103,C105810,P1294,2026-04-30,Wrong Product,1654.81
R11323,O128282,C102872,P1436,2026-02-26,Wrong Product,3630.04
R11324,O147062,C100336,P1457,2026-04-24,Changed Mind,3884.72
R11325,O141173,C105992,P1227,2025-03-02,Late Delivery,17745.41
R11326,O151827,C104230,P1034,2026-04-27,Late Delivery,13762.8
R11327,O153674,C106419,P1255,2025-09-04,Wrong Product,3899.91
R11328,O130875,C106266,P1471,2025-06-23,Quality Issue,6994.08
R11329,O108556,C104915,P1418,2025-03-10,Damaged Product,8663.85
R11330,O126995,C107608,P1181,2026-03-06,Changed Mind,8396.88
R11331,O101347,C106199,P1066,2025-02-11,Damaged Product,3643.92
R11332,O150286,C100423,P1191,2025-03-16,Wrong Product,3343.69
R11333,O147984,C103811,P1089,2026-02-02,Late Delivery,1486.65
R11334,O124497,C107247,P1399,2026-07-31,Damaged Product,16976.84
R11335,O142641,C101696,P1263,2026-06-12,Late Delivery,1759.22
R11336,O104062,C102821,P1218,2025-09-15,Quality Issue,5781.62
R11337,O156749,C109557,P1486,2026-05-12,Changed Mind,9741.53
R11338,O140216,C100301,P1343,2025-09-03,Changed Mind,4664.82
R11339,O120854,C101379,P1256,2025-05-20,Late Delivery,9243.78
R11340,O141334,C106002,P1083,2025-07-25,Damaged Product,4821.66
R11341,O111895,C100317,P1219,2025-06-22,Changed Mind,5206.44
R11342,O102752,C105909,P1446,2025-01-17,Damaged Product,2801.81
R11343,O114804,C108655,P1064,2025-02-15,Changed Mind,6419.02
R11344,O156568,C108502,P1385,2025-02-07,Quality Issue,2840.06
R11345,O109357,C105383,P1096,2025-05-26,Damaged Product,4652.3
R11346,O152416,C106714,P1407,2026-08-19,Damaged Product,6684.02
R11347,O126804,C109510,P1155,2026-03-08,Quality Issue,9431.07
R11348,O113335,C108198,P1165,2025-10-09,Late Delivery,476.78
R11349,O112288,C109286,P1284,2026-02-07,Quality Issue,852.03
R11350,O123785,C108673,P1134,2025-08-12,Late Delivery,1156.06
R11351,O103432,C107130,P1022,2026-07-31,Quality Issue,3131.67
R11352,O114865,C101299,P1477,2026-07-13,Changed Mind,9513.18
R11353,O153682,C102500,P1439,2025-04-17,Wrong Product,1657.36
R11354,O133706,C104746,P1142,2025-08-28,Damaged Product,16663.32
R11355,O131104,C101490,P1102,2025-07-25,Damaged Product,19202.68
R11356,O124062,C107010,P1199,2026-01-21,Late Delivery,13939.81
R11357,O137459,C103366,P1151,2025-07-27,Changed Mind,3786.93
R11358,O107392,C108431,P1142,2025-03-04,Changed Mind,18514.8
R11359,O127140,C100388,P1226,2026-03-25,Changed Mind,16480.61
R11360,O145918,C102121,P1391,2025-08-03,Late Delivery,23236.14
R11361,O126483,C103867,P1121,2025-09-23,Wrong Product,10037.59
R11362,O135892,C106915,P1004,2025-06-25,Changed Mind,5602.03
R11363,O144740,C106862,P1423,2025-01-21,Changed Mind,1412.74
R11364,O138602,C107071,P1284,2025-12-30,Damaged Product,3237.71
R11365,O134073,C107532,P1353,2026-02-10,Wrong Product,3208.42
R11366,O128319,C102560,P1494,2026-08-14,Quality Issue,7613.23
R11367,O149756,C100118,P1433,2026-04-09,Quality Issue,2083.52
R11368,O139321,C108740,P1489,2025-05-07,Quality Issue,16687.95
R11369,O126894,C104972,P1015,2025-04-21,Late Delivery,15687.87
R11370,O111755,C102319,P1316,2026-06-18,Changed Mind,12797.01
R11371,O110860,C102224,P1097,2025-07-03,Changed Mind,2842.46
R11372,O104889,C101092,P1422,2025-05-16,Changed Mind,8314.45
R11373,O110276,C103823,P1108,2025-08-27,Wrong Product,10266.21
R11374,O134562,C104550,P1000,2025-05-24,Late Delivery,18577.04
R11375,O142910,C106395,P1462,2025-02-06,Late Delivery,4478.64
R11376,O123627,C104137,P1428,2026-02-04,Wrong Product,1203.42
R11377,O131348,C108107,P1209,2025-03-06,Wrong Product,7859.71
R11378,O133895,C103526,P1352,2025-10-12,Damaged Product,4753.97
R11379,O102181,C106553,P1091,2026-06-01,Late Delivery,3279.96
R11380,O150513,C101857,P1499,2026-01-24,Quality Issue,4297.46
R11381,O129238,C100739,P1245,2026-06-30,Quality Issue,6820.33
R11382,O107782,C109311,P1360,2025-03-04,Changed Mind,7845.37
R11383,O143703,C100434,P1412,2025-10-30,Changed Mind,14390.13
R11384,O158571,C106934,P1202,2025-10-06,Changed Mind,2451.44
R11385,O124501,C102850,P1114,2026-07-27,Quality Issue,3414.23
R11386,O115504,C100692,P1072,2025-06-08,Late Delivery,9911.39
R11387,O119508,C106994,P1469,2025-02-10,Wrong Product,16993.86
R11388,O131037,C109351,P1401,2025-04-30,Wrong Product,1014.78
R11389,O138019,C107525,P1037,2026-06-12,Late Delivery,14492.7
R11390,O151740,C102376,P1093,2025-03-29,Wrong Product,6575.57
R11391,O124225,C105538,P1276,2025-04-09,Wrong Product,7620.44
R11392,O150504,C101846,P1491,2026-05-02,Wrong Product,16176.46
R11393,O151698,C105224,P1472,2026-06-03,Late Delivery,20212.62
R11394,O120361,C106323,P1275,2026-05-22,Late Delivery,16871.24
R11395,O115135,C105828,P1420,2026-01-06,Wrong Product,2479.09
R11396,O129050,C103802,P1465,2025-07-05,Late Delivery,6494.86
R11397,O101089,C108078,P1150,2025-12-28,Late Delivery,11348.96
R11398,O139625,C106536,P1336,2025-07-22,Changed Mind,3362.74
R11399,O120534,C105685,P1084,2025-06-07,Damaged Product,1133.42
R11400,O113744,C104562,P1478,2026-01-12,Changed Mind,17638.51
R11401,O128108,C103527,P1010,2025-09-15,Quality Issue,2758.91
R11402,O103369,C106407,P1103,2026-06-14,Late Delivery,8829.54
R11403,O129830,C106601,P1324,2025-01-02,Wrong Product,788.35
R11404,O105185,C100932,P1141,2025-03-23,Quality Issue,14973.87
R11405,O121684,C100804,P1389,2026-04-26,Quality Issue,8754.49
R11406,O148971,C102266,P1026,2026-06-28,Changed Mind,6705.26
R11407,O116532,C101627,P1104,2025-06-29,Wrong Product,12901.47
R11408,O134235,C108261,P1119,2025-12-04,Quality Issue,12088.8
R11409,O128581,C104742,P1370,2026-08-08,Changed Mind,18784.44
R11410,O125916,C103276,P1439,2025-04-22,Damaged Product,5849.52
R11411,O113156,C102001,P1351,2026-02-18,Damaged Product,2596.35
R11412,O101396,C102547,P1022,2025-12-20,Changed Mind,10500.31
R11413,O110634,C109638,P1064,2025-10-07,Damaged Product,3049.03
R11414,O142342,C108370,P1155,2026-01-20,Wrong Product,9431.07
R11415,O146300,C102819,P1370,2025-09-10,Quality Issue,13218.68
R11416,O137946,C103221,P1375,2025-03-21,Damaged Product,10132.22
R11417,O112597,C108159,P1192,2025-06-28,Late Delivery,3520.99
R11418,O119958,C107676,P1473,2025-10-13,Late Delivery,2124.03
R11419,O130146,C105780,P1488,2026-06-22,Late Delivery,1749.3
R11420,O125470,C108305,P1065,2026-06-18,Late Delivery,17931.52
R11421,O108161,C100777,P1208,2025-11-25,Quality Issue,16481.16
R11422,O105224,C108512,P1288,2025-06-10,Quality Issue,9455.54
R11423,O104795,C105363,P1069,2025-09-02,Late Delivery,11353.71
R11424,O142806,C107264,P1193,2025-09-24,Wrong Product,13896.36
R11425,O144039,C107541,P1437,2025-11-28,Late Delivery,12311.76
R11426,O134741,C109456,P1048,2026-07-23,Late Delivery,15702.02
R11427,O148867,C102701,P1047,2025-10-13,Changed Mind,4442.64
R11428,O120425,C105322,P1055,2025-08-19,Changed Mind,4751.74
R11429,O119319,C109801,P1332,2025-12-14,Changed Mind,7782.22
R11430,O148720,C104557,P1064,2026-07-12,Damaged Product,2728.08
R11431,O147925,C105479,P1298,2026-06-05,Wrong Product,5376.48
R11432,O120431,C104744,P1175,2026-08-21,Late Delivery,5808.19
R11433,O143649,C102640,P1150,2025-02-18,Damaged Product,3993.15
R11434,O110167,C104001,P1371,2026-07-19,Wrong Product,2741.67
R11435,O122916,C109522,P1353,2025-04-28,Quality Issue,1443.79
R11436,O146440,C100911,P1121,2026-03-10,Late Delivery,2509.4
R11437,O104472,C102927,P1176,2026-04-30,Changed Mind,25876.72
R11438,O119454,C108256,P1292,2026-07-12,Quality Issue,13815.06
R11439,O134650,C100261,P1261,2026-05-05,Quality Issue,2400.66
R11440,O123439,C102947,P1154,2025-12-23,Quality Issue,11258.24
R11441,O145673,C101053,P1295,2026-02-22,Damaged Product,16620.26
R11442,O120113,C100909,P1497,2026-03-16,Wrong Product,9648.47
R11443,O153524,C109612,P1206,2026-07-12,Wrong Product,18213.12
R11444,O121783,C104763,P1223,2025-12-28,Changed Mind,1499.33
R11445,O114408,C109835,P1177,2026-08-06,Quality Issue,1923.27
R11446,O121785,C104283,P1143,2025-01-29,Quality Issue,7204.08
R11447,O158584,C106588,P1272,2026-03-21,Late Delivery,1993.93
R11448,O127952,C104275,P1470,2025-03-08,Quality Issue,3705.9
R11449,O141739,C106317,P1378,2025-02-04,Late Delivery,2214.8
R11450,O155733,C104582,P1139,2025-06-23,Late Delivery,5435.67
R11451,O105289,C108966,P1190,2025-05-08,Quality Issue,11620.97
R11452,O119421,C108183,P1391,2025-08-13,Changed Mind,6834.16
R11453,O137774,C101803,P1015,2026-05-27,Damaged Product,18825.44
R11454,O126005,C104149,P1102,2025-12-13,Wrong Product,9601.34
R11455,O116579,C109720,P1205,2025-07-07,Wrong Product,5660.47
R11456,O133462,C106731,P1214,2025-08-25,Wrong Product,6017.76
R11457,O148173,C109107,P1384,2025-10-03,Changed Mind,12050.18
R11458,O115062,C108635,P1081,2026-04-29,Damaged Product,12004.74
R11459,O122171,C101287,P1141,2025-12-14,Quality Issue,14185.77
R11460,O113554,C106374,P1459,2025-01-20,Late Delivery,1651.61
R11461,O153543,C102526,P1102,2025-05-20,Wrong Product,4560.64
R11462,O136526,C108929,P1006,2026-01-19,Wrong Product,23233.21
R11463,O125338,C102417,P1254,2026-04-08,Damaged Product,8330.85
R11464,O141513,C103299,P1172,2025-08-09,Damaged Product,555.5
R11465,O155478,C106808,P1197,2026-07-06,Late Delivery,10461.47
R11466,O102531,C107025,P1098,2026-01-09,Wrong Product,3093.0
R11467,O132397,C100711,P1149,2025-06-18,Late Delivery,14897.7
R11468,O104391,C102415,P1183,2025-06-28,Damaged Product,10002.27
R11469,O133022,C108344,P1182,2026-05-18,Quality Issue,2669.63
R11470,O157980,C102505,P1478,2026-03-08,Changed Mind,26131.12
R11471,O156723,C102355,P1425,2025-11-29,Late Delivery,4394.82
R11472,O116718,C107258,P1149,2025-09-06,Changed Mind,29795.4
R11473,O122027,C107664,P1178,2026-01-26,Quality Issue,6662.6
R11474,O155112,C101323,P1050,2025-05-06,Changed Mind,12987.22
R11475,O139376,C100990,P1447,2025-04-26,Changed Mind,22620.2
R11476,O127732,C100425,P1438,2026-01-10,Quality Issue,5692.14
R11477,O135524,C109701,P1046,2026-07-27,Late Delivery,5683.17
R11478,O130278,C101660,P1260,2026-06-08,Damaged Product,3046.64
R11479,O136761,C102233,P1146,2025-08-17,Changed Mind,13610.44
R11480,O101357,C105813,P1401,2026-05-25,Late Delivery,2148.95
R11481,O150326,C103330,P1444,2025-08-15,Quality Issue,3520.88
R11482,O106081,C106165,P1264,2025-10-22,Late Delivery,14353.35
R11483,O128120,C105545,P1277,2025-07-28,Damaged Product,7238.53
R11484,O122975,C104940,P1454,2026-07-04,Late Delivery,6245.12
R11485,O137737,C106446,P1411,2025-04-19,Late Delivery,4631.42
R11486,O110607,C107324,P1115,2025-10-29,Changed Mind,929.79
R11487,O155295,C102908,P1219,2025-11-12,Changed Mind,1171.45
R11488,O141937,C101290,P1367,2026-02-06,Wrong Product,2022.27
R11489,O111789,C109546,P1410,2025-03-19,Changed Mind,8799.12
R11490,O158344,C100815,P1336,2025-05-14,Wrong Product,2670.41
R11491,O125274,C103879,P1412,2025-06-23,Damaged Product,20315.48
R11492,O158984,C102213,P1212,2026-04-27,Damaged Product,11772.78
R11493,O123553,C102073,P1225,2026-07-28,Quality Issue,1986.76
R11494,O119874,C105059,P1201,2026-03-16,Late Delivery,6334.46
R11495,O117449,C104297,P1165,2025-11-27,Damaged Product,2119.04
R11496,O151731,C109457,P1363,2025-04-18,Changed Mind,1667.09
R11497,O118696,C108736,P1021,2025-02-18,Wrong Product,4757.44
R11498,O115925,C107835,P1142,2026-05-01,Wrong Product,4628.7
R11499,O147451,C104893,P1105,2025-02-04,Changed Mind,2414.82
R11500,O141710,C108394,P1132,2025-08-12,Changed Mind,7885.94
R11501,O129285,C102005,P1143,2025-06-15,Damaged Product,7583.24
R11502,O147124,C101741,P1251,2025-04-04,Wrong Product,11650.91
R11503,O148934,C106062,P1124,2025-02-11,Quality Issue,25324.76
R11504,O121295,C101350,P1184,2025-01-17,Late Delivery,3751.47
R11505,O148939,C107567,P1054,2025-09-19,Late Delivery,4890.37
R11506,O125962,C107924,P1370,2026-06-26,Wrong Product,12522.96
R11507,O146395,C104923,P1411,2026-04-25,Late Delivery,9262.84
R11508,O150351,C104527,P1183,2026-04-17,Quality Issue,3167.39
R11509,O140871,C106696,P1140,2026-04-20,Changed Mind,18734.33
R11510,O115056,C109438,P1301,2025-08-08,Damaged Product,724.91
R11511,O135791,C101081,P1022,2026-03-17,Late Delivery,11052.96
R11512,O126649,C106185,P1261,2026-06-01,Changed Mind,2400.66
R11513,O121986,C106255,P1047,2025-02-26,Damaged Product,3331.98
R11514,O127817,C105440,P1142,2026-06-02,Late Delivery,8794.53
R11515,O153740,C108673,P1164,2025-11-02,Changed Mind,20976.44
R11516,O149254,C100629,P1143,2025-07-13,Quality Issue,5687.43
R11517,O136369,C100630,P1305,2025-06-28,Quality Issue,14721.56
R11518,O153856,C103222,P1322,2026-07-08,Quality Issue,4243.02
R11519,O107087,C109530,P1211,2026-03-18,Late Delivery,12187.8
R11520,O128469,C108444,P1481,2025-08-26,Changed Mind,11415.46
R11521,O157995,C106713,P1258,2026-02-20,Late Delivery,1793.4
R11522,O137457,C106553,P1135,2025-10-25,Quality Issue,10660.43
R11523,O111994,C103529,P1243,2026-03-11,Changed Mind,12677.04
R11524,O104190,C108072,P1236,2025-02-14,Quality Issue,10627.01
R11525,O138461,C106871,P1159,2025-07-30,Late Delivery,3489.87
R11526,O152447,C103238,P1198,2025-11-12,Damaged Product,22328.46
R11527,O100498,C107956,P1450,2026-02-18,Wrong Product,6304.4
R11528,O142031,C108269,P1393,2026-07-06,Late Delivery,4808.34
R11529,O127217,C109172,P1327,2026-03-23,Damaged Product,16299.32
R11530,O123880,C104267,P1202,2025-02-26,Changed Mind,612.86
R11531,O115991,C105981,P1018,2025-10-03,Damaged Product,14112.17
R11532,O100843,C101251,P1434,2025-04-14,Changed Mind,8442.88
R11533,O144703,C104078,P1387,2026-02-06,Wrong Product,8314.49
R11534,O120433,C105899,P1383,2025-03-23,Wrong Product,14571.06
R11535,O151717,C104450,P1405,2025-05-07,Changed Mind,15034.97
R11536,O158635,C101738,P1230,2026-03-19,Damaged Product,4254.9
R11537,O140848,C102053,P1449,2026-03-10,Damaged Product,18474.27
R11538,O110707,C105906,P1473,2026-01-29,Changed Mind,2256.78
R11539,O155910,C107027,P1047,2026-04-24,Late Delivery,888.53
R11540,O131854,C109686,P1127,2025-06-23,Late Delivery,8086.79
R11541,O117975,C100139,P1376,2026-08-24,Quality Issue,1538.96
R11542,O139791,C102080,P1298,2026-05-05,Quality Issue,2150.59
R11543,O119460,C102495,P1178,2026-02-10,Changed Mind,8494.82
R11544,O143378,C101823,P1253,2026-05-01,Changed Mind,393.38
R11545,O119841,C107179,P1397,2026-02-21,Quality Issue,5644.44
R11546,O106452,C101012,P1196,2026-05-01,Late Delivery,23309.8
R11547,O129562,C105173,P1167,2026-06-16,Wrong Product,21546.09
R11548,O131719,C103163,P1179,2025-05-22,Damaged Product,6605.82
R11549,O134476,C103644,P1451,2025-02-10,Wrong Product,21328.04
R11550,O101723,C106741,P1169,2025-05-04,Late Delivery,4935.68
R11551,O147156,C105782,P1189,2025-07-24,Late Delivery,1083.84
R11552,O103128,C104505,P1417,2025-05-07,Damaged Product,21190.06
R11553,O112280,C106826,P1215,2025-06-06,Changed Mind,4428.81
R11554,O158121,C104589,P1100,2025-06-10,Damaged Product,3201.7
R11555,O157611,C104942,P1253,2025-04-25,Quality Issue,1311.27
R11556,O115853,C105343,P1165,2026-05-22,Changed Mind,2013.09
R11557,O100006,C108284,P1435,2026-01-10,Late Delivery,3906.19
R11558,O128189,C104284,P1262,2025-03-18,Damaged Product,1941.97
R11559,O103789,C106166,P1164,2025-11-23,Wrong Product,12339.08
R11560,O150449,C108381,P1076,2025-12-09,Damaged Product,11254.02
R11561,O145225,C103134,P1260,2025-11-28,Late Delivery,1370.99
R11562,O116742,C104734,P1331,2026-04-29,Damaged Product,6139.53
R11563,O138654,C104135,P1046,2025-11-10,Damaged Product,5982.28
R11564,O135963,C108331,P1492,2025-12-29,Damaged Product,13390.92
R11565,O158492,C106744,P1089,2025-02-05,Late Delivery,830.78
R11566,O149529,C103235,P1386,2025-05-18,Wrong Product,7725.56
R11567,O153579,C104096,P1425,2026-04-24,Damaged Product,5859.76
R11568,O119846,C100363,P1355,2025-11-22,Damaged Product,2863.28
R11569,O159394,C104851,P1102,2025-08-27,Late Delivery,4320.6
R11570,O100949,C103251,P1007,2025-09-26,Changed Mind,17595.04
R11571,O116643,C101895,P1481,2025-12-31,Late Delivery,18074.47
R11572,O136793,C106783,P1226,2025-10-28,Quality Issue,11565.34
R11573,O113624,C104960,P1372,2026-02-24,Damaged Product,18117.72
R11574,O116106,C108714,P1283,2025-05-03,Wrong Product,23320.26
R11575,O134156,C106147,P1453,2025-12-29,Quality Issue,4990.48
R11576,O146415,C102259,P1199,2025-04-26,Changed Mind,19564.64
R11577,O108997,C108336,P1320,2025-07-01,Late Delivery,8288.0
R11578,O157331,C107114,P1201,2025-04-11,Quality Issue,3365.18
R11579,O146599,C102602,P1479,2026-08-09,Changed Mind,18264.31
R11580,O150602,C105783,P1333,2025-07-28,Changed Mind,20914.06
R11581,O146899,C108082,P1301,2026-02-28,Damaged Product,2416.35
R11582,O120663,C109172,P1264,2025-10-04,Wrong Product,4784.45
R11583,O145478,C102767,P1366,2025-09-03,Changed Mind,774.3
R11584,O105053,C106504,P1159,2026-07-31,Changed Mind,3673.55
R11585,O123128,C102009,P1033,2025-08-21,Quality Issue,13668.41
R11586,O149045,C101468,P1324,2025-03-21,Damaged Product,3153.4
R11587,O135384,C100189,P1490,2025-02-17,Wrong Product,2432.44
R11588,O102213,C108427,P1098,2026-08-08,Late Delivery,7887.15
R11589,O140675,C100279,P1481,2025-01-23,Quality Issue,14269.32
R11590,O127978,C107916,P1470,2025-05-21,Wrong Product,7411.8
R11591,O110789,C109040,P1298,2026-06-02,Wrong Product,2285.0
R11592,O100694,C109050,P1418,2026-04-03,Damaged Product,1823.97
R11593,O126451,C105061,P1157,2026-04-04,Late Delivery,723.21
R11594,O157007,C101618,P1385,2026-03-22,Changed Mind,5680.12
R11595,O130862,C102561,P1147,2026-08-05,Changed Mind,9549.6
R11596,O144191,C109921,P1261,2026-01-08,Changed Mind,4801.32
R11597,O128996,C103156,P1006,2025-03-20,Late Delivery,18392.96
R11598,O106127,C106500,P1498,2025-07-17,Late Delivery,18783.13
R11599,O155677,C101486,P1359,2026-02-18,Changed Mind,4758.62
R11600,O157957,C109732,P1313,2025-09-14,Changed Mind,11437.68
R11601,O131199,C103465,P1136,2026-03-10,Damaged Product,898.34
R11602,O114729,C107621,P1449,2025-06-11,Damaged Product,24632.36
R11603,O129229,C107851,P1233,2025-02-18,Damaged Product,7054.7
R11604,O124660,C109449,P1025,2025-08-10,Late Delivery,6592.97
R11605,O120438,C105260,P1346,2025-08-26,Late Delivery,852.78
R11606,O116324,C109489,P1081,2026-04-07,Quality Issue,3790.97
R11607,O141296,C108753,P1319,2025-02-26,Late Delivery,3762.94
R11608,O112240,C105577,P1262,2025-07-06,Damaged Product,8253.36
R11609,O149775,C104319,P1293,2025-02-06,Changed Mind,8592.41
R11610,O119770,C106215,P1451,2025-02-26,Changed Mind,9597.62
R11611,O135518,C108466,P1203,2026-07-26,Damaged Product,6961.57
R11612,O122054,C106826,P1471,2025-10-10,Changed Mind,4721.0
R11613,O117555,C104189,P1336,2025-04-21,Wrong Product,1780.27
R11614,O113310,C109189,P1457,2026-07-09,Damaged Product,11006.72
R11615,O155090,C101933,P1420,2026-06-30,Wrong Product,9916.36
R11616,O113461,C105520,P1472,2025-06-07,Damaged Product,6063.79
R11617,O121952,C101517,P1415,2026-03-13,Wrong Product,1377.9
R11618,O123121,C108430,P1241,2026-02-24,Quality Issue,1925.16
R11619,O113810,C109589,P1442,2025-02-17,Damaged Product,7601.62
R11620,O137165,C104044,P1052,2026-01-17,Changed Mind,20114.48
R11621,O123017,C104635,P1371,2026-08-03,Wrong Product,9192.65
R11622,O110498,C105186,P1279,2026-01-25,Quality Issue,18011.33
R11623,O136587,C102382,P1395,2026-06-11,Damaged Product,3354.96
R11624,O149034,C102397,P1003,2025-04-27,Wrong Product,28222.96
R11625,O134055,C109057,P1491,2026-02-21,Damaged Product,14558.81
R11626,O110618,C101643,P1054,2026-03-28,Changed Mind,5465.71
R11627,O123179,C103354,P1342,2026-05-16,Changed Mind,3776.55
R11628,O115285,C101629,P1219,2025-10-10,Damaged Product,2342.9
R11629,O106015,C109494,P1014,2026-08-13,Wrong Product,10818.32
R11630,O109829,C106475,P1114,2025-08-25,Changed Mind,13656.92
R11631,O111766,C107954,P1315,2025-04-12,Changed Mind,28240.06
R11632,O133891,C103168,P1303,2026-06-06,Changed Mind,19973.44
R11633,O133025,C103298,P1326,2025-05-02,Quality Issue,11818.61
R11634,O129206,C104384,P1181,2025-12-01,Damaged Product,12595.32
R11635,O112879,C101549,P1250,2025-04-17,Wrong Product,1994.0
R11636,O143531,C109985,P1027,2026-04-22,Damaged Product,9223.98
R11637,O146352,C102232,P1111,2026-02-23,Damaged Product,5648.13
R11638,O109171,C103302,P1216,2026-06-21,Late Delivery,16496.12
R11639,O106092,C105302,P1195,2025-02-25,Changed Mind,10054.84
R11640,O117028,C106398,P1035,2025-02-10,Changed Mind,6130.48
R11641,O152955,C101961,P1327,2025-09-10,Changed Mind,19175.67
R11642,O128420,C103431,P1227,2025-04-22,Changed Mind,9365.63
R11643,O138160,C105542,P1336,2025-11-11,Changed Mind,1879.18
R11644,O149480,C107163,P1266,2025-09-21,Changed Mind,1786.7
R11645,O112920,C107910,P1358,2026-02-15,Damaged Product,1898.1
R11646,O148999,C105251,P1171,2025-12-28,Wrong Product,10510.44
R11647,O121896,C102843,P1168,2025-10-21,Wrong Product,6975.34
R11648,O112394,C107308,P1403,2025-06-06,Late Delivery,2119.16
R11649,O145627,C107325,P1045,2025-03-05,Changed Mind,14015.16
R11650,O114810,C104990,P1491,2026-02-22,Damaged Product,13749.99
R11651,O149460,C104778,P1073,2025-01-27,Quality Issue,3048.91
R11652,O145822,C108128,P1348,2025-08-31,Late Delivery,859.37
R11653,O109637,C102007,P1425,2025-11-12,Changed Mind,2929.88
R11654,O116838,C108160,P1361,2025-06-13,Quality Issue,5478.96
R11655,O104339,C106925,P1491,2026-05-25,Changed Mind,12941.17
R11656,O146369,C100024,P1414,2026-07-20,Changed Mind,7990.04
R11657,O118249,C108032,P1473,2025-07-27,Damaged Product,4248.06
R11658,O137753,C102761,P1395,2025-08-06,Wrong Product,3354.96
R11659,O150525,C101281,P1269,2026-03-26,Damaged Product,8767.72
R11660,O110963,C101047,P1394,2026-04-06,Late Delivery,20899.68
R11661,O126798,C106858,P1128,2025-06-07,Damaged Product,4875.9
R11662,O152953,C100460,P1216,2026-05-22,Damaged Product,12372.09
R11663,O110670,C104577,P1015,2025-06-03,Quality Issue,5229.29
R11664,O159328,C104882,P1383,2025-03-17,Changed Mind,13113.95
R11665,O101056,C108492,P1318,2025-09-02,Damaged Product,11833.62
R11666,O101881,C103223,P1265,2025-06-16,Wrong Product,11675.2
R11667,O147564,C100017,P1381,2026-04-18,Damaged Product,2395.51
R11668,O154847,C100950,P1305,2025-12-21,Late Delivery,13249.4
R11669,O131305,C109894,P1459,2025-10-13,Changed Mind,1376.34
R11670,O143421,C103930,P1299,2025-04-16,Damaged Product,19489.57
R11671,O144063,C105946,P1474,2025-02-24,Wrong Product,21265.29
R11672,O147439,C104547,P1027,2025-10-04,Changed Mind,11615.39
R11673,O121724,C102770,P1224,2025-09-07,Quality Issue,1838.12
R11674,O106640,C109800,P1193,2026-04-27,Quality Issue,6600.77
R11675,O124479,C101748,P1378,2025-08-28,Damaged Product,9351.38
R11676,O121839,C102104,P1070,2025-02-02,Late Delivery,725.93
R11677,O121584,C100700,P1076,2025-08-29,Quality Issue,3376.21
R11678,O106602,C108765,P1121,2025-05-25,Damaged Product,7131.97
R11679,O107268,C100428,P1216,2026-07-30,Wrong Product,7835.66
R11680,O123674,C101122,P1099,2025-05-21,Quality Issue,8416.64
R11681,O155654,C106818,P1183,2025-06-06,Damaged Product,9502.16
R11682,O143530,C103839,P1108,2025-02-23,Quality Issue,2737.66
R11683,O108248,C105819,P1251,2025-04-16,Wrong Product,13081.73
R11684,O122532,C106653,P1033,2025-12-15,Quality Issue,4556.14
R11685,O155038,C106142,P1199,2025-11-03,Quality Issue,12472.46
R11686,O113792,C103316,P1051,2026-05-22,Changed Mind,4830.92
R11687,O104566,C103314,P1186,2026-08-08,Wrong Product,6523.38
R11688,O103145,C100490,P1097,2025-03-06,Changed Mind,5684.92
R11689,O103974,C108021,P1418,2025-08-14,Late Delivery,4559.92
R11690,O106499,C105660,P1245,2026-07-02,Changed Mind,4786.2
R11691,O127825,C107818,P1045,2025-02-16,Quality Issue,3503.79
R11692,O132676,C102504,P1296,2026-01-18,Late Delivery,4675.26
R11693,O158617,C102856,P1148,2025-05-29,Quality Issue,4263.93
R11694,O110587,C101362,P1351,2025-06-01,Damaged Product,5466.0
R11695,O108868,C102101,P1476,2025-05-31,Quality Issue,1519.12
R11696,O109696,C103920,P1393,2025-01-24,Late Delivery,2270.6
R11697,O126091,C104425,P1249,2025-09-19,Late Delivery,3881.24
R11698,O155722,C109942,P1238,2026-07-03,Changed Mind,297.75
R11699,O125819,C108166,P1440,2025-08-30,Wrong Product,2779.02
R11700,O128671,C103944,P1375,2026-04-09,Late Delivery,9065.67
R11701,O153731,C107222,P1124,2025-04-19,Quality Issue,12662.38
R11702,O118138,C100132,P1286,2026-01-01,Changed Mind,12495.27
R11703,O116510,C108148,P1340,2026-02-21,Quality Issue,10700.13
R11704,O123425,C105605,P1003,2025-08-02,Wrong Product,6702.95
R11705,O131717,C100278,P1006,2025-10-16,Late Delivery,5808.3
R11706,O153766,C105783,P1027,2025-10-04,Late Delivery,5807.69
R11707,O127499,C102819,P1211,2026-06-09,Quality Issue,16453.53
R11708,O127612,C109214,P1442,2025-06-20,Damaged Product,11402.43
R11709,O118919,C101018,P1331,2025-02-08,Quality Issue,4308.44
R11710,O107861,C102608,P1050,2025-12-16,Wrong Product,9113.84
R11711,O114413,C103639,P1256,2025-02-18,Late Delivery,6162.52
R11712,O107374,C103614,P1360,2025-02-04,Quality Issue,10460.49
R11713,O131509,C107076,P1401,2025-01-25,Damaged Product,2148.95
R11714,O149291,C102449,P1349,2026-04-15,Quality Issue,5705.7
R11715,O104732,C109402,P1393,2025-07-01,Late Delivery,1335.65
R11716,O106837,C105483,P1158,2025-09-04,Damaged Product,2637.02
R11717,O138503,C100532,P1460,2025-08-31,Late Delivery,4789.66
R11718,O101743,C101210,P1412,2025-12-25,Wrong Product,5643.19
R11719,O155110,C105583,P1148,2025-03-15,Damaged Product,15049.17
R11720,O104286,C101755,P1314,2026-03-08,Changed Mind,6374.47
R11721,O127449,C103098,P1458,2026-04-03,Wrong Product,3144.97
R11722,O110683,C107112,P1051,2026-06-30,Damaged Product,2053.14
R11723,O112908,C100142,P1075,2025-03-27,Wrong Product,7307.98
R11724,O106924,C109096,P1353,2025-09-30,Late Delivery,5775.16
R11725,O106804,C106083,P1194,2025-03-06,Changed Mind,2063.46
R11726,O103275,C101367,P1394,2025-03-20,Late Delivery,9404.86
R11727,O133832,C103962,P1001,2025-05-03,Changed Mind,9181.88
R11728,O140556,C105546,P1342,2025-06-10,Quality Issue,3998.7
R11729,O146545,C109604,P1096,2026-08-22,Quality Issue,13956.89
R11730,O138428,C101420,P1240,2025-07-05,Changed Mind,10885.94
R11731,O120962,C106351,P1323,2025-07-25,Wrong Product,10200.4
R11732,O108426,C107449,P1465,2026-06-28,Quality Issue,9255.18
R11733,O157789,C102997,P1161,2025-11-30,Late Delivery,13532.48
R11734,O138811,C105748,P1089,2025-06-25,Wrong Product,874.5
R11735,O137216,C102339,P1264,2025-08-13,Quality Issue,18180.91
R11736,O115607,C100982,P1140,2025-05-01,Wrong Product,18734.33
R11737,O151034,C100743,P1341,2026-03-09,Quality Issue,6112.99
R11738,O105385,C101459,P1331,2026-08-10,Wrong Product,2046.51
R11739,O134671,C104641,P1386,2025-12-19,Changed Mind,6437.97
R11740,O140701,C102262,P1430,2026-01-30,Late Delivery,5183.79
R11741,O157460,C103529,P1007,2026-07-25,Late Delivery,4887.51
R11742,O156789,C101533,P1150,2026-07-08,Changed Mind,10087.97
R11743,O128073,C105819,P1169,2025-10-12,Changed Mind,9871.36
R11744,O123095,C109772,P1475,2026-08-03,Wrong Product,3239.26
R11745,O130059,C102362,P1025,2025-08-18,Late Delivery,5860.42
R11746,O143191,C106774,P1142,2026-03-21,Late Delivery,8331.66
R11747,O145598,C103673,P1089,2025-05-21,Quality Issue,1049.4
R11748,O106903,C102758,P1010,2025-10-24,Wrong Product,1839.28
R11749,O142968,C109151,P1456,2025-09-20,Wrong Product,16881.03
R11750,O135973,C105662,P1085,2025-05-31,Late Delivery,2479.24
R11751,O144976,C105937,P1018,2025-02-24,Damaged Product,7056.09
R11752,O154709,C104048,P1253,2026-03-11,Quality Issue,349.67
R11753,O148572,C104743,P1237,2025-02-22,Changed Mind,7835.75
R11754,O119433,C101861,P1337,2026-05-16,Wrong Product,3606.59
R11755,O100415,C101933,P1228,2026-05-20,Wrong Product,5102.79
R11756,O107674,C109648,P1346,2025-05-21,Changed Mind,1215.21
R11757,O105450,C108707,P1011,2025-01-24,Damaged Product,4919.72
R11758,O119726,C109175,P1162,2026-06-18,Damaged Product,4855.83
R11759,O106215,C103122,P1408,2025-12-14,Late Delivery,27122.96
R11760,O111353,C108791,P1318,2026-06-07,Changed Mind,19969.23
R11761,O124611,C108217,P1427,2026-04-05,Damaged Product,12985.21
R11762,O158078,C105070,P1063,2025-08-23,Late Delivery,10823.87
R11763,O138998,C107840,P1150,2026-06-28,Changed Mind,11979.46
R11764,O152842,C106490,P1060,2025-12-18,Changed Mind,11574.99
R11765,O101559,C108733,P1401,2026-06-07,Damaged Product,1193.86
R11766,O125953,C106404,P1236,2026-05-16,Changed Mind,6251.18
R11767,O133388,C103393,P1098,2026-08-22,Wrong Product,12372.0
R11768,O101714,C101657,P1464,2026-06-17,Changed Mind,2000.82
R11769,O122600,C107561,P1372,2026-05-21,Late Delivery,9562.13
R11770,O144125,C109457,P1202,2026-07-06,Late Delivery,1103.15
R11771,O122434,C103751,P1235,2026-02-25,Quality Issue,16337.23
R11772,O120521,C106166,P1398,2025-10-18,Quality Issue,9418.74
R11773,O102423,C108928,P1465,2025-04-27,Changed Mind,12989.72
R11774,O127192,C106328,P1037,2025-10-02,Changed Mind,17050.23
R11775,O150607,C101124,P1281,2026-05-29,Changed Mind,2580.69
R11776,O101948,C100814,P1130,2025-10-31,Wrong Product,20646.8
R11777,O147563,C102739,P1441,2025-09-20,Changed Mind,5251.41
R11778,O131928,C101062,P1420,2025-11-03,Wrong Product,6693.54
R11779,O111001,C108487,P1439,2025-09-15,Quality Issue,5557.04
R11780,O109359,C106861,P1227,2025-07-16,Changed Mind,7886.85
R11781,O139847,C103242,P1442,2025-07-11,Quality Issue,3800.81
R11782,O103727,C100764,P1357,2025-06-22,Late Delivery,8723.37
R11783,O143641,C105674,P1334,2025-10-14,Damaged Product,4614.6
R11784,O156018,C102222,P1458,2026-07-03,Damaged Product,13241.96
R11785,O114325,C109117,P1220,2026-03-03,Quality Issue,8486.56
R11786,O127340,C104600,P1150,2026-07-24,Wrong Product,8406.64
R11787,O148851,C105973,P1338,2025-07-10,Damaged Product,26331.48
R11788,O128608,C109411,P1443,2026-05-06,Changed Mind,12878.94
R11789,O129968,C100338,P1114,2026-06-15,Changed Mind,2731.38
R11790,O146800,C100487,P1196,2026-03-30,Quality Issue,20978.82
R11791,O134228,C102797,P1486,2026-06-30,Quality Issue,17190.93
R11792,O117227,C101398,P1478,2025-02-28,Changed Mind,26131.12
R11793,O107817,C107080,P1274,2026-04-22,Damaged Product,1661.11
R11794,O129878,C105113,P1010,2026-07-18,Quality Issue,2758.91
R11795,O137126,C103337,P1099,2026-07-02,Late Delivery,15898.09
R11796,O137258,C107941,P1158,2026-02-22,Damaged Product,2783.52
R11797,O140697,C104647,P1050,2026-03-24,Late Delivery,17316.3
R11798,O106638,C105822,P1091,2026-07-29,Damaged Product,4919.94
R11799,O125373,C108999,P1409,2026-02-24,Late Delivery,4966.57
R11800,O153093,C102851,P1495,2026-03-05,Changed Mind,895.58
R11801,O109597,C108150,P1460,2025-07-21,Late Delivery,21287.36
R11802,O158210,C102484,P1330,2025-12-05,Damaged Product,8183.38
R11803,O158258,C102853,P1398,2025-04-20,Wrong Product,2982.6
R11804,O127838,C109907,P1158,2025-08-30,Late Delivery,5860.04
R11805,O158767,C107427,P1400,2025-02-23,Wrong Product,11972.5
R11806,O139509,C100668,P1010,2026-01-30,Damaged Product,871.24
R11807,O121872,C108496,P1220,2025-06-01,Wrong Product,6286.34
R11808,O125637,C109526,P1136,2026-01-25,Changed Mind,945.62
R11809,O106273,C109337,P1401,2026-05-14,Changed Mind,1193.86
R11810,O119550,C109798,P1286,2025-02-21,Quality Issue,3123.82
R11811,O109016,C106524,P1280,2025-02-07,Late Delivery,19285.74
R11812,O149891,C100940,P1429,2026-01-25,Quality Issue,3278.59
R11813,O114741,C105862,P1059,2025-12-03,Changed Mind,14896.74
R11814,O106781,C101465,P1383,2026-03-13,Wrong Product,9714.04
R11815,O146128,C103399,P1004,2026-02-21,Damaged Product,13444.87
R11816,O150402,C105058,P1206,2026-01-12,Changed Mind,4553.28
R11817,O115392,C103966,P1175,2025-01-04,Late Delivery,4114.14
R11818,O114570,C106034,P1270,2025-11-08,Damaged Product,20865.52
R11819,O151216,C101307,P1114,2025-09-26,Late Delivery,3072.81
R11820,O109558,C100501,P1214,2026-04-21,Wrong Product,6686.4
R11821,O108614,C104149,P1041,2025-08-17,Wrong Product,7790.06
R11822,O118426,C104605,P1446,2025-11-03,Damaged Product,10086.52
R11823,O149277,C107114,P1078,2026-02-09,Changed Mind,20919.36
R11824,O132907,C106707,P1313,2026-08-16,Late Delivery,15350.57
R11825,O103293,C106442,P1050,2025-04-29,Changed Mind,17316.3
R11826,O125333,C109465,P1165,2025-06-13,Wrong Product,1907.14
R11827,O147817,C100080,P1066,2025-04-08,Changed Mind,1821.96
R11828,O140355,C105384,P1447,2026-07-22,Changed Mind,5372.3
R11829,O150552,C105119,P1296,2026-05-27,Changed Mind,9350.51
R11830,O142573,C105987,P1446,2025-08-18,Wrong Product,4763.08
R11831,O151082,C108186,P1394,2025-10-21,Changed Mind,13323.55
R11832,O156734,C106157,P1330,2025-12-29,Wrong Product,5758.67
R11833,O112725,C108972,P1249,2025-01-11,Quality Issue,3268.42
R11834,O101703,C106010,P1441,2026-03-14,Wrong Product,7001.88
R11835,O113313,C104718,P1061,2026-05-31,Quality Issue,8349.91
R11836,O128042,C109670,P1247,2025-10-07,Late Delivery,7605.47
R11837,O124105,C100677,P1282,2025-01-31,Wrong Product,2043.49
R11838,O109793,C109775,P1108,2025-10-31,Wrong Product,3079.86
R11839,O103844,C109466,P1366,2025-12-11,Quality Issue,1742.18
R11840,O135246,C108478,P1374,2025-12-07,Changed Mind,5803.05
R11841,O107741,C105870,P1124,2025-06-09,Damaged Product,24058.52
R11842,O144749,C107671,P1258,2026-02-16,Changed Mind,1703.73
R11843,O109559,C102674,P1110,2026-02-19,Late Delivery,2129.91
R11844,O131090,C104599,P1386,2026-07-31,Wrong Product,3433.58
R11845,O147440,C109701,P1454,2025-05-18,Damaged Product,11865.73
R11846,O137281,C102539,P1180,2025-06-01,Damaged Product,3649.97
R11847,O103868,C108440,P1399,2025-06-25,Quality Issue,10722.22
R11848,O109037,C105813,P1135,2025-05-02,Late Delivery,8361.12
R11849,O134898,C101444,P1342,2025-08-16,Wrong Product,4220.85
R11850,O126344,C104900,P1256,2026-05-15,Changed Mind,6162.52
R11851,O138761,C104672,P1186,2026-07-22,Quality Issue,6885.79
R11852,O108321,C104683,P1151,2025-11-25,Late Delivery,1793.81
R11853,O156927,C105023,P1489,2025-04-06,Changed Mind,4728.25
R11854,O151529,C100539,P1056,2025-07-19,Wrong Product,7191.92
R11855,O114173,C105033,P1365,2025-09-05,Damaged Product,2736.02
R11856,O149724,C105582,P1126,2026-03-12,Late Delivery,2360.89
R11857,O121036,C102531,P1484,2026-07-22,Wrong Product,208.61
R11858,O155046,C102078,P1356,2026-04-11,Late Delivery,14484.7
R11859,O154158,C103063,P1277,2026-01-10,Changed Mind,7238.53
R11860,O103132,C103567,P1411,2026-01-15,Late Delivery,9262.84
R11861,O129473,C106097,P1321,2026-08-07,Changed Mind,9041.28
R11862,O156066,C103228,P1130,2026-06-11,Quality Issue,13936.59
R11863,O127698,C102757,P1440,2025-01-28,Wrong Product,5002.24
R11864,O144513,C104420,P1122,2025-06-14,Late Delivery,24990.55
R11865,O132351,C108989,P1354,2026-01-30,Late Delivery,7240.7
R11866,O126494,C109769,P1254,2026-09-02,Late Delivery,3934.01
R11867,O149910,C101023,P1053,2026-08-20,Damaged Product,7120.46
R11868,O117578,C100552,P1179,2026-01-21,Damaged Product,7880.62
R11869,O142473,C108291,P1227,2025-08-20,Late Delivery,11830.27
R11870,O107057,C103411,P1151,2025-07-17,Wrong Product,1893.46
R11871,O127881,C105164,P1473,2025-09-07,Wrong Product,10089.15
R11872,O149545,C105145,P1249,2026-01-11,Quality Issue,6945.38
R11873,O151584,C103234,P1254,2025-05-01,Wrong Product,4165.42
R11874,O129883,C102264,P1166,2025-06-11,Changed Mind,2188.91
R11875,O115225,C108322,P1442,2025-07-11,Late Delivery,7221.54
R11876,O155998,C104413,P1029,2025-12-01,Late Delivery,8456.44
R11877,O138672,C101259,P1055,2026-02-12,Late Delivery,8553.13
R11878,O103851,C105627,P1499,2026-01-07,Late Delivery,4297.46
R11879,O113805,C100407,P1465,2025-01-18,Damaged Product,6494.86
R11880,O106337,C103513,P1454,2026-07-18,Late Delivery,6245.12
R11881,O107699,C108692,P1237,2025-06-03,Quality Issue,11608.52
R11882,O142564,C108677,P1436,2026-01-27,Wrong Product,1815.02
R11883,O151675,C102819,P1241,2026-06-02,Late Delivery,2038.41
R11884,O119248,C105300,P1213,2026-03-02,Damaged Product,13717.7
R11885,O151790,C107100,P1007,2026-04-02,Damaged Product,16617.53
R11886,O134847,C102093,P1377,2026-02-20,Late Delivery,6306.8
R11887,O135779,C107754,P1024,2026-04-10,Wrong Product,4827.03
R11888,O122698,C104417,P1027,2026-05-28,Quality Issue,9223.98
R11889,O148380,C106039,P1181,2025-03-11,Changed Mind,16793.76
R11890,O156124,C102316,P1421,2025-09-08,Changed Mind,14951.72
R11891,O150204,C100199,P1297,2026-01-30,Damaged Product,3640.55
R11892,O123708,C108494,P1098,2025-03-09,Wrong Product,12372.0
R11893,O133413,C105522,P1374,2026-07-23,Damaged Product,6447.83
R11894,O132921,C101688,P1005,2026-01-13,Late Delivery,1086.21
R11895,O153964,C103149,P1444,2026-06-20,Wrong Product,1760.44
R11896,O149814,C109084,P1109,2025-04-23,Changed Mind,1777.39
R11897,O129857,C104967,P1209,2025-08-28,Changed Mind,11789.57
R11898,O100035,C102092,P1269,2026-08-01,Damaged Product,7383.34
R11899,O138544,C102937,P1393,2025-04-15,Late Delivery,4006.95
R11900,O119758,C103747,P1317,2025-12-06,Late Delivery,20169.58
R11901,O137794,C105120,P1408,2026-05-13,Changed Mind,12205.33
R11902,O145938,C103626,P1241,2026-08-15,Damaged Product,2264.9
R11903,O159081,C105282,P1067,2025-07-09,Damaged Product,10061.5
R11904,O101820,C101755,P1079,2026-04-29,Wrong Product,8288.22
R11905,O118527,C106119,P1401,2026-06-21,Damaged Product,4536.67
R11906,O127280,C105736,P1220,2026-03-03,Changed Mind,10058.14
R11907,O124799,C105380,P1048,2025-10-03,Damaged Product,11776.52
R11908,O149251,C109970,P1263,2026-04-27,Changed Mind,3342.52
R11909,O104688,C109022,P1080,2025-09-18,Wrong Product,3367.29
R11910,O130443,C102223,P1194,2025-12-07,Quality Issue,809.2
R11911,O153271,C103079,P1010,2025-06-18,Late Delivery,1936.08
R11912,O130969,C109178,P1279,2025-04-13,Quality Issue,14303.12
R11913,O137018,C107893,P1201,2025-06-19,Damaged Product,6334.46
R11914,O125787,C103516,P1213,2026-05-09,Damaged Product,3609.92
R11915,O156315,C103893,P1214,2025-06-08,Quality Issue,26745.6
R11916,O144453,C101930,P1004,2026-03-29,Damaged Product,15965.79
R11917,O121782,C100469,P1157,2026-05-29,Quality Issue,723.21
R11918,O154215,C105115,P1164,2025-02-11,Changed Mind,11722.13
R11919,O105441,C102276,P1256,2025-02-25,Changed Mind,12325.04
R11920,O127619,C103128,P1078,2026-04-26,Damaged Product,4968.35
R11921,O142047,C101569,P1471,2025-02-10,Wrong Product,3322.19
R11922,O158496,C101860,P1340,2025-08-15,Damaged Product,10031.37
R11923,O125229,C101419,P1333,2026-07-24,Wrong Product,10457.03
R11924,O100717,C101909,P1308,2025-10-12,Late Delivery,7923.78
R11925,O100941,C102735,P1237,2025-10-07,Quality Issue,5804.26
R11926,O102735,C107380,P1241,2026-08-21,Wrong Product,2264.9
R11927,O124620,C100921,P1485,2025-01-20,Late Delivery,2743.03
R11928,O138409,C100081,P1473,2025-06-18,Quality Issue,10620.16
R11929,O113363,C106817,P1165,2025-05-26,Late Delivery,1350.89
R11930,O102298,C105440,P1374,2025-11-11,Damaged Product,25791.32
R11931,O147038,C109890,P1081,2025-07-06,Changed Mind,4001.58
R11932,O151808,C102497,P1011,2025-05-19,Changed Mind,5903.66
R11933,O100744,C108917,P1231,2025-11-14,Wrong Product,1232.24
R11934,O140524,C101089,P1392,2025-02-08,Quality Issue,13891.14
R11935,O122932,C108022,P1291,2025-12-12,Changed Mind,6437.24
R11936,O111982,C105825,P1167,2026-07-11,Late Delivery,6822.93
R11937,O151667,C107054,P1420,2025-05-10,Wrong Product,2355.14
R11938,O146134,C105444,P1170,2025-06-03,Changed Mind,9705.98
R11939,O130929,C105432,P1054,2026-07-16,Damaged Product,4890.37
R11940,O152576,C104030,P1244,2025-03-26,Changed Mind,4652.64
R11941,O128428,C103185,P1192,2025-09-19,Damaged Product,1304.07
R11942,O146278,C107160,P1361,2025-01-31,Changed Mind,9759.4
R11943,O106946,C103010,P1127,2025-11-29,Wrong Product,13477.98
R11944,O126745,C108023,P1062,2025-12-27,Quality Issue,8882.37
R11945,O112938,C109159,P1023,2025-10-21,Wrong Product,11103.72
R11946,O143723,C103224,P1227,2026-04-10,Wrong Product,4189.89
R11947,O113585,C107783,P1350,2025-10-19,Late Delivery,21155.25
R11948,O117747,C106829,P1432,2025-10-18,Changed Mind,19399.1
R11949,O119558,C104194,P1029,2025-04-29,Quality Issue,4228.22
R11950,O106070,C102412,P1351,2026-01-18,Quality Issue,2596.35
R11951,O127577,C109279,P1392,2025-06-12,Changed Mind,12256.89
R11952,O148150,C103029,P1351,2025-07-12,Quality Issue,5466.0
R11953,O100292,C102416,P1201,2025-09-16,Damaged Product,3761.09
R11954,O135574,C108639,P1047,2026-02-24,Late Delivery,1888.12
R11955,O110068,C108323,P1282,2025-12-18,Changed Mind,1839.14
R11956,O108706,C103893,P1357,2025-06-07,Damaged Product,3078.84
R11957,O159773,C105145,P1286,2026-05-28,Quality Issue,11025.24
R11958,O112200,C105698,P1380,2025-05-06,Wrong Product,6859.78
R11959,O125609,C102349,P1293,2025-11-08,Late Delivery,18195.7
R11960,O101737,C106375,P1086,2025-10-22,Wrong Product,10951.49
R11961,O115984,C109403,P1385,2025-02-05,Late Delivery,5680.12
R11962,O152601,C109509,P1120,2025-05-24,Changed Mind,12750.72
R11963,O116086,C105363,P1402,2025-01-31,Damaged Product,21074.13
R11964,O141351,C108690,P1238,2025-02-05,Wrong Product,626.84
R11965,O104272,C108064,P1229,2025-05-06,Damaged Product,4522.03
R11966,O150101,C103299,P1414,2025-12-02,Changed Mind,9400.05
R11967,O141152,C108189,P1235,2025-06-20,Quality Issue,22929.44
R11968,O111787,C102808,P1117,2025-03-22,Wrong Product,8030.68
R11969,O154436,C104480,P1007,2025-07-16,Wrong Product,8797.52
R11970,O106134,C108309,P1189,2026-01-18,Late Delivery,4080.35
R11971,O131059,C109289,P1413,2025-06-08,Late Delivery,1604.61
R11972,O135955,C101175,P1201,2026-04-07,Changed Mind,7918.08
R11973,O156836,C101875,P1310,2026-02-25,Damaged Product,8476.85
R11974,O104716,C107859,P1251,2025-06-25,Late Delivery,12264.12
R11975,O141680,C102351,P1353,2025-10-13,Changed Mind,1443.79
R11976,O111604,C103362,P1316,2025-11-21,Damaged Product,17960.72
R11977,O110503,C107401,P1194,2026-04-09,Changed Mind,1456.56
R11978,O159071,C108337,P1253,2025-10-27,Wrong Product,1245.71
R11979,O155118,C102854,P1243,2025-03-26,Wrong Product,11185.62
R11980,O146544,C109455,P1151,2026-04-20,Damaged Product,1893.46
R11981,O149833,C103046,P1057,2026-07-20,Late Delivery,456.94
R11982,O143554,C109574,P1017,2025-05-10,Wrong Product,7364.33
R11983,O140153,C104854,P1044,2026-05-19,Wrong Product,11166.28
R11984,O111341,C105750,P1099,2025-11-29,Wrong Product,4675.91
R11985,O147302,C108723,P1493,2025-06-12,Quality Issue,1169.43
R11986,O139191,C103355,P1333,2026-06-17,Quality Issue,16511.1
R11987,O147741,C109419,P1007,2026-01-02,Changed Mind,4887.51
R11988,O106937,C108419,P1297,2025-01-26,Wrong Product,7685.61
R11989,O157067,C104656,P1497,2025-09-15,Quality Issue,20432.05
R11990,O148858,C109758,P1218,2026-04-20,Wrong Product,3212.01
R11991,O158822,C104610,P1341,2025-08-01,Quality Issue,2264.07
R11992,O133175,C105781,P1222,2025-10-27,Quality Issue,1104.42
R11993,O154496,C108181,P1422,2025-04-12,Changed Mind,6521.14
R11994,O110648,C100074,P1095,2025-11-19,Wrong Product,3964.6
R11995,O158631,C106269,P1452,2025-05-22,Damaged Product,13601.19
R11996,O125946,C107476,P1276,2025-08-01,Late Delivery,3619.71
R11997,O102907,C109141,P1494,2025-01-12,Changed Mind,10748.09
R11998,O128774,C109218,P1374,2026-04-25,Wrong Product,23212.19
R11999,O143853,C104890,P1310,2026-07-13,Wrong Product,18837.44
R12000,O149762,C107752,P1068,2025-06-17,Quality Issue,15702.9
R12001,O155397,C103976,P1167,2026-04-25,Wrong Product,24418.9
R12002,O113142,C105812,P1496,2026-03-23,Late Delivery,6476.22
R12003,O120071,C107613,P1064,2025-02-27,Damaged Product,9147.1
R12004,O158891,C100316,P1131,2026-07-26,Damaged Product,17149.6
R12005,O103266,C102200,P1454,2025-04-13,Wrong Product,9367.68
R12006,O132938,C104854,P1002,2025-03-09,Damaged Product,24615.36
R12007,O159653,C109069,P1139,2025-02-06,Changed Mind,5163.89
R12008,O158557,C106832,P1459,2025-12-23,Wrong Product,412.9
R12009,O150830,C102208,P1307,2025-08-26,Late Delivery,4782.06
R12010,O146072,C107293,P1424,2025-07-07,Damaged Product,18756.55
R12011,O118341,C102083,P1093,2025-10-06,Damaged Product,8219.46
R12012,O105815,C101929,P1334,2026-05-07,Wrong Product,15689.64
R12013,O130317,C107670,P1103,2026-02-14,Quality Issue,7848.48
R12014,O121528,C103168,P1061,2025-11-14,Damaged Product,4406.9
R12015,O102858,C101351,P1477,2025-06-13,Wrong Product,5648.45
R12016,O129152,C105036,P1418,2025-03-21,Wrong Product,9119.84
R12017,O107186,C105341,P1030,2025-04-14,Late Delivery,8411.97
R12018,O137542,C107285,P1204,2025-10-25,Late Delivery,6128.38
R12019,O150947,C107617,P1100,2026-01-23,Late Delivery,3766.71
R12020,O101664,C106097,P1289,2025-10-29,Quality Issue,5881.72
R12021,O130566,C100444,P1429,2025-07-05,Damaged Product,14571.52
R12022,O124474,C107072,P1393,2026-03-09,Late Delivery,4541.21
R12023,O146465,C100432,P1395,2025-07-11,Wrong Product,4025.95
R12024,O142006,C101860,P1015,2025-09-04,Changed Mind,14903.48
R12025,O158703,C109608,P1233,2025-03-06,Damaged Product,6683.4
R12026,O120150,C104588,P1114,2025-02-28,Quality Issue,3414.23
R12027,O103190,C105444,P1407,2025-04-10,Quality Issue,6684.02
R12028,O106913,C105643,P1389,2026-03-24,Changed Mind,2764.58
R12029,O117377,C103067,P1099,2025-07-14,Changed Mind,11222.18
R12030,O156502,C100131,P1101,2025-05-02,Late Delivery,5363.5
R12031,O130362,C104925,P1179,2026-01-30,Late Delivery,6258.14
R12032,O127575,C108194,P1499,2025-09-17,Wrong Product,1922.55
R12033,O115021,C102597,P1290,2025-06-19,Changed Mind,650.63
R12034,O153686,C108256,P1430,2025-05-25,Damaged Product,1727.93
R12035,O137656,C109572,P1364,2025-05-15,Damaged Product,29950.72
R12036,O114159,C102864,P1149,2025-10-03,Late Delivery,14152.82
R12037,O148787,C100637,P1478,2025-11-15,Late Delivery,26131.12
R12038,O121843,C108459,P1191,2026-07-29,Quality Issue,9027.96
R12039,O127154,C106539,P1438,2025-07-01,Damaged Product,8011.16
R12040,O139606,C107827,P1056,2026-04-02,Wrong Product,6345.81
R12041,O103111,C100705,P1381,2025-05-10,Changed Mind,2262.43
R12042,O146211,C101844,P1308,2026-06-30,Damaged Product,7923.78
R12043,O154069,C107329,P1137,2025-12-04,Damaged Product,6030.33
R12044,O156296,C106538,P1200,2025-01-28,Quality Issue,17422.84
R12045,O135181,C109995,P1444,2026-08-12,Wrong Product,3168.79
R12046,O114156,C109700,P1331,2025-02-22,Damaged Product,3446.75
R12047,O137888,C107285,P1138,2026-01-19,Quality Issue,4736.79
R12048,O150543,C101156,P1137,2026-07-20,Wrong Product,6030.33
R12049,O105134,C108766,P1431,2026-01-27,Changed Mind,30596.99
R12050,O159711,C105801,P1066,2025-03-11,Damaged Product,1730.86
R12051,O102721,C102230,P1498,2026-02-14,Damaged Product,4695.78
R12052,O127229,C109322,P1241,2025-05-18,Changed Mind,4076.82
R12053,O129594,C108178,P1087,2025-02-26,Wrong Product,14111.69
R12054,O144367,C100854,P1120,2025-12-31,Quality Issue,12113.18
R12055,O158459,C104265,P1195,2026-02-07,Wrong Product,7164.07
R12056,O130220,C104410,P1466,2025-06-19,Damaged Product,8311.14
R12057,O125006,C100660,P1455,2025-05-14,Quality Issue,21660.72
R12058,O133303,C101824,P1466,2025-10-02,Changed Mind,5540.76
R12059,O126124,C100050,P1055,2025-09-10,Wrong Product,18056.61
R12060,O140926,C103196,P1219,2026-06-28,Quality Issue,2603.22
R12061,O100263,C109330,P1268,2026-03-24,Quality Issue,7035.13
R12062,O118284,C101428,P1444,2026-08-04,Changed Mind,1760.44
R12063,O157953,C102677,P1203,2026-06-15,Wrong Product,4095.04
R12064,O141776,C109410,P1217,2026-05-23,Quality Issue,13899.91
R12065,O149985,C101243,P1220,2026-03-12,Changed Mind,2671.69
R12066,O143271,C109066,P1104,2026-04-19,Changed Mind,4085.47
R12067,O116019,C108823,P1381,2025-07-16,Wrong Product,5323.36
R12068,O109601,C104468,P1276,2025-08-17,Wrong Product,10859.13
R12069,O138986,C101732,P1125,2025-06-29,Changed Mind,5188.78
R12070,O124972,C101909,P1165,2025-06-25,Late Delivery,529.76
R12071,O135057,C101224,P1016,2026-06-14,Late Delivery,7486.23
R12072,O111184,C109986,P1024,2025-08-04,Damaged Product,5081.08
R12073,O142583,C106859,P1358,2025-07-01,Wrong Product,3606.39
R12074,O111579,C104288,P1287,2025-03-07,Late Delivery,2259.37
R12075,O142536,C106804,P1154,2026-08-13,Changed Mind,11850.78
R12076,O100297,C100047,P1428,2025-01-27,Late Delivery,1266.76
R12077,O146119,C101020,P1327,2025-12-11,Quality Issue,19175.67
R12078,O119861,C107221,P1205,2025-10-14,Changed Mind,5660.47
R12079,O158285,C103039,P1274,2026-08-08,Late Delivery,1758.82
R12080,O107751,C107423,P1408,2025-05-31,Late Delivery,20342.22
R12081,O141488,C102797,P1238,2025-07-01,Changed Mind,595.5
R12082,O136802,C107913,P1483,2026-06-11,Late Delivery,2846.88
R12083,O101443,C100650,P1409,2025-01-18,Changed Mind,14154.72
R12084,O142307,C100165,P1272,2025-09-30,Changed Mind,3157.06
R12085,O156609,C102649,P1135,2026-08-13,Wrong Product,3553.48
R12086,O126221,C104308,P1407,2025-09-06,Damaged Product,12699.64
R12087,O148967,C106234,P1004,2026-08-27,Damaged Product,5602.03
R12088,O144005,C103459,P1210,2025-04-10,Wrong Product,8347.73
R12089,O158368,C104549,P1259,2025-12-26,Changed Mind,7466.84
R12090,O153046,C102213,P1264,2026-05-23,Wrong Product,4545.23
R12091,O138995,C104062,P1313,2025-08-05,Late Delivery,24079.32
R12092,O132247,C103113,P1361,2025-07-07,Quality Issue,8732.09
R12093,O149156,C109689,P1424,2026-03-30,Late Delivery,12504.37
R12094,O124711,C107598,P1106,2025-02-14,Damaged Product,4154.07
R12095,O107523,C108910,P1002,2025-04-27,Quality Issue,13675.2
R12096,O130642,C105357,P1422,2026-05-29,Wrong Product,9781.71
R12097,O154222,C101083,P1469,2026-07-24,Wrong Product,5664.62
R12098,O157120,C105869,P1200,2025-04-18,Quality Issue,3920.14
R12099,O137097,C100018,P1167,2025-06-27,Changed Mind,28728.12
R12100,O145160,C101120,P1276,2026-07-31,Quality Issue,10859.13
R12101,O137368,C108349,P1179,2025-08-30,Changed Mind,4403.88
R12102,O153382,C109138,P1126,2025-07-06,Damaged Product,2485.15
R12103,O108241,C106762,P1162,2025-06-23,Changed Mind,8178.24
R12104,O115549,C104323,P1096,2026-07-10,Changed Mind,15507.66
R12105,O142659,C104064,P1122,2026-02-19,Damaged Product,19784.19
R12106,O113521,C104125,P1471,2025-10-11,Late Delivery,1661.09
R12107,O117571,C106730,P1093,2025-07-09,Wrong Product,8219.46
R12108,O132110,C106130,P1385,2025-08-20,Quality Issue,5680.12
R12109,O150550,C106419,P1339,2026-07-03,Late Delivery,5049.07
R12110,O138652,C108115,P1270,2025-05-26,Changed Mind,14084.23
R12111,O107532,C105352,P1306,2025-08-12,Quality Issue,11464.09
R12112,O110684,C106227,P1173,2025-09-04,Wrong Product,2438.94
R12113,O109080,C103309,P1067,2025-08-16,Damaged Product,12073.8
R12114,O133987,C103714,P1223,2025-04-01,Late Delivery,3373.49
R12115,O137725,C102988,P1284,2026-02-06,Wrong Product,2300.48
R12116,O136519,C104979,P1488,2026-05-23,Quality Issue,1943.67
R12117,O110018,C108389,P1416,2026-03-12,Late Delivery,20101.85
R12118,O110096,C107493,P1302,2026-02-02,Quality Issue,10588.64
R12119,O101383,C103498,P1047,2025-12-14,Damaged Product,4220.51
R12120,O132507,C108786,P1135,2025-12-27,Damaged Product,15886.13
R12121,O113055,C103713,P1107,2026-03-18,Late Delivery,6157.37
R12122,O128235,C101757,P1019,2025-08-31,Changed Mind,10834.47
R12123,O135598,C106468,P1163,2025-04-07,Quality Issue,9061.62
R12124,O103611,C104163,P1293,2025-12-20,Quality Issue,15163.08
R12125,O150896,C109854,P1248,2026-08-17,Late Delivery,5920.66
R12126,O105505,C108913,P1404,2025-11-11,Late Delivery,3471.34
R12127,O123864,C108988,P1018,2025-06-23,Changed Mind,13369.43
R12128,O154464,C101693,P1129,2026-01-15,Changed Mind,5483.56
R12129,O127569,C103859,P1163,2026-03-07,Quality Issue,8155.46
R12130,O101778,C103433,P1472,2026-07-31,Damaged Product,26950.16
R12131,O135925,C104004,P1233,2025-06-10,Wrong Product,1763.68
R12132,O151188,C107364,P1323,2025-04-15,Late Delivery,10200.4
R12133,O124902,C107433,P1287,2026-05-06,Changed Mind,4518.73
R12134,O154298,C102545,P1149,2025-11-25,Changed Mind,29795.4
R12135,O135138,C104153,P1032,2025-10-17,Late Delivery,13304.04
R12136,O124366,C100991,P1253,2026-05-04,Wrong Product,1748.36
R12137,O100888,C109143,P1025,2025-12-27,Damaged Product,3662.76
R12138,O135097,C100263,P1387,2025-11-16,Quality Issue,4619.16
R12139,O147753,C104518,P1290,2025-06-01,Changed Mind,343.39
R12140,O122307,C109888,P1450,2026-06-21,Late Delivery,19908.63
R12141,O136366,C104620,P1247,2025-08-05,Late Delivery,2112.63
R12142,O117414,C100043,P1373,2025-10-27,Quality Issue,17349.66
R12143,O158336,C100652,P1275,2026-08-15,Changed Mind,8013.84
R12144,O131661,C107377,P1057,2025-05-28,Damaged Product,868.19
R12145,O133691,C101883,P1371,2025-08-26,Late Delivery,9676.47
R12146,O101151,C108958,P1154,2026-03-19,Wrong Product,15801.04
R12147,O151730,C103664,P1267,2026-05-03,Changed Mind,13354.76
R12148,O129276,C100954,P1252,2026-07-17,Wrong Product,4149.26
R12149,O131802,C106304,P1070,2025-02-16,Late Delivery,1138.72
R12150,O149373,C107803,P1189,2025-03-08,Wrong Product,3825.33
R12151,O103052,C106706,P1251,2026-02-26,Quality Issue,3883.64
R12152,O159847,C108795,P1402,2026-02-01,Wrong Product,7024.71
R12153,O112967,C108973,P1346,2025-06-25,Wrong Product,1449.73
R12154,O140046,C107521,P1472,2025-04-15,Quality Issue,13475.08
R12155,O101558,C108926,P1099,2025-04-05,Late Delivery,8884.23
R12156,O125777,C108038,P1328,2025-04-09,Quality Issue,3023.88
R12157,O121370,C100410,P1153,2025-04-10,Quality Issue,8824.02
R12158,O138996,C100806,P1059,2025-06-04,Quality Issue,4965.58
R12159,O107629,C103370,P1204,2025-10-26,Quality Issue,12256.76
R12160,O147444,C103575,P1463,2026-03-03,Quality Issue,10735.85
R12161,O141000,C102361,P1257,2025-10-05,Late Delivery,19479.06
R12162,O142414,C108187,P1370,2026-05-29,Changed Mind,6957.2
R12163,O113528,C103525,P1183,2025-09-19,Damaged Product,3334.09
R12164,O151554,C100825,P1418,2025-04-17,Damaged Product,4331.92
R12165,O141611,C106113,P1412,2026-03-15,Quality Issue,15236.61
R12166,O110483,C104591,P1140,2025-04-01,Late Delivery,17693.53
R12167,O156744,C108906,P1301,2025-05-05,Late Delivery,2295.53
R12168,O156565,C104319,P1385,2025-01-31,Wrong Product,11360.24
R12169,O159742,C101092,P1179,2025-11-11,Late Delivery,6953.49
R12170,O122496,C101869,P1192,2026-05-26,Changed Mind,2608.14
R12171,O153066,C109470,P1086,2025-03-20,Quality Issue,10375.09
R12172,O125138,C109953,P1299,2026-05-29,Quality Issue,15530.75
R12173,O103008,C101669,P1028,2025-12-31,Late Delivery,7869.69
R12174,O145283,C105713,P1344,2026-04-22,Wrong Product,10602.4
R12175,O125693,C105772,P1225,2026-04-24,Changed Mind,4415.02
R12176,O123688,C109990,P1042,2025-06-23,Changed Mind,4338.29
R12177,O103666,C102433,P1300,2026-02-19,Late Delivery,16266.24
R12178,O106755,C103149,P1334,2026-06-18,Late Delivery,15689.64
R12179,O151118,C108704,P1354,2025-03-05,Damaged Product,10257.66
R12180,O102715,C109693,P1078,2026-02-05,Damaged Product,8890.73
R12181,O109651,C101193,P1206,2025-08-24,Quality Issue,10118.4
R12182,O107430,C109954,P1444,2026-05-12,Damaged Product,4753.19
R12183,O106376,C107380,P1393,2025-07-11,Quality Issue,4006.95
R12184,O107678,C107005,P1250,2026-05-20,Late Delivery,8973.0
R12185,O120232,C105367,P1331,2025-02-28,Quality Issue,4308.44
R12186,O130498,C109180,P1399,2025-09-23,Damaged Product,4467.59
R12187,O127941,C105817,P1059,2026-03-14,Wrong Product,19862.32
R12188,O128949,C106082,P1025,2026-06-30,Wrong Product,6959.24
R12189,O158679,C102279,P1196,2026-05-26,Late Delivery,5536.08
R12190,O116832,C102646,P1335,2025-03-22,Late Delivery,7426.08
R12191,O123963,C107618,P1486,2025-09-08,Changed Mind,20629.12
R12192,O113702,C100357,P1194,2026-01-05,Late Delivery,3236.8
R12193,O122315,C108248,P1189,2026-06-20,Late Delivery,1275.11
R12194,O110586,C100796,P1326,2026-02-20,Wrong Product,8342.55
R12195,O153374,C102159,P1459,2025-01-11,Damaged Product,1651.61
R12196,O150419,C107120,P1282,2025-05-20,Damaged Product,5210.9
R12197,O139692,C107543,P1213,2025-04-30,Changed Mind,14439.68
R12198,O144084,C100300,P1182,2026-05-13,Damaged Product,1408.97
R12199,O123368,C109108,P1063,2025-10-03,Changed Mind,12828.29
R12200,O138543,C104886,P1308,2025-04-02,Changed Mind,2641.26
R12201,O111591,C106183,P1007,2025-04-05,Damaged Product,14662.53
R12202,O134555,C109073,P1362,2026-03-26,Quality Issue,15962.08
R12203,O149288,C108025,P1435,2025-09-30,Damaged Product,1455.25
R12204,O115437,C103153,P1337,2025-03-18,Wrong Product,10819.77
R12205,O140865,C105992,P1303,2025-05-03,Changed Mind,8988.05
R12206,O147154,C103375,P1153,2026-07-24,Damaged Product,12539.39
R12207,O107090,C100888,P1107,2025-08-02,Wrong Product,9236.05
R12208,O152169,C108637,P1445,2025-10-09,Late Delivery,7405.76
R12209,O120107,C109458,P1178,2026-04-15,Quality Issue,12658.94
R12210,O120656,C108597,P1020,2026-03-20,Wrong Product,11082.49
R12211,O107369,C101727,P1386,2026-03-28,Quality Issue,6437.97
R12212,O147868,C100634,P1340,2025-08-29,Changed Mind,3343.79
R12213,O118760,C103032,P1260,2025-02-18,Changed Mind,761.66
R12214,O108382,C106712,P1004,2025-07-20,Changed Mind,16806.09
R12215,O141371,C105961,P1269,2026-05-25,Quality Issue,4614.59
R12216,O134191,C104957,P1123,2025-04-05,Quality Issue,2748.12
R12217,O117111,C109214,P1092,2025-04-28,Changed Mind,8191.23
R12218,O105245,C100569,P1355,2025-12-12,Late Delivery,12055.92
R12219,O103929,C101692,P1461,2025-02-08,Quality Issue,3049.42
R12220,O117094,C103813,P1274,2025-08-21,Changed Mind,7035.3
R12221,O114345,C104022,P1388,2026-02-08,Changed Mind,14092.16
R12222,O119589,C101004,P1454,2025-09-05,Late Delivery,8899.3
R12223,O133572,C100424,P1137,2025-09-21,Late Delivery,6385.06
R12224,O154733,C104374,P1245,2026-02-08,Damaged Product,4786.2
R12225,O104334,C100063,P1478,2025-08-01,Wrong Product,6532.78
R12226,O152607,C104705,P1080,2025-01-29,Late Delivery,2862.2
R12227,O132841,C106397,P1426,2025-03-11,Wrong Product,10791.24
R12228,O116215,C103092,P1157,2025-06-26,Changed Mind,650.89
R12229,O123882,C104400,P1012,2025-04-26,Changed Mind,2518.27
R12230,O126779,C104827,P1180,2025-08-30,Changed Mind,12166.56
R12231,O105985,C100881,P1044,2025-04-27,Wrong Product,11166.28
R12232,O131054,C103345,P1206,2025-12-18,Changed Mind,10118.4
R12233,O133767,C101315,P1114,2025-07-29,Changed Mind,6487.04
R12234,O101684,C107509,P1257,2025-05-14,Late Delivery,9739.53
R12235,O102368,C102967,P1291,2025-10-10,Damaged Product,4103.74
R12236,O151895,C106126,P1351,2025-09-15,Late Delivery,7789.05
R12237,O138829,C105817,P1067,2025-05-26,Quality Issue,4276.14
R12238,O150273,C108487,P1202,2026-07-06,Damaged Product,1654.72
R12239,O143976,C100586,P1121,2026-02-21,Late Delivery,7131.97
R12240,O110321,C109142,P1345,2026-02-26,Quality Issue,3372.82
R12241,O158325,C103895,P1386,2026-01-12,Changed Mind,2145.99
R12242,O145681,C100277,P1130,2026-02-15,Changed Mind,9291.06
R12243,O138063,C109994,P1085,2026-04-04,Changed Mind,2107.35
R12244,O113160,C100217,P1208,2025-12-16,Changed Mind,18678.65
R12245,O113169,C101390,P1105,2025-06-09,Wrong Product,2548.97
R12246,O143908,C107594,P1028,2025-03-03,Quality Issue,7869.69
R12247,O106722,C106977,P1070,2025-04-04,Changed Mind,725.93
R12248,O139730,C103147,P1490,2025-05-01,Wrong Product,1550.68
R12249,O135968,C100547,P1172,2025-06-17,Wrong Product,277.75
R12250,O130792,C102064,P1111,2026-05-12,Changed Mind,1882.71
R12251,O119748,C106504,P1449,2025-03-05,Changed Mind,16626.84
R12252,O153853,C108260,P1471,2025-05-12,Wrong Product,4458.73
R12253,O100085,C100428,P1038,2025-05-25,Late Delivery,1048.7
R12254,O105865,C106423,P1158,2026-05-04,Damaged Product,9376.06
R12255,O110913,C108284,P1039,2026-04-05,Changed Mind,7924.5
R12256,O128492,C104694,P1399,2025-03-12,Wrong Product,13402.77
R12257,O137036,C104507,P1146,2025-06-07,Changed Mind,9697.44
R12258,O132097,C102942,P1165,2025-10-13,Wrong Product,476.78
R12259,O104407,C107774,P1038,2025-06-29,Wrong Product,4660.88
R12260,O108833,C102784,P1442,2025-10-21,Late Delivery,6841.46
R12261,O127123,C109799,P1248,2025-03-01,Quality Issue,7030.78
R12262,O123466,C103081,P1160,2026-01-10,Wrong Product,12878.01
R12263,O153640,C105883,P1293,2026-02-01,Changed Mind,4548.92
R12264,O140069,C107423,P1146,2025-10-09,Quality Issue,9187.05
R12265,O134185,C107064,P1331,2025-10-09,Wrong Product,6893.5
R12266,O145570,C104740,P1244,2025-03-04,Wrong Product,1224.38
R12267,O150082,C108669,P1382,2026-01-29,Changed Mind,5590.2
R12268,O145263,C106453,P1122,2025-07-27,Late Delivery,26378.92
R12269,O138920,C109361,P1459,2026-03-17,Damaged Product,412.9
R12270,O108566,C105324,P1144,2025-04-07,Changed Mind,995.0
R12271,O135045,C105984,P1184,2026-03-07,Late Delivery,3563.9
R12272,O118384,C109472,P1079,2026-02-28,Wrong Product,8288.22
R12273,O153963,C107713,P1406,2026-03-09,Wrong Product,3080.68
R12274,O101752,C101035,P1409,2025-04-29,Wrong Product,8939.83
R12275,O113795,C103457,P1409,2025-09-11,Quality Issue,4966.57
R12276,O138542,C102377,P1499,2025-08-24,Changed Mind,4297.46
R12277,O148142,C101919,P1078,2025-12-30,Late Delivery,10459.68
R12278,O121260,C104698,P1222,2026-01-27,Quality Issue,1472.56
R12279,O149111,C104485,P1213,2026-05-12,Changed Mind,6858.85
R12280,O119963,C106522,P1475,2026-07-17,Late Delivery,3599.18
R12281,O110561,C108866,P1236,2025-08-10,Damaged Product,2656.75
R12282,O118909,C100055,P1433,2026-08-13,Wrong Product,1462.12
R12283,O109662,C105615,P1069,2025-08-25,Quality Issue,15138.28
R12284,O155926,C102460,P1007,2025-09-12,Wrong Product,14662.53
R12285,O153992,C104750,P1211,2025-03-25,Wrong Product,5484.51
R12286,O117429,C107479,P1233,2025-05-02,Damaged Product,1856.5
R12287,O112777,C107828,P1257,2026-02-21,Wrong Product,21643.4
R12288,O149499,C103311,P1338,2026-07-17,Quality Issue,6582.87
R12289,O151689,C107691,P1355,2026-01-29,Wrong Product,2411.18
R12290,O148265,C100598,P1142,2026-01-30,Wrong Product,13886.1
R12291,O103333,C107148,P1010,2025-07-13,Damaged Product,1936.08
R12292,O124724,C102058,P1470,2025-01-28,Wrong Product,10532.56
R12293,O120530,C100032,P1287,2026-01-05,Late Delivery,6778.1
R12294,O122206,C101543,P1089,2025-10-25,Late Delivery,1749.0
R12295,O106854,C102987,P1301,2025-05-26,Changed Mind,2174.72
R12296,O117460,C106226,P1315,2025-05-04,Damaged Product,28240.06
R12297,O137447,C101190,P1344,2025-12-07,Wrong Product,5301.2
R12298,O127159,C105004,P1044,2026-02-07,Changed Mind,5024.83
R12299,O114849,C103311,P1189,2025-12-19,Changed Mind,2167.69
R12300,O121590,C103254,P1344,2026-03-23,Wrong Product,10072.28
R12301,O123561,C103562,P1411,2025-11-16,Late Delivery,1968.35
R12302,O114611,C102405,P1322,2025-08-05,Wrong Product,2985.83
R12303,O107989,C106367,P1180,2025-01-16,Quality Issue,7299.94
R12304,O136014,C106735,P1042,2025-06-29,Wrong Product,3615.24
R12305,O145353,C106485,P1293,2025-09-18,Wrong Product,14404.93
R12306,O116691,C109738,P1089,2026-02-13,Damaged Product,437.25
R12307,O121753,C106245,P1248,2025-02-18,Damaged Product,4933.88
R12308,O154832,C102867,P1080,2025-04-23,Quality Issue,5387.66
R12309,O114435,C107886,P1451,2025-11-06,Quality Issue,15996.03
R12310,O113430,C109603,P1183,2025-04-16,Wrong Product,6668.18
R12311,O127432,C102820,P1244,2025-10-18,Wrong Product,4652.64
R12312,O132229,C108881,P1499,2026-05-13,Late Delivery,2261.82
R12313,O134359,C100877,P1190,2026-03-11,Quality Issue,6116.3
R12314,O130291,C102329,P1036,2025-03-21,Wrong Product,4237.6
R12315,O141275,C109154,P1062,2025-10-14,Late Delivery,9869.3
R12316,O114587,C109973,P1316,2025-07-24,Changed Mind,12797.01
R12317,O134521,C108880,P1441,2025-03-29,Wrong Product,5896.32
R12318,O157747,C101419,P1045,2025-05-01,Late Delivery,2978.22
R12319,O103476,C109006,P1466,2025-01-28,Quality Issue,9234.6
R12320,O123848,C100924,P1031,2025-01-29,Quality Issue,18002.32
R12321,O154905,C109316,P1371,2025-03-16,Damaged Product,9676.47
R12322,O114367,C105103,P1169,2025-03-09,Damaged Product,7403.52
R12323,O123073,C101116,P1124,2026-02-15,Damaged Product,6331.19
R12324,O106806,C100163,P1434,2026-07-10,Wrong Product,9932.8
R12325,O108320,C102752,P1021,2025-12-18,Changed Mind,17026.62
R12326,O127879,C100858,P1230,2025-09-29,Late Delivery,2015.48
R12327,O154915,C106544,P1148,2026-03-23,Late Delivery,15049.17
R12328,O120898,C104733,P1324,2025-12-25,Changed Mind,2680.39
R12329,O158920,C104945,P1492,2025-04-21,Changed Mind,17854.56
R12330,O148575,C103496,P1323,2026-03-18,Quality Issue,14535.57
R12331,O137095,C103794,P1269,2026-06-24,Quality Issue,4614.59
R12332,O138396,C101959,P1275,2026-06-30,Late Delivery,12653.43
R12333,O130406,C107059,P1141,2026-03-11,Late Delivery,21015.96
R12334,O105681,C100520,P1202,2025-10-12,Wrong Product,1654.72
R12335,O113740,C106702,P1440,2025-08-03,Changed Mind,5002.24
R12336,O120721,C104347,P1148,2025-04-02,Changed Mind,9531.14
R12337,O146697,C100940,P1300,2026-08-10,Late Delivery,16266.24
R12338,O126713,C105228,P1254,2025-02-09,Late Delivery,3934.01
R12339,O140425,C104638,P1180,2025-06-06,Damaged Product,7705.49
R12340,O151739,C101179,P1499,2025-03-30,Quality Issue,4071.28
R12341,O130360,C109128,P1312,2025-04-30,Wrong Product,4220.12
R12342,O133667,C109663,P1100,2026-07-23,Changed Mind,3766.71
R12343,O105728,C100274,P1054,2025-11-30,Quality Issue,8630.07
R12344,O115612,C105108,P1365,2026-07-27,Wrong Product,10260.09
R12345,O146551,C100533,P1143,2025-09-13,Wrong Product,5687.43
R12346,O125415,C108093,P1263,2026-03-26,Quality Issue,3342.52
R12347,O136811,C109574,P1379,2025-03-05,Late Delivery,9389.36
R12348,O130827,C101453,P1069,2025-01-18,Wrong Product,9650.65
R12349,O114230,C103084,P1187,2026-01-21,Damaged Product,4347.66
R12350,O135226,C101802,P1052,2025-05-29,Quality Issue,19108.76
R12351,O155754,C107997,P1303,2025-05-25,Changed Mind,14980.08
R12352,O150435,C107116,P1044,2026-05-05,Wrong Product,2651.99
R12353,O126059,C106162,P1275,2026-02-28,Damaged Product,13496.99
R12354,O124108,C105310,P1281,2026-07-24,Wrong Product,2732.5
R12355,O111086,C103363,P1287,2026-06-15,Late Delivery,9513.12
R12356,O123528,C100501,P1309,2026-01-27,Late Delivery,1742.19
R12357,O135203,C103810,P1191,2026-03-25,Changed Mind,9529.52
R12358,O107642,C103254,P1182,2026-01-15,Quality Issue,4226.92
R12359,O149218,C100567,P1377,2026-04-12,Late Delivery,6306.8
R12360,O151576,C106571,P1373,2025-02-22,Damaged Product,9638.7
R12361,O138454,C100454,P1145,2025-10-19,Quality Issue,1405.03
R12362,O125857,C101360,P1450,2025-06-17,Damaged Product,16922.34
R12363,O104549,C109125,P1344,2026-06-13,Quality Issue,12722.88
R12364,O132434,C105144,P1202,2025-05-11,Changed Mind,2451.44
R12365,O153634,C102869,P1196,2025-12-21,Quality Issue,5536.08
R12366,O136862,C107875,P1430,2025-03-28,Wrong Product,3455.86
R12367,O137746,C102985,P1250,2025-11-15,Late Delivery,9471.5
R12368,O105765,C103665,P1401,2025-06-10,Quality Issue,3581.58
R12369,O138426,C100435,P1176,2026-02-26,Wrong Product,12938.36
R12370,O121527,C107258,P1265,2025-04-06,Late Delivery,3459.32
R12371,O144397,C109740,P1025,2026-07-26,Wrong Product,3113.35
R12372,O142572,C107584,P1197,2026-04-22,Late Delivery,3670.69
R12373,O103351,C103407,P1172,2026-03-25,Changed Mind,222.2
R12374,O121325,C101803,P1308,2026-03-26,Damaged Product,6339.02
R12375,O118826,C109823,P1046,2025-04-23,Changed Mind,8076.08
R12376,O110359,C103870,P1028,2026-04-01,Quality Issue,11804.54
R12377,O118393,C109397,P1393,2025-11-05,Damaged Product,5342.6
R12378,O159458,C100218,P1498,2026-05-19,Late Delivery,16573.35
R12379,O150565,C105078,P1216,2025-01-29,Quality Issue,15671.31
R12380,O103911,C106073,P1195,2026-04-04,Damaged Product,4776.05
R12381,O111750,C101686,P1455,2025-09-28,Late Delivery,30579.84
R12382,O118206,C101018,P1394,2025-07-24,Late Delivery,10449.84
R12383,O156379,C107686,P1229,2025-05-04,Quality Issue,13566.09
R12384,O111558,C106344,P1356,2025-06-16,Changed Mind,21727.05
R12385,O133337,C107161,P1427,2025-06-11,Changed Mind,10884.66
R12386,O115724,C109716,P1404,2026-06-18,Quality Issue,3124.21
R12387,O126940,C105024,P1362,2025-03-24,Quality Issue,15962.08
R12388,O146008,C109975,P1240,2025-07-14,Changed Mind,21771.88
R12389,O108557,C107215,P1349,2025-09-13,Changed Mind,1351.35
R12390,O132000,C108572,P1005,2025-11-22,Changed Mind,1031.9
R12391,O153971,C106216,P1371,2025-08-31,Late Delivery,8708.82
R12392,O145829,C101862,P1026,2026-06-28,Wrong Product,12739.99
R12393,O127748,C100198,P1222,2025-05-12,Damaged Product,368.14
R12394,O151736,C109673,P1349,2025-10-18,Quality Issue,1501.5
R12395,O104162,C102688,P1133,2025-07-06,Changed Mind,17470.53
R12396,O123898,C107035,P1299,2025-12-25,Wrong Product,5785.97
R12397,O126369,C106450,P1003,2025-12-08,Quality Issue,14111.48
R12398,O100979,C104728,P1165,2025-02-08,Wrong Product,503.27
R12399,O101260,C106569,P1119,2025-03-20,Wrong Product,7706.61
R12400,O140098,C109348,P1100,2025-01-27,Wrong Product,1004.46
R12401,O103910,C106287,P1398,2025-02-01,Changed Mind,12558.32
R12402,O134248,C109677,P1054,2026-05-06,Late Delivery,9205.41
R12403,O119222,C103123,P1351,2025-07-30,Wrong Product,9838.8
R12404,O121466,C108865,P1024,2025-09-11,Changed Mind,10162.16
R12405,O133291,C107358,P1257,2025-02-18,Wrong Product,10821.7
R12406,O134249,C109549,P1302,2025-09-28,Changed Mind,10588.64
R12407,O150420,C109070,P1066,2025-03-28,Late Delivery,3461.72
R12408,O142081,C101672,P1338,2026-07-04,Wrong Product,6582.87
R12409,O112357,C100760,P1370,2025-05-14,Late Delivery,6957.2
R12410,O124252,C107474,P1181,2025-12-01,Wrong Product,16793.76
R12411,O150193,C100673,P1058,2025-03-24,Quality Issue,4618.11
R12412,O122647,C109839,P1427,2026-02-25,Late Delivery,9166.03
R12413,O147292,C105091,P1111,2026-06-12,Quality Issue,5648.13
R12414,O108279,C106740,P1455,2025-04-30,Damaged Product,16988.8
R12415,O108102,C102424,P1448,2025-04-01,Changed Mind,2813.16
R12416,O134398,C102350,P1307,2026-01-16,Wrong Product,2258.19
R12417,O133304,C108046,P1203,2026-06-16,Late Delivery,11056.61
R12418,O115363,C102125,P1153,2025-10-04,Changed Mind,4179.8
R12419,O118257,C107401,P1280,2025-06-02,Late Delivery,23142.89
R12420,O107773,C102260,P1156,2025-02-17,Quality Issue,10213.08
R12421,O133334,C103754,P1152,2026-03-24,Late Delivery,6054.32
R12422,O154083,C102735,P1496,2025-11-28,Changed Mind,12952.44
R12423,O127640,C105154,P1096,2025-03-31,Changed Mind,17575.35
R12424,O102449,C102586,P1042,2026-02-24,Wrong Product,4338.29
R12425,O154790,C109463,P1151,2026-04-02,Wrong Product,996.56
R12426,O102309,C105832,P1015,2026-07-20,Changed Mind,18825.44
R12427,O130118,C106141,P1181,2025-08-04,Quality Issue,3568.67
R12428,O158947,C101811,P1227,2026-04-17,Quality Issue,12569.66
R12429,O127852,C100252,P1399,2026-04-09,Late Delivery,8041.66
R12430,O121217,C109169,P1271,2026-07-29,Late Delivery,17573.44
R12431,O126621,C109686,P1251,2026-02-16,Late Delivery,7767.28
R12432,O124180,C105029,P1368,2025-01-08,Late Delivery,2809.04
R12433,O105666,C104433,P1239,2025-09-15,Quality Issue,7896.28
R12434,O148305,C108363,P1188,2025-05-16,Quality Issue,7439.19
R12435,O124632,C105754,P1361,2026-03-14,Quality Issue,9245.74
R12436,O151090,C108436,P1106,2025-08-07,Wrong Product,4154.07
R12437,O136617,C108742,P1155,2025-09-10,Damaged Product,9431.07
R12438,O109343,C103965,P1032,2026-01-18,Damaged Product,17738.72
R12439,O142275,C102342,P1156,2025-07-13,Wrong Product,2893.71
R12440,O154795,C107066,P1329,2025-06-28,Late Delivery,5188.46
R12441,O146794,C109332,P1235,2025-11-11,Wrong Product,20636.5
R12442,O159640,C104042,P1344,2026-07-14,Changed Mind,5036.14
R12443,O110565,C100906,P1105,2026-05-03,Damaged Product,8049.39
R12444,O158950,C105471,P1039,2026-02-14,Damaged Product,7484.25
R12445,O121956,C100985,P1313,2026-04-09,Damaged Product,17156.52
R12446,O145672,C107711,P1064,2025-09-11,Quality Issue,2888.56
R12447,O131939,C101052,P1119,2025-08-25,Quality Issue,3022.2
R12448,O102421,C100705,P1248,2026-02-17,Changed Mind,7030.78
R12449,O109254,C101038,P1330,2025-06-21,Quality Issue,8638.01
R12450,O104610,C100502,P1228,2025-03-17,Changed Mind,5402.95
R12451,O137667,C104529,P1490,2025-12-21,Wrong Product,1945.95
R12452,O138833,C101514,P1058,2025-09-10,Changed Mind,2736.66
R12453,O127704,C101029,P1376,2025-05-27,Quality Issue,769.48
R12454,O134968,C100323,P1130,2026-01-05,Late Delivery,9807.23
R12455,O131117,C105815,P1225,2025-11-30,Damaged Product,1986.76
R12456,O119249,C105505,P1128,2025-08-22,Damaged Product,4388.31
R12457,O130265,C106598,P1483,2025-12-24,Quality Issue,2846.88
R12458,O128414,C107271,P1180,2025-02-10,Changed Mind,16222.08
R12459,O112543,C106267,P1099,2025-07-24,Wrong Product,4675.91
R12460,O123192,C109387,P1059,2025-10-12,Changed Mind,4965.58
R12461,O109014,C106658,P1460,2026-04-20,Quality Issue,4257.47
R12462,O126438,C105578,P1242,2026-05-11,Late Delivery,6265.84
R12463,O150660,C107827,P1306,2025-03-30,Damaged Product,10827.2
R12464,O136035,C103172,P1206,2025-11-17,Wrong Product,5059.2
R12465,O105158,C104868,P1105,2025-04-14,Damaged Product,2683.13
R12466,O106816,C106277,P1262,2025-09-04,Quality Issue,8738.86
R12467,O149441,C105814,P1203,2025-11-08,Changed Mind,6961.57
R12468,O113949,C109752,P1283,2026-01-17,Wrong Product,19433.55
R12469,O118391,C104939,P1126,2026-03-02,Damaged Product,7455.45
R12470,O108996,C102934,P1200,2025-11-27,Wrong Product,3484.57
R12471,O103612,C100746,P1256,2026-05-13,Quality Issue,8781.59
R12472,O123084,C100169,P1406,2026-08-12,Damaged Product,9819.67
R12473,O129704,C109591,P1411,2026-02-14,Changed Mind,8336.56
R12474,O109560,C107939,P1066,2025-12-09,Damaged Product,1639.76
R12475,O131443,C105840,P1389,2025-08-04,Late Delivery,8293.72
R12476,O115716,C105376,P1431,2025-05-15,Late Delivery,7649.25
R12477,O116712,C102155,P1391,2026-05-25,Wrong Product,17427.11
R12478,O123776,C108955,P1094,2025-06-14,Late Delivery,6218.75
R12479,O133613,C107151,P1213,2026-05-31,Late Delivery,3609.92
R12480,O151258,C107935,P1080,2026-09-03,Late Delivery,6061.12
R12481,O151401,C102799,P1340,2025-02-16,Changed Mind,10031.37
R12482,O155786,C109694,P1059,2025-12-15,Wrong Product,8441.49
R12483,O120520,C109206,P1109,2025-02-10,Changed Mind,3752.27
R12484,O144609,C103123,P1000,2025-07-31,Damaged Product,4412.05
R12485,O123424,C109195,P1231,2026-03-13,Late Delivery,616.12
R12486,O142629,C107901,P1027,2025-08-16,Wrong Product,12298.64
R12487,O136274,C103997,P1346,2025-06-26,Damaged Product,1620.28
R12488,O131645,C103023,P1079,2025-11-05,Changed Mind,3489.78
R12489,O135403,C106770,P1006,2026-01-15,Wrong Product,11616.61
R12490,O125944,C108116,P1126,2025-06-18,Damaged Product,9940.6
R12491,O142531,C106302,P1445,2025-07-29,Changed Mind,14811.52
R12492,O134446,C103584,P1095,2025-02-17,Changed Mind,991.15
R12493,O128538,C102858,P1248,2026-04-07,Quality Issue,9374.37
R12494,O102487,C108230,P1038,2026-05-23,Damaged Product,2097.4
R12495,O150904,C106705,P1438,2025-09-23,Late Delivery,6324.6
R12496,O115253,C109681,P1485,2025-02-18,Changed Mind,10362.55
R12497,O115901,C109192,P1278,2025-10-01,Changed Mind,10386.02
R12498,O149745,C109633,P1465,2026-02-05,Changed Mind,3247.43
R12499,O147449,C107528,P1493,2026-05-06,Late Delivery,389.81
R12500,O139001,C102436,P1263,2025-01-27,Damaged Product,1759.22
R12501,O124228,C100670,P1046,2026-07-15,Quality Issue,8524.75
R12502,O115289,C104286,P1369,2025-06-26,Damaged Product,3780.82
R12503,O156310,C103808,P1130,2025-04-13,Damaged Product,4387.44
R12504,O108793,C106606,P1437,2025-10-29,Wrong Product,20929.99
R12505,O147696,C109986,P1128,2025-11-01,Damaged Product,4875.9
R12506,O122838,C107610,P1308,2025-08-31,Changed Mind,10565.04
R12507,O107964,C103664,P1175,2025-02-13,Late Delivery,9680.32
R12508,O159229,C109090,P1092,2025-07-02,Damaged Product,16382.46
R12509,O155614,C103510,P1476,2026-04-30,Damaged Product,5756.65
R12510,O128711,C104230,P1348,2025-08-24,Late Delivery,811.63
R12511,O158352,C100833,P1398,2025-03-12,Late Delivery,6279.16
R12512,O102490,C104164,P1280,2025-05-01,Late Delivery,12857.16
R12513,O115014,C104849,P1382,2026-06-28,Late Delivery,2630.68
R12514,O147860,C105839,P1478,2025-10-26,Late Delivery,24824.56
R12515,O125546,C101773,P1366,2025-05-29,Quality Issue,967.88
R12516,O121025,C105859,P1129,2026-02-08,Changed Mind,5483.56
R12517,O151279,C100987,P1495,2025-11-05,Damaged Product,3044.97
R12518,O125429,C109564,P1148,2025-10-18,Wrong Product,17055.73
R12519,O125752,C108846,P1159,2025-01-30,Damaged Product,3306.2
R12520,O143635,C104605,P1451,2026-07-05,Late Delivery,17062.43
R12521,O131523,C100589,P1271,2025-02-05,Changed Mind,3954.02
R12522,O100983,C104626,P1326,2026-01-21,Late Delivery,8806.02
R12523,O145798,C107420,P1425,2026-07-02,Damaged Product,2783.39
R12524,O121072,C105165,P1159,2026-08-03,Late Delivery,3122.52
R12525,O144922,C103699,P1296,2025-09-23,Quality Issue,11000.6
R12526,O126639,C100857,P1294,2025-08-01,Changed Mind,1654.81
R12527,O123068,C106435,P1122,2025-10-15,Damaged Product,26378.92
R12528,O133751,C102606,P1302,2026-07-28,Changed Mind,6274.75
R12529,O102929,C100985,P1062,2025-04-06,Quality Issue,14063.75
R12530,O107308,C107649,P1240,2026-06-19,Damaged Product,8708.75
R12531,O126084,C109026,P1393,2025-08-30,Quality Issue,3606.26
R12532,O117898,C104682,P1056,2025-06-30,Wrong Product,2009.51
R12533,O133519,C104620,P1467,2025-03-16,Damaged Product,6413.46
R12534,O150488,C108289,P1429,2026-06-02,Quality Issue,11657.22
R12535,O143513,C103299,P1213,2026-02-01,Quality Issue,3248.93
R12536,O140560,C102084,P1071,2026-04-21,Late Delivery,19738.98
R12537,O154545,C103964,P1324,2026-06-13,Late Delivery,2995.73
R12538,O105966,C102918,P1056,2025-11-21,Quality Issue,8461.08
R12539,O136077,C108908,P1461,2025-05-20,Damaged Product,2592.01
R12540,O101901,C109724,P1251,2026-03-13,Changed Mind,16352.16
R12541,O112101,C106236,P1296,2025-11-14,Changed Mind,2612.64
R12542,O119990,C107942,P1090,2025-02-13,Late Delivery,22153.48
R12543,O110158,C102383,P1242,2025-02-08,Changed Mind,1972.58
R12544,O127082,C104017,P1325,2025-12-16,Damaged Product,647.92
R12545,O112202,C108662,P1474,2025-09-09,Changed Mind,11192.26
R12546,O132791,C105748,P1404,2025-03-01,Changed Mind,3297.77
R12547,O127019,C105440,P1462,2026-08-18,Changed Mind,13435.93
R12548,O152637,C108159,P1181,2025-12-19,Late Delivery,16793.76
R12549,O112794,C106611,P1149,2025-10-17,Wrong Product,12663.04
R12550,O151270,C100530,P1275,2026-02-12,Wrong Product,16871.24
R12551,O129713,C106359,P1136,2025-07-10,Late Delivery,2411.33
R12552,O109653,C107566,P1290,2026-06-23,Changed Mind,325.31
R12553,O143217,C100543,P1465,2025-12-06,Damaged Product,2760.32
R12554,O110450,C101688,P1015,2025-11-17,Late Delivery,18825.44
R12555,O139682,C100909,P1085,2025-05-23,Wrong Product,2479.24
R12556,O126130,C104132,P1268,2025-10-04,Damaged Product,25326.47
R12557,O100392,C107655,P1047,2025-11-03,Late Delivery,2221.32
R12558,O158716,C109513,P1444,2025-02-04,Changed Mind,5281.32
R12559,O100576,C101787,P1300,2025-05-12,Wrong Product,3253.25
R12560,O152024,C103239,P1014,2025-02-07,Changed Mind,4597.79
R12561,O131126,C107575,P1057,2025-08-16,Quality Issue,868.19
R12562,O129109,C108264,P1181,2025-11-24,Wrong Product,8396.88
R12563,O103360,C108687,P1116,2025-12-26,Wrong Product,8275.2
R12564,O103524,C106843,P1211,2025-05-19,Damaged Product,24375.6
R12565,O103466,C108928,P1018,2025-07-26,Damaged Product,11883.94
R12566,O142900,C103343,P1104,2025-04-10,Quality Issue,12256.4
R12567,O110739,C101330,P1459,2025-12-08,Late Delivery,1835.12
R12568,O126650,C103788,P1061,2025-03-07,Changed Mind,4638.84
R12569,O139043,C107061,P1337,2026-02-13,Late Delivery,13705.04
R12570,O124022,C109706,P1379,2026-02-23,Wrong Product,3990.48
R12571,O153019,C103580,P1463,2025-12-11,Changed Mind,10735.85
R12572,O112477,C101233,P1049,2025-04-08,Changed Mind,6510.69
R12573,O124337,C105768,P1075,2025-10-05,Late Delivery,6878.1
R12574,O100224,C107321,P1259,2026-02-24,Late Delivery,6720.16
R12575,O151425,C108840,P1111,2026-06-28,Damaged Product,4183.8
R12576,O137222,C101663,P1235,2025-02-09,Changed Mind,10318.25
R12577,O125527,C104752,P1172,2025-05-26,Changed Mind,277.75
R12578,O109527,C101636,P1258,2025-04-30,Wrong Product,1076.04
R12579,O134664,C106200,P1380,2025-07-25,Quality Issue,22865.94
R12580,O100278,C105663,P1215,2026-07-15,Quality Issue,5905.08
R12581,O138129,C108377,P1493,2026-03-29,Quality Issue,1052.49
R12582,O139684,C100414,P1262,2026-04-02,Quality Issue,4126.68
R12583,O123653,C107538,P1267,2025-10-07,Late Delivery,10016.07
R12584,O105883,C109422,P1372,2025-12-29,Changed Mind,4529.43
R12585,O148765,C109192,P1212,2025-02-02,Wrong Product,3098.1
R12586,O127542,C103407,P1379,2025-11-15,Damaged Product,2229.97
R12587,O154691,C102956,P1121,2025-08-20,Late Delivery,2245.25
R12588,O142786,C103257,P1081,2025-07-19,Wrong Product,16848.76
R12589,O100774,C106078,P1010,2026-04-12,Late Delivery,1936.08
R12590,O117148,C106420,P1396,2025-07-26,Late Delivery,9052.1
R12591,O152614,C103115,P1164,2025-06-08,Late Delivery,4935.63
R12592,O113884,C108164,P1486,2025-03-29,Wrong Product,17190.93
R12593,O140692,C107372,P1239,2026-02-26,Damaged Product,11844.41
R12594,O149118,C102387,P1073,2026-08-25,Changed Mind,6097.82
R12595,O154736,C104237,P1016,2026-03-30,Damaged Product,2245.87
R12596,O159840,C100246,P1320,2025-05-11,Changed Mind,8288.0
R12597,O158978,C108268,P1139,2025-09-28,Wrong Product,5435.67
R12598,O146358,C101538,P1336,2025-05-04,Wrong Product,989.04
R12599,O158310,C101098,P1397,2026-07-04,Quality Issue,3984.31
R12600,O123226,C105269,P1064,2026-08-13,Changed Mind,11554.24
R12601,O124332,C102142,P1236,2026-01-31,Wrong Product,3125.59
R12602,O105693,C101512,P1008,2025-11-02,Changed Mind,4274.46
R12603,O130537,C100265,P1328,2026-06-10,Changed Mind,3023.88
R12604,O111407,C108433,P1462,2025-01-11,Late Delivery,4714.36
R12605,O130829,C109675,P1059,2025-01-11,Damaged Product,12662.23
R12606,O158989,C109394,P1360,2026-05-14,Damaged Product,4954.97
R12607,O123572,C103372,P1219,2025-11-21,Quality Issue,2212.74
R12608,O124356,C105569,P1039,2026-07-19,Wrong Product,5613.19
R12609,O133936,C103066,P1282,2025-07-08,Late Delivery,5210.9
R12610,O156993,C108116,P1222,2026-04-28,Changed Mind,312.92
R12611,O154387,C102622,P1306,2025-07-15,Quality Issue,15285.46
R12612,O108770,C107641,P1221,2026-06-03,Damaged Product,3347.82
R12613,O145307,C107097,P1138,2025-07-03,Wrong Product,12078.81
R12614,O102911,C101238,P1395,2025-07-15,Quality Issue,2236.64
R12615,O128474,C102449,P1383,2025-04-10,Late Delivery,19428.08
R12616,O129961,C106305,P1104,2025-11-23,Quality Issue,7740.88
R12617,O141277,C100713,P1248,2025-10-07,Damaged Product,6660.74
R12618,O126246,C100457,P1095,2026-07-19,Quality Issue,2973.45
R12619,O118297,C106486,P1010,2026-05-12,Wrong Product,1936.08
R12620,O110431,C105795,P1123,2025-03-09,Changed Mind,2892.76
R12621,O114983,C101450,P1361,2025-05-08,Late Delivery,13697.4
R12622,O134528,C104855,P1205,2025-02-14,Changed Mind,11320.94
R12623,O120154,C100610,P1297,2025-07-17,Wrong Product,2022.53
R12624,O141879,C109073,P1423,2026-04-03,Quality Issue,1271.47
R12625,O157790,C102092,P1142,2026-02-28,Damaged Product,9257.4
R12626,O143755,C101747,P1411,2026-05-01,Quality Issue,3936.71
R12627,O101900,C103260,P1051,2025-07-07,Late Delivery,4589.37
R12628,O135169,C109527,P1155,2025-10-19,Damaged Product,5658.64
R12629,O141848,C108163,P1103,2026-01-28,Damaged Product,4905.3
R12630,O125940,C107598,P1303,2026-05-05,Changed Mind,9986.72
R12631,O114807,C100364,P1429,2025-08-15,Damaged Product,14571.52
R12632,O105834,C102605,P1435,2025-04-20,Quality Issue,6127.36
R12633,O141087,C101967,P1127,2026-01-26,Quality Issue,7637.52
R12634,O122005,C106940,P1178,2026-08-31,Damaged Product,2998.17
R12635,O121071,C105491,P1247,2025-11-08,Changed Mind,5704.1
R12636,O129955,C107903,P1102,2026-08-09,Late Delivery,9601.34
R12637,O150417,C109291,P1253,2025-09-30,Quality Issue,437.09
R12638,O155484,C107065,P1017,2026-08-21,Damaged Product,8663.92
R12639,O149310,C102767,P1344,2026-07-30,Wrong Product,9542.16
R12640,O100506,C108020,P1065,2026-06-03,Damaged Product,21391.98
R12641,O122359,C104903,P1260,2026-08-25,Changed Mind,1523.32
R12642,O153608,C107026,P1293,2026-02-24,Wrong Product,4548.92
R12643,O126045,C101083,P1200,2025-10-04,Changed Mind,11107.06
R12644,O152515,C100433,P1274,2025-07-05,Changed Mind,7817.0
R12645,O125619,C103527,P1227,2025-08-17,Quality Issue,19717.12
R12646,O127103,C100440,P1239,2026-01-29,Late Delivery,17547.28
R12647,O107483,C102612,P1364,2026-01-24,Late Delivery,14975.36
R12648,O108722,C102798,P1233,2025-07-09,Late Delivery,5569.5
R12649,O118938,C107527,P1298,2026-03-09,Late Delivery,4570.01
R12650,O136304,C106334,P1078,2026-02-08,Changed Mind,5229.84
R12651,O149490,C105279,P1334,2025-12-28,Late Delivery,7844.82
R12652,O114236,C106172,P1175,2025-06-14,Quality Issue,4840.16
R12653,O141873,C108506,P1351,2025-08-15,Quality Issue,8199.0
R12654,O109312,C100318,P1482,2026-04-30,Wrong Product,17071.2
R12655,O107610,C108528,P1095,2025-03-20,Late Delivery,4664.24
R12656,O140371,C104028,P1234,2026-03-12,Wrong Product,14505.24
R12657,O121789,C101577,P1036,2026-01-28,Quality Issue,1177.11
R12658,O128952,C104646,P1202,2025-06-30,Damaged Product,1225.72
R12659,O100233,C102167,P1201,2025-10-15,Damaged Product,3563.14
R12660,O157791,C101007,P1270,2026-08-30,Damaged Product,15649.14
R12661,O104464,C107129,P1393,2025-05-23,Quality Issue,2671.3
R12662,O111375,C102392,P1190,2026-06-28,Wrong Product,9786.08
R12663,O142374,C103402,P1448,2026-05-03,Changed Mind,1048.04
R12664,O100699,C102852,P1380,2025-04-22,Changed Mind,21722.64
R12665,O112433,C105493,P1476,2026-04-24,Quality Issue,1519.12
R12666,O121427,C107956,P1418,2026-04-07,Wrong Product,8663.85
R12667,O109838,C106644,P1028,2025-07-01,Wrong Product,4153.45
R12668,O134872,C103085,P1189,2025-07-22,Changed Mind,4080.35
R12669,O153917,C105793,P1221,2026-06-17,Wrong Product,3013.04
R12670,O123909,C104226,P1374,2026-02-28,Damaged Product,23212.19
R12671,O132325,C106314,P1328,2025-04-03,Quality Issue,3023.88
R12672,O111093,C105163,P1136,2026-07-13,Wrong Product,2411.33
R12673,O110489,C102582,P1444,2026-05-08,Late Delivery,4225.06
R12674,O148396,C101023,P1480,2025-06-28,Late Delivery,8552.65
R12675,O142966,C101724,P1165,2026-05-26,Damaged Product,1059.52
R12676,O104643,C107842,P1303,2026-02-27,Quality Issue,14980.08
R12677,O138826,C101107,P1027,2026-05-31,Damaged Product,6832.58
R12678,O142855,C103639,P1406,2026-08-02,Damaged Product,3850.85
R12679,O136645,C100866,P1137,2026-01-29,Damaged Product,6385.06
R12680,O127538,C108552,P1125,2025-10-25,Damaged Product,2075.51
R12681,O120132,C106940,P1099,2025-04-26,Quality Issue,16833.28
R12682,O112733,C107019,P1382,2025-01-22,Damaged Product,13153.4
R12683,O121274,C100009,P1017,2026-06-05,Changed Mind,4115.36
R12684,O116008,C109672,P1309,2026-03-05,Damaged Product,4099.26
R12685,O148483,C100226,P1386,2026-06-26,Wrong Product,8583.96
R12686,O120619,C101713,P1041,2025-07-04,Quality Issue,7400.56
R12687,O125101,C107967,P1254,2025-06-10,Wrong Product,3934.01
R12688,O143362,C109411,P1030,2025-08-20,Damaged Product,9896.43
R12689,O130213,C103273,P1015,2025-11-06,Late Delivery,18825.44
R12690,O109026,C109234,P1212,2025-02-13,Late Delivery,10533.54
R12691,O111157,C107478,P1441,2026-01-13,Changed Mind,1750.47
R12692,O157514,C100571,P1433,2026-08-24,Wrong Product,584.85
R12693,O150227,C105718,P1382,2026-01-02,Damaged Product,2795.1
R12694,O138785,C106709,P1497,2025-07-01,Quality Issue,9080.91
R12695,O100449,C100900,P1070,2025-09-25,Wrong Product,1081.78
R12696,O112406,C106366,P1230,2025-06-14,Changed Mind,5710.52
R12697,O142971,C105991,P1432,2026-06-21,Late Delivery,6825.61
R12698,O110674,C103915,P1461,2025-03-04,Quality Issue,2744.48
R12699,O123399,C108288,P1064,2026-07-17,Quality Issue,12196.14
R12700,O152747,C105077,P1294,2025-07-08,Damaged Product,1572.07
R12701,O104300,C100789,P1485,2025-10-03,Changed Mind,2590.64
R12702,O137375,C103785,P1402,2025-05-08,Late Delivery,18966.72
R12703,O150945,C100415,P1018,2025-09-03,Late Delivery,10584.13
R12704,O108642,C108108,P1242,2026-05-27,Late Delivery,2204.65
R12705,O139635,C100669,P1216,2026-03-28,Damaged Product,11134.88
R12706,O105589,C105016,P1107,2025-02-26,Wrong Product,10262.28
R12707,O119630,C108252,P1447,2025-07-08,Late Delivery,21489.19
R12708,O100400,C107459,P1467,2025-02-09,Damaged Product,1817.15
R12709,O111817,C104623,P1280,2025-04-10,Damaged Product,12857.16
R12710,O124349,C104366,P1264,2026-09-03,Wrong Product,4306.0
R12711,O106742,C100845,P1254,2025-12-18,Quality Issue,12496.28
R12712,O157738,C102442,P1279,2025-03-13,Damaged Product,10594.9
R12713,O106317,C102898,P1076,2025-09-30,Damaged Product,9003.22
R12714,O149454,C109627,P1241,2026-08-11,Wrong Product,2264.9
R12715,O114599,C103044,P1212,2026-06-30,Damaged Product,2943.2
R12716,O136865,C102521,P1179,2026-07-20,Damaged Product,2317.83
R12717,O123635,C104069,P1487,2026-07-04,Damaged Product,2297.9
R12718,O140875,C106496,P1408,2026-05-24,Changed Mind,18308.0
R12719,O105911,C101958,P1041,2026-01-05,Wrong Product,14022.11
R12720,O118262,C107068,P1400,2025-04-11,Quality Issue,15963.34
R12721,O133970,C105134,P1344,2025-09-30,Late Delivery,21204.8
R12722,O118501,C105155,P1240,2026-03-27,Damaged Product,5442.97
R12723,O156039,C104914,P1328,2025-06-04,Late Delivery,3023.88
R12724,O159270,C101259,P1474,2025-05-12,Changed Mind,11192.26
R12725,O107000,C103551,P1053,2025-04-09,Changed Mind,14240.92
R12726,O148661,C107480,P1009,2025-01-26,Quality Issue,12973.5
R12727,O137657,C108545,P1377,2026-06-20,Changed Mind,6306.8
R12728,O125204,C106029,P1349,2025-09-22,Wrong Product,2702.7
R12729,O153108,C105205,P1302,2025-06-18,Changed Mind,15686.88
R12730,O116382,C101841,P1185,2025-09-20,Damaged Product,5954.36
R12731,O152554,C108619,P1424,2025-03-27,Wrong Product,29422.04
R12732,O119703,C104031,P1417,2025-10-17,Damaged Product,6278.54
R12733,O125200,C107475,P1201,2025-03-26,Quality Issue,3365.18
R12734,O143645,C109511,P1147,2025-01-31,Damaged Product,8488.54
R12735,O141155,C101783,P1028,2026-05-06,Late Delivery,4372.05
R12736,O122780,C104244,P1236,2026-04-17,Quality Issue,5000.94
R12737,O116159,C109389,P1025,2025-03-29,Quality Issue,11720.83
R12738,O150676,C101181,P1002,2026-08-20,Quality Issue,12307.68
R12739,O108441,C102057,P1155,2026-03-09,Changed Mind,11317.28
R12740,O111181,C108877,P1162,2025-05-24,Damaged Product,4855.83
R12741,O119547,C101102,P1292,2026-03-08,Changed Mind,4374.77
R12742,O121717,C108292,P1154,2025-02-04,Wrong Product,7900.52
R12743,O148332,C108376,P1489,2025-03-05,Changed Mind,21138.07
R12744,O148138,C109797,P1072,2025-11-25,Quality Issue,20924.05
R12745,O146777,C101553,P1258,2025-09-22,Late Delivery,1195.6
R12746,O105162,C104554,P1044,2025-11-08,Damaged Product,2791.57
R12747,O108902,C101326,P1137,2025-04-30,Damaged Product,21283.53
R12748,O105465,C104112,P1056,2026-07-04,Late Delivery,2115.27
R12749,O113860,C109239,P1464,2026-01-16,Wrong Product,8892.52
R12750,O122862,C104232,P1335,2025-05-30,Wrong Product,8354.34
R12751,O150371,C104415,P1344,2025-12-24,Wrong Product,15108.42
R12752,O109724,C100526,P1032,2025-02-26,Wrong Product,13304.04
R12753,O154717,C100728,P1295,2025-10-05,Damaged Product,19736.55
R12754,O155815,C102398,P1481,2025-05-09,Quality Issue,4756.44
R12755,O135369,C103372,P1181,2026-04-16,Wrong Product,15114.38
R12756,O103364,C103619,P1351,2026-05-25,Damaged Product,5466.0
R12757,O101721,C100441,P1236,2026-02-04,Quality Issue,12502.36
R12758,O143532,C106557,P1104,2025-11-29,Late Delivery,12901.47
R12759,O129203,C107249,P1409,2025-02-24,Changed Mind,14899.71
R12760,O142010,C109762,P1231,2026-06-10,Damaged Product,1755.94
R12761,O109888,C105037,P1461,2025-12-08,Quality Issue,12197.68
R12762,O157510,C109088,P1346,2025-04-05,Changed Mind,1279.17
R12763,O133536,C109416,P1126,2026-05-30,Damaged Product,7455.45
R12764,O156980,C103518,P1238,2025-09-26,Late Delivery,282.08
R12765,O110166,C105655,P1164,2026-07-22,Late Delivery,11722.13
R12766,O110228,C105639,P1424,2025-12-21,Wrong Product,13239.92
R12767,O140279,C102036,P1385,2025-06-06,Late Delivery,5680.12
R12768,O114909,C100924,P1390,2026-04-08,Wrong Product,6443.9
R12769,O156521,C107794,P1062,2025-02-08,Changed Mind,18751.67
R12770,O123507,C100508,P1389,2025-10-18,Wrong Product,11058.3
R12771,O131896,C109601,P1148,2025-09-20,Changed Mind,4514.75
R12772,O153236,C109631,P1177,2026-03-15,Late Delivery,5769.81
R12773,O109650,C108173,P1171,2025-08-25,Quality Issue,18547.83
R12774,O154798,C102135,P1209,2026-05-04,Late Delivery,8322.05
R12775,O115911,C101932,P1486,2026-08-05,Quality Issue,22921.24
R12776,O135172,C103214,P1241,2025-02-17,Late Delivery,6115.23
R12777,O159235,C107230,P1268,2025-11-05,Late Delivery,6331.62
R12778,O132563,C101010,P1376,2025-09-20,Damaged Product,1231.17
R12779,O104109,C101996,P1191,2026-06-09,Late Delivery,12037.28
R12780,O157928,C107104,P1471,2026-05-27,Quality Issue,5944.97
R12781,O127930,C101863,P1292,2025-02-07,Quality Issue,12433.55
R12782,O132716,C104237,P1101,2025-07-23,Wrong Product,2979.72
R12783,O112884,C105740,P1295,2025-09-02,Quality Issue,20775.32
R12784,O140023,C103206,P1343,2026-08-09,Changed Mind,4146.5
R12785,O127450,C107320,P1370,2026-01-09,Late Delivery,6609.34
R12786,O115935,C101866,P1149,2025-11-26,Quality Issue,21229.22
R12787,O109232,C103211,P1321,2026-08-09,Late Delivery,11301.6
R12788,O148657,C105625,P1410,2025-10-15,Changed Mind,3087.41
R12789,O116815,C105652,P1324,2025-08-18,Late Delivery,1576.7
R12790,O133261,C105465,P1284,2026-05-17,Quality Issue,3067.31
R12791,O125633,C101342,P1134,2025-07-07,Wrong Product,3650.73
R12792,O115993,C109408,P1138,2025-03-10,Changed Mind,18947.16
R12793,O137562,C103438,P1460,2026-08-04,Damaged Product,15965.52
R12794,O133135,C108904,P1282,2025-12-13,Late Delivery,6130.47
R12795,O106905,C108133,P1465,2025-05-11,Damaged Product,2760.32
R12796,O110879,C100829,P1360,2025-04-24,Quality Issue,4954.97
R12797,O114988,C103121,P1128,2025-05-04,Damaged Product,1625.3
R12798,O129013,C101097,P1175,2025-07-14,Damaged Product,9196.3
R12799,O150793,C109724,P1322,2026-05-15,Damaged Product,6285.96
R12800,O100430,C106125,P1172,2026-02-18,Damaged Product,749.92
R12801,O119456,C109446,P1321,2025-02-17,Damaged Product,6780.96
R12802,O108114,C103791,P1009,2026-05-12,Quality Issue,4108.27
R12803,O110216,C103640,P1275,2026-05-02,Quality Issue,16027.68
R12804,O133685,C106561,P1448,2026-04-01,Wrong Product,3144.12
R12805,O159144,C107306,P1310,2025-06-11,Late Delivery,15069.95
R12806,O138944,C108091,P1259,2025-11-07,Wrong Product,21280.49
R12807,O100855,C108038,P1278,2025-07-18,Quality Issue,20772.04
R12808,O112355,C108082,P1040,2025-08-20,Late Delivery,3844.55
R12809,O128503,C105091,P1374,2026-03-28,Damaged Product,6447.83
R12810,O105322,C106233,P1269,2026-07-28,Changed Mind,9229.18
R12811,O110349,C106116,P1242,2025-04-25,Wrong Product,6962.04
R12812,O109655,C101018,P1154,2025-12-18,Quality Issue,11850.78
R12813,O122823,C109915,P1306,2026-05-07,Wrong Product,8491.92
R12814,O126180,C102168,P1037,2025-07-15,Wrong Product,16197.72
R12815,O122528,C109710,P1194,2025-03-19,Damaged Product,3236.8
R12816,O132687,C104887,P1052,2026-07-21,Quality Issue,10057.24
R12817,O133998,C103759,P1032,2026-04-25,Wrong Product,13304.04
R12818,O107961,C100554,P1461,2025-12-21,Wrong Product,6098.84
R12819,O125624,C102838,P1042,2026-05-16,Damaged Product,1084.57
R12820,O129742,C104157,P1034,2025-09-29,Damaged Product,3078.52
R12821,O135376,C107260,P1117,2026-02-08,Damaged Product,32122.72
R12822,O124133,C102208,P1171,2026-02-01,Changed Mind,11128.7
R12823,O154154,C108247,P1061,2025-09-28,Damaged Product,15772.06
R12824,O155938,C101848,P1454,2026-06-25,Quality Issue,6245.12
R12825,O111507,C108804,P1418,2026-05-06,Wrong Product,2165.96
R12826,O136969,C107681,P1227,2025-10-16,Wrong Product,8872.7
R12827,O135412,C103061,P1237,2026-01-20,Damaged Product,8706.39
R12828,O100450,C105856,P1389,2025-09-19,Late Delivery,3071.75
R12829,O137812,C105561,P1096,2026-05-25,Wrong Product,12406.13
R12830,O112797,C109894,P1133,2025-02-25,Wrong Product,11064.67
R12831,O124275,C101224,P1027,2026-02-02,Damaged Product,12298.64
R12832,O130139,C103356,P1359,2025-09-14,Quality Issue,10574.7
R12833,O159531,C107059,P1262,2026-02-18,Changed Mind,9709.84
R12834,O141613,C102963,P1073,2025-02-21,Wrong Product,9146.73
R12835,O119491,C105072,P1176,2025-04-02,Damaged Product,19407.54
R12836,O154774,C107023,P1084,2026-03-04,Wrong Product,1700.13
R12837,O140956,C105850,P1148,2026-08-28,Wrong Product,4514.75
R12838,O134164,C101601,P1386,2025-03-24,Wrong Product,2038.69
R12839,O146574,C109225,P1220,2025-09-15,Quality Issue,5972.02
R12840,O103159,C106255,P1066,2025-09-26,Wrong Product,3643.92
R12841,O157201,C104145,P1146,2026-07-13,Damaged Product,5444.18
R12842,O113977,C102716,P1275,2026-04-30,Wrong Product,4217.81
R12843,O104293,C104079,P1363,2025-08-20,Changed Mind,833.54
R12844,O105543,C102963,P1251,2026-02-25,Wrong Product,8176.08
R12845,O122460,C101647,P1499,2026-04-02,Changed Mind,4523.64
R12846,O139461,C109165,P1279,2026-09-05,Changed Mind,8475.92
R12847,O146233,C107845,P1189,2026-08-03,Changed Mind,2167.69
R12848,O134692,C101023,P1410,2026-07-11,Wrong Product,11732.16
R12849,O128763,C108953,P1263,2026-04-30,Quality Issue,6685.04
R12850,O146275,C108038,P1366,2025-04-12,Damaged Product,967.88
R12851,O134612,C109338,P1379,2025-03-29,Damaged Product,4225.21
R12852,O102452,C105685,P1275,2025-06-12,Changed Mind,12653.43
R12853,O130951,C106018,P1222,2025-06-13,Quality Issue,1104.42
R12854,O127208,C102088,P1036,2026-07-03,Changed Mind,2118.8
R12855,O141128,C109010,P1185,2026-08-06,Wrong Product,5061.21
R12856,O143590,C101740,P1160,2025-05-31,Changed Mind,14595.08
R12857,O151088,C109703,P1382,2026-06-21,Changed Mind,12495.73
R12858,O138665,C102562,P1126,2026-01-16,Damaged Product,7952.48
R12859,O159630,C104527,P1148,2026-05-25,Quality Issue,19062.28
R12860,O111611,C103177,P1496,2026-01-20,Quality Issue,6476.22
R12861,O100618,C109597,P1122,2025-01-12,Wrong Product,13883.64
R12862,O100947,C105924,P1457,2025-07-14,Wrong Product,4316.36
R12863,O149159,C104126,P1238,2025-07-05,Late Delivery,893.25
R12864,O108600,C103611,P1250,2026-03-27,Quality Issue,2367.88
R12865,O154403,C108748,P1410,2025-02-08,Damaged Product,5866.08
R12866,O103256,C107880,P1181,2025-08-08,Damaged Product,4198.44
R12867,O129073,C102824,P1445,2026-06-14,Damaged Product,7035.47
R12868,O139838,C102116,P1128,2026-04-11,Late Delivery,4388.31
R12869,O113650,C100339,P1057,2025-09-25,Wrong Product,776.8
R12870,O141318,C103150,P1360,2026-06-21,Changed Mind,2615.12
R12871,O148148,C103736,P1471,2025-02-10,Late Delivery,3497.04
R12872,O102760,C104514,P1100,2026-07-15,Quality Issue,4520.05
R12873,O157810,C109611,P1342,2026-02-11,Late Delivery,4220.85
R12874,O119368,C107518,P1379,2025-12-18,Damaged Product,9389.36
R12875,O121732,C109147,P1175,2026-05-03,Damaged Product,7260.24
R12876,O108940,C100678,P1010,2025-09-23,Quality Issue,2904.12
R12877,O150175,C109244,P1168,2026-07-25,Damaged Product,6154.71
R12878,O104413,C103077,P1169,2025-08-13,Changed Mind,2467.84
R12879,O116345,C109688,P1040,2025-07-17,Damaged Product,3652.32
R12880,O127289,C103966,P1150,2025-11-12,Late Delivery,8406.64
R12881,O127371,C109332,P1342,2025-04-29,Late Delivery,5331.6
R12882,O140673,C107494,P1321,2025-03-10,Changed Mind,3013.76
R12883,O133971,C107118,P1266,2025-08-11,Changed Mind,5360.1
R12884,O117304,C106131,P1332,2025-10-23,Late Delivery,7782.22
R12885,O109061,C106154,P1200,2025-11-10,Changed Mind,13067.13
R12886,O129762,C102014,P1131,2026-04-05,Late Delivery,8574.8
R12887,O139932,C100593,P1433,2026-08-23,Damaged Product,1242.8
R12888,O120870,C105269,P1270,2026-02-08,Changed Mind,10432.76
R12889,O127446,C105422,P1148,2026-01-29,Quality Issue,12039.34
R12890,O146322,C107062,P1339,2025-06-12,Quality Issue,8976.13
R12891,O131130,C106426,P1199,2025-04-23,Changed Mind,16629.94
R12892,O146044,C101529,P1124,2025-12-17,Wrong Product,6331.19
R12893,O149390,C105715,P1132,2025-07-15,Quality Issue,17524.32
R12894,O148195,C104730,P1252,2025-03-15,Quality Issue,4658.82
R12895,O146700,C107389,P1104,2025-04-30,Wrong Product,3655.42
R12896,O133804,C107173,P1238,2025-09-20,Wrong Product,1253.68
R12897,O130480,C102505,P1416,2025-12-13,Quality Issue,21159.84
R12898,O130760,C107219,P1182,2026-06-08,Late Delivery,4226.92
R12899,O133887,C103400,P1393,2025-04-19,Changed Mind,3405.91
R12900,O137689,C108658,P1297,2026-03-10,Changed Mind,5157.45
R12901,O139764,C106020,P1380,2025-09-15,Quality Issue,14481.76
R12902,O112795,C106137,P1346,2025-02-19,Quality Issue,1705.56
R12903,O139796,C105167,P1104,2026-06-25,Quality Issue,14621.67
R12904,O103950,C108860,P1191,2026-05-09,Wrong Product,13374.76
R12905,O115103,C108085,P1015,2026-04-10,Late Delivery,14903.48
R12906,O138731,C104223,P1146,2026-08-08,Damaged Product,10207.83
R12907,O123229,C106977,P1177,2025-10-03,Late Delivery,6923.77
R12908,O131591,C101332,P1359,2026-05-23,Changed Mind,10045.96
R12909,O121620,C106938,P1003,2025-06-08,Late Delivery,7055.74
R12910,O140365,C100381,P1441,2025-07-07,Quality Issue,4698.63
R12911,O116137,C102815,P1331,2026-08-04,Damaged Product,8186.04
R12912,O149532,C102053,P1090,2026-06-23,Wrong Product,16615.11
R12913,O136320,C108784,P1292,2026-02-17,Wrong Product,8289.04
R12914,O118913,C108135,P1499,2025-04-22,Damaged Product,2035.64
R12915,O158878,C101338,P1110,2025-05-10,Late Delivery,1703.93
R12916,O107752,C107660,P1190,2025-09-09,Changed Mind,23241.94
R12917,O142787,C106013,P1420,2026-07-04,Quality Issue,4958.18
R12918,O143093,C100008,P1048,2025-10-14,Changed Mind,6542.51
R12919,O114581,C104564,P1305,2026-08-26,Damaged Product,3496.37
R12920,O131153,C100299,P1075,2025-10-27,Changed Mind,4298.81
R12921,O119193,C100142,P1314,2026-04-14,Wrong Product,26839.88
R12922,O133856,C101036,P1291,2025-09-12,Damaged Product,1287.45
R12923,O104923,C106781,P1251,2025-09-06,Changed Mind,3270.43
R12924,O103798,C105479,P1378,2025-05-24,Late Delivery,6275.27
R12925,O126258,C108531,P1178,2026-01-05,Wrong Product,2831.6
R12926,O135000,C100479,P1048,2025-06-05,Changed Mind,5561.13
R12927,O118761,C106325,P1058,2026-03-05,Quality Issue,6841.64
R12928,O116006,C109411,P1245,2025-06-24,Changed Mind,1914.48
R12929,O113227,C106239,P1187,2026-04-07,Late Delivery,6521.49
R12930,O103984,C102494,P1149,2025-04-12,Quality Issue,29795.4
R12931,O150977,C103989,P1086,2026-05-07,Changed Mind,10951.49
R12932,O153520,C105319,P1128,2025-02-16,Changed Mind,2600.48
R12933,O144951,C100096,P1294,2025-02-22,Damaged Product,1489.33
R12934,O119292,C105626,P1033,2025-08-10,Changed Mind,10251.31
R12935,O118127,C106759,P1197,2025-02-15,Late Delivery,3670.69
R12936,O134378,C106963,P1216,2026-08-10,Quality Issue,10516.28
R12937,O123477,C103063,P1240,2026-05-22,Changed Mind,9797.35
R12938,O144823,C101756,P1383,2026-02-26,Wrong Product,13113.95
R12939,O142351,C108272,P1261,2025-06-03,Wrong Product,2160.59
R12940,O145532,C107887,P1379,2026-01-05,Wrong Product,4459.95
R12941,O133448,C100537,P1061,2026-08-06,Changed Mind,8349.91
R12942,O128511,C102779,P1272,2026-01-26,Damaged Product,2215.48
R12943,O110912,C103849,P1420,2026-07-09,Changed Mind,2355.14
R12944,O110262,C100403,P1489,2025-09-19,Quality Issue,5006.38
R12945,O159481,C108675,P1023,2026-05-20,Changed Mind,17417.6
R12946,O134696,C105332,P1084,2026-01-06,Damaged Product,566.71
R12947,O123067,C107469,P1225,2025-09-07,Wrong Product,6622.53
R12948,O118598,C100814,P1058,2025-02-10,Quality Issue,3249.78
R12949,O149504,C100393,P1476,2025-12-02,Changed Mind,1599.07
R12950,O155640,C107436,P1461,2025-03-24,Changed Mind,3049.42
R12951,O147123,C106511,P1178,2025-07-12,Damaged Product,9494.21
R12952,O155872,C109931,P1279,2025-02-15,Damaged Product,20130.31
R12953,O154399,C102629,P1182,2025-09-13,Late Delivery,1483.13
R12954,O149565,C105677,P1369,2025-10-25,Damaged Product,12854.79
R12955,O110476,C101877,P1479,2025-02-05,Late Delivery,22999.5
R12956,O154478,C106984,P1187,2026-06-26,Changed Mind,6956.26
R12957,O123828,C102666,P1333,2026-08-28,Quality Issue,16511.1
R12958,O156880,C102786,P1473,2026-07-28,Quality Issue,2124.03
R12959,O143445,C102071,P1054,2026-04-26,Damaged Product,5465.71
R12960,O136129,C105820,P1002,2025-09-23,Changed Mind,19487.16
R12961,O127006,C104466,P1316,2026-05-21,Wrong Product,7633.31
R12962,O106848,C103399,P1427,2025-05-24,Quality Issue,11457.54
R12963,O101582,C105037,P1454,2026-02-04,Wrong Product,6245.12
R12964,O132773,C101617,P1275,2026-07-23,Wrong Product,12020.76
R12965,O113580,C100403,P1486,2026-01-30,Damaged Product,22921.24
R12966,O150840,C102340,P1351,2025-04-29,Damaged Product,4646.1
R12967,O145915,C102286,P1406,2026-04-29,Damaged Product,15403.4
R12968,O157315,C103223,P1339,2026-01-22,Changed Mind,2524.54
R12969,O109040,C106382,P1287,2025-06-11,Late Delivery,2259.37
R12970,O129283,C106516,P1364,2025-05-21,Changed Mind,7113.3
R12971,O128527,C109856,P1264,2025-08-27,Wrong Product,12918.02
R12972,O155169,C104765,P1141,2026-04-18,Changed Mind,9457.18
R12973,O136254,C108538,P1231,2025-02-16,Damaged Product,2094.81
R12974,O152181,C103933,P1043,2026-08-07,Wrong Product,5295.96
R12975,O141366,C102292,P1317,2026-07-30,Changed Mind,5602.66
R12976,O121542,C106567,P1071,2025-07-01,Late Delivery,16778.13
R12977,O143556,C109690,P1346,2025-04-29,Wrong Product,852.78
R12978,O147300,C105320,P1136,2025-08-04,Wrong Product,851.06
R12979,O107379,C100545,P1300,2026-06-24,Quality Issue,4066.56
R12980,O150852,C102467,P1252,2025-06-28,Quality Issue,1164.7
R12981,O111905,C102686,P1400,2026-01-22,Damaged Product,17737.04
R12982,O128691,C106013,P1031,2026-06-01,Changed Mind,4500.58
R12983,O151743,C106201,P1302,2025-04-16,Quality Issue,11765.16
R12984,O138314,C105159,P1226,2025-12-24,Late Delivery,4915.27
R12985,O131582,C103737,P1350,2025-12-26,Damaged Product,14103.5
R12986,O153273,C102663,P1029,2025-07-20,Quality Issue,9396.04
R12987,O103450,C100689,P1487,2026-07-19,Damaged Product,5457.52
R12988,O101815,C103503,P1204,2025-11-05,Quality Issue,12256.76
R12989,O107107,C108291,P1460,2025-04-10,Damaged Product,15965.52
R12990,O123881,C106836,P1357,2025-04-09,Late Delivery,11631.16
R12991,O140205,C104231,P1286,2025-10-29,Damaged Product,2940.06
R12992,O138649,C100787,P1360,2025-04-21,Quality Issue,8258.28
R12993,O116258,C100835,P1412,2026-08-27,Quality Issue,11286.38
R12994,O148133,C103353,P1416,2026-02-21,Late Delivery,15869.88
R12995,O109998,C101215,P1483,2026-02-18,Changed Mind,854.06
R12996,O144899,C104438,P1028,2025-04-29,Wrong Product,15739.38
R12997,O112207,C102683,P1373,2025-10-20,Changed Mind,9638.7
R12998,O152269,C104481,P1265,2025-03-30,Wrong Product,7783.47
R12999,O122214,C103068,P1084,2025-12-14,Late Delivery,2266.84
R13000,O152357,C104864,P1250,2026-02-10,Wrong Product,9970.0
R13001,O137843,C105700,P1355,2026-04-21,Wrong Product,2561.88
R13002,O122063,C106902,P1349,2025-09-23,Damaged Product,1426.42
R13003,O154197,C109547,P1342,2026-04-07,Damaged Product,1258.85
R13004,O125755,C105116,P1229,2025-09-08,Late Delivery,9520.06
R13005,O104944,C108322,P1482,2025-04-13,Quality Issue,3818.56
R13006,O150944,C107460,P1417,2025-04-12,Changed Mind,15696.34
R13007,O109351,C102543,P1122,2026-02-02,Late Delivery,27767.28
R13008,O144148,C106783,P1210,2025-11-01,Changed Mind,4393.54
R13009,O107722,C105369,P1228,2026-05-04,Damaged Product,4502.46
R13010,O105588,C102500,P1299,2025-05-26,Late Delivery,18271.47
R13011,O125073,C103249,P1057,2026-06-23,Changed Mind,1370.82
R13012,O137641,C100696,P1227,2026-08-08,Late Delivery,4189.89
R13013,O159282,C108876,P1045,2025-09-06,Damaged Product,12613.64
R13014,O128848,C107228,P1204,2025-09-23,Damaged Product,11643.92
R13015,O145437,C104147,P1403,2025-06-02,Damaged Product,5688.28
R13016,O128883,C109739,P1470,2026-08-01,Wrong Product,11702.85
R13017,O102631,C106968,P1191,2025-07-25,Quality Issue,12706.02
R13018,O117146,C103042,P1330,2025-09-02,Changed Mind,11517.34
R13019,O154740,C100764,P1119,2026-02-24,Late Delivery,10879.92
R13020,O101388,C100037,P1441,2026-05-01,Quality Issue,7370.4
R13021,O153820,C100622,P1386,2026-04-09,Changed Mind,8583.96
R13022,O159921,C108799,P1340,2025-11-21,Changed Mind,6018.82
R13023,O139245,C104547,P1480,2025-10-17,Wrong Product,8552.65
R13024,O109923,C105262,P1139,2025-07-22,Damaged Product,5163.89
R13025,O134617,C104269,P1370,2026-06-05,Late Delivery,25045.92
R13026,O132315,C100094,P1166,2025-01-26,Changed Mind,2432.12
R13027,O144599,C100221,P1129,2026-01-22,Changed Mind,4061.9
R13028,O126992,C103134,P1366,2026-03-02,Quality Issue,967.88
R13029,O108495,C102131,P1381,2026-08-12,Late Delivery,1330.84
R13030,O133880,C106527,P1004,2025-06-30,Changed Mind,11204.06
R13031,O135209,C108927,P1395,2026-06-28,Wrong Product,2236.64
R13032,O124014,C109657,P1122,2026-05-24,Changed Mind,24990.55
R13033,O150839,C101869,P1183,2025-05-13,Wrong Product,3334.09
R13034,O155403,C106448,P1163,2025-03-08,Quality Issue,5739.03
R13035,O159724,C101793,P1307,2025-01-28,Late Delivery,5313.4
R13036,O147988,C109572,P1321,2025-04-15,Changed Mind,11301.6
R13037,O101238,C109977,P1373,2025-03-25,Changed Mind,11566.44
R13038,O114532,C100882,P1019,2026-03-01,Late Delivery,6373.22
R13039,O150211,C100406,P1423,2026-05-28,Damaged Product,2825.48
R13040,O132057,C105593,P1155,2025-04-14,Damaged Product,8959.52
R13041,O134800,C103504,P1193,2026-04-20,Damaged Product,6253.36
R13042,O151616,C102140,P1316,2025-12-29,Quality Issue,16164.65
R13043,O132614,C100256,P1164,2026-08-18,Quality Issue,5552.59
R13044,O139249,C109747,P1083,2025-03-22,Late Delivery,5672.54
R13045,O112005,C100722,P1148,2025-09-12,Quality Issue,14296.71
R13046,O118861,C107753,P1361,2025-05-16,Quality Issue,10273.05
R13047,O158627,C108272,P1004,2025-11-25,Late Delivery,20167.31
R13048,O138800,C106439,P1082,2026-04-23,Late Delivery,9917.54
R13049,O110518,C103548,P1401,2025-04-11,Wrong Product,3223.42
R13050,O115973,C107374,P1478,2025-03-03,Wrong Product,13065.56
R13051,O144503,C104242,P1015,2025-11-27,Damaged Product,8889.79
R13052,O141534,C106894,P1141,2026-03-14,Wrong Product,15761.97
R13053,O105831,C104525,P1182,2025-12-13,Late Delivery,2966.26
R13054,O137249,C108390,P1271,2025-05-24,Late Delivery,8786.72
R13055,O118456,C107234,P1301,2025-07-28,Damaged Product,1933.08
R13056,O132699,C104373,P1078,2026-08-18,Changed Mind,20919.36
R13057,O147313,C108483,P1171,2025-10-12,Quality Issue,15765.66
R13058,O145695,C109162,P1028,2025-02-21,Damaged Product,7869.69
R13059,O152107,C107482,P1029,2025-07-30,Quality Issue,13389.36
R13060,O120348,C108675,P1419,2026-06-30,Late Delivery,4036.55
R13061,O150715,C101963,P1313,2025-10-30,Damaged Product,6019.83
R13062,O115840,C101857,P1286,2025-07-26,Changed Mind,7350.16
R13063,O125904,C103228,P1228,2025-04-25,Wrong Product,1425.78
R13064,O120664,C101788,P1230,2025-06-19,Damaged Product,4254.9
R13065,O148839,C104917,P1243,2025-09-10,Late Delivery,13422.74
R13066,O110065,C101776,P1005,2025-08-18,Wrong Product,687.93
R13067,O117060,C104465,P1304,2025-11-23,Damaged Product,7083.42
R13068,O118210,C100515,P1078,2025-08-10,Wrong Product,16735.49
R13069,O109216,C100261,P1192,2025-09-18,Damaged Product,5216.28
R13070,O144250,C102591,P1386,2025-08-07,Changed Mind,7725.56
R13071,O108218,C104385,P1442,2025-06-09,Wrong Product,7221.54
R13072,O159785,C101569,P1184,2026-02-10,Changed Mind,3188.75
R13073,O159765,C109508,P1182,2026-01-30,Changed Mind,2521.32
R13074,O128844,C109932,P1388,2025-06-23,Wrong Product,4697.39
R13075,O121276,C106767,P1293,2026-02-25,Damaged Product,10108.72
R13076,O129306,C100910,P1104,2025-07-31,Damaged Product,3870.44
R13077,O113164,C108126,P1068,2026-07-04,Changed Mind,4972.58
R13078,O141008,C106178,P1313,2025-07-05,Wrong Product,19263.46
R13079,O151004,C102583,P1293,2025-09-29,Late Delivery,5054.36
R13080,O137550,C108248,P1054,2026-07-21,Quality Issue,4890.37
R13081,O137203,C103422,P1350,2026-06-20,Late Delivery,14103.5
R13082,O104650,C108884,P1075,2025-05-10,Damaged Product,4298.81
R13083,O106362,C106090,P1111,2025-05-18,Changed Mind,5648.13
R13084,O140310,C102255,P1006,2025-02-09,Changed Mind,24523.95
R13085,O113032,C109661,P1076,2025-07-17,Damaged Product,6752.41
R13086,O116899,C107608,P1208,2025-04-06,Quality Issue,20876.14
R13087,O137119,C107452,P1072,2025-11-23,Quality Issue,16518.99
R13088,O100184,C108163,P1053,2025-04-24,Quality Issue,12816.83
R13089,O151949,C109725,P1416,2026-05-24,Damaged Product,10579.92
R13090,O157033,C100296,P1247,2025-05-16,Damaged Product,8450.52
R13091,O139592,C101044,P1437,2025-02-12,Quality Issue,6155.88
R13092,O134406,C102972,P1458,2026-05-16,Damaged Product,8938.32
R13093,O120032,C107831,P1172,2026-08-05,Wrong Product,555.5
R13094,O104398,C105211,P1182,2025-06-15,Wrong Product,3559.51
R13095,O139979,C108375,P1020,2026-04-28,Late Delivery,11082.49
R13096,O142599,C106007,P1107,2026-04-12,Changed Mind,10262.28
R13097,O113302,C107306,P1351,2025-09-03,Late Delivery,6969.15
R13098,O114739,C106063,P1132,2025-07-18,Changed Mind,13143.24
R13099,O104370,C104505,P1191,2025-10-14,Quality Issue,2674.95
R13100,O138103,C107276,P1385,2026-04-06,Wrong Product,8520.18
R13101,O146941,C101796,P1483,2025-09-27,Changed Mind,1897.92
R13102,O125994,C107035,P1474,2026-05-14,Wrong Product,11192.26
R13103,O111233,C102340,P1272,2025-04-17,Quality Issue,3157.06
R13104,O150066,C108061,P1285,2025-03-28,Changed Mind,13997.92
R13105,O140297,C100996,P1246,2026-05-19,Wrong Product,6500.76
R13106,O154072,C109890,P1139,2026-02-26,Late Delivery,20655.55
R13107,O127014,C101771,P1217,2026-02-22,Changed Mind,9754.32
R13108,O107179,C103906,P1409,2026-08-16,Quality Issue,9436.48
R13109,O147525,C107259,P1075,2025-06-23,Wrong Product,17195.24
R13110,O114096,C107855,P1242,2025-10-15,Quality Issue,2320.68
R13111,O136213,C102872,P1299,2026-02-22,Damaged Product,11571.93
R13112,O105429,C105304,P1182,2026-03-30,Late Delivery,5339.27
R13113,O153713,C106773,P1467,2026-01-19,Damaged Product,5772.11
R13114,O128022,C104752,P1040,2025-10-02,Damaged Product,15378.2
R13115,O138128,C105278,P1183,2026-02-07,Quality Issue,3000.68
R13116,O159574,C109333,P1418,2026-04-26,Changed Mind,4559.92
R13117,O103044,C107480,P1052,2025-09-02,Changed Mind,18103.03
R13118,O100041,C100147,P1399,2025-11-26,Late Delivery,8041.66
R13119,O130121,C107852,P1218,2025-03-24,Wrong Product,8672.43
R13120,O146165,C103465,P1200,2025-05-11,Wrong Product,4355.71
R13121,O139818,C108728,P1386,2025-05-03,Quality Issue,8154.76
R13122,O135185,C101778,P1133,2025-03-15,Damaged Product,5823.51
R13123,O147486,C108418,P1070,2025-08-09,Damaged Product,241.98
R13124,O123355,C108756,P1277,2026-01-16,Quality Issue,11581.65
R13125,O147958,C100737,P1245,2026-06-03,Wrong Product,9572.4
R13126,O156280,C107905,P1257,2025-04-10,Quality Issue,16232.55
R13127,O140242,C104019,P1155,2025-09-20,Late Delivery,2986.51
R13128,O123812,C109890,P1048,2025-06-05,Late Delivery,17664.78
R13129,O124748,C106411,P1018,2025-11-25,Changed Mind,7056.09
R13130,O117750,C104513,P1041,2025-09-04,Quality Issue,9932.33
R13131,O131355,C100426,P1126,2026-03-17,Damaged Product,6709.91
R13132,O115769,C107392,P1268,2026-02-11,Quality Issue,23919.44
R13133,O118546,C100627,P1037,2025-01-18,Damaged Product,20460.28
R13134,O111114,C105174,P1269,2025-10-22,Damaged Product,11767.2
R13135,O148949,C101033,P1197,2025-12-27,Late Delivery,13214.48
R13136,O104510,C107389,P1458,2026-05-06,Damaged Product,6620.98
R13137,O143154,C101061,P1416,2026-07-11,Late Delivery,17985.86
R13138,O116966,C108484,P1289,2025-08-22,Late Delivery,5293.55
R13139,O124002,C106290,P1347,2026-04-10,Changed Mind,3362.51
R13140,O145490,C100129,P1489,2026-01-17,Wrong Product,10012.77
R13141,O113967,C106128,P1467,2025-09-19,Damaged Product,3634.29
R13142,O157043,C104389,P1189,2026-05-30,Wrong Product,1083.84
R13143,O115578,C102826,P1345,2026-01-14,Late Delivery,4792.96
R13144,O133682,C106393,P1372,2025-03-30,Damaged Product,17111.18
R13145,O104051,C106324,P1130,2026-04-22,Wrong Product,18582.12
R13146,O150582,C104671,P1081,2025-05-03,Late Delivery,16006.32
R13147,O113321,C100613,P1062,2025-06-13,Quality Issue,14803.95
R13148,O133786,C102159,P1356,2026-06-29,Damaged Product,28969.4
R13149,O109870,C106521,P1166,2025-04-10,Quality Issue,2067.3
R13150,O158074,C107445,P1486,2025-07-12,Late Delivery,11460.62
R13151,O124507,C104047,P1316,2026-01-21,Wrong Product,17960.72
R13152,O100207,C104027,P1064,2026-06-05,Late Delivery,9147.1
R13153,O119269,C107139,P1217,2025-07-16,Late Delivery,13168.33
R13154,O113220,C107154,P1292,2025-11-06,Wrong Product,9210.04
R13155,O134134,C100364,P1227,2026-07-07,Damaged Product,9365.63
R13156,O137732,C104084,P1192,2025-03-16,Wrong Product,2608.14
R13157,O159654,C102229,P1094,2025-10-09,Late Delivery,9846.35
R13158,O115686,C100199,P1443,2026-01-01,Quality Issue,10947.1
R13159,O153268,C109906,P1449,2025-09-27,Changed Mind,10468.75
R13160,O131213,C103839,P1436,2026-04-03,Wrong Product,3630.04
R13161,O116656,C100867,P1277,2026-07-21,Wrong Product,6876.6
R13162,O137149,C109774,P1425,2025-11-30,Damaged Product,5273.78
R13163,O108278,C105874,P1061,2026-01-08,Damaged Product,13220.69
R13164,O136904,C102480,P1099,2026-04-10,Damaged Product,12624.96
R13165,O159673,C100148,P1061,2026-02-12,Quality Issue,17627.59
R13166,O105474,C107673,P1119,2025-12-16,Wrong Product,2417.76
R13167,O134148,C103222,P1141,2026-08-11,Wrong Product,10507.98
R13168,O125117,C100672,P1135,2025-10-28,Wrong Product,4180.56
R13169,O156439,C100429,P1373,2025-11-12,Quality Issue,4578.38
R13170,O115999,C104510,P1313,2025-08-15,Late Delivery,24079.32
R13171,O134210,C106284,P1419,2025-06-04,Wrong Product,12109.65
R13172,O141550,C103411,P1071,2025-04-08,Late Delivery,5921.69
R13173,O134566,C108349,P1049,2025-04-01,Quality Issue,6510.69
R13174,O125650,C104727,P1340,2025-06-05,Quality Issue,13375.16
R13175,O142714,C108036,P1228,2026-08-10,Damaged Product,1500.82
R13176,O136207,C106677,P1195,2025-01-05,Late Delivery,8043.87
R13177,O100821,C106525,P1447,2025-12-11,Wrong Product,16965.15
R13178,O148930,C106162,P1070,2025-06-27,Damaged Product,455.49
R13179,O155182,C103745,P1029,2025-07-09,Late Delivery,12684.65
R13180,O103243,C106146,P1074,2025-05-09,Quality Issue,784.34
R13181,O150866,C107327,P1201,2025-08-13,Wrong Product,5938.56
R13182,O135716,C102359,P1457,2025-05-20,Quality Issue,11654.17
R13183,O117606,C100562,P1145,2025-12-14,Quality Issue,1483.08
R13184,O153590,C109257,P1413,2025-09-23,Changed Mind,3565.8
R13185,O128975,C104241,P1212,2025-10-20,Changed Mind,6196.2
R13186,O155533,C109397,P1355,2025-07-15,Changed Mind,6027.96
R13187,O104326,C109546,P1413,2025-03-02,Damaged Product,757.73
R13188,O124662,C100864,P1398,2026-06-30,Late Delivery,2982.6
R13189,O143769,C109594,P1487,2026-01-10,Late Delivery,5744.76
R13190,O112416,C106838,P1026,2025-03-18,Changed Mind,13410.52
R13191,O131208,C109691,P1221,2026-06-04,Quality Issue,2231.88
R13192,O123266,C108816,P1479,2025-08-07,Late Delivery,19279.0
R13193,O135550,C101178,P1155,2025-11-10,Changed Mind,12574.76
R13194,O139369,C109659,P1070,2026-07-15,Damaged Product,811.34
R13195,O127170,C109690,P1330,2026-04-19,Changed Mind,5758.67
R13196,O102207,C104728,P1377,2026-01-29,Wrong Product,10090.88
R13197,O105102,C103671,P1172,2025-09-13,Late Delivery,999.9
R13198,O152652,C109694,P1489,2026-03-22,Changed Mind,16687.95
R13199,O132730,C105640,P1459,2025-12-18,Wrong Product,1743.36
R13200,O148681,C106156,P1195,2025-05-21,Damaged Product,9049.36
R13201,O125231,C101200,P1334,2026-02-06,Late Delivery,12459.42
R13202,O147017,C103873,P1352,2025-10-28,Damaged Product,8557.15
R13203,O117917,C109770,P1095,2026-08-29,Quality Issue,1107.76
R13204,O130902,C109895,P1296,2026-04-09,Late Delivery,2750.15
R13205,O106952,C108901,P1249,2026-02-07,Damaged Product,1736.35
R13206,O149807,C105738,P1207,2025-11-06,Quality Issue,3760.8
R13207,O155711,C102712,P1228,2026-02-19,Damaged Product,2851.56
R13208,O123472,C108022,P1014,2026-06-21,Changed Mind,2704.58
R13209,O143851,C104178,P1265,2025-11-12,Changed Mind,8648.3
R13210,O147506,C105160,P1415,2026-08-15,Wrong Product,4409.28
R13211,O111701,C101890,P1275,2025-12-05,Damaged Product,16027.68
R13212,O122544,C108653,P1197,2025-11-25,Changed Mind,11012.07
R13213,O156722,C104975,P1066,2025-08-29,Late Delivery,1730.86
R13214,O157252,C103376,P1431,2025-12-17,Quality Issue,15298.5
R13215,O102074,C102132,P1399,2025-07-17,Damaged Product,16976.84
R13216,O153976,C108405,P1321,2025-02-20,Quality Issue,15068.8
R13217,O126171,C106424,P1111,2026-03-19,Late Delivery,2091.9
R13218,O151978,C104790,P1412,2025-04-14,Late Delivery,22572.76
R13219,O157446,C104312,P1255,2025-04-30,Late Delivery,4939.89
R13220,O117135,C100804,P1376,2025-07-03,Late Delivery,1462.01
R13221,O120317,C104180,P1098,2025-06-06,Late Delivery,4948.8
R13222,O109790,C105359,P1017,2025-05-10,Late Delivery,1732.78
R13223,O134250,C103315,P1007,2026-01-22,Quality Issue,11730.02
R13224,O101227,C107698,P1214,2026-06-10,Late Delivery,6686.4
R13225,O114298,C108743,P1082,2025-10-23,Changed Mind,3967.02
R13226,O119029,C102162,P1318,2025-12-06,Late Delivery,7396.01
R13227,O128822,C106849,P1217,2025-09-14,Late Delivery,11705.18
R13228,O136354,C103223,P1017,2025-06-15,Damaged Product,6497.94
R13229,O140452,C106508,P1472,2025-06-10,Quality Issue,22907.64
R13230,O155030,C102309,P1279,2026-01-19,Late Delivery,9005.66
R13231,O107084,C108621,P1289,2026-03-16,Changed Mind,3970.16
R13232,O101245,C108020,P1475,2025-10-04,Damaged Product,12957.05
R13233,O116015,C107143,P1390,2025-11-18,Damaged Product,5799.51
R13234,O127611,C105178,P1333,2026-07-14,Damaged Product,5503.7
R13235,O110881,C106269,P1085,2026-04-21,Late Delivery,1859.43
R13236,O156598,C108990,P1061,2025-09-11,Wrong Product,8349.91
R13237,O144821,C102415,P1120,2025-05-12,Late Delivery,8128.58
R13238,O146611,C100536,P1428,2025-08-09,Damaged Product,2153.49
R13239,O119722,C104179,P1292,2026-01-30,Changed Mind,18420.08
R13240,O138840,C106517,P1375,2026-05-11,Late Delivery,20264.45
R13241,O144459,C108603,P1467,2025-05-12,Changed Mind,8123.72
R13242,O104008,C104375,P1110,2025-08-12,Wrong Product,8093.66
R13243,O128309,C104859,P1137,2025-03-27,Damaged Product,7094.51
R13244,O110592,C104661,P1034,2025-06-29,Changed Mind,14487.16
R13245,O155018,C103623,P1191,2025-04-28,Changed Mind,12037.28
R13246,O127188,C105754,P1356,2026-01-08,Damaged Product,26072.46
R13247,O104271,C102483,P1455,2025-11-11,Changed Mind,25483.2
R13248,O136877,C106838,P1414,2026-04-28,Quality Issue,11906.73
R13249,O154038,C103719,P1279,2025-02-23,Changed Mind,10065.15
R13250,O140368,C100103,P1459,2025-07-18,Damaged Product,1169.89
R13251,O150776,C104822,P1095,2025-12-02,Late Delivery,2973.45
R13252,O115268,C102610,P1267,2025-05-08,Quality Issue,2837.89
R13253,O111642,C101155,P1018,2026-06-29,Changed Mind,6313.34
R13254,O121869,C109952,P1037,2026-08-01,Changed Mind,17050.23
R13255,O113165,C107702,P1217,2025-12-29,Quality Issue,19508.64
R13256,O150184,C108161,P1065,2025-05-28,Wrong Product,15100.22
R13257,O140787,C101062,P1169,2026-04-13,Changed Mind,6663.17
R13258,O135296,C108671,P1476,2025-03-31,Changed Mind,2878.33
R13259,O109204,C103849,P1049,2025-09-27,Quality Issue,5140.02
R13260,O131842,C108843,P1116,2026-02-24,Late Delivery,5275.44
R13261,O104400,C108076,P1277,2025-10-05,Wrong Product,6514.68
R13262,O135525,C100397,P1029,2025-02-01,Quality Issue,4463.12
R13263,O157401,C105731,P1068,2025-09-22,Changed Mind,20937.2
R13264,O131968,C105639,P1146,2025-05-28,Changed Mind,2892.22
R13265,O114873,C109993,P1429,2025-12-02,Quality Issue,9289.34
R13266,O105186,C103308,P1060,2025-04-01,Wrong Product,6944.99
R13267,O116986,C109961,P1196,2025-04-20,Quality Issue,17482.35
R13268,O145923,C101819,P1175,2025-06-03,Late Delivery,6897.23
R13269,O131142,C101825,P1214,2026-01-20,Quality Issue,19056.24
R13270,O150589,C105084,P1375,2026-02-01,Late Delivery,10665.5
R13271,O101180,C108008,P1280,2026-01-21,Quality Issue,19285.74
R13272,O135318,C109886,P1440,2025-04-05,Damaged Product,11116.08
R13273,O130494,C105781,P1067,2025-03-07,Quality Issue,5030.75
R13274,O106136,C105811,P1394,2026-08-06,Wrong Product,8882.36
R13275,O106731,C107467,P1144,2026-07-16,Late Delivery,236.31
R13276,O140964,C107502,P1295,2025-03-31,Damaged Product,20775.32
R13277,O143619,C100080,P1173,2025-06-12,Wrong Product,1291.2
R13278,O133494,C105614,P1102,2025-07-03,Wrong Product,4080.57
R13279,O153366,C108537,P1294,2026-08-06,Late Delivery,4467.99
R13280,O125860,C105541,P1381,2026-03-27,Wrong Product,1264.3
R13281,O138877,C105480,P1353,2026-06-15,Late Delivery,6096.0
R13282,O113803,C104533,P1480,2025-06-28,Wrong Product,9558.84
R13283,O158084,C106046,P1016,2025-07-24,Wrong Product,4741.28
R13284,O106960,C109867,P1157,2025-11-02,Changed Mind,1446.42
R13285,O143817,C109223,P1076,2025-05-25,Quality Issue,3001.07
R13286,O144153,C101995,P1158,2025-10-18,Wrong Product,2783.52
R13287,O135778,C103927,P1034,2025-07-30,Damaged Product,13038.44
R13288,O140147,C109622,P1037,2026-06-23,Damaged Product,5683.41
R13289,O146336,C106490,P1449,2025-06-09,Late Delivery,18474.27
R13290,O117491,C103403,P1420,2025-11-08,Quality Issue,6693.54
R13291,O153706,C100394,P1317,2026-08-16,Wrong Product,14286.78
R13292,O102611,C105824,P1287,2025-11-03,Wrong Product,9513.12
R13293,O103456,C109393,P1179,2026-08-01,Quality Issue,3708.53
R13294,O106300,C106720,P1381,2026-08-02,Wrong Product,5323.36
R13295,O126331,C102627,P1060,2026-04-10,Late Delivery,7716.66
R13296,O108934,C103289,P1267,2026-07-14,Late Delivery,6677.38
R13297,O154268,C103088,P1281,2026-06-05,Damaged Product,3036.11
R13298,O124073,C106280,P1211,2026-04-19,Late Delivery,12187.8
R13299,O140713,C100515,P1074,2026-03-17,Changed Mind,2509.89
R13300,O155249,C106496,P1101,2026-08-19,Changed Mind,2681.75
R13301,O107429,C102236,P1326,2025-07-09,Wrong Product,4403.01
R13302,O156501,C101393,P1157,2026-02-04,Damaged Product,1229.46
R13303,O102895,C106222,P1139,2025-08-03,Changed Mind,9784.21
R13304,O119414,C100536,P1249,2026-01-19,Changed Mind,1736.35
R13305,O156076,C104045,P1356,2025-04-24,Late Delivery,21727.05
R13306,O100404,C108703,P1399,2025-06-29,Wrong Product,8041.66
R13307,O158983,C101149,P1065,2025-05-15,Damaged Product,18875.28
R13308,O152426,C109137,P1326,2025-02-21,Quality Issue,13904.25
R13309,O153890,C105331,P1274,2025-08-18,Quality Issue,4983.34
R13310,O128058,C105421,P1043,2025-08-08,Quality Issue,2647.98
R13311,O153476,C109325,P1107,2026-03-19,Wrong Product,10262.28
R13312,O103068,C106769,P1027,2025-06-07,Late Delivery,9736.43
R13313,O133060,C104416,P1281,2025-03-19,Damaged Product,6072.22
R13314,O133555,C103755,P1384,2025-04-03,Damaged Product,3171.1
R13315,O146888,C104296,P1056,2025-05-22,Quality Issue,4230.54
R13316,O120131,C106020,P1103,2025-06-26,Wrong Product,4414.77
R13317,O121458,C106755,P1146,2026-01-07,Damaged Product,6805.22
R13318,O124640,C108706,P1041,2025-11-29,Wrong Product,11100.84
R13319,O141427,C108632,P1189,2025-05-13,Wrong Product,1275.11
R13320,O156129,C100034,P1442,2025-04-05,Wrong Product,3230.69
R13321,O112981,C107412,P1448,2026-04-25,Late Delivery,3971.52
R13322,O151329,C109509,P1435,2025-08-26,Quality Issue,1302.06
R13323,O103722,C102220,P1480,2025-02-20,Quality Issue,5030.97
R13324,O143145,C101989,P1307,2025-05-06,Late Delivery,1129.1
R13325,O100933,C106793,P1344,2026-07-04,Damaged Product,4771.08
R13326,O102355,C100685,P1224,2025-10-08,Wrong Product,1746.21
R13327,O125209,C105309,P1441,2025-09-16,Quality Issue,3685.2
R13328,O152393,C109646,P1325,2025-11-05,Damaged Product,307.76
R13329,O152980,C108979,P1019,2025-11-20,Damaged Product,6373.22
R13330,O115002,C104431,P1200,2026-02-04,Late Delivery,13067.13
R13331,O141908,C106258,P1290,2025-10-31,Damaged Product,686.77
R13332,O118320,C103646,P1422,2026-01-18,Quality Issue,5869.03
R13333,O129445,C102413,P1163,2025-01-18,Changed Mind,11478.05
R13334,O143915,C107891,P1307,2026-05-01,Damaged Product,2656.7
R13335,O104522,C105177,P1487,2026-04-02,Late Delivery,3662.28
R13336,O102961,C106412,P1098,2025-05-30,Wrong Product,8815.05
R13337,O141386,C109903,P1121,2025-09-11,Damaged Product,2509.4
R13338,O139436,C104902,P1062,2025-04-12,Late Delivery,14063.75
R13339,O141232,C108404,P1473,2026-01-31,Quality Issue,8496.13
R13340,O118572,C109070,P1055,2026-04-04,Quality Issue,18056.61
R13341,O135324,C107469,P1252,2025-05-20,Changed Mind,5532.34
R13342,O114121,C107492,P1013,2025-09-01,Wrong Product,2285.82
R13343,O130867,C103578,P1250,2025-04-16,Late Delivery,9471.5
R13344,O150087,C101795,P1011,2025-07-23,Late Delivery,4181.76
R13345,O153490,C107413,P1337,2025-12-06,Changed Mind,14426.36
R13346,O121770,C105271,P1295,2025-11-21,Late Delivery,9348.89
R13347,O151224,C108101,P1260,2025-08-02,Quality Issue,1523.32
R13348,O130682,C101789,P1216,2026-02-14,Changed Mind,7010.85
R13349,O125446,C107586,P1022,2025-01-23,Damaged Product,3500.1
R13350,O122326,C105504,P1337,2025-08-22,Damaged Product,3606.59
R13351,O147241,C108281,P1007,2025-08-23,Late Delivery,8797.52
R13352,O146625,C104373,P1169,2025-01-22,Late Delivery,2467.84
R13353,O148713,C109425,P1303,2025-06-13,Quality Issue,9986.72
R13354,O158374,C106912,P1203,2025-03-01,Wrong Product,11670.86
R13355,O112034,C108576,P1397,2025-10-12,Damaged Product,4731.37
R13356,O157531,C106212,P1355,2025-09-04,Damaged Product,8137.75
R13357,O106579,C109740,P1108,2025-06-08,Late Delivery,6844.14
R13358,O155062,C109139,P1420,2025-07-29,Quality Issue,8428.91
R13359,O144206,C100609,P1316,2026-04-21,Quality Issue,8531.34
R13360,O134736,C107715,P1250,2025-02-22,Quality Issue,3988.0
R13361,O146177,C109073,P1283,2026-06-07,Changed Mind,22024.69
R13362,O122355,C108299,P1354,2025-03-05,Late Delivery,3821.48
R13363,O104894,C109337,P1462,2025-10-05,Quality Issue,4714.36
R13364,O137780,C100221,P1290,2025-04-25,Changed Mind,307.24
R13365,O138827,C109561,P1025,2026-06-09,Damaged Product,12453.38
R13366,O116175,C108572,P1287,2026-07-03,Late Delivery,9037.46
R13367,O110728,C107804,P1021,2025-12-22,Changed Mind,18028.19
R13368,O109582,C106810,P1422,2026-05-29,Quality Issue,9781.71
R13369,O146317,C107555,P1459,2025-12-31,Quality Issue,458.78
R13370,O137576,C101010,P1122,2025-05-06,Damaged Product,27767.28
R13371,O102908,C102387,P1136,2025-12-16,Wrong Product,3593.36
R13372,O144819,C107637,P1071,2025-02-01,Quality Issue,6250.68
R13373,O151756,C100019,P1472,2025-04-02,Quality Issue,16170.1
R13374,O118454,C107104,P1443,2025-12-18,Late Delivery,19318.41
R13375,O135875,C108402,P1087,2026-05-27,Damaged Product,14854.41
R13376,O159001,C105154,P1242,2025-05-29,Wrong Product,6962.04
R13377,O111101,C104106,P1012,2026-01-15,Quality Issue,1337.83
R13378,O135379,C105814,P1137,2025-02-12,Damaged Product,24121.33
R13379,O148041,C108091,P1355,2025-12-20,Quality Issue,2863.28
R13380,O141182,C106172,P1118,2025-08-03,Damaged Product,27700.16
R13381,O104275,C107416,P1123,2026-02-08,Wrong Product,1374.06
R13382,O134627,C101270,P1483,2025-12-05,Late Delivery,3795.84
R13383,O123374,C108486,P1009,2025-01-31,Late Delivery,13838.4
R13384,O137213,C106764,P1241,2026-03-20,Changed Mind,4303.31
R13385,O113130,C101496,P1439,2026-05-21,Damaged Product,1949.84
R13386,O127009,C108411,P1493,2025-03-09,Late Delivery,389.81
R13387,O125376,C107376,P1189,2026-05-22,Wrong Product,4845.42
R13388,O153383,C101051,P1475,2025-02-27,Damaged Product,7198.36
R13389,O157356,C104037,P1362,2026-08-17,Wrong Product,6783.88
R13390,O126155,C100750,P1403,2025-08-18,Changed Mind,2119.16
R13391,O159591,C107865,P1245,2025-02-04,Late Delivery,6820.33
R13392,O151145,C104206,P1069,2025-05-10,Quality Issue,7569.14
R13393,O133962,C104066,P1038,2025-06-29,Quality Issue,4660.88
R13394,O133917,C105581,P1291,2025-09-20,Wrong Product,3218.62
R13395,O137947,C100567,P1476,2026-06-24,Damaged Product,1519.12
R13396,O105692,C105006,P1388,2026-07-19,Wrong Product,20877.28
R13397,O141367,C103965,P1480,2025-09-11,Quality Issue,13583.62
R13398,O141090,C106605,P1039,2025-06-21,Quality Issue,6603.75
R13399,O146895,C100567,P1016,2025-04-05,Wrong Product,1996.33
R13400,O108969,C105875,P1449,2026-04-16,Late Delivery,23400.74
R13401,O152255,C105698,P1368,2025-05-09,Late Delivery,9987.71
R13402,O102598,C100615,P1216,2025-08-28,Quality Issue,14021.7
R13403,O155223,C103878,P1325,2025-11-20,Damaged Product,971.88
R13404,O122350,C101750,P1375,2026-05-26,Wrong Product,15998.25
R13405,O137878,C101364,P1342,2025-06-12,Damaged Product,4220.85
R13406,O153017,C105993,P1313,2026-07-20,Damaged Product,24079.32
R13407,O157820,C102911,P1068,2026-06-18,Wrong Product,20937.2
R13408,O122512,C101819,P1153,2025-05-30,Late Delivery,8824.02
R13409,O127652,C103416,P1057,2026-08-26,Quality Issue,388.4
R13410,O100004,C101120,P1302,2025-10-01,Wrong Product,12549.5
R13411,O140590,C108607,P1344,2025-08-11,Wrong Product,9542.16
R13412,O119896,C105674,P1133,2026-06-04,Damaged Product,5823.51
R13413,O140483,C109721,P1226,2025-06-18,Damaged Product,10408.81
R13414,O157984,C109319,P1118,2025-02-28,Damaged Product,5540.03
R13415,O125065,C106339,P1002,2026-08-10,Late Delivery,19487.16
R13416,O114736,C102844,P1072,2025-09-21,Damaged Product,17620.26
R13417,O141301,C103115,P1390,2026-05-16,Wrong Product,11599.02
R13418,O135076,C104417,P1100,2025-09-03,Changed Mind,3390.04
R13419,O124137,C109364,P1401,2025-08-21,Changed Mind,1134.17
R13420,O155712,C106310,P1406,2026-06-09,Damaged Product,3273.22
R13421,O135217,C104555,P1122,2025-01-11,Quality Issue,22213.82
R13422,O117274,C100280,P1428,2025-10-01,Quality Issue,538.37
R13423,O115743,C103878,P1016,2026-07-09,Quality Issue,6737.61
R13424,O115455,C102564,P1005,2026-06-13,Wrong Product,724.14
R13425,O109505,C107273,P1228,2025-11-22,Late Delivery,4502.46
R13426,O113812,C109884,P1122,2025-07-27,Changed Mind,13189.46
R13427,O123039,C108244,P1242,2025-06-04,Changed Mind,8818.58
R13428,O111809,C109178,P1083,2025-01-31,Quality Issue,5672.54
R13429,O126983,C109163,P1034,2026-03-02,Damaged Product,6157.04
R13430,O114104,C109885,P1234,2025-05-07,Damaged Product,9186.65
R13431,O127763,C109679,P1133,2025-09-02,Late Delivery,5532.33
R13432,O110175,C105034,P1130,2026-07-21,Late Delivery,18582.12
R13433,O107997,C104913,P1213,2026-01-09,Wrong Product,12995.71
R13434,O137866,C100015,P1274,2025-10-04,Changed Mind,3908.5
R13435,O107616,C107754,P1058,2025-11-27,Damaged Product,1453.85
R13436,O102814,C103950,P1243,2025-08-02,Quality Issue,10626.34
R13437,O115406,C104525,P1156,2026-04-13,Quality Issue,12255.7
R13438,O146653,C104070,P1022,2025-01-17,Changed Mind,6263.34
R13439,O120223,C101490,P1367,2026-06-04,Changed Mind,539.27
R13440,O110286,C109316,P1013,2025-12-14,Changed Mind,9143.28
R13441,O155825,C105063,P1065,2025-11-15,Changed Mind,10695.99
R13442,O141101,C104605,P1259,2025-07-03,Late Delivery,7466.84
R13443,O128368,C101526,P1431,2025-03-29,Damaged Product,8051.84
R13444,O120968,C102806,P1269,2026-01-14,Damaged Product,4383.86
R13445,O120970,C100011,P1444,2025-08-16,Quality Issue,1672.42
R13446,O137341,C104954,P1066,2026-05-27,Wrong Product,1821.96
R13447,O141511,C101952,P1360,2026-01-22,Quality Issue,5230.24
R13448,O133645,C108838,P1299,2025-10-06,Wrong Product,12180.98
R13449,O146450,C100351,P1076,2026-04-11,Quality Issue,7127.55
R13450,O105624,C104921,P1090,2025-11-05,Damaged Product,5261.45
R13451,O124242,C107667,P1088,2025-05-17,Damaged Product,4242.09
R13452,O128742,C103404,P1410,2025-08-22,Wrong Product,9262.23
R13453,O117143,C102597,P1431,2025-07-26,Changed Mind,27376.26
R13454,O136892,C100049,P1412,2025-04-23,Quality Issue,20315.48
R13455,O118835,C102251,P1129,2026-02-22,Quality Issue,6499.04
R13456,O104506,C107530,P1058,2025-03-27,Damaged Product,6157.48
R13457,O119338,C106016,P1100,2025-07-27,Damaged Product,4771.17
R13458,O138293,C101999,P1167,2026-01-21,Quality Issue,7182.03
R13459,O159658,C102094,P1272,2026-01-03,Wrong Product,886.19
R13460,O129638,C101965,P1301,2026-03-19,Late Delivery,1369.26
R13461,O109278,C105112,P1294,2025-06-12,Late Delivery,4219.77
R13462,O113228,C109898,P1302,2026-04-26,Damaged Product,3921.72
R13463,O117915,C101780,P1349,2025-10-08,Quality Issue,6006.0
R13464,O140936,C102085,P1107,2026-05-22,Wrong Product,2565.57
R13465,O139453,C106165,P1157,2026-07-03,Wrong Product,723.21
R13466,O104188,C108487,P1097,2026-01-16,Damaged Product,5684.92
R13467,O122654,C103784,P1122,2026-04-19,Wrong Product,6941.82
R13468,O105704,C100881,P1280,2026-09-03,Quality Issue,25714.32
R13469,O137752,C107476,P1490,2026-06-23,Damaged Product,577.7
R13470,O139158,C109026,P1242,2026-08-09,Wrong Product,2204.65
R13471,O136186,C104974,P1309,2025-04-10,Changed Mind,1844.67
R13472,O153535,C102196,P1003,2025-10-24,Late Delivery,28222.96
R13473,O106171,C105115,P1426,2025-02-03,Changed Mind,14482.98
R13474,O105067,C102424,P1263,2025-09-05,Changed Mind,4486.01
R13475,O116937,C107968,P1482,2025-02-07,Wrong Product,17969.68
R13476,O106309,C108514,P1172,2025-06-11,Damaged Product,1055.45
R13477,O115663,C109741,P1172,2025-04-07,Damaged Product,833.25
R13478,O119447,C103549,P1142,2026-02-16,Damaged Product,4165.83
R13479,O107651,C106773,P1416,2026-07-09,Quality Issue,19043.86
R13480,O114038,C101876,P1205,2025-06-25,Late Delivery,10754.89
R13481,O140646,C109475,P1401,2026-01-31,Wrong Product,4297.9
R13482,O114707,C100843,P1333,2026-01-11,Late Delivery,14034.43
R13483,O106950,C102296,P1221,2025-06-01,Quality Issue,1115.94
R13484,O121771,C106609,P1419,2026-01-26,Damaged Product,11504.17
R13485,O148114,C106772,P1415,2025-09-16,Changed Mind,1309.01
R13486,O117473,C104437,P1123,2026-08-08,Changed Mind,650.87
R13487,O151589,C105018,P1036,2026-02-03,Late Delivery,1177.11
R13488,O119253,C102653,P1397,2025-04-07,Wrong Product,2822.22
R13489,O125413,C104915,P1281,2026-06-21,Damaged Product,5768.61
R13490,O159276,C102905,P1073,2025-05-12,Damaged Product,8232.06
R13491,O128367,C102238,P1330,2026-06-09,Damaged Product,8183.38
R13492,O118827,C104416,P1369,2026-08-13,Late Delivery,6805.48
R13493,O109023,C105715,P1331,2025-03-11,Late Delivery,6462.66
R13494,O110762,C108138,P1393,2025-08-16,Late Delivery,4006.95
R13495,O115491,C100386,P1099,2025-08-14,Wrong Product,11923.57
R13496,O158832,C104786,P1197,2026-07-06,Damaged Product,3670.69
R13497,O134430,C108278,P1076,2026-07-30,Quality Issue,10691.32
R13498,O126704,C108926,P1257,2025-05-22,Damaged Product,19479.06
R13499,O112958,C103645,P1016,2026-06-04,Wrong Product,3992.66
R13500,O142918,C107370,P1200,2025-01-21,Damaged Product,8711.42
R13501,O146181,C105471,P1113,2026-01-19,Late Delivery,11059.52
R13502,O106202,C103461,P1260,2026-01-07,Changed Mind,1942.23
R13503,O112350,C105529,P1204,2025-01-20,Damaged Product,24513.52
R13504,O120659,C100586,P1343,2026-06-12,Wrong Product,6910.84
R13505,O125565,C105599,P1415,2026-07-18,Quality Issue,2755.8
R13506,O117459,C105038,P1467,2025-04-08,Late Delivery,4275.64
R13507,O108177,C101482,P1196,2025-03-06,Quality Issue,23309.8
R13508,O140909,C107522,P1087,2026-02-23,Damaged Product,4456.32
R13509,O139801,C103659,P1078,2025-07-25,Changed Mind,20919.36
R13510,O136091,C102331,P1159,2026-01-06,Wrong Product,3306.2
R13511,O137313,C108086,P1155,2026-07-22,Late Delivery,5029.9
R13512,O126047,C100542,P1152,2026-06-13,Late Delivery,4540.74
R13513,O130692,C102209,P1056,2025-03-05,Late Delivery,5711.23
R13514,O140796,C109439,P1381,2026-03-21,Changed Mind,3992.52
R13515,O127309,C109156,P1313,2025-03-04,Wrong Product,11437.68
R13516,O125754,C109318,P1079,2025-07-08,Changed Mind,8288.22
R13517,O155914,C108354,P1267,2025-03-26,Wrong Product,9515.27
R13518,O124729,C103383,P1110,2026-01-22,Late Delivery,1810.42
R13519,O113248,C107575,P1290,2026-03-27,Quality Issue,1373.55
R13520,O119694,C109003,P1253,2025-02-03,Late Delivery,1486.11
R13521,O113866,C102482,P1092,2025-10-24,Late Delivery,32764.92
R13522,O158737,C109618,P1464,2025-10-23,Quality Issue,7114.02
R13523,O143079,C105807,P1366,2026-03-09,Wrong Product,967.88
R13524,O117085,C102031,P1202,2025-07-08,Changed Mind,1654.72
R13525,O143090,C103013,P1182,2026-04-11,Late Delivery,5635.89
R13526,O114021,C106463,P1444,2025-08-08,Quality Issue,5281.32
R13527,O116678,C106948,P1221,2025-05-14,Late Delivery,1115.94
R13528,O101237,C107705,P1375,2025-04-04,Wrong Product,8532.4
R13529,O101641,C104581,P1153,2025-02-28,Quality Issue,13932.66
R13530,O134443,C103264,P1208,2025-02-01,Quality Issue,19777.39
R13531,O113872,C100483,P1084,2025-05-25,Late Delivery,2266.84
R13532,O107342,C107645,P1336,2025-11-27,Late Delivery,2967.12
R13533,O150172,C100342,P1281,2025-08-14,Quality Issue,5161.39
R13534,O145262,C102796,P1239,2026-08-11,Changed Mind,7896.28
R13535,O140725,C108833,P1208,2025-05-12,Late Delivery,5219.03
R13536,O144862,C106762,P1379,2026-02-19,Late Delivery,2112.61
R13537,O125414,C108251,P1316,2025-12-25,Quality Issue,8082.32
R13538,O120152,C103616,P1009,2025-06-28,Wrong Product,4324.5
R13539,O118274,C103596,P1070,2025-06-25,Wrong Product,768.64
R13540,O115458,C109581,P1241,2025-03-26,Quality Issue,4303.31
R13541,O123101,C102079,P1410,2026-01-13,Damaged Product,12349.64
R13542,O149160,C107329,P1025,2025-02-21,Quality Issue,10988.28
R13543,O157317,C107792,P1286,2025-12-15,Quality Issue,3307.57
R13544,O131712,C100146,P1400,2025-09-17,Late Delivery,16850.19
R13545,O136819,C103385,P1271,2025-12-21,Changed Mind,4393.36
R13546,O137064,C103538,P1236,2026-03-13,Changed Mind,10627.01
R13547,O108771,C109187,P1270,2025-05-26,Changed Mind,9389.48
R13548,O152520,C107122,P1082,2026-01-06,Wrong Product,8925.79
R13549,O105097,C105182,P1475,2025-05-18,Changed Mind,9717.79
R13550,O139221,C109024,P1361,2025-04-23,Quality Issue,6506.26
R13551,O117844,C106686,P1354,2025-03-31,Damaged Product,12067.83
R13552,O138632,C103421,P1001,2025-08-27,Late Delivery,6542.09
R13553,O130659,C108646,P1427,2025-04-15,Late Delivery,11457.54
R13554,O109102,C101831,P1274,2026-03-18,Damaged Product,3908.5
R13555,O139890,C104276,P1481,2025-04-07,Wrong Product,9512.88
R13556,O126096,C100916,P1062,2025-07-07,Damaged Product,4194.45
R13557,O116613,C108669,P1233,2026-06-25,Damaged Product,7426.0
R13558,O117682,C100624,P1152,2025-03-06,Wrong Product,3027.16
R13559,O155283,C108848,P1447,2025-07-30,Wrong Product,11310.1
R13560,O149588,C103014,P1396,2026-08-16,Wrong Product,3352.63
R13561,O147617,C107843,P1107,2025-06-12,Wrong Product,6542.2
R13562,O119680,C101374,P1263,2025-09-11,Damaged Product,1583.3
R13563,O109361,C107986,P1139,2026-06-03,Damaged Product,10871.34
R13564,O119294,C107409,P1232,2026-01-14,Late Delivery,14391.12
R13565,O115457,C106629,P1121,2025-12-28,Wrong Product,5282.94
R13566,O149309,C102113,P1350,2025-06-07,Late Delivery,12693.15
R13567,O100190,C100946,P1355,2025-07-06,Wrong Product,12055.92
R13568,O114447,C105713,P1037,2026-06-26,Damaged Product,11366.82
R13569,O102209,C103797,P1335,2025-02-09,Late Delivery,9282.6
R13570,O158216,C105532,P1243,2025-02-17,Wrong Product,10067.06
R13571,O127939,C108146,P1313,2026-07-25,Damaged Product,5116.86
R13572,O121761,C105952,P1274,2025-09-13,Quality Issue,7817.0
R13573,O122270,C101802,P1375,2025-10-26,Quality Issue,15998.25
R13574,O123333,C105255,P1358,2026-05-03,Wrong Product,6833.16
R13575,O146990,C103140,P1495,2026-05-15,Changed Mind,761.24
R13576,O107485,C104321,P1435,2025-12-24,Changed Mind,4135.97
R13577,O140199,C104629,P1498,2026-04-28,Quality Issue,16573.35
R13578,O143453,C104876,P1236,2026-07-12,Late Delivery,3125.59
R13579,O124848,C109410,P1176,2025-01-31,Quality Issue,11644.52
R13580,O100532,C108155,P1426,2025-08-12,Late Delivery,21582.48
R13581,O147899,C107319,P1427,2025-02-15,Changed Mind,15276.72
R13582,O153703,C109602,P1345,2025-06-03,Damaged Product,4526.68
R13583,O104501,C106083,P1016,2025-04-04,Damaged Product,2495.41
R13584,O126411,C108672,P1056,2026-08-05,Damaged Product,5711.23
R13585,O108542,C102147,P1125,2025-12-19,Damaged Product,7004.85
R13586,O107081,C101094,P1106,2025-02-11,Changed Mind,16616.28
R13587,O139348,C108998,P1292,2025-12-18,Damaged Product,4605.02
R13588,O135821,C109460,P1011,2025-05-02,Late Delivery,4673.73
R13589,O107200,C105664,P1017,2025-05-03,Changed Mind,5523.25
R13590,O106187,C109082,P1131,2026-07-11,Changed Mind,4287.4
R13591,O131396,C107221,P1412,2025-03-25,Changed Mind,5643.19
R13592,O126770,C103372,P1251,2025-07-30,Changed Mind,11037.71
R13593,O146565,C103798,P1275,2025-11-01,Damaged Product,3585.14
R13594,O119608,C106695,P1446,2025-12-15,Changed Mind,8405.43
R13595,O121232,C103337,P1250,2025-08-09,Quality Issue,5982.0
R13596,O142503,C104633,P1331,2026-07-25,Damaged Product,2046.51
R13597,O122655,C100066,P1277,2026-02-17,Late Delivery,19544.03
R13598,O157198,C109798,P1050,2026-02-26,Changed Mind,8658.15
R13599,O125560,C100219,P1099,2026-02-28,Changed Mind,4208.32
R13600,O121526,C108140,P1264,2026-08-03,Late Delivery,4306.0
R13601,O110005,C100656,P1248,2025-02-26,Wrong Product,4933.88
R13602,O122348,C105333,P1032,2026-04-15,Wrong Product,15077.91
R13603,O117392,C103565,P1130,2026-08-21,Late Delivery,9291.06
R13604,O149585,C107008,P1169,2025-04-08,Changed Mind,5922.82
R13605,O136052,C102089,P1222,2025-07-03,Quality Issue,883.54
R13606,O117525,C107318,P1124,2025-06-02,Late Delivery,6331.19
R13607,O104174,C101495,P1458,2025-12-06,Quality Issue,9931.47
R13608,O107104,C102231,P1395,2025-12-26,Damaged Product,2124.81
R13609,O133782,C108224,P1223,2025-11-23,Late Delivery,1874.16
R13610,O144791,C102725,P1360,2025-05-16,Late Delivery,5505.52
R13611,O119659,C103772,P1266,2026-05-11,Wrong Product,1697.36
R13612,O157856,C104252,P1203,2025-08-21,Late Delivery,11670.86
R13613,O118872,C102918,P1143,2026-05-13,Late Delivery,1611.44
R13614,O157567,C101336,P1284,2025-02-20,Damaged Product,2300.48
R13615,O109928,C104874,P1027,2025-10-18,Changed Mind,6149.32
R13616,O134495,C105271,P1195,2026-02-11,Damaged Product,4273.31
R13617,O141772,C101163,P1286,2025-01-27,Changed Mind,11025.24
R13618,O114802,C101854,P1001,2025-03-19,Wrong Product,9181.88
R13619,O148856,C103361,P1225,2025-04-03,Quality Issue,4415.02
R13620,O125438,C102859,P1290,2025-04-23,Quality Issue,289.17
R13621,O122846,C101355,P1274,2025-06-27,Wrong Product,1856.54
R13622,O105486,C109193,P1410,2026-06-30,Wrong Product,5557.34
R13623,O145056,C102028,P1000,2026-01-09,Damaged Product,4179.83
R13624,O157492,C107610,P1477,2025-02-13,Quality Issue,11891.48
R13625,O136485,C108568,P1110,2025-03-04,Quality Issue,6070.24
R13626,O112817,C106794,P1188,2025-10-02,Damaged Product,8314.39
R13627,O114643,C104860,P1148,2026-04-28,Wrong Product,10032.78
R13628,O117852,C103265,P1321,2025-11-15,Quality Issue,9606.36
R13629,O148337,C109622,P1166,2026-01-13,Changed Mind,4377.82
R13630,O127597,C106647,P1340,2025-12-20,Damaged Product,6353.2
R13631,O136147,C100725,P1329,2025-06-13,Changed Mind,4107.53
R13632,O118181,C103709,P1063,2026-02-08,Damaged Product,14431.82
R13633,O117638,C109470,P1412,2026-05-02,Damaged Product,22572.76
R13634,O159430,C107784,P1017,2025-01-20,Quality Issue,2165.98
R13635,O146074,C105355,P1402,2026-08-13,Late Delivery,14049.42
R13636,O152503,C109013,P1267,2025-08-31,Changed Mind,2837.89
R13637,O116441,C100036,P1472,2025-04-08,Changed Mind,26950.16
R13638,O139433,C104378,P1444,2025-03-14,Changed Mind,7041.76
R13639,O112476,C100403,P1182,2025-07-19,Wrong Product,5635.89
R13640,O124208,C104712,P1229,2025-11-23,Late Delivery,8092.05
R13641,O121758,C104098,P1105,2025-10-31,Changed Mind,2683.13
R13642,O135471,C106997,P1330,2025-05-30,Changed Mind,6061.76
R13643,O107628,C106786,P1386,2025-10-12,Quality Issue,1824.09
R13644,O125718,C107749,P1143,2026-05-13,Late Delivery,5687.43
R13645,O129311,C107826,P1474,2026-07-23,Quality Issue,20146.07
R13646,O108480,C100398,P1167,2025-08-07,Quality Issue,21546.09
R13647,O126175,C108621,P1236,2025-05-27,Quality Issue,6251.18
R13648,O109772,C106917,P1298,2025-10-08,Quality Issue,4570.01
R13649,O140908,C105543,P1437,2025-03-03,Changed Mind,10465.0
R13650,O153816,C106602,P1440,2025-05-13,Damaged Product,11116.08
R13651,O121760,C100076,P1496,2025-11-15,Late Delivery,23314.39
R13652,O100347,C108345,P1212,2025-09-11,Damaged Product,5576.58
R13653,O105598,C109806,P1297,2025-12-23,Changed Mind,3438.3
R13654,O102478,C105254,P1292,2025-11-12,Damaged Product,3914.27
R13655,O145777,C101637,P1329,2026-07-27,Damaged Product,2882.48
R13656,O130742,C105105,P1215,2026-05-06,Late Delivery,2952.54
R13657,O149913,C103036,P1301,2025-10-01,Damaged Product,805.45
R13658,O152876,C107859,P1369,2026-07-15,Wrong Product,3024.66
R13659,O117184,C102609,P1091,2026-03-02,Damaged Product,3115.96
R13660,O100285,C104180,P1030,2026-08-03,Quality Issue,9896.43
R13661,O119951,C108180,P1008,2025-11-20,Quality Issue,6034.54
R13662,O152000,C101457,P1245,2025-08-15,Quality Issue,9572.4
R13663,O141343,C109161,P1032,2026-08-21,Late Delivery,13304.04
R13664,O116608,C109670,P1142,2025-07-25,Quality Issue,15737.58
R13665,O133420,C105787,P1484,2025-05-22,Changed Mind,231.79
R13666,O150384,C100127,P1213,2026-03-13,Wrong Product,10288.27
R13667,O116361,C102200,P1024,2025-03-29,Quality Issue,5081.08
R13668,O119133,C106701,P1438,2026-07-20,Wrong Product,4216.4
R13669,O115083,C109085,P1072,2026-08-12,Wrong Product,22025.32
R13670,O119691,C107856,P1168,2025-11-14,Changed Mind,4103.14
R13671,O110249,C102487,P1298,2026-01-28,Wrong Product,10752.96
R13672,O104789,C103518,P1046,2026-06-07,Damaged Product,2991.14
R13673,O141081,C104577,P1325,2025-08-14,Quality Issue,647.92
R13674,O141357,C108152,P1464,2026-02-19,Late Delivery,3779.32
R13675,O110801,C102853,P1367,2025-05-13,Damaged Product,2696.36
R13676,O150671,C105900,P1118,2025-05-23,Changed Mind,19736.36
R13677,O111141,C109866,P1401,2025-09-07,Damaged Product,4536.67
R13678,O115154,C102856,P1431,2025-10-08,Quality Issue,14493.31
R13679,O151284,C105657,P1342,2025-02-28,Quality Issue,1481.0
R13680,O101386,C101279,P1445,2026-07-28,Wrong Product,11108.64
R13681,O152726,C103355,P1431,2026-01-20,Quality Issue,22947.74
R13682,O112522,C109657,P1319,2025-11-22,Damaged Product,2665.41
R13683,O129719,C108949,P1222,2026-04-17,Wrong Product,1049.2
R13684,O155300,C100359,P1328,2026-02-13,Wrong Product,680.37
R13685,O112533,C104149,P1188,2026-08-07,Damaged Product,11085.85
R13686,O104467,C101114,P1187,2026-05-14,Wrong Product,2065.14
R13687,O127627,C100316,P1253,2026-01-22,Wrong Product,1180.14
R13688,O121189,C105866,P1028,2025-04-30,Damaged Product,15739.38
R13689,O110983,C103698,P1325,2026-02-07,Wrong Product,971.88
R13690,O148033,C103936,P1446,2025-06-14,Changed Mind,10086.52
R13691,O142769,C105199,P1402,2026-07-11,Quality Issue,20020.42
R13692,O151180,C101186,P1308,2026-03-09,Wrong Product,4226.02
R13693,O100957,C100890,P1054,2026-03-13,Late Delivery,8198.57
R13694,O154766,C107577,P1309,2025-06-05,Damaged Product,6968.74
R13695,O114900,C101429,P1363,2025-06-19,Late Delivery,1852.32
R13696,O155554,C103390,P1192,2025-11-28,Damaged Product,2086.51
R13697,O119296,C108521,P1168,2025-04-20,Late Delivery,7385.65
R13698,O104009,C103124,P1339,2026-06-03,Quality Issue,11220.16
R13699,O134183,C104019,P1361,2026-03-09,Quality Issue,6848.7
R13700,O139078,C104415,P1176,2025-08-18,Changed Mind,12938.36
R13701,O112899,C107790,P1127,2025-09-08,Damaged Product,13477.98
R13702,O117025,C107570,P1155,2026-04-15,Changed Mind,6287.38
R13703,O112221,C106963,P1117,2025-09-08,Damaged Product,13652.16
R13704,O141533,C104524,P1390,2025-03-14,Quality Issue,17398.53
R13705,O118766,C100037,P1229,2026-07-25,Quality Issue,12138.08
R13706,O114822,C107730,P1075,2025-03-08,Wrong Product,4298.81
R13707,O151371,C101911,P1133,2025-02-12,Late Delivery,11647.02
R13708,O129049,C104736,P1318,2026-03-29,Changed Mind,22188.03
R13709,O123484,C103017,P1487,2026-04-27,Damaged Product,4308.57
R13710,O133271,C100989,P1121,2025-09-10,Changed Mind,5282.94
R13711,O137476,C108108,P1210,2025-03-25,Changed Mind,12521.59
R13712,O125788,C102795,P1415,2025-05-01,Wrong Product,1240.11
R13713,O107256,C106082,P1461,2026-01-15,Quality Issue,3049.42
R13714,O132571,C109615,P1104,2026-08-06,Damaged Product,12901.47
R13715,O140824,C109369,P1236,2025-08-06,Changed Mind,9376.77
R13716,O126332,C103350,P1375,2026-04-11,Quality Issue,10665.5
R13717,O106607,C102880,P1311,2026-04-26,Changed Mind,3096.49
R13718,O119097,C101963,P1002,2026-01-07,Damaged Product,20512.8
R13719,O117965,C100770,P1039,2025-10-17,Wrong Product,6603.75
R13720,O134306,C101107,P1164,2025-11-14,Late Delivery,24678.16
R13721,O102818,C105533,P1283,2026-05-10,Changed Mind,11012.34
R13722,O121910,C109249,P1099,2025-12-02,Changed Mind,8416.64
R13723,O153035,C104129,P1015,2025-05-10,Late Delivery,10458.58
R13724,O136962,C102821,P1161,2026-04-14,Quality Issue,6089.62
R13725,O149279,C103885,P1049,2025-06-17,Late Delivery,4626.02
R13726,O131430,C108674,P1309,2025-04-06,Damaged Product,5226.56
R13727,O148539,C109716,P1111,2025-05-01,Damaged Product,6275.7
R13728,O113920,C107331,P1482,2026-03-15,Wrong Product,8984.84
R13729,O158895,C104746,P1411,2026-04-12,Quality Issue,9262.84
R13730,O129430,C102465,P1260,2026-08-10,Late Delivery,2741.98
R13731,O109240,C104858,P1027,2025-10-19,Damaged Product,6832.58
R13732,O147800,C103526,P1097,2025-05-29,Wrong Product,5116.43
R13733,O155086,C102671,P1259,2026-02-20,Damaged Product,7093.5
R13734,O104333,C103845,P1087,2025-02-26,Late Delivery,8912.65
R13735,O115140,C108032,P1279,2026-02-13,Quality Issue,5297.45
R13736,O141500,C107292,P1422,2026-01-30,Wrong Product,13042.28
R13737,O119592,C104792,P1294,2025-01-09,Wrong Product,3144.14
R13738,O131168,C104343,P1181,2026-05-10,Quality Issue,4198.44
R13739,O155195,C107103,P1286,2025-12-06,Late Delivery,12495.27
R13740,O143151,C108166,P1109,2025-09-21,Changed Mind,1974.88
R13741,O152097,C105005,P1311,2026-01-21,Late Delivery,5160.81
R13742,O141988,C108889,P1199,2025-07-09,Quality Issue,9293.2
R13743,O102687,C106540,P1161,2026-03-30,Wrong Product,10825.98
R13744,O146741,C107504,P1299,2025-04-21,Quality Issue,6090.49
R13745,O152843,C105920,P1382,2026-08-18,Late Delivery,9865.05
R13746,O156143,C109505,P1198,2025-11-20,Wrong Product,16746.35
R13747,O139483,C109384,P1499,2025-03-07,Quality Issue,3053.46
R13748,O142881,C102296,P1448,2025-04-27,Changed Mind,2206.4
R13749,O158980,C107407,P1464,2025-03-31,Damaged Product,6335.92
R13750,O118636,C102891,P1002,2025-02-19,Late Delivery,23247.84
R13751,O104733,C106661,P1143,2025-03-25,Wrong Product,5118.69
R13752,O123872,C100061,P1339,2026-07-29,Damaged Product,2384.28
R13753,O144835,C103891,P1081,2026-05-14,Late Delivery,15163.88
R13754,O123464,C100845,P1100,2026-03-25,Changed Mind,4268.94
R13755,O121209,C109244,P1344,2025-12-23,Wrong Product,10072.28
R13756,O100122,C104936,P1399,2026-05-18,Quality Issue,8041.66
R13757,O150001,C104903,P1192,2026-08-24,Late Delivery,2608.14
R13758,O106075,C104672,P1098,2025-07-30,Damaged Product,11134.8
R13759,O118052,C100813,P1327,2026-07-18,Changed Mind,25567.56
R13760,O153862,C105834,P1222,2026-08-01,Late Delivery,736.28
R13761,O126923,C103280,P1129,2025-01-25,Damaged Product,4061.9
R13762,O106393,C102991,P1082,2025-10-28,Late Delivery,7934.03
R13763,O134133,C101382,P1079,2026-06-10,Quality Issue,8724.44
R13764,O111658,C108000,P1091,2025-12-02,Wrong Product,6231.92
R13765,O131836,C100633,P1315,2025-06-01,Damaged Product,21180.04
R13766,O113159,C109584,P1169,2025-06-19,Late Delivery,6663.17
R13767,O133287,C108942,P1261,2025-11-25,Damaged Product,3060.84
R13768,O115271,C101840,P1401,2025-09-14,Late Delivery,3581.58
R13769,O118740,C105499,P1003,2026-05-24,Late Delivery,6702.95
R13770,O101794,C109101,P1263,2026-01-19,Damaged Product,6685.04
R13771,O137295,C100085,P1184,2025-11-22,Late Delivery,4751.86
R13772,O122615,C101371,P1473,2025-06-05,Changed Mind,4513.57
R13773,O127469,C104889,P1397,2026-03-07,Late Delivery,1494.12
R13774,O125252,C107697,P1302,2025-12-29,Wrong Product,7843.44
R13775,O155375,C107930,P1077,2025-07-29,Wrong Product,7521.61
R13776,O105921,C102608,P1284,2025-02-21,Late Delivery,1618.86
R13777,O122453,C105348,P1428,2025-12-30,Changed Mind,1520.11
R13778,O119326,C105319,P1392,2026-06-16,Changed Mind,16342.52
R13779,O116759,C106934,P1283,2025-05-05,Late Delivery,19433.55
R13780,O136798,C103562,P1402,2025-12-31,Late Delivery,20020.42
R13781,O105476,C103889,P1048,2026-04-10,Changed Mind,20936.03
R13782,O152724,C101574,P1083,2025-10-10,Late Delivery,10210.57
R13783,O103565,C102420,P1432,2026-06-16,Changed Mind,14369.7
R13784,O128336,C103388,P1368,2026-05-31,Damaged Product,2809.04
R13785,O123303,C107339,P1150,2026-05-08,Damaged Product,13450.62
R13786,O127213,C106033,P1125,2026-04-24,Changed Mind,7394.01
R13787,O120221,C102910,P1201,2026-06-01,Wrong Product,1880.54
R13788,O131889,C104334,P1319,2025-09-15,Damaged Product,1567.89
R13789,O139088,C103969,P1102,2026-03-12,Quality Issue,9601.34
R13790,O159444,C101012,P1400,2026-02-19,Changed Mind,11307.36
R13791,O112210,C103168,P1394,2026-06-02,Late Delivery,20899.68
R13792,O105398,C101352,P1259,2026-01-06,Changed Mind,29867.36
R13793,O131834,C108383,P1105,2025-08-24,Quality Issue,5366.26
R13794,O154205,C101282,P1266,2025-08-03,Wrong Product,5360.1
R13795,O122560,C108214,P1316,2025-01-15,Wrong Product,17960.72
R13796,O134610,C109334,P1468,2026-05-11,Damaged Product,4471.65
R13797,O142121,C100453,P1229,2026-03-23,Late Delivery,18088.11
R13798,O156600,C108596,P1175,2026-06-14,Late Delivery,6171.2
R13799,O148613,C101142,P1192,2025-07-11,Damaged Product,3912.21
R13800,O101882,C108394,P1458,2026-06-22,Damaged Product,3144.97
R13801,O124064,C108637,P1269,2025-08-30,Wrong Product,9229.18
R13802,O113773,C107583,P1285,2025-04-08,Late Delivery,8923.67
R13803,O121477,C105013,P1324,2026-04-14,Wrong Product,2995.73
R13804,O106247,C106445,P1181,2026-04-05,Changed Mind,3358.75
R13805,O104956,C108151,P1417,2025-02-21,Late Delivery,25114.14
R13806,O142889,C107202,P1290,2025-09-07,Damaged Product,1301.26
R13807,O100707,C106630,P1026,2025-02-14,Damaged Product,2849.74
R13808,O152744,C102228,P1043,2025-07-14,Damaged Product,5590.18
R13809,O135304,C102246,P1122,2025-06-08,Changed Mind,18742.91
R13810,O108909,C100060,P1427,2025-10-26,Quality Issue,7256.44
R13811,O101573,C103529,P1030,2025-08-24,Wrong Product,6267.74
R13812,O125608,C105432,P1111,2025-07-20,Wrong Product,1987.3
R13813,O106681,C105929,P1488,2026-03-02,Late Delivery,3304.24
R13814,O114397,C100087,P1449,2026-08-21,Late Delivery,23400.74
R13815,O145408,C108342,P1372,2026-05-14,Late Delivery,19124.26
R13816,O159139,C102459,P1373,2026-05-20,Damaged Product,4819.35
R13817,O135153,C101832,P1032,2025-06-16,Changed Mind,13304.04
R13818,O104261,C104010,P1339,2025-09-24,Damaged Product,2805.04
R13819,O113882,C107647,P1473,2025-06-28,Wrong Product,4779.07
R13820,O140684,C105326,P1101,2026-03-02,Changed Mind,5363.5
R13821,O148876,C107953,P1074,2025-12-26,Quality Issue,2353.02
R13822,O138726,C108917,P1066,2026-06-22,Changed Mind,3643.92
R13823,O115383,C104939,P1424,2026-08-17,Late Delivery,23537.63
R13824,O131925,C105998,P1054,2026-02-19,Late Delivery,11506.76
R13825,O138013,C106995,P1165,2026-01-29,Changed Mind,900.59
R13826,O154220,C107329,P1261,2026-08-11,Damaged Product,2400.66
R13827,O143581,C104791,P1293,2026-01-15,Wrong Product,4548.92
R13828,O121095,C106923,P1042,2025-09-09,Changed Mind,1205.08
R13829,O153280,C108331,P1428,2025-04-14,Changed Mind,1900.14
R13830,O150702,C105211,P1331,2025-12-10,Quality Issue,4308.44
R13831,O157817,C101423,P1339,2026-04-27,Quality Issue,5610.08
R13832,O100488,C109725,P1261,2026-04-25,Changed Mind,3600.99
R13833,O135190,C108869,P1203,2025-05-14,Wrong Product,3480.78
R13834,O144965,C103178,P1345,2025-04-24,Wrong Product,6390.61
R13835,O143405,C108657,P1340,2026-01-26,Late Delivery,2842.22
R13836,O155592,C100835,P1351,2025-05-17,Wrong Product,2733.0
R13837,O127380,C107099,P1210,2025-01-30,Changed Mind,8347.73
R13838,O158094,C105765,P1231,2025-09-13,Quality Issue,1170.63
R13839,O122056,C107473,P1278,2025-06-18,Quality Issue,18694.84
R13840,O158033,C108239,P1191,2025-07-18,Changed Mind,6687.38
R13841,O136336,C105559,P1158,2025-03-27,Quality Issue,11720.08
R13842,O135211,C105620,P1424,2026-02-06,Damaged Product,22066.53
R13843,O143019,C108867,P1090,2026-07-17,Late Delivery,4707.61
R13844,O112562,C105062,P1412,2026-04-08,Damaged Product,16929.57
R13845,O114148,C100253,P1202,2025-04-06,Late Delivery,1746.65
R13846,O145813,C100836,P1010,2025-06-02,Damaged Product,919.64
R13847,O158806,C103503,P1000,2026-02-24,Wrong Product,13932.78
R13848,O105995,C109396,P1014,2025-04-30,Damaged Product,8113.74
R13849,O146676,C102218,P1357,2025-12-08,Changed Mind,12315.35
R13850,O101113,C104140,P1410,2025-08-15,Late Delivery,4939.86
R13851,O130961,C107973,P1282,2026-04-02,Late Delivery,1839.14
R13852,O129426,C101504,P1054,2026-01-16,Quality Issue,2876.69
R13853,O101003,C105416,P1038,2025-12-23,Quality Issue,1980.87
R13854,O126638,C106638,P1121,2025-11-14,Damaged Product,8981.0
R13855,O150198,C104473,P1347,2025-06-13,Late Delivery,7078.96
R13856,O159240,C108770,P1110,2026-01-02,Quality Issue,2129.91
R13857,O159381,C107412,P1212,2026-08-16,Quality Issue,10533.54
R13858,O135411,C100612,P1412,2025-01-31,Wrong Product,16083.09
R13859,O153077,C109520,P1049,2026-07-21,Damaged Product,1713.34
R13860,O134084,C109181,P1187,2025-10-05,Changed Mind,3912.89
R13861,O101670,C107795,P1357,2026-06-27,Late Delivery,3420.93
R13862,O106799,C103017,P1140,2026-05-23,Wrong Product,27754.56
R13863,O130340,C107179,P1104,2026-04-25,Damaged Product,3870.44
R13864,O131409,C107799,P1287,2025-04-08,Quality Issue,2378.28
R13865,O144490,C106944,P1343,2025-04-07,Late Delivery,1727.71
R13866,O145257,C103389,P1085,2025-07-07,Wrong Product,1239.62
R13867,O131482,C100614,P1122,2025-07-28,Changed Mind,6594.73
R13868,O115601,C105663,P1143,2025-10-31,Changed Mind,3412.46
R13869,O134545,C102377,P1113,2025-06-24,Late Delivery,20954.88
R13870,O137221,C108504,P1036,2025-11-22,Late Delivery,4237.6
R13871,O152493,C102968,P1021,2025-11-29,Damaged Product,15023.49
R13872,O159821,C109387,P1003,2025-09-05,Late Delivery,14111.48
R13873,O149187,C109742,P1105,2025-12-29,Quality Issue,10195.89
R13874,O142133,C109654,P1354,2025-08-07,Changed Mind,3821.48
R13875,O122461,C109509,P1040,2026-09-05,Wrong Product,7304.64
R13876,O123253,C104518,P1345,2025-02-07,Late Delivery,4526.68
R13877,O156251,C101556,P1121,2025-05-11,Damaged Product,5282.94
R13878,O156676,C108410,P1304,2026-03-17,Quality Issue,4984.63
R13879,O114809,C101096,P1252,2026-02-26,Wrong Product,3930.88
R13880,O130986,C106467,P1316,2025-12-21,Changed Mind,4265.67
R13881,O112579,C106646,P1435,2026-01-10,Changed Mind,2910.5
R13882,O145087,C102305,P1404,2025-04-12,Wrong Product,13885.36
R13883,O117929,C103934,P1229,2025-11-22,Wrong Product,4522.03
R13884,O154194,C107623,P1069,2026-04-07,Changed Mind,14381.37
R13885,O151841,C100929,P1380,2025-10-20,Late Delivery,7240.88
R13886,O145517,C102025,P1274,2026-07-04,Changed Mind,5569.61
R13887,O130041,C100515,P1483,2025-01-20,Wrong Product,2562.19
R13888,O103635,C105580,P1261,2025-02-01,Quality Issue,4321.19
R13889,O143299,C101527,P1346,2025-02-12,Quality Issue,724.86
R13890,O135465,C100986,P1124,2026-01-17,Wrong Product,6014.63
R13891,O112332,C100848,P1319,2025-10-03,Damaged Product,2822.2
R13892,O115792,C109680,P1498,2025-06-15,Late Delivery,9944.01
R13893,O158898,C104956,P1442,2025-12-21,Damaged Product,6461.38
R13894,O132125,C106580,P1084,2025-05-17,Late Delivery,566.71
R13895,O144723,C101024,P1136,2026-01-19,Changed Mind,1891.24
R13896,O140885,C103949,P1277,2025-05-13,Changed Mind,14477.06
R13897,O140695,C101318,P1494,2025-03-23,Late Delivery,2687.02
R13898,O123360,C106128,P1453,2025-11-18,Damaged Product,14971.44
R13899,O128954,C107006,P1492,2025-07-18,Wrong Product,11382.28
R13900,O114034,C108697,P1278,2025-12-21,Late Delivery,14800.08
R13901,O108599,C108293,P1461,2026-06-26,Quality Issue,2592.01
R13902,O102931,C103968,P1370,2026-05-29,Wrong Product,23654.48
R13903,O159809,C103364,P1056,2026-06-10,Damaged Product,8461.08
R13904,O114586,C100160,P1495,2025-04-08,Damaged Product,2552.4
R13905,O127914,C103076,P1039,2025-09-19,Changed Mind,4402.5
R13906,O103143,C102194,P1095,2026-08-24,Late Delivery,3148.36
R13907,O138441,C100923,P1245,2026-07-24,Changed Mind,2034.13
R13908,O126220,C100580,P1456,2026-06-17,Wrong Product,15192.93
R13909,O159549,C105941,P1478,2025-11-25,Wrong Product,10452.45
R13910,O148442,C103783,P1387,2025-08-11,Late Delivery,2194.1
R13911,O137688,C103774,P1248,2025-08-13,Late Delivery,2220.25
R13912,O145430,C109343,P1033,2025-11-30,Late Delivery,10251.31
R13913,O135540,C107034,P1077,2025-06-17,Late Delivery,13538.9
R13914,O128997,C102877,P1036,2025-11-25,Damaged Product,4473.02
R13915,O120818,C105969,P1173,2025-04-16,Changed Mind,5738.68
R13916,O125219,C109237,P1398,2026-07-04,Quality Issue,5337.29
R13917,O101186,C109444,P1019,2026-04-14,Damaged Product,16251.71
R13918,O117216,C108376,P1034,2025-09-12,Damaged Product,13038.44
R13919,O148491,C104024,P1441,2026-05-04,Changed Mind,3685.2
R13920,O110439,C100798,P1432,2025-10-02,Quality Issue,14369.7
R13921,O111104,C106412,P1383,2026-07-14,Wrong Product,17485.27
R13922,O133243,C104512,P1493,2026-06-18,Wrong Product,662.68
R13923,O109492,C104714,P1249,2025-06-05,Quality Issue,4902.62
R13924,O130653,C109249,P1066,2026-01-16,Damaged Product,2732.94
R13925,O131748,C107942,P1321,2025-06-22,Damaged Product,9606.36
R13926,O154423,C103302,P1272,2025-10-30,Late Delivery,3987.86
R13927,O123640,C106697,P1383,2025-11-10,Wrong Product,18456.68
R13928,O136321,C102675,P1171,2026-06-22,Quality Issue,5564.35
R13929,O147235,C103096,P1306,2025-10-01,Damaged Product,12737.88
R13930,O104855,C102276,P1203,2025-05-14,Wrong Product,4095.04
R13931,O151251,C109244,P1325,2025-05-17,Damaged Product,826.1
R13932,O152600,C105901,P1075,2025-09-14,Damaged Product,3868.93
R13933,O131767,C102284,P1331,2026-07-20,Damaged Product,5493.26
R13934,O121921,C104374,P1225,2025-10-21,Changed Mind,5629.15
R13935,O130242,C105778,P1277,2025-09-07,Changed Mind,7238.53
R13936,O154211,C100115,P1273,2025-06-18,Quality Issue,24036.2
R13937,O106355,C103008,P1273,2026-01-03,Wrong Product,18027.15
R13938,O122930,C102670,P1079,2025-07-06,Late Delivery,2181.11
R13939,O114938,C108387,P1254,2025-06-03,Quality Issue,18513.0
R13940,O130119,C109810,P1287,2025-03-25,Quality Issue,2378.28
R13941,O151096,C101447,P1475,2025-04-28,Changed Mind,7198.36
R13942,O116082,C102059,P1233,2026-02-13,Quality Issue,7426.0
R13943,O122497,C102819,P1287,2025-12-07,Damaged Product,6064.61
R13944,O137968,C102653,P1111,2026-05-11,Quality Issue,7949.22
R13945,O124435,C105941,P1132,2025-10-14,Quality Issue,3504.86
R13946,O127022,C106557,P1358,2026-08-21,Quality Issue,1708.29
R13947,O132487,C102510,P1102,2025-10-05,Changed Mind,4320.6
R13948,O143801,C108492,P1057,2026-01-09,Changed Mind,913.88
R13949,O111671,C107294,P1089,2025-07-19,Changed Mind,1311.75
R13950,O129829,C106815,P1328,2026-03-23,Late Delivery,1814.33
R13951,O142718,C104598,P1288,2026-01-17,Wrong Product,3782.22
R13952,O106889,C108374,P1182,2026-05-06,Wrong Product,5635.89
R13953,O105896,C104875,P1077,2026-06-16,Changed Mind,19180.11
R13954,O128321,C108812,P1391,2025-11-17,Quality Issue,6834.16
R13955,O100155,C106628,P1390,2026-03-12,Quality Issue,23198.04
R13956,O132377,C109941,P1353,2025-12-24,Wrong Product,3208.42
R13957,O129503,C109343,P1394,2026-02-18,Quality Issue,4702.43
R13958,O133167,C109881,P1124,2025-08-15,Quality Issue,10129.9
R13959,O127287,C101708,P1000,2026-04-28,Late Delivery,4179.83
R13960,O149028,C105620,P1407,2026-06-08,Changed Mind,5681.42
R13961,O152358,C100673,P1247,2025-07-20,Damaged Product,7182.94
R13962,O132165,C102875,P1170,2026-03-19,Wrong Product,5762.93
R13963,O123701,C102659,P1274,2025-03-17,Quality Issue,1856.54
R13964,O113348,C103196,P1155,2025-10-11,Changed Mind,2829.32
R13965,O109229,C102280,P1077,2025-09-04,Quality Issue,25573.47
R13966,O109787,C102070,P1275,2025-06-06,Wrong Product,14340.55
R13967,O150887,C109406,P1327,2025-01-21,Changed Mind,11505.4
R13968,O111928,C109737,P1344,2026-02-16,Wrong Product,10602.4
R13969,O117116,C106345,P1388,2026-01-11,Changed Mind,4697.39
R13970,O134041,C103636,P1213,2025-11-20,Late Delivery,12273.73
R13971,O147034,C102165,P1292,2025-12-26,Changed Mind,3684.02
R13972,O120610,C108594,P1220,2025-11-01,Wrong Product,5343.39
R13973,O142710,C107027,P1040,2025-05-26,Wrong Product,15378.2
R13974,O112353,C103892,P1318,2026-02-19,Quality Issue,7026.21
R13975,O101651,C101763,P1169,2025-05-16,Damaged Product,7403.52
R13976,O153989,C101058,P1145,2025-10-28,Wrong Product,5932.33
R13977,O128941,C107960,P1340,2025-03-10,Damaged Product,6353.2
R13978,O138274,C101373,P1261,2025-02-04,Late Delivery,2040.56
R13979,O144401,C104977,P1093,2026-04-11,Damaged Product,6575.57
R13980,O122161,C105700,P1127,2025-06-16,Quality Issue,14376.51
R13981,O138709,C104540,P1467,2025-05-09,Changed Mind,2137.82
R13982,O128461,C100504,P1394,2026-02-19,Changed Mind,8882.36
R13983,O128194,C109177,P1133,2026-02-02,Changed Mind,11647.02
R13984,O133397,C105913,P1162,2026-08-02,Quality Issue,10222.8
R13985,O123102,C101353,P1193,2025-06-27,Wrong Product,20844.54
R13986,O151078,C105482,P1255,2025-12-30,Wrong Product,1234.97
R13987,O152846,C109316,P1413,2025-10-13,Changed Mind,891.45
R13988,O147890,C101098,P1003,2025-12-18,Late Delivery,26811.81
R13989,O117995,C103199,P1087,2025-05-23,Changed Mind,14854.41
R13990,O101635,C104307,P1380,2025-05-20,Changed Mind,30487.92
R13991,O116887,C105931,P1215,2025-08-08,Damaged Product,5609.83
R13992,O146778,C100353,P1352,2026-07-09,Quality Issue,15212.7
R13993,O144549,C100084,P1348,2025-11-27,Late Delivery,3819.44
R13994,O121899,C104186,P1409,2025-06-18,Wrong Product,9436.48
R13995,O126407,C109889,P1476,2025-03-07,Damaged Product,3038.23
R13996,O156006,C104634,P1255,2025-08-15,Quality Issue,1104.97
R13997,O143715,C108939,P1238,2026-06-27,Quality Issue,1128.31
R13998,O128382,C104029,P1188,2025-08-13,Quality Issue,9335.46
R13999,O151125,C103379,P1378,2025-07-12,Changed Mind,9843.56
R14000,O105370,C104831,P1313,2025-11-18,Quality Issue,20467.42
R14001,O146512,C101206,P1211,2025-07-01,Late Delivery,18281.7
R14002,O124241,C108199,P1356,2025-04-15,Quality Issue,13760.46
R14003,O145801,C106534,P1266,2025-02-06,Late Delivery,6789.46
R14004,O146975,C100608,P1282,2025-03-23,Damaged Product,1941.32
R14005,O120728,C102208,P1361,2025-05-13,Damaged Product,3424.35
R14006,O144975,C103278,P1065,2026-01-23,Changed Mind,6291.76
R14007,O121640,C101710,P1374,2026-03-31,Late Delivery,19343.49
R14008,O107372,C109626,P1492,2025-07-22,Late Delivery,11382.28
R14009,O100797,C107854,P1140,2025-12-03,Quality Issue,27754.56
R14010,O133220,C109717,P1420,2025-01-05,Late Delivery,2355.14
R14011,O119859,C103618,P1488,2026-04-21,Late Delivery,7385.95
R14012,O103138,C103288,P1339,2026-03-27,Wrong Product,11220.16
R14013,O144603,C107376,P1214,2025-08-31,Damaged Product,6352.08
R14014,O113577,C105552,P1162,2026-01-23,Quality Issue,4600.26
R14015,O143078,C101260,P1199,2025-03-27,Late Delivery,9782.32
R14016,O144231,C102598,P1222,2025-10-01,Damaged Product,1472.56
R14017,O123660,C107073,P1058,2026-01-26,Changed Mind,3249.78
R14018,O108128,C102479,P1072,2026-05-28,Late Delivery,4955.7
R14019,O155879,C107437,P1200,2026-01-20,Wrong Product,13067.13
R14020,O111936,C102990,P1439,2025-09-10,Quality Issue,3899.68
R14021,O159908,C101322,P1276,2025-05-31,Changed Mind,3429.2
R14022,O146624,C108317,P1391,2025-02-21,Changed Mind,18452.23
R14023,O119093,C105865,P1101,2025-03-01,Wrong Product,8939.16
R14024,O116440,C102444,P1092,2025-02-08,Wrong Product,29488.43
R14025,O145511,C105217,P1059,2025-09-23,Wrong Product,19862.32
R14026,O117791,C104656,P1460,2026-01-22,Quality Issue,10111.5
R14027,O144643,C104810,P1458,2026-02-11,Quality Issue,2979.44
R14028,O103977,C109567,P1431,2026-05-31,Wrong Product,22947.74
R14029,O144538,C105387,P1221,2026-04-30,Changed Mind,1004.35
R14030,O128023,C107770,P1319,2026-04-08,Late Delivery,2822.2
R14031,O151123,C107676,P1334,2025-04-22,Quality Issue,7844.82
R14032,O155100,C103151,P1032,2026-06-04,Quality Issue,15964.85
R14033,O133535,C107925,P1323,2025-04-29,Changed Mind,9180.36
R14034,O117370,C106548,P1491,2025-01-15,Late Delivery,16176.46
R14035,O119151,C101347,P1099,2025-05-02,Late Delivery,15898.09
R14036,O121319,C106875,P1369,2025-07-20,Quality Issue,7561.64
R14037,O129785,C109182,P1398,2026-01-02,Damaged Product,12558.32
R14038,O124024,C104811,P1450,2026-06-30,Damaged Product,25217.6
R14039,O138805,C105362,P1082,2025-11-20,Late Delivery,4958.77
R14040,O155763,C107474,P1017,2025-03-26,Late Delivery,7364.33
R14041,O127384,C105087,P1146,2026-02-17,Late Delivery,2892.22
R14042,O139223,C107079,P1469,2025-05-21,Quality Issue,19259.71
R14043,O134477,C103562,P1317,2026-04-16,Wrong Product,5042.39
R14044,O139829,C106155,P1194,2025-07-27,Wrong Product,1618.4
R14045,O110617,C105258,P1243,2025-08-19,Changed Mind,3542.11
R14046,O137155,C102137,P1066,2025-04-05,Late Delivery,1730.86
R14047,O134547,C108217,P1140,2026-07-26,Quality Issue,6244.78
R14048,O114771,C106668,P1241,2026-01-17,Changed Mind,2038.41
R14049,O146620,C104772,P1415,2025-12-09,Late Delivery,3513.65
R14050,O116692,C101789,P1256,2025-10-05,Wrong Product,9243.78
R14051,O104280,C105158,P1383,2025-07-16,Damaged Product,8742.64
R14052,O131266,C103906,P1366,2025-07-12,Changed Mind,2903.64
R14053,O155819,C105264,P1483,2025-03-16,Wrong Product,3795.84
R14054,O145450,C109863,P1352,2025-05-11,Wrong Product,19015.88
R14055,O143778,C102464,P1021,2025-07-17,Damaged Product,18028.19
R14056,O111119,C103151,P1286,2025-06-25,Quality Issue,6982.65
R14057,O144133,C104785,P1075,2025-06-16,Wrong Product,17195.24
R14058,O107841,C109769,P1047,2026-03-24,Changed Mind,3331.98
R14059,O122059,C103170,P1011,2026-01-15,Changed Mind,2336.87
R14060,O146859,C109383,P1467,2026-02-26,Wrong Product,1924.04
R14061,O111528,C109843,P1272,2025-10-26,Damaged Product,3157.06
R14062,O139119,C105547,P1324,2025-12-14,Quality Issue,2365.05
R14063,O130453,C108992,P1178,2026-06-10,Damaged Product,5996.34
R14064,O120961,C108361,P1081,2025-09-28,Late Delivery,12636.57
R14065,O113338,C108894,P1497,2025-02-01,Quality Issue,5391.79
R14066,O125401,C107919,P1451,2026-07-24,Wrong Product,5332.01
R14067,O109452,C108922,P1459,2025-01-11,Changed Mind,871.68
R14068,O153397,C104986,P1493,2026-02-26,Changed Mind,740.64
R14069,O127961,C102880,P1105,2025-02-07,Damaged Product,5097.95
R14070,O145232,C103100,P1317,2025-01-10,Quality Issue,11205.32
R14071,O128342,C102006,P1209,2025-11-22,Damaged Product,18493.44
R14072,O159927,C109420,P1226,2026-03-29,Changed Mind,5782.67
R14073,O117082,C107581,P1195,2025-12-19,Late Delivery,2513.71
R14074,O136023,C105053,P1356,2026-03-16,Quality Issue,7242.35
R14075,O106110,C101627,P1026,2025-12-17,Quality Issue,10057.89
R14076,O137985,C109291,P1078,2025-01-14,Damaged Product,14905.04
R14077,O150927,C106695,P1198,2026-08-20,Wrong Product,15815.99
R14078,O133151,C107142,P1465,2026-03-04,Damaged Product,5845.37
R14079,O159372,C105422,P1294,2025-03-04,Late Delivery,6619.24
R14080,O149197,C102652,P1060,2026-02-02,Damaged Product,14661.65
R14081,O137788,C104330,P1130,2026-06-13,Late Delivery,18582.12
R14082,O134346,C100697,P1344,2025-09-18,Changed Mind,10602.4
R14083,O142367,C103503,P1382,2025-08-15,Changed Mind,12495.73
R14084,O144927,C103977,P1485,2025-08-23,Late Delivery,9143.43
R14085,O127605,C108705,P1188,2025-09-24,Wrong Product,7439.19
R14086,O111797,C100028,P1267,2025-09-20,Damaged Product,10016.07
R14087,O153470,C109433,P1349,2026-07-18,Changed Mind,4804.8
R14088,O118451,C105195,P1424,2026-08-16,Quality Issue,6987.73
R14089,O146517,C101047,P1146,2025-06-12,Quality Issue,13610.44
R14090,O141384,C105407,P1078,2026-02-09,Quality Issue,20919.36
R14091,O152363,C102367,P1334,2025-03-26,Wrong Product,12459.42
R14092,O114264,C107595,P1200,2026-08-25,Wrong Product,15680.56
R14093,O123373,C103876,P1098,2025-08-16,Wrong Product,2938.35
R14094,O111869,C106469,P1027,2026-04-16,Quality Issue,3416.29
R14095,O159891,C109543,P1475,2026-08-08,Quality Issue,6118.61
R14096,O117916,C101045,P1104,2026-04-23,Damaged Product,8600.98
R14097,O144298,C102170,P1082,2025-10-06,Wrong Product,15868.06
R14098,O100370,C102761,P1431,2025-09-19,Late Delivery,21739.97
R14099,O123509,C102392,P1041,2026-02-25,Changed Mind,7400.56
R14100,O117076,C100828,P1026,2026-06-09,Damaged Product,6034.73
R14101,O132638,C105137,P1499,2026-04-01,Wrong Product,1074.36
R14102,O139361,C103380,P1462,2026-03-09,Wrong Product,14143.08
R14103,O109663,C104657,P1417,2025-05-29,Quality Issue,28253.41
R14104,O128020,C105287,P1028,2025-10-22,Damaged Product,11148.73
R14105,O101996,C103549,P1138,2025-11-06,Late Delivery,9473.58
R14106,O128642,C101612,P1210,2025-04-27,Wrong Product,15816.74
R14107,O146157,C101811,P1289,2025-08-28,Damaged Product,4999.46
R14108,O131621,C105201,P1054,2025-06-01,Changed Mind,2732.86
R14109,O154987,C100829,P1471,2025-10-24,Late Delivery,3497.04
R14110,O146860,C107117,P1390,2025-10-04,Wrong Product,5799.51
R14111,O113173,C105513,P1209,2025-01-27,Quality Issue,15719.42
R14112,O115158,C105472,P1013,2025-07-03,Wrong Product,10218.96
R14113,O106301,C108657,P1213,2025-06-25,Late Delivery,13717.7
R14114,O154255,C100206,P1105,2025-05-24,Wrong Product,2414.82
R14115,O105729,C105691,P1252,2025-08-15,Wrong Product,4367.64
R14116,O140953,C103173,P1450,2025-02-07,Damaged Product,17917.77
R14117,O107821,C109565,P1376,2025-07-22,Changed Mind,2924.02
R14118,O111796,C105822,P1163,2026-07-22,Late Delivery,9061.62
R14119,O139177,C107136,P1334,2026-08-05,Changed Mind,8306.28
R14120,O148473,C100161,P1432,2026-03-31,Changed Mind,7184.85
R14121,O145315,C108756,P1081,2025-01-25,Changed Mind,16848.76
R14122,O116176,C101899,P1133,2026-05-03,Wrong Product,4949.98
R14123,O143131,C104057,P1403,2026-03-22,Changed Mind,8476.66
R14124,O133927,C105938,P1100,2025-05-24,Wrong Product,1130.01
R14125,O142215,C104558,P1025,2025-07-02,Late Delivery,12453.38
R14126,O114800,C106582,P1217,2025-06-27,Quality Issue,17557.78
R14127,O137631,C106129,P1477,2025-03-08,Quality Issue,10107.76
R14128,O141291,C109796,P1302,2026-03-14,Damaged Product,3921.72
R14129,O152369,C106743,P1179,2026-08-05,Wrong Product,2317.83
R14130,O124236,C104556,P1220,2025-02-27,Changed Mind,12572.68
R14131,O115481,C108368,P1394,2026-08-02,Late Delivery,10449.84
R14132,O107896,C106033,P1482,2026-07-31,Late Delivery,12803.4
R14133,O144876,C102795,P1310,2026-07-22,Damaged Product,4473.89
R14134,O112614,C101619,P1481,2025-10-21,Changed Mind,14269.32
R14135,O142328,C105695,P1184,2026-04-26,Wrong Product,5001.96
R14136,O143367,C108048,P1305,2025-09-19,Late Delivery,3496.37
R14137,O114058,C105712,P1377,2026-01-05,Damaged Product,9460.2
R14138,O146485,C108854,P1111,2025-11-10,Damaged Product,6275.7
R14139,O120491,C100169,P1485,2025-01-10,Wrong Product,10972.12
R14140,O159936,C108142,P1133,2025-01-20,Changed Mind,5823.51
R14141,O136719,C102620,P1112,2025-06-02,Changed Mind,29521.08
R14142,O157122,C104605,P1129,2026-08-15,Quality Issue,5788.21
R14143,O110330,C102752,P1060,2025-01-30,Quality Issue,3858.33
R14144,O121508,C102171,P1224,2026-07-03,Wrong Product,3676.24
R14145,O129141,C100937,P1295,2025-08-11,Damaged Product,15581.49
R14146,O122174,C108234,P1475,2026-08-31,Quality Issue,6838.44
R14147,O144696,C109099,P1435,2025-04-16,Wrong Product,6127.36
R14148,O116677,C109807,P1109,2026-02-24,Wrong Product,1876.14
R14149,O153478,C109301,P1452,2025-08-21,Quality Issue,11561.01
R14150,O100943,C102104,P1465,2025-07-07,Quality Issue,6494.86
R14151,O150019,C108803,P1070,2025-04-20,Damaged Product,483.96
R14152,O111940,C106238,P1208,2025-09-07,Damaged Product,4944.35
R14153,O124808,C103769,P1189,2025-12-14,Late Delivery,1147.6
R14154,O104152,C104001,P1323,2025-05-02,Wrong Product,15300.6
R14155,O153633,C104118,P1074,2025-10-07,Changed Mind,705.91
R14156,O154383,C109475,P1196,2025-06-22,Late Delivery,13985.88
R14157,O135513,C108121,P1122,2025-09-01,Quality Issue,6594.73
R14158,O122821,C108785,P1045,2026-02-03,Damaged Product,7007.58
R14159,O133185,C107782,P1135,2026-01-27,Quality Issue,8361.12
R14160,O107366,C101893,P1355,2025-08-04,Damaged Product,2712.58
R14161,O138154,C103744,P1045,2025-12-11,Damaged Product,6657.2
R14162,O158757,C105967,P1290,2025-11-23,Damaged Product,1301.26
R14163,O151910,C101046,P1356,2025-02-03,Late Delivery,14484.7
R14164,O151640,C104866,P1396,2026-03-21,Wrong Product,10057.89
R14165,O136540,C106416,P1034,2025-06-25,Damaged Product,10865.37
R14166,O145041,C106522,P1481,2025-09-08,Changed Mind,14269.32
R14167,O140961,C106686,P1248,2025-11-09,Quality Issue,4687.19
R14168,O112769,C104572,P1438,2025-11-12,Late Delivery,1791.97
R14169,O159604,C106368,P1378,2026-01-25,Late Delivery,5906.14
R14170,O102388,C106472,P1026,2026-08-19,Late Delivery,11398.94
R14171,O124995,C108894,P1449,2025-07-05,Damaged Product,6158.09
R14172,O154379,C106199,P1284,2025-05-13,Changed Mind,2172.68
R14173,O126468,C108302,P1494,2025-12-18,Quality Issue,5971.16
R14174,O117889,C109401,P1309,2025-07-06,Changed Mind,5841.45
R14175,O139008,C108575,P1476,2025-02-27,Late Delivery,1599.07
R14176,O118287,C104543,P1319,2025-05-31,Late Delivery,1567.89
R14177,O148106,C106241,P1371,2025-03-24,Quality Issue,8225.0
R14178,O120000,C100880,P1041,2025-09-28,Quality Issue,7400.56
R14179,O146665,C104547,P1040,2025-02-02,Changed Mind,12302.56
R14180,O133177,C104987,P1407,2025-07-12,Wrong Product,12699.64
R14181,O130715,C105208,P1207,2026-05-14,Damaged Product,17863.8
R14182,O120207,C105147,P1449,2026-03-08,Changed Mind,18474.27
R14183,O106494,C104264,P1471,2025-01-27,Wrong Product,5245.56
R14184,O147539,C105761,P1190,2025-07-15,Wrong Product,23241.94
R14185,O129453,C104652,P1181,2025-04-19,Quality Issue,8396.88
R14186,O127775,C102409,P1410,2026-04-10,Late Delivery,3087.41
R14187,O144833,C107334,P1201,2025-07-19,Damaged Product,5938.56
R14188,O115380,C104907,P1214,2026-06-29,Wrong Product,18053.28
R14189,O120320,C105695,P1407,2025-05-06,Late Delivery,9023.43
R14190,O107723,C109455,P1090,2025-11-03,Wrong Product,5261.45
R14191,O112783,C104210,P1039,2025-08-29,Wrong Product,8364.75
R14192,O103619,C104269,P1217,2025-06-13,Damaged Product,3901.73
R14193,O157996,C106414,P1121,2026-01-25,Quality Issue,5282.94
R14194,O129669,C107224,P1077,2026-03-03,Damaged Product,19180.11
R14195,O126952,C104712,P1283,2026-07-18,Late Delivery,11660.13
R14196,O118350,C108524,P1175,2026-07-09,Quality Issue,8712.29
R14197,O158633,C109808,P1278,2026-05-18,Changed Mind,5193.01
R14198,O111767,C101131,P1035,2026-01-29,Changed Mind,5210.91
R14199,O115247,C103000,P1261,2025-03-27,Damaged Product,2400.66
R14200,O123613,C103542,P1141,2025-07-21,Damaged Product,4465.89
R14201,O106609,C102377,P1095,2025-01-17,Quality Issue,2332.12
R14202,O153415,C103665,P1385,2025-06-21,Damaged Product,11360.24
R14203,O136003,C100288,P1014,2025-10-24,Wrong Product,5409.16
R14204,O119698,C100457,P1000,2025-06-16,Wrong Product,18577.04
R14205,O119185,C109533,P1167,2025-11-20,Wrong Product,6463.83
R14206,O103015,C107852,P1146,2026-07-06,Changed Mind,10207.83
R14207,O158897,C104936,P1298,2026-06-28,Changed Mind,7661.48
R14208,O117471,C101078,P1148,2025-07-11,Changed Mind,15049.17
R14209,O129819,C108952,P1395,2025-12-05,Damaged Product,3187.21
R14210,O130120,C109814,P1487,2026-04-20,Late Delivery,1220.76
R14211,O124650,C104431,P1238,2025-04-28,Quality Issue,313.42
R14212,O109019,C109098,P1038,2025-07-18,Quality Issue,2971.31
R14213,O141950,C105001,P1289,2025-06-08,Late Delivery,5881.72
R14214,O137623,C105288,P1462,2025-10-23,Changed Mind,8957.28
R14215,O138678,C105240,P1179,2025-12-06,Wrong Product,9271.32
R14216,O124986,C103802,P1323,2025-09-21,Damaged Product,5100.2
R14217,O111877,C104740,P1358,2026-04-26,Damaged Product,3226.77
R14218,O155656,C103047,P1282,2026-05-09,Quality Issue,6130.47
R14219,O123206,C107577,P1392,2025-09-06,Wrong Product,11031.2
R14220,O112696,C109980,P1138,2025-09-06,Wrong Product,14210.37
R14221,O148553,C105019,P1048,2026-01-12,Quality Issue,11776.52
R14222,O136654,C101128,P1438,2025-07-12,Late Delivery,3373.12
R14223,O122002,C102120,P1182,2025-06-16,Late Delivery,4004.45
R14224,O118582,C100730,P1402,2025-04-20,Damaged Product,13346.95
R14225,O149041,C106570,P1422,2025-12-19,Damaged Product,2934.51
R14226,O151735,C101615,P1498,2025-03-08,Damaged Product,11048.9
R14227,O138120,C109812,P1214,2026-04-19,Late Delivery,13372.8
R14228,O148506,C104857,P1059,2025-07-04,Wrong Product,4220.74
R14229,O128854,C104926,P1251,2025-02-16,Changed Mind,16352.16
R14230,O139396,C109226,P1285,2025-05-23,Wrong Product,3149.53
R14231,O137836,C100838,P1046,2026-04-03,Quality Issue,2991.14
R14232,O130796,C107662,P1122,2025-06-20,Changed Mind,6247.64
R14233,O149896,C107150,P1023,2026-06-04,Quality Issue,14804.96
R14234,O116502,C102063,P1150,2026-04-19,Quality Issue,3782.99
R14235,O114525,C108844,P1087,2026-02-10,Wrong Product,9407.79
R14236,O138429,C108815,P1408,2026-01-06,Damaged Product,19325.11
R14237,O138346,C104843,P1012,2025-07-10,Late Delivery,5666.11
R14238,O114535,C107672,P1155,2025-02-18,Late Delivery,11946.02
R14239,O100625,C107450,P1292,2025-06-12,Damaged Product,11742.8
R14240,O143240,C109538,P1111,2025-12-04,Quality Issue,3556.23
R14241,O147367,C102111,P1049,2026-05-04,Changed Mind,1542.01
R14242,O154409,C106121,P1455,2025-07-24,Wrong Product,25483.2
R14243,O151544,C104986,P1001,2025-11-08,Changed Mind,2295.47
R14244,O125120,C107198,P1143,2026-08-07,Changed Mind,1706.23
R14245,O147551,C107233,P1163,2025-12-09,Changed Mind,5436.97
R14246,O158734,C107151,P1043,2025-04-08,Wrong Product,2942.2
R14247,O141539,C103024,P1182,2025-02-16,Changed Mind,4746.02
R14248,O140367,C106595,P1424,2025-04-09,Quality Issue,17653.22
R14249,O158958,C103419,P1127,2025-09-30,Wrong Product,4043.39
R14250,O128944,C100561,P1487,2025-11-23,Quality Issue,2872.38
R14251,O137310,C102171,P1170,2026-03-27,Changed Mind,17288.78
R14252,O106698,C108591,P1329,2026-01-23,Wrong Product,5764.96
R14253,O100865,C105235,P1038,2025-01-14,Wrong Product,3495.66
R14254,O112683,C104048,P1095,2026-09-02,Damaged Product,2798.54
R14255,O147665,C106125,P1304,2025-03-29,Changed Mind,7476.95
R14256,O137700,C102115,P1220,2026-02-23,Damaged Product,2828.85
R14257,O121352,C100441,P1451,2026-05-20,Damaged Product,14396.43
R14258,O104640,C103040,P1094,2026-06-23,Late Delivery,6909.72
R14259,O155545,C107634,P1442,2025-05-05,Wrong Product,6081.3
R14260,O153316,C107231,P1007,2026-05-31,Damaged Product,4887.51
R14261,O102878,C105887,P1175,2026-08-09,Damaged Product,8228.27
R14262,O159663,C104075,P1242,2026-02-07,Damaged Product,8354.45
R14263,O147105,C104469,P1094,2025-02-17,Late Delivery,10364.58
R14264,O152086,C101677,P1466,2026-01-30,Wrong Product,2924.29
R14265,O140231,C107460,P1411,2025-12-08,Changed Mind,9262.84
R14266,O131214,C109157,P1494,2025-11-18,Quality Issue,2537.74
R14267,O121079,C108052,P1402,2025-06-13,Wrong Product,18966.72
R14268,O153328,C108611,P1327,2025-06-15,Changed Mind,19175.67
R14269,O117358,C106570,P1332,2025-11-22,Changed Mind,11673.33
R14270,O125341,C103106,P1166,2026-07-15,Late Delivery,1216.06
R14271,O117830,C108807,P1168,2025-10-27,Changed Mind,6154.71
R14272,O123210,C105606,P1197,2025-06-07,Damaged Product,14682.76
R14273,O102541,C105636,P1474,2025-11-21,Changed Mind,16788.39
R14274,O159056,C104373,P1414,2026-02-18,Wrong Product,9400.05
R14275,O141684,C104940,P1075,2025-09-11,Changed Mind,8597.62
R14276,O104337,C104540,P1395,2026-04-27,Late Delivery,4249.62
R14277,O156916,C103482,P1220,2026-03-06,Quality Issue,3143.17
R14278,O152408,C105905,P1225,2025-03-30,Changed Mind,6622.53
R14279,O128686,C108415,P1430,2026-03-06,Damaged Product,4406.22
R14280,O155504,C107540,P1061,2026-05-18,Wrong Product,9277.68
R14281,O110893,C100687,P1033,2025-11-30,Quality Issue,17085.51
R14282,O132557,C100291,P1421,2026-04-21,Changed Mind,7102.07
R14283,O128181,C105244,P1429,2025-10-12,Wrong Product,9835.78
R14284,O110103,C107620,P1209,2025-01-09,Quality Issue,14794.75
R14285,O122404,C102681,P1065,2025-11-20,Changed Mind,11325.17
R14286,O153006,C105114,P1426,2025-08-18,Wrong Product,17038.8
R14287,O116174,C100802,P1072,2026-03-27,Quality Issue,11012.66
R14288,O148890,C103927,P1118,2026-04-11,Damaged Product,5886.28
R14289,O112961,C108638,P1138,2026-01-01,Changed Mind,14210.37
R14290,O139937,C105084,P1403,2026-05-04,Changed Mind,8030.52
R14291,O140188,C109229,P1090,2025-05-05,Quality Issue,19938.13
R14292,O151732,C103012,P1110,2025-09-20,Wrong Product,6389.73
R14293,O101226,C109275,P1269,2026-03-21,Wrong Product,4614.59
R14294,O158212,C100224,P1324,2026-05-06,Changed Mind,788.35
R14295,O147079,C103781,P1236,2026-05-29,Changed Mind,6251.18
R14296,O140123,C104979,P1035,2025-10-22,Damaged Product,9808.77
R14297,O117209,C102581,P1156,2025-05-07,Wrong Product,6808.72
R14298,O105126,C100857,P1481,2025-09-28,Changed Mind,13555.85
R14299,O123503,C108703,P1155,2026-07-12,Changed Mind,5658.64
R14300,O129092,C101374,P1104,2026-01-04,Damaged Product,7310.83
R14301,O132628,C109974,P1084,2026-03-05,Wrong Product,963.41
R14302,O143577,C102559,P1385,2026-07-09,Quality Issue,5112.11
R14303,O153148,C101470,P1085,2025-04-30,Changed Mind,619.81
R14304,O141227,C109043,P1498,2026-07-13,Late Delivery,5524.45
R14305,O103077,C109411,P1028,2026-02-10,Changed Mind,13116.15
R14306,O148198,C101429,P1480,2025-11-14,Quality Issue,8049.55
R14307,O143348,C100527,P1242,2026-01-01,Wrong Product,2320.68
R14308,O155101,C103409,P1155,2025-12-01,Changed Mind,8487.96
R14309,O152884,C107353,P1355,2025-10-28,Quality Issue,11453.12
R14310,O144309,C100401,P1211,2025-12-22,Late Delivery,11578.41
R14311,O136231,C103916,P1100,2026-03-05,Late Delivery,2511.14
R14312,O131495,C107019,P1064,2025-02-20,Damaged Product,3049.03
R14313,O156818,C102052,P1315,2025-05-21,Quality Issue,21180.04
R14314,O155332,C107878,P1417,2025-04-12,Wrong Product,31392.68
R14315,O158387,C105514,P1331,2025-11-26,Damaged Product,6462.66
R14316,O134244,C108123,P1380,2026-06-07,Wrong Product,15243.96
R14317,O138267,C102272,P1029,2025-06-16,Damaged Product,7516.83
R14318,O102249,C103131,P1059,2025-09-28,Wrong Product,18869.2
R14319,O115887,C100474,P1021,2025-09-30,Changed Mind,5007.83
R14320,O125169,C102188,P1329,2026-06-02,Damaged Product,1441.24
R14321,O147193,C107268,P1276,2026-08-07,Wrong Product,15240.88
R14322,O119650,C108642,P1197,2025-01-10,Quality Issue,3670.69
R14323,O110647,C109723,P1109,2025-10-16,Damaged Product,1777.39
R14324,O110369,C107933,P1109,2025-03-24,Wrong Product,3949.76
R14325,O114883,C109469,P1373,2026-01-19,Late Delivery,4337.42
R14326,O119762,C106415,P1418,2026-06-28,Damaged Product,2051.96
R14327,O154880,C104231,P1322,2026-01-12,Changed Mind,4478.75
R14328,O111435,C107852,P1368,2025-06-02,Wrong Product,6242.32
R14329,O145297,C106068,P1282,2026-04-10,Quality Issue,1736.97
R14330,O109980,C103082,P1477,2025-06-16,Late Delivery,17837.22
R14331,O132471,C105977,P1030,2025-03-13,Changed Mind,6267.74
R14332,O134513,C100833,P1206,2026-06-01,Late Delivery,10118.4
R14333,O103952,C101629,P1421,2025-12-14,Changed Mind,11213.79
R14334,O146601,C105554,P1374,2026-03-12,Quality Issue,6447.83
R14335,O109886,C105997,P1074,2025-02-03,Wrong Product,1568.68
R14336,O159432,C108466,P1167,2025-04-15,Wrong Product,6463.83
R14337,O140007,C106444,P1133,2025-04-04,Wrong Product,5823.51
R14338,O103744,C108747,P1192,2026-02-16,Damaged Product,3912.21
R14339,O144017,C104798,P1439,2025-12-05,Quality Issue,1949.84
R14340,O104019,C104460,P1142,2025-12-17,Late Delivery,4165.83
R14341,O116524,C104937,P1052,2026-07-07,Damaged Product,20114.48
R14342,O148413,C102012,P1462,2026-08-01,Wrong Product,9428.72
R14343,O147094,C107883,P1158,2026-07-16,Damaged Product,8350.56
R14344,O112247,C107433,P1360,2026-02-12,Wrong Product,5505.52
R14345,O103402,C107127,P1173,2025-08-22,Quality Issue,5738.68
R14346,O111618,C104670,P1077,2026-01-05,Late Delivery,25573.47
R14347,O117376,C101681,P1053,2025-02-08,Quality Issue,7120.46
R14348,O154956,C103453,P1067,2025-08-17,Changed Mind,20123.0
R14349,O143196,C101834,P1392,2025-09-18,Changed Mind,4085.63
R14350,O151991,C102427,P1154,2025-07-25,Quality Issue,13430.88
R14351,O148024,C101584,P1384,2026-07-14,Changed Mind,12684.4
R14352,O136786,C108301,P1071,2026-04-27,Quality Issue,12501.35
R14353,O123916,C107556,P1413,2026-02-27,Quality Issue,1782.9
R14354,O112084,C107466,P1086,2025-07-07,Wrong Product,2449.67
R14355,O109302,C107340,P1397,2025-12-24,Quality Issue,1660.13
R14356,O103050,C106899,P1075,2025-09-14,Late Delivery,7737.86
R14357,O110162,C107260,P1226,2026-07-07,Damaged Product,17348.01
R14358,O154911,C109550,P1213,2025-03-03,Damaged Product,3248.93
R14359,O133213,C105657,P1231,2025-02-12,Quality Issue,616.12
R14360,O101835,C108748,P1361,2025-10-01,Late Delivery,3253.13
R14361,O112854,C101996,P1450,2025-11-11,Wrong Product,19908.63
R14362,O145121,C100866,P1416,2026-01-22,Wrong Product,21159.84
R14363,O122991,C109155,P1183,2025-08-30,Quality Issue,10002.27
R14364,O103429,C105245,P1051,2025-04-11,Changed Mind,1147.34
R14365,O107497,C107414,P1360,2025-02-27,Wrong Product,2752.76
R14366,O154195,C108191,P1060,2026-04-19,Quality Issue,6944.99
R14367,O134542,C105570,P1393,2026-07-05,Damaged Product,3405.91
R14368,O142647,C104897,P1336,2025-04-12,Late Delivery,1978.08
R14369,O147699,C100520,P1477,2026-03-21,Damaged Product,16945.36
R14370,O158748,C100777,P1084,2025-12-02,Changed Mind,1530.12
R14371,O112138,C101599,P1154,2026-06-04,Late Delivery,15801.04
R14372,O100328,C106564,P1162,2026-06-02,Wrong Product,10222.8
R14373,O129158,C109298,P1281,2025-04-04,Damaged Product,3036.11
R14374,O103638,C109991,P1120,2026-02-20,Changed Mind,9084.89
R14375,O149533,C105394,P1124,2025-08-28,Late Delivery,6331.19
R14376,O105402,C108224,P1017,2026-03-17,Quality Issue,4115.36
R14377,O100928,C101922,P1269,2025-09-14,Damaged Product,13151.58
R14378,O155570,C106900,P1182,2025-05-16,Wrong Product,5339.27
R14379,O135007,C108807,P1012,2025-12-11,Changed Mind,4485.67
R14380,O143209,C105331,P1446,2026-07-21,Quality Issue,8965.79
R14381,O114432,C101628,P1149,2026-01-01,Late Delivery,22346.55
R14382,O109117,C100528,P1081,2025-04-22,Quality Issue,12004.74
R14383,O134503,C107958,P1096,2025-12-14,Damaged Product,8787.67
R14384,O146100,C108955,P1069,2026-07-03,Late Delivery,14381.37
R14385,O158222,C101667,P1428,2025-08-04,Late Delivery,633.38
R14386,O158675,C103395,P1249,2025-05-05,Quality Issue,4085.52
R14387,O119369,C105460,P1102,2026-04-04,Changed Mind,19202.68
R14388,O125059,C105022,P1460,2026-04-02,Late Delivery,15965.52
R14389,O105382,C105386,P1291,2026-01-29,Late Delivery,4586.53
R14390,O146144,C109774,P1282,2025-12-18,Changed Mind,6539.17
R14391,O117777,C107100,P1393,2026-07-15,Quality Issue,3606.26
R14392,O126757,C109463,P1482,2026-05-31,Changed Mind,8984.84
R14393,O121067,C101661,P1366,2025-09-16,Late Delivery,2613.28
R14394,O115586,C104273,P1130,2026-01-16,Changed Mind,20646.8
R14395,O113686,C107512,P1153,2025-12-23,Quality Issue,11146.13
R14396,O129239,C109725,P1105,2025-06-10,Late Delivery,6841.98
R14397,O134214,C101943,P1332,2025-10-21,Wrong Product,7782.22
R14398,O107595,C106772,P1191,2025-09-10,Late Delivery,3176.51
R14399,O117191,C104574,P1372,2026-02-26,Damaged Product,8555.59
R14400,O148503,C109168,P1456,2025-10-06,Damaged Product,5345.66
R14401,O155220,C109897,P1184,2025-11-13,Changed Mind,5001.96
R14402,O120638,C105586,P1225,2026-05-16,Late Delivery,4194.27
R14403,O127626,C101677,P1117,2025-04-01,Damaged Product,8030.68
R14404,O105193,C108789,P1131,2025-08-24,Changed Mind,12862.2
R14405,O147541,C108395,P1320,2026-02-03,Wrong Product,1968.4
R14406,O127391,C102151,P1493,2025-04-28,Quality Issue,1559.24
R14407,O110830,C106417,P1082,2025-06-01,Quality Issue,14876.31
R14408,O142216,C106561,P1242,2026-04-25,Damaged Product,2320.68
R14409,O123903,C104210,P1282,2025-02-11,Quality Issue,8173.96
R14410,O102789,C101124,P1295,2025-02-23,Damaged Product,9868.28
R14411,O149731,C102999,P1362,2025-08-14,Quality Issue,13567.77
R14412,O157795,C104419,P1395,2025-05-27,Late Delivery,1901.14
R14413,O153477,C107478,P1095,2025-04-03,Damaged Product,4431.03
R14414,O114527,C104662,P1258,2026-08-19,Damaged Product,1195.6
R14415,O128568,C109986,P1150,2026-03-16,Quality Issue,8406.64
R14416,O143994,C102028,P1197,2026-04-14,Damaged Product,2936.55
R14417,O110813,C106251,P1249,2025-05-26,Wrong Product,4085.52
R14418,O149365,C104315,P1093,2025-02-09,Quality Issue,15616.97
R14419,O123702,C103726,P1036,2025-02-04,Wrong Product,4473.02
R14420,O141111,C104251,P1444,2025-11-16,Wrong Product,4489.12
R14421,O131492,C109453,P1432,2025-08-06,Late Delivery,6825.61
R14422,O100108,C108647,P1366,2025-07-17,Late Delivery,2468.09
R14423,O122217,C100837,P1397,2025-03-02,Late Delivery,4731.37
R14424,O151813,C100645,P1425,2025-08-06,Wrong Product,5566.77
R14425,O149273,C101264,P1436,2026-07-29,Damaged Product,1815.02
R14426,O138893,C109869,P1197,2026-07-16,Quality Issue,3670.69
R14427,O124385,C107654,P1024,2025-09-03,Wrong Product,2413.51
R14428,O142662,C103167,P1048,2025-04-25,Damaged Product,5561.13
R14429,O127602,C105311,P1321,2026-06-25,Wrong Product,13561.92
R14430,O157306,C100697,P1141,2026-02-02,Late Delivery,8931.78
R14431,O145300,C100439,P1458,2025-01-15,Wrong Product,3144.97
R14432,O135342,C105085,P1408,2025-06-08,Changed Mind,17290.89
R14433,O134799,C102629,P1345,2026-08-03,Quality Issue,7100.68
R14434,O105430,C102210,P1091,2026-06-14,Quality Issue,4673.94
R14435,O152983,C108837,P1140,2026-06-28,Late Delivery,20815.92
R14436,O112756,C105741,P1275,2025-03-17,Wrong Product,12020.76
R14437,O138455,C108472,P1494,2026-01-10,Late Delivery,5374.04
R14438,O134584,C106838,P1259,2025-10-18,Changed Mind,12693.63
R14439,O104967,C108094,P1222,2025-06-11,Wrong Product,1325.3
R14440,O132681,C108898,P1158,2025-08-30,Changed Mind,11720.08
R14441,O103147,C108598,P1477,2026-05-12,Damaged Product,21404.66
R14442,O158883,C104476,P1216,2026-06-13,Quality Issue,16496.12
R14443,O114879,C107440,P1486,2025-06-05,Damaged Product,4870.76
R14444,O155097,C100775,P1252,2025-12-29,Late Delivery,2911.76
R14445,O122263,C106959,P1474,2025-12-04,Wrong Product,4476.9
R14446,O131027,C100185,P1075,2025-05-10,Late Delivery,4298.81
R14447,O126321,C102335,P1278,2025-07-03,Changed Mind,20772.04
R14448,O139788,C102546,P1165,2025-12-31,Changed Mind,503.27
R14449,O109132,C101815,P1321,2025-01-08,Wrong Product,11301.6
R14450,O107066,C108752,P1040,2025-06-19,Late Delivery,3460.1
R14451,O104509,C100901,P1258,2026-02-12,Wrong Product,2391.2
R14452,O150415,C100426,P1192,2026-01-27,Wrong Product,1304.07
R14453,O101653,C107298,P1393,2025-04-27,Late Delivery,1335.65
R14454,O119858,C106594,P1071,2025-12-14,Damaged Product,12501.35
R14455,O142547,C104972,P1270,2025-10-18,Late Delivery,4955.56
R14456,O104772,C106059,P1198,2026-02-22,Damaged Product,22328.46
R14457,O102084,C106324,P1352,2025-05-21,Quality Issue,9507.94
R14458,O142044,C106483,P1027,2025-11-10,Late Delivery,13665.16
R14459,O108980,C100254,P1328,2025-02-04,Late Delivery,1436.34
R14460,O115207,C108413,P1149,2025-06-23,Quality Issue,20111.9
R14461,O123587,C109283,P1457,2026-02-22,Quality Issue,8201.08
R14462,O140550,C102406,P1056,2025-11-28,Wrong Product,1797.98
R14463,O106567,C102422,P1148,2026-05-04,Damaged Product,8527.86
R14464,O130893,C102170,P1287,2025-09-23,Wrong Product,8086.15
R14465,O138578,C109674,P1297,2025-05-19,Late Delivery,2022.53
R14466,O107144,C105505,P1093,2026-02-23,Changed Mind,7397.51
R14467,O150423,C103963,P1365,2025-02-03,Late Delivery,9234.08
R14468,O128721,C103376,P1186,2026-07-10,Wrong Product,3624.1
R14469,O143232,C104203,P1460,2025-03-12,Late Delivery,10111.5
R14470,O127869,C109961,P1393,2026-04-13,Late Delivery,2404.17
R14471,O110495,C105430,P1005,2025-11-27,Late Delivery,1086.21
R14472,O103032,C101231,P1139,2026-02-22,Late Delivery,21742.68
R14473,O149425,C103765,P1017,2025-03-10,Late Delivery,6497.94
R14474,O125472,C104908,P1468,2025-08-01,Damaged Product,2000.48
R14475,O124956,C101096,P1331,2026-07-15,Quality Issue,4308.44
R14476,O115494,C109357,P1355,2026-07-08,Changed Mind,9041.94
R14477,O107380,C108391,P1242,2025-04-25,Quality Issue,4641.36
R14478,O157780,C102945,P1274,2025-02-05,Late Delivery,3126.8
R14479,O117385,C106122,P1195,2026-07-11,Quality Issue,2388.02
R14480,O157687,C101137,P1075,2025-11-13,Quality Issue,8597.62
R14481,O145237,C105597,P1067,2025-08-02,Late Delivery,17104.55
R14482,O127532,C109725,P1491,2025-09-02,Damaged Product,16176.46
R14483,O103410,C104086,P1461,2025-02-19,Late Delivery,3049.42
R14484,O131656,C101441,P1237,2026-03-31,Late Delivery,11608.52
R14485,O130014,C107700,P1252,2025-09-14,Late Delivery,4149.26
R14486,O140966,C108285,P1256,2026-01-03,Late Delivery,3081.26
R14487,O114639,C108459,P1114,2025-04-02,Wrong Product,13656.92
R14488,O155196,C104905,P1121,2025-04-26,Wrong Product,10565.88
R14489,O144581,C102345,P1266,2025-04-02,Changed Mind,1786.7
R14490,O146511,C108372,P1030,2025-12-11,Damaged Product,3298.81
R14491,O117630,C101696,P1264,2025-01-26,Quality Issue,16267.13
R14492,O136310,C103288,P1276,2025-09-15,Late Delivery,3810.22
R14493,O103814,C103372,P1222,2025-08-28,Quality Issue,368.14
R14494,O102827,C106807,P1435,2025-02-07,Damaged Product,1531.84
R14495,O123232,C103392,P1332,2025-09-27,Wrong Product,11089.66
R14496,O118836,C102554,P1212,2026-03-28,Quality Issue,8829.58
R14497,O120454,C105603,P1323,2026-07-24,Wrong Product,10200.4
R14498,O140508,C100874,P1098,2026-02-13,Quality Issue,12372.0
R14499,O145030,C102762,P1483,2026-01-19,Damaged Product,1897.92
R14500,O107983,C107614,P1070,2026-04-28,Changed Mind,512.42
R14501,O159716,C107718,P1494,2025-08-12,Late Delivery,5971.16
R14502,O127268,C102604,P1257,2026-08-01,Changed Mind,5140.31
R14503,O128481,C109470,P1250,2025-10-18,Changed Mind,9471.5
R14504,O127842,C105738,P1302,2026-05-17,Late Delivery,14902.54
R14505,O103802,C106165,P1238,2026-01-07,Wrong Product,1191.0
R14506,O153421,C100535,P1072,2026-08-02,Quality Issue,22025.32
R14507,O153465,C101858,P1015,2026-08-26,Late Delivery,5229.29
R14508,O126146,C100621,P1396,2025-10-28,Changed Mind,9052.1
R14509,O153558,C102466,P1015,2026-01-29,Changed Mind,8889.79
R14510,O123339,C100020,P1107,2026-02-21,Damaged Product,10262.28
R14511,O102704,C104253,P1424,2025-03-13,Late Delivery,18756.55
R14512,O125199,C102461,P1253,2025-02-15,Changed Mind,1245.71
R14513,O116681,C102302,P1239,2025-10-12,Late Delivery,4386.82
R14514,O102668,C109001,P1051,2026-03-30,Damaged Product,4830.92
R14515,O153256,C100819,P1069,2025-06-09,Late Delivery,6812.23
R14516,O127576,C103472,P1425,2025-03-21,Wrong Product,4394.82
R14517,O126985,C100604,P1441,2025-01-14,Late Delivery,1750.47
R14518,O152044,C104726,P1473,2025-08-05,Damaged Product,2655.04
R14519,O124218,C106287,P1394,2026-04-09,Late Delivery,10449.84
R14520,O146995,C101509,P1128,2025-04-25,Changed Mind,4875.9
R14521,O139517,C106657,P1457,2025-04-26,Quality Issue,11654.17
R14522,O142625,C108635,P1486,2026-03-27,Wrong Product,21775.18
R14523,O107196,C108141,P1165,2025-11-23,Changed Mind,1589.28
R14524,O101058,C100188,P1171,2026-03-06,Wrong Product,5873.48
R14525,O108144,C100801,P1426,2025-11-14,Quality Issue,22718.4
R14526,O113899,C105227,P1498,2026-02-28,Damaged Product,22097.8
R14527,O110069,C106746,P1429,2025-03-23,Wrong Product,2914.3
R14528,O148313,C106487,P1046,2025-07-16,Changed Mind,2991.14
R14529,O101477,C108588,P1240,2026-03-02,Damaged Product,8708.75
R14530,O151837,C101307,P1130,2025-03-19,Quality Issue,15485.1
R14531,O106102,C100659,P1277,2026-02-04,Quality Issue,28954.12
R14532,O139580,C105170,P1352,2026-04-05,Quality Issue,4753.97
R14533,O113562,C101588,P1159,2026-04-03,Damaged Product,11020.65
R14534,O119521,C106538,P1122,2025-02-07,Wrong Product,27767.28
R14535,O137789,C108776,P1053,2025-11-30,Wrong Product,22785.47
R14536,O138872,C100364,P1353,2025-06-10,Quality Issue,6416.84
R14537,O115842,C102122,P1051,2025-06-04,Quality Issue,2173.91
R14538,O117430,C107421,P1055,2025-08-03,Quality Issue,13542.46
R14539,O141003,C107863,P1208,2025-10-25,Late Delivery,15657.1
R14540,O148235,C105576,P1204,2026-05-08,Wrong Product,22062.17
R14541,O159518,C103677,P1238,2025-08-13,Late Delivery,940.26
R14542,O152001,C102655,P1083,2026-08-14,Wrong Product,5388.91
R14543,O119463,C102127,P1027,2025-07-17,Changed Mind,13665.16
R14544,O150994,C103123,P1159,2026-01-27,Late Delivery,13224.78
R14545,O129642,C104241,P1073,2025-08-30,Wrong Product,3048.91
R14546,O157046,C103151,P1243,2025-08-23,Late Delivery,13422.74
R14547,O154871,C107287,P1392,2026-03-07,Late Delivery,7762.7
R14548,O123943,C104289,P1137,2025-01-23,Changed Mind,21283.53
R14549,O132802,C106458,P1033,2026-02-17,Damaged Product,5695.17
R14550,O120324,C100370,P1394,2025-09-23,Damaged Product,9927.35
R14551,O150933,C107845,P1316,2025-06-23,Wrong Product,17062.68
R14552,O154802,C100544,P1397,2026-06-11,Wrong Product,6308.49
R14553,O137898,C107343,P1191,2025-03-20,Wrong Product,3343.69
R14554,O139168,C103415,P1166,2025-11-17,Quality Issue,4621.03
R14555,O129576,C103712,P1378,2025-02-05,Damaged Product,7013.54
R14556,O127262,C104728,P1129,2025-09-29,Wrong Product,4061.9
R14557,O151788,C104055,P1287,2026-04-15,Damaged Product,6064.61
R14558,O106568,C104378,P1485,2026-03-02,Damaged Product,9143.43
R14559,O126651,C109586,P1360,2026-01-07,Changed Mind,8258.28
R14560,O145556,C105403,P1429,2026-04-05,Changed Mind,3642.88
R14561,O132484,C103344,P1498,2025-07-09,Damaged Product,4419.56
R14562,O120550,C104157,P1344,2026-05-11,Quality Issue,15108.42
R14563,O158764,C105948,P1470,2026-01-15,Quality Issue,15603.8
R14564,O114614,C102458,P1411,2025-01-21,Late Delivery,2315.71
R14565,O119978,C107982,P1192,2025-10-09,Quality Issue,2347.33
R14566,O103867,C108053,P1482,2026-05-27,Changed Mind,13477.26
R14567,O111191,C103416,P1202,2026-03-22,Damaged Product,1103.15
R14568,O133702,C108487,P1189,2025-09-14,Changed Mind,2550.22
R14569,O106095,C108625,P1494,2026-01-19,Late Delivery,8956.74
R14570,O136681,C108978,P1086,2026-02-18,Wrong Product,5763.94
R14571,O111747,C105942,P1244,2025-05-04,Late Delivery,4897.52
R14572,O120249,C106427,P1300,2025-02-27,Late Delivery,12199.68
R14573,O133321,C100823,P1148,2026-05-05,Quality Issue,10032.78
R14574,O101912,C105506,P1301,2026-03-21,Damaged Product,805.45
R14575,O115296,C101701,P1481,2025-05-05,Late Delivery,12128.92
R14576,O144072,C108236,P1258,2025-09-26,Wrong Product,538.02
R14577,O119771,C103972,P1291,2025-09-23,Damaged Product,1528.84
R14578,O144998,C105788,P1330,2025-05-03,Wrong Product,2879.34
R14579,O157068,C105835,P1270,2026-06-08,Damaged Product,10432.76
R14580,O108137,C101543,P1499,2025-07-18,Quality Issue,4523.64
R14581,O133197,C108223,P1149,2025-12-27,Late Delivery,21229.22
R14582,O137557,C102695,P1266,2026-02-13,Quality Issue,3573.4
R14583,O135125,C104846,P1387,2025-09-12,Late Delivery,4619.16
R14584,O126112,C104794,P1488,2026-08-11,Late Delivery,5539.46
R14585,O154976,C102204,P1108,2025-02-13,Changed Mind,9752.9
R14586,O113283,C108584,P1100,2025-12-28,Quality Issue,5022.28
R14587,O157328,C102641,P1399,2026-03-23,Late Delivery,16976.84
R14588,O115551,C109356,P1409,2026-06-10,Damaged Product,14899.71
R14589,O126431,C100595,P1153,2026-04-25,Changed Mind,18576.88
R14590,O132089,C104506,P1030,2025-02-05,Wrong Product,5278.1
R14591,O134300,C109918,P1032,2025-03-04,Late Delivery,7538.96
R14592,O151939,C104195,P1213,2026-05-21,Late Delivery,3429.42
R14593,O155738,C104259,P1454,2026-06-21,Damaged Product,7962.53
R14594,O146258,C102089,P1036,2025-11-01,Damaged Product,2236.51
R14595,O103116,C102435,P1474,2025-09-17,Quality Issue,5596.13
R14596,O117781,C105605,P1163,2026-05-25,Damaged Product,12082.16
R14597,O108000,C109514,P1304,2025-02-19,Changed Mind,2492.32
R14598,O120608,C109598,P1487,2026-02-17,Damaged Product,2728.76
R14599,O144359,C104390,P1394,2026-02-15,Damaged Product,19854.7
R14600,O134721,C106858,P1024,2025-06-14,Changed Mind,7240.54
R14601,O157207,C103984,P1272,2025-08-23,Changed Mind,1052.35
R14602,O155882,C102208,P1433,2025-06-12,Wrong Product,2193.18
R14603,O116521,C104881,P1280,2025-05-20,Changed Mind,5142.86
R14604,O151952,C102999,P1313,2025-03-04,Damaged Product,6019.83
R14605,O145080,C103396,P1376,2025-03-30,Late Delivery,1308.12
R14606,O108336,C106913,P1309,2026-06-07,Wrong Product,6148.89
R14607,O100464,C102761,P1255,2026-05-04,Quality Issue,5199.88
R14608,O151889,C108609,P1498,2025-10-08,Wrong Product,9391.56
R14609,O140982,C102277,P1358,2025-03-06,Late Delivery,5694.3
R14610,O158911,C106042,P1295,2026-01-23,Changed Mind,9868.28
R14611,O123423,C106893,P1186,2026-05-04,Quality Issue,14496.4
R14612,O131518,C104502,P1385,2026-03-07,Damaged Product,11360.24
R14613,O133446,C101201,P1134,2026-08-09,Damaged Product,2312.13
R14614,O102565,C100542,P1435,2026-01-20,Wrong Product,3906.19
R14615,O138941,C106648,P1313,2025-08-29,Quality Issue,10233.71
R14616,O109493,C103924,P1485,2026-08-17,Changed Mind,3047.81
R14617,O113869,C109701,P1171,2025-02-05,Damaged Product,5255.22
R14618,O153327,C101148,P1126,2026-08-05,Wrong Product,2112.38
R14619,O151230,C101592,P1102,2026-06-26,Damaged Product,4800.67
R14620,O134750,C103509,P1398,2025-06-02,Quality Issue,2982.6
R14621,O121547,C108597,P1041,2025-02-22,Wrong Product,7790.06
R14622,O116003,C109472,P1242,2026-01-12,Wrong Product,3945.16
R14623,O155721,C105470,P1221,2025-02-01,Wrong Product,3013.04
R14624,O134527,C106442,P1090,2026-02-18,Quality Issue,5261.45
R14625,O148388,C109699,P1385,2026-05-22,Damaged Product,2414.05
R14626,O136079,C109933,P1210,2025-09-01,Changed Mind,11862.56
R14627,O155322,C105274,P1049,2026-05-28,Late Delivery,6853.36
R14628,O143425,C105247,P1237,2026-05-12,Changed Mind,11608.52
R14629,O146532,C106491,P1438,2025-09-10,Changed Mind,6008.37
R14630,O150023,C101662,P1281,2025-08-29,Quality Issue,9108.33
R14631,O141904,C105921,P1463,2025-05-27,Quality Issue,16998.43
R14632,O122892,C104826,P1445,2025-06-22,Changed Mind,3517.74
R14633,O159434,C104517,P1149,2026-07-11,Late Delivery,13407.93
R14634,O128006,C102663,P1025,2025-10-10,Damaged Product,13185.94
R14635,O120823,C103904,P1353,2025-10-22,Changed Mind,1363.58
R14636,O133131,C102555,P1075,2026-03-15,Wrong Product,4298.81
R14637,O115423,C106003,P1116,2026-01-15,Wrong Product,3723.84
R14638,O139743,C108203,P1052,2025-04-09,Late Delivery,9554.38
R14639,O150133,C103409,P1071,2026-07-26,Late Delivery,26318.64
R14640,O128981,C100456,P1230,2025-11-28,Late Delivery,2239.42
R14641,O141353,C104248,P1104,2025-05-30,Damaged Product,10966.25
R14642,O158410,C103450,P1392,2025-05-10,Quality Issue,4085.63
R14643,O148480,C107356,P1227,2025-05-10,Quality Issue,14787.84
R14644,O137899,C101696,P1049,2025-07-11,Changed Mind,5140.02
R14645,O135951,C100615,P1330,2026-05-24,Late Delivery,11517.34
R14646,O113736,C105256,P1124,2026-08-27,Late Delivery,11396.14
R14647,O123969,C107774,P1112,2025-10-11,Quality Issue,5904.22
R14648,O159417,C108619,P1151,2025-05-27,Damaged Product,2690.71
R14649,O155033,C102217,P1095,2026-07-22,Damaged Product,1049.45
R14650,O100913,C101794,P1435,2025-02-24,Damaged Product,1225.47
R14651,O107428,C109222,P1354,2025-11-14,Quality Issue,12067.83
R14652,O113690,C102323,P1102,2025-04-24,Late Delivery,19202.68
R14653,O130105,C107689,P1416,2025-10-31,Late Delivery,21159.84
R14654,O130266,C109229,P1211,2025-02-28,Damaged Product,11578.41
R14655,O141794,C102900,P1106,2026-01-15,Quality Issue,11215.99
R14656,O155201,C109560,P1015,2025-04-12,Quality Issue,5229.29
R14657,O125124,C107239,P1049,2026-04-15,Late Delivery,4626.02
R14658,O109769,C105037,P1321,2026-05-09,Late Delivery,3767.2
R14659,O112480,C109575,P1245,2025-06-07,Late Delivery,6102.4
R14660,O123523,C104698,P1395,2025-05-18,Changed Mind,2236.64
R14661,O148421,C108651,P1147,2026-02-02,Damaged Product,6366.4
R14662,O110839,C104142,P1112,2025-02-16,Late Delivery,25092.92
R14663,O116790,C100176,P1485,2025-06-05,Damaged Product,10972.12
R14664,O152857,C101345,P1368,2026-01-05,Changed Mind,2496.93
R14665,O151926,C104764,P1118,2026-05-26,Late Delivery,12465.07
R14666,O125905,C108133,P1084,2026-01-11,Changed Mind,566.71
R14667,O121821,C100457,P1388,2025-10-01,Wrong Product,10438.64
R14668,O158252,C107916,P1339,2026-04-08,Quality Issue,11220.16
R14669,O117753,C103237,P1460,2026-08-09,Late Delivery,10111.5
R14670,O121522,C105024,P1303,2026-03-22,Wrong Product,9487.38
R14671,O128616,C106340,P1492,2025-08-04,Damaged Product,4017.28
R14672,O152422,C109104,P1026,2025-12-01,Changed Mind,13410.52
R14673,O103855,C108312,P1332,2026-04-08,Changed Mind,3502.0
R14674,O124361,C108067,P1013,2026-08-11,Damaged Product,5378.4
R14675,O136009,C105394,P1105,2026-01-15,Wrong Product,4829.63
R14676,O150861,C103651,P1282,2025-02-26,Quality Issue,5823.95
R14677,O121616,C108534,P1189,2025-03-25,Quality Issue,4335.37
R14678,O143873,C109801,P1250,2026-06-21,Changed Mind,6355.88
R14679,O100955,C101282,P1225,2025-06-29,Quality Issue,8830.04
R14680,O132327,C103009,P1188,2026-03-29,Changed Mind,11669.32
R14681,O116705,C103061,P1349,2026-04-03,Damaged Product,2702.7
R14682,O103196,C102835,P1209,2025-02-28,Quality Issue,17568.77
R14683,O102710,C107357,P1486,2025-08-10,Changed Mind,5730.31
R14684,O143431,C105036,P1440,2026-02-25,Wrong Product,5558.04
R14685,O151291,C109896,P1211,2026-03-10,Damaged Product,5484.51
R14686,O153725,C102252,P1497,2026-02-16,Quality Issue,5675.57
R14687,O100350,C106099,P1057,2026-05-30,Damaged Product,388.4
R14688,O148454,C105083,P1219,2026-08-05,Damaged Product,5206.44
R14689,O139151,C108255,P1132,2026-08-06,Damaged Product,7885.94
R14690,O148979,C108218,P1136,2026-03-27,Wrong Product,1512.99
R14691,O137392,C106946,P1427,2026-08-09,Wrong Product,15276.72
R14692,O108257,C106789,P1298,2026-02-24,Wrong Product,6451.78
R14693,O126906,C108671,P1291,2026-06-01,Changed Mind,1609.31
R14694,O151426,C107868,P1187,2026-07-27,Quality Issue,3695.51
R14695,O119830,C101399,P1333,2025-08-19,Quality Issue,22014.8
R14696,O145337,C104862,P1155,2025-04-27,Wrong Product,12574.76
R14697,O116285,C109254,P1406,2026-06-16,Changed Mind,11552.55
R14698,O122251,C100784,P1490,2026-01-18,Wrong Product,2310.82
R14699,O158350,C102447,P1253,2026-03-15,Changed Mind,1311.27
R14700,O109152,C101528,P1411,2025-04-28,Changed Mind,2315.71
R14701,O159202,C108879,P1120,2025-10-04,Late Delivery,9563.04
R14702,O143705,C105827,P1336,2025-09-24,Late Delivery,890.14
R14703,O157583,C101438,P1136,2025-08-06,Wrong Product,3404.23
R14704,O123764,C108866,P1076,2026-07-01,Damaged Product,7502.68
R14705,O146305,C106586,P1115,2025-10-06,Wrong Product,3719.16
R14706,O121460,C102748,P1212,2026-02-26,Late Delivery,8364.87
R14707,O118608,C100259,P1037,2025-04-20,Wrong Product,14492.7
R14708,O116231,C103039,P1417,2025-05-11,Damaged Product,21190.06
R14709,O136513,C100714,P1453,2026-05-26,Damaged Product,14971.44
R14710,O146845,C103701,P1181,2025-09-02,Quality Issue,7977.04
R14711,O101345,C105812,P1490,2026-03-07,Late Delivery,1641.9
R14712,O144219,C105372,P1328,2026-05-19,Quality Issue,2041.12
R14713,O111615,C105000,P1361,2025-09-21,Quality Issue,12327.66
R14714,O113553,C109904,P1316,2026-05-12,Damaged Product,8082.32
R14715,O123077,C108516,P1470,2025-05-28,Damaged Product,14823.61
R14716,O111306,C109698,P1068,2026-07-04,Changed Mind,14132.61
R14717,O130393,C104557,P1456,2026-07-24,Changed Mind,21382.64
R14718,O151205,C105789,P1114,2026-05-09,Late Delivery,5462.77
R14719,O116509,C105008,P1388,2026-08-11,Damaged Product,14092.16
R14720,O100900,C108494,P1171,2025-06-01,Quality Issue,11746.96
R14721,O147845,C108836,P1127,2025-03-20,Quality Issue,16173.58
R14722,O144138,C101310,P1447,2026-08-12,Changed Mind,11310.1
R14723,O118555,C103043,P1164,2025-07-04,Late Delivery,11722.13
R14724,O146410,C106853,P1154,2026-05-22,Damaged Product,3950.26
R14725,O129315,C104111,P1244,2026-03-08,Late Delivery,1224.38
R14726,O103203,C108629,P1214,2026-04-06,Changed Mind,5683.44
R14727,O118395,C108249,P1352,2025-05-11,Changed Mind,16163.5
R14728,O132845,C107294,P1494,2025-09-06,Late Delivery,2687.02
R14729,O129982,C102943,P1454,2025-09-30,Damaged Product,10616.7
R14730,O144079,C109513,P1120,2025-06-07,Damaged Product,6375.36
R14731,O122679,C102028,P1349,2025-09-11,Changed Mind,6006.0
R14732,O124686,C103882,P1399,2025-02-02,Damaged Product,16976.84
R14733,O106351,C103426,P1154,2025-10-22,Late Delivery,3950.26
R14734,O153065,C103547,P1443,2025-07-23,Late Delivery,19318.41
R14735,O143441,C108340,P1368,2026-01-27,Late Delivery,3121.16
R14736,O135143,C108603,P1302,2026-02-06,Quality Issue,7843.44
R14737,O136006,C102504,P1309,2025-07-25,Quality Issue,5226.56
R14738,O119208,C100591,P1010,2026-06-14,Quality Issue,3678.55
R14739,O147085,C108489,P1447,2025-06-28,Quality Issue,16965.15
R14740,O112234,C105874,P1222,2026-07-30,Quality Issue,736.28
R14741,O121497,C106621,P1188,2025-12-31,Changed Mind,11085.85
R14742,O148219,C105602,P1479,2026-05-11,Late Delivery,5411.65
R14743,O140804,C105319,P1288,2026-05-23,Quality Issue,14183.31
R14744,O150747,C105070,P1191,2025-05-15,Late Delivery,13374.76
R14745,O116246,C100451,P1208,2025-02-12,Damaged Product,14008.99
R14746,O143123,C108868,P1360,2026-01-28,Late Delivery,4954.97
R14747,O128596,C101515,P1360,2025-02-06,Wrong Product,8258.28
R14748,O140730,C105945,P1134,2025-09-05,Wrong Product,1216.91
R14749,O104459,C102750,P1276,2025-11-14,Changed Mind,3429.2
R14750,O104845,C108928,P1476,2025-08-08,Quality Issue,4317.49
R14751,O154917,C109263,P1116,2025-02-10,Late Delivery,1861.92
R14752,O139456,C100329,P1001,2025-04-09,Wrong Product,2295.47
R14753,O117826,C109918,P1394,2025-12-21,Late Delivery,15674.76
R14754,O107669,C103964,P1373,2025-12-16,Wrong Product,4096.45
R14755,O125874,C106410,P1302,2025-03-05,Damaged Product,10588.64
R14756,O122246,C104372,P1040,2025-11-08,Wrong Product,7689.1
R14757,O148196,C107959,P1285,2026-03-06,Changed Mind,10498.44
R14758,O132003,C104956,P1048,2025-03-22,Damaged Product,6542.51
R14759,O157754,C104411,P1084,2026-05-14,Changed Mind,1530.12
R14760,O129155,C108324,P1168,2026-03-18,Wrong Product,4103.14
R14761,O118386,C107318,P1031,2025-11-06,Late Delivery,18002.32
R14762,O158881,C100664,P1478,2025-03-08,Late Delivery,13065.56
R14763,O154037,C107429,P1478,2025-05-07,Changed Mind,26131.12
R14764,O138328,C100231,P1018,2026-06-03,Wrong Product,3156.67
R14765,O157627,C103781,P1081,2025-09-15,Quality Issue,7581.94
R14766,O150028,C107234,P1002,2026-04-07,Late Delivery,20512.8
R14767,O135033,C109326,P1476,2025-09-07,Changed Mind,1359.21
R14768,O115278,C102926,P1090,2025-10-17,Quality Issue,9969.07
R14769,O106426,C103895,P1097,2026-07-23,Changed Mind,1421.23
R14770,O105910,C106364,P1173,2026-02-22,Wrong Product,5451.75
R14771,O158116,C100859,P1371,2025-11-14,Quality Issue,10966.67
R14772,O111139,C106404,P1352,2025-03-04,Wrong Product,4753.97
R14773,O119577,C104860,P1189,2026-07-09,Late Delivery,1275.11
R14774,O129231,C101591,P1166,2025-02-11,Wrong Product,4134.6
R14775,O150322,C107561,P1465,2026-02-20,Changed Mind,2922.69
R14776,O145717,C109759,P1403,2025-08-13,Damaged Product,8030.52
R14777,O130201,C101370,P1336,2025-03-03,Late Delivery,989.04
R14778,O104372,C101436,P1158,2025-05-30,Wrong Product,5274.04
R14779,O129701,C103216,P1271,2025-10-17,Quality Issue,15816.1
R14780,O137450,C108759,P1423,2025-05-23,Damaged Product,2013.15
R14781,O116729,C102941,P1372,2025-07-08,Quality Issue,12833.38
R14782,O159615,C105078,P1466,2025-10-30,Damaged Product,8772.87
R14783,O107239,C103859,P1328,2026-09-02,Late Delivery,1511.94
R14784,O103180,C109279,P1049,2026-06-02,Wrong Product,1627.67
R14785,O135515,C107446,P1097,2025-02-25,Changed Mind,4050.51
R14786,O118264,C100685,P1177,2025-06-28,Late Delivery,3846.54
R14787,O121054,C103763,P1002,2025-12-31,Quality Issue,6495.72
R14788,O130830,C105748,P1356,2026-05-13,Quality Issue,20640.7
R14789,O126911,C101091,P1279,2026-06-23,Late Delivery,9535.41
R14790,O132369,C103704,P1298,2026-01-22,Damaged Product,2688.24
R14791,O151534,C106810,P1336,2025-05-25,Changed Mind,2818.76
R14792,O109436,C107762,P1195,2025-11-16,Late Delivery,7541.13
R14793,O141020,C108028,P1470,2026-08-16,Damaged Product,3900.95
R14794,O137040,C103817,P1227,2026-05-16,Quality Issue,17745.41
R14795,O113366,C106343,P1028,2025-08-12,Quality Issue,11148.73
R14796,O136171,C101753,P1283,2025-04-11,Late Delivery,5506.17
R14797,O139811,C107676,P1355,2025-07-29,Changed Mind,12055.92
R14798,O135920,C103930,P1284,2026-02-03,Wrong Product,2556.09
R14799,O138763,C105870,P1376,2025-06-03,Late Delivery,1538.96
R14800,O110987,C107735,P1029,2026-06-14,Wrong Product,7986.63
R14801,O158550,C102455,P1155,2026-02-16,Damaged Product,5973.01
R14802,O138807,C105581,P1381,2025-12-23,Late Delivery,2661.68
R14803,O139190,C103348,P1047,2025-02-17,Late Delivery,1110.66
R14804,O119033,C102947,P1052,2025-05-07,Wrong Product,9051.52
R14805,O153069,C107618,P1162,2026-07-23,Quality Issue,2172.34
R14806,O132316,C106620,P1073,2025-05-31,Damaged Product,2744.02
R14807,O125418,C106150,P1459,2026-01-02,Wrong Product,458.78
R14808,O149562,C105263,P1118,2025-09-16,Late Delivery,27700.16
R14809,O151003,C104171,P1309,2026-08-04,Damaged Product,1844.67
R14810,O127805,C100949,P1035,2025-04-15,Late Delivery,8735.93
R14811,O131315,C100850,P1162,2026-08-07,Quality Issue,7667.1
R14812,O149505,C105378,P1433,2025-09-19,Damaged Product,2778.03
R14813,O148689,C101659,P1047,2025-02-14,Quality Issue,4442.64
R14814,O138333,C105469,P1431,2025-08-24,Damaged Product,30596.99
R14815,O125309,C104361,P1133,2026-04-11,Wrong Product,23294.04
R14816,O109012,C104723,P1267,2025-06-22,Damaged Product,11351.55
R14817,O123743,C103468,P1066,2025-11-08,Changed Mind,1821.96
R14818,O112224,C109543,P1403,2026-03-18,Wrong Product,2230.7
R14819,O120983,C107189,P1407,2025-04-11,Damaged Product,6015.62
R14820,O122960,C103309,P1210,2025-12-28,Damaged Product,11862.56
R14821,O107634,C100987,P1324,2025-04-28,Late Delivery,2246.8
R14822,O147411,C108029,P1171,2025-06-04,Damaged Product,17620.44
R14823,O103705,C106614,P1134,2025-08-08,Changed Mind,3103.12
R14824,O100762,C109830,P1357,2025-03-14,Damaged Product,10262.79
R14825,O118399,C103770,P1138,2025-06-27,Damaged Product,12789.33
R14826,O139107,C108353,P1422,2026-01-25,Quality Issue,9781.71
R14827,O111230,C107775,P1044,2026-04-25,Wrong Product,2791.57
R14828,O155288,C102295,P1117,2026-07-15,Changed Mind,7227.61
R14829,O120018,C106967,P1001,2025-10-14,Changed Mind,6542.09
R14830,O159958,C103715,P1248,2025-07-29,Damaged Product,9867.76
R14831,O108563,C103152,P1463,2025-11-10,Late Delivery,5964.36
R14832,O124600,C101428,P1082,2026-05-07,Damaged Product,8429.91
R14833,O119904,C103552,P1079,2026-01-15,Quality Issue,4144.11
R14834,O159757,C109539,P1152,2025-05-12,Quality Issue,5751.6
R14835,O159915,C101482,P1043,2026-03-26,Changed Mind,5884.4
R14836,O122459,C102208,P1437,2025-05-05,Wrong Product,12311.76
R14837,O133311,C105154,P1285,2025-03-12,Changed Mind,9448.6
R14838,O119320,C105172,P1116,2026-01-25,Late Delivery,5585.76
R14839,O110866,C102924,P1381,2026-07-10,Late Delivery,3992.52
R14840,O100723,C103434,P1067,2025-04-12,Wrong Product,12828.41
R14841,O124771,C109214,P1380,2025-02-25,Late Delivery,6097.58
R14842,O101957,C103809,P1177,2025-04-23,Late Delivery,7693.08
R14843,O156695,C106900,P1447,2025-09-07,Changed Mind,15268.64
R14844,O130649,C101457,P1477,2026-08-12,Damaged Product,15161.64
R14845,O111160,C105037,P1414,2026-07-16,Late Delivery,7990.04
R14846,O125937,C105754,P1042,2026-04-20,Damaged Product,3434.48
R14847,O141996,C102270,P1224,2026-03-28,Wrong Product,4687.21
R14848,O140770,C105762,P1420,2026-03-10,Late Delivery,9916.36
R14849,O149903,C107248,P1331,2025-04-05,Damaged Product,7324.35
R14850,O123758,C101753,P1475,2025-08-01,Late Delivery,13676.88
R14851,O155123,C101285,P1077,2025-05-09,Wrong Product,13538.9
R14852,O157561,C108995,P1122,2026-02-19,Late Delivery,27767.28
R14853,O123686,C101130,P1315,2025-01-22,Late Delivery,13335.58
R14854,O101636,C107536,P1017,2025-10-16,Wrong Product,4331.96
R14855,O126083,C108376,P1001,2025-02-09,Quality Issue,2295.47
R14856,O131036,C108952,P1065,2025-03-16,Quality Issue,6291.76
R14857,O146698,C108450,P1459,2025-05-30,Late Delivery,825.8
R14858,O120615,C104910,P1088,2025-07-27,Damaged Product,2545.25
R14859,O107370,C101998,P1032,2025-06-29,Quality Issue,13304.04
R14860,O157373,C102035,P1432,2026-03-04,Late Delivery,7184.85
R14861,O109176,C106201,P1262,2025-04-19,Wrong Product,3883.94
R14862,O141548,C106794,P1439,2025-05-27,Changed Mind,1949.84
R14863,O129472,C100822,P1367,2026-05-03,Damaged Product,1820.04
R14864,O134169,C105484,P1480,2025-05-21,Late Delivery,4779.42
R14865,O144708,C103250,P1461,2025-05-10,Damaged Product,5793.9
R14866,O121915,C107649,P1074,2026-03-18,Late Delivery,1411.81
R14867,O130187,C108406,P1290,2025-06-11,Changed Mind,343.39
R14868,O141137,C106560,P1131,2025-09-25,Changed Mind,7288.58
R14869,O123256,C105058,P1469,2025-09-05,Late Delivery,5381.39
R14870,O126508,C105853,P1069,2025-04-03,Damaged Product,7569.14
R14871,O139344,C101340,P1170,2025-11-22,Late Delivery,11525.86
R14872,O137760,C105438,P1386,2026-05-01,Damaged Product,6437.97
R14873,O110363,C103713,P1483,2026-04-24,Quality Issue,901.51
R14874,O116186,C103075,P1063,2026-02-27,Quality Issue,12026.52
R14875,O124871,C106529,P1355,2025-06-21,Damaged Product,10247.53
R14876,O157989,C103705,P1339,2025-02-20,Changed Mind,7994.36
R14877,O104020,C100222,P1229,2025-09-02,Damaged Product,13566.09
R14878,O124870,C105405,P1469,2026-05-20,Quality Issue,4814.93
R14879,O128462,C102793,P1138,2026-07-21,Late Delivery,17999.8
R14880,O139403,C105291,P1190,2026-01-26,Damaged Product,17431.46
R14881,O158986,C101979,P1379,2026-02-27,Changed Mind,3755.74
R14882,O148124,C102806,P1150,2025-12-18,Wrong Product,7986.31
R14883,O109414,C105987,P1067,2025-02-07,Changed Mind,20123.0
R14884,O117744,C101756,P1086,2025-11-01,Wrong Product,5475.74
R14885,O132722,C103593,P1156,2025-06-05,Changed Mind,3404.36
R14886,O100288,C106092,P1227,2026-02-28,Quality Issue,4436.35
R14887,O136675,C104995,P1076,2025-08-11,Damaged Product,14255.09
R14888,O122710,C109354,P1368,2025-08-25,Damaged Product,11236.18
R14889,O122770,C109975,P1391,2025-08-23,Damaged Product,5809.04
R14890,O100194,C104962,P1187,2025-11-22,Wrong Product,6521.49
R14891,O140017,C103165,P1475,2026-08-07,Late Delivery,7198.36
R14892,O125751,C103620,P1028,2025-03-28,Changed Mind,16613.79
R14893,O102099,C100461,P1288,2026-07-03,Wrong Product,4727.77
R14894,O143014,C109528,P1485,2025-03-10,Damaged Product,9143.43
R14895,O114623,C108434,P1203,2026-01-03,Late Delivery,16380.16
R14896,O127183,C103359,P1003,2025-10-06,Quality Issue,5997.38
R14897,O112911,C106606,P1438,2025-04-14,Wrong Product,6324.6
R14898,O133501,C109052,P1128,2026-07-22,Changed Mind,1625.3
R14899,O102467,C104136,P1038,2026-05-19,Damaged Product,3495.66
R14900,O158998,C105674,P1157,2026-02-19,Wrong Product,723.21
R14901,O125471,C105168,P1153,2026-06-01,Damaged Product,4644.22
R14902,O124269,C100171,P1428,2025-06-28,Wrong Product,2280.17
R14903,O124376,C103401,P1006,2025-02-06,Damaged Product,12907.34
R14904,O112861,C105086,P1349,2025-03-26,Damaged Product,1501.5
R14905,O129820,C101180,P1030,2026-04-10,Quality Issue,2803.99
R14906,O155849,C106015,P1201,2026-05-08,Changed Mind,1682.59
R14907,O128129,C103968,P1228,2025-03-04,Damaged Product,2551.39
R14908,O154646,C101284,P1247,2026-04-06,Changed Mind,8027.99
R14909,O133640,C102499,P1180,2025-06-29,Late Delivery,3649.97
R14910,O157269,C107242,P1382,2026-04-21,Quality Issue,12495.73
R14911,O128963,C102054,P1081,2025-07-09,Quality Issue,11372.91
R14912,O139488,C106296,P1240,2026-03-14,Late Delivery,14696.02
R14913,O100626,C109789,P1308,2025-08-14,Quality Issue,2509.2
R14914,O101805,C107495,P1412,2025-08-31,Quality Issue,11286.38
R14915,O151643,C105561,P1052,2025-01-25,Damaged Product,5028.62
R14916,O154301,C104244,P1157,2026-06-04,Wrong Product,2061.15
R14917,O109049,C101852,P1446,2025-08-21,Wrong Product,11207.24
R14918,O135808,C105937,P1149,2025-08-24,Wrong Product,20111.9
R14919,O101655,C100747,P1081,2025-11-19,Wrong Product,16848.76
R14920,O140302,C100761,P1482,2025-05-09,Changed Mind,8086.36
R14921,O108787,C101552,P1075,2025-10-10,Late Delivery,11606.79
R14922,O141065,C104529,P1338,2025-03-12,Late Delivery,6582.87
R14923,O116842,C100689,P1307,2026-01-18,Wrong Product,5047.73
R14924,O137697,C108347,P1276,2025-07-08,Wrong Product,15240.88
R14925,O156084,C105033,P1178,2026-05-18,Damaged Product,13325.2
R14926,O145228,C105991,P1484,2025-04-20,Wrong Product,417.22
R14927,O154993,C108682,P1071,2025-03-04,Quality Issue,5592.71
R14928,O123137,C104907,P1265,2025-12-27,Damaged Product,3675.53
R14929,O143528,C103540,P1257,2026-07-08,Wrong Product,19479.06
R14930,O137982,C104490,P1004,2025-11-03,Late Delivery,11204.06
R14931,O136332,C104957,P1081,2026-04-08,Damaged Product,15163.88
R14932,O112445,C106076,P1254,2025-12-17,Quality Issue,8793.67
R14933,O120762,C105017,P1019,2026-08-03,Changed Mind,12746.44
R14934,O146667,C106606,P1342,2026-06-05,Late Delivery,2517.7
R14935,O112346,C107375,P1337,2026-04-17,Changed Mind,10278.78
R14936,O136611,C104894,P1134,2025-11-25,Late Delivery,3103.12
R14937,O135056,C109297,P1485,2026-03-07,Wrong Product,9143.43
R14938,O143798,C102425,P1084,2025-01-30,Changed Mind,1700.13
R14939,O117204,C102646,P1249,2025-04-25,Damaged Product,2042.76
R14940,O144962,C106733,P1374,2025-05-17,Damaged Product,6125.44
R14941,O124859,C107570,P1187,2025-10-20,Wrong Product,2065.14
R14942,O152211,C104483,P1402,2026-08-11,Changed Mind,23884.01
R14943,O131858,C107336,P1025,2026-07-14,Quality Issue,9889.45
R14944,O127295,C100745,P1462,2025-12-20,Damaged Product,9428.72
R14945,O148704,C105744,P1336,2026-02-19,Late Delivery,3560.54
R14946,O113778,C105146,P1096,2025-06-07,Wrong Product,20676.88
R14947,O118558,C108150,P1335,2025-08-25,Late Delivery,9282.6
R14948,O131463,C106853,P1091,2025-11-17,Late Delivery,1393.98
R14949,O138553,C107560,P1035,2025-06-18,Late Delivery,12260.96
R14950,O124791,C103783,P1457,2026-07-25,Late Delivery,11654.17
R14951,O137098,C109697,P1377,2025-02-18,Changed Mind,11982.92
R14952,O129743,C108170,P1364,2025-03-01,Changed Mind,22463.04
R14953,O104779,C103245,P1268,2025-03-09,Quality Issue,21105.39
R14954,O148582,C104536,P1173,2025-07-30,Changed Mind,4304.01
R14955,O108344,C102730,P1480,2026-02-24,Quality Issue,9558.84
R14956,O100895,C107933,P1426,2026-02-16,Damaged Product,5679.6
R14957,O146286,C104155,P1375,2025-10-09,Wrong Product,18131.35
R14958,O143368,C103259,P1151,2025-11-19,Wrong Product,3587.62
R14959,O103631,C101056,P1406,2025-01-27,Quality Issue,7701.7
R14960,O159895,C109742,P1444,2025-02-08,Changed Mind,3520.88
R14961,O114910,C109384,P1458,2026-03-11,Quality Issue,9434.9
R14962,O135611,C107225,P1382,2025-04-25,Quality Issue,2630.68
R14963,O135896,C106137,P1133,2025-08-16,Wrong Product,9899.97
R14964,O156161,C102489,P1203,2025-05-24,Quality Issue,8190.08
R14965,O137694,C102450,P1047,2025-07-15,Wrong Product,1777.06
R14966,O122347,C108100,P1362,2025-06-10,Late Delivery,14365.87
R14967,O153926,C104009,P1077,2026-02-23,Changed Mind,22564.83
R14968,O136984,C100427,P1387,2026-02-23,Wrong Product,6582.3
R14969,O124382,C103879,P1184,2025-07-22,Wrong Product,3751.47
R14970,O146173,C107297,P1366,2025-07-12,Late Delivery,774.3
R14971,O101679,C105527,P1182,2026-05-13,Quality Issue,5339.27
R14972,O154145,C100300,P1260,2026-04-09,Late Delivery,1942.23
R14973,O137779,C101860,P1255,2025-10-21,Wrong Product,1169.97
R14974,O116030,C106110,P1197,2026-04-11,Wrong Product,3670.69
R14975,O127000,C109510,P1380,2025-02-16,Damaged Product,12195.17
R14976,O157909,C101304,P1353,2025-06-23,Quality Issue,4331.37
R14977,O140626,C101723,P1315,2025-12-25,Damaged Product,31377.84
R14978,O154518,C102848,P1130,2025-05-24,Damaged Product,20646.8
R14979,O147274,C107128,P1397,2026-08-07,Changed Mind,6640.52
R14980,O103486,C105842,P1312,2026-07-25,Quality Issue,3006.84
R14981,O108699,C109583,P1400,2025-07-01,Wrong Product,4434.26
R14982,O143347,C109009,P1116,2025-10-25,Late Delivery,3723.84
R14983,O109770,C101296,P1413,2025-05-06,Wrong Product,713.16
R14984,O149600,C109585,P1013,2025-07-09,Late Delivery,5378.4
R14985,O133911,C106630,P1066,2025-08-04,Wrong Product,1730.86
R14986,O107146,C101066,P1204,2026-04-06,Quality Issue,23287.84
R14987,O124373,C103264,P1005,2025-05-15,Wrong Product,724.14
R14988,O130994,C105365,P1112,2026-07-27,Wrong Product,21033.77
R14989,O122209,C108251,P1200,2026-05-07,Damaged Product,8711.42
R14990,O100993,C108942,P1088,2026-02-27,Wrong Product,2403.85
R14991,O139936,C104762,P1001,2026-06-07,Late Delivery,7345.5
R14992,O106312,C108488,P1158,2025-02-22,Wrong Product,4688.03
R14993,O118725,C105297,P1140,2026-03-26,Wrong Product,18734.33
R14994,O128468,C106781,P1328,2025-06-01,Damaged Product,2267.91
R14995,O110635,C104884,P1299,2025-09-03,Quality Issue,21925.76
R14996,O127076,C101905,P1331,2025-06-15,Late Delivery,7755.19
R14997,O124769,C104031,P1156,2025-10-31,Wrong Product,3404.36
R14998,O114132,C102879,P1467,2025-09-23,Damaged Product,1924.04
R14999,O153830,C105640,P1482,2025-01-21,Wrong Product,13477.26
R15000,O112474,C105578,P1173,2025-03-11,Damaged Product,5164.81
R15001,O116282,C109396,P1452,2025-12-14,Damaged Product,11561.01
R15002,O118173,C104911,P1312,2025-12-02,Wrong Product,4009.11
R15003,O122656,C103471,P1355,2025-08-20,Damaged Product,2863.28
R15004,O133898,C105063,P1068,2026-07-15,Damaged Product,15702.9
R15005,O139180,C109994,P1056,2025-03-11,Late Delivery,2115.27
R15006,O132693,C106712,P1474,2025-06-28,Changed Mind,5596.13
R15007,O117841,C105799,P1078,2026-03-21,Changed Mind,17781.46
R15008,O157678,C108209,P1015,2025-11-11,Wrong Product,19871.3
R15009,O123777,C106303,P1267,2025-08-27,Quality Issue,10016.07
R15010,O119540,C109204,P1475,2025-09-13,Wrong Product,3419.22
R15011,O157845,C104519,P1475,2025-12-28,Changed Mind,3239.26
R15012,O146135,C100227,P1291,2026-02-08,Damaged Product,4827.93
R15013,O146573,C106908,P1413,2025-04-29,Quality Issue,757.73
R15014,O141268,C109048,P1231,2026-01-05,Damaged Product,1232.24
R15015,O117486,C101369,P1423,2025-10-07,Changed Mind,2542.93
R15016,O155070,C107762,P1004,2025-11-09,Late Delivery,19046.9
R15017,O106593,C106422,P1363,2026-05-17,Late Delivery,3148.94
R15018,O125241,C109815,P1494,2026-02-01,Changed Mind,8508.9
R15019,O111426,C100809,P1084,2026-07-03,Wrong Product,1133.42
R15020,O124561,C108529,P1462,2026-05-23,Late Delivery,13435.93
R15021,O123862,C108720,P1182,2026-06-13,Quality Issue,1483.13
R15022,O137622,C101993,P1052,2025-05-13,Damaged Product,20114.48
R15023,O132483,C109789,P1152,2025-03-12,Damaged Product,4540.74
R15024,O118093,C107865,P1253,2026-05-14,Damaged Product,437.09
R15025,O106532,C104785,P1204,2026-06-20,Damaged Product,5821.96
R15026,O138689,C101151,P1293,2025-11-25,Changed Mind,10108.72
R15027,O154113,C101690,P1374,2026-07-10,Changed Mind,6447.83
R15028,O155848,C101307,P1117,2026-03-16,Damaged Product,28910.45
R15029,O159666,C101620,P1045,2025-05-02,Changed Mind,10511.37
R15030,O115409,C108251,P1480,2025-08-03,Late Delivery,8049.55
R15031,O137849,C106664,P1449,2026-01-20,Damaged Product,11084.56
R15032,O148216,C108230,P1071,2025-03-28,Wrong Product,12501.35
R15033,O137696,C108016,P1260,2026-02-18,Quality Issue,3046.64
R15034,O156766,C108061,P1450,2025-05-23,Quality Issue,17917.77
R15035,O135355,C109128,P1201,2025-12-07,Damaged Product,7918.08
R15036,O122128,C104316,P1153,2025-01-29,Late Delivery,16719.19
R15037,O119724,C106818,P1091,2026-07-27,Late Delivery,5247.94
R15038,O154574,C102948,P1133,2025-07-12,Quality Issue,5823.51
R15039,O133885,C100653,P1439,2025-03-21,Damaged Product,6629.46
R15040,O102745,C101218,P1476,2025-08-13,Wrong Product,3198.14
R15041,O138395,C102188,P1178,2025-06-21,Changed Mind,3331.3
R15042,O114858,C104819,P1214,2025-06-23,Wrong Product,13372.8
R15043,O155089,C109751,P1223,2025-06-20,Late Delivery,3748.32
R15044,O100491,C101878,P1474,2025-01-27,Wrong Product,5596.13
R15045,O154233,C106396,P1296,2026-03-29,Late Delivery,9350.51
R15046,O122088,C101894,P1497,2025-02-04,Quality Issue,13621.37
R15047,O121382,C109477,P1298,2025-10-07,Late Delivery,2419.42
R15048,O147947,C103651,P1386,2025-11-03,Late Delivery,2145.99
R15049,O124075,C101333,P1459,2025-03-22,Wrong Product,1169.89
R15050,O144456,C105912,P1474,2026-04-02,Wrong Product,10073.03
R15051,O113536,C100728,P1337,2026-04-07,Late Delivery,7213.18
R15052,O126556,C106370,P1125,2026-08-05,Late Delivery,4410.46
R15053,O117453,C106169,P1111,2026-01-10,Wrong Product,8367.6
R15054,O109068,C102243,P1444,2025-06-08,Changed Mind,7041.76
R15055,O159713,C103824,P1149,2026-02-09,Wrong Product,14152.82
R15056,O138277,C108822,P1490,2025-05-22,Damaged Product,1824.33
R15057,O124863,C106944,P1148,2025-06-20,Late Delivery,19062.28
R15058,O138989,C109370,P1191,2026-04-15,Late Delivery,5684.27
R15059,O120617,C107174,P1355,2025-02-05,Changed Mind,9041.94
R15060,O105107,C105664,P1451,2026-08-11,Late Delivery,9597.62
R15061,O105915,C102109,P1266,2026-02-11,Wrong Product,1608.03
R15062,O121417,C105493,P1056,2025-05-03,Late Delivery,2115.27
R15063,O152188,C105276,P1407,2025-03-27,Damaged Product,6349.82
R15064,O108719,C106945,P1314,2026-07-19,Late Delivery,13419.94
R15065,O135906,C104265,P1066,2025-08-31,Quality Issue,2915.14
R15066,O159944,C106203,P1123,2025-12-20,Changed Mind,614.71
R15067,O149946,C100618,P1342,2026-02-19,Late Delivery,1406.95
R15068,O116610,C100935,P1246,2025-04-14,Wrong Product,13001.52
R15069,O132113,C107827,P1209,2025-09-25,Wrong Product,8322.05
R15070,O100980,C101734,P1042,2026-04-02,Quality Issue,1084.57
R15071,O100812,C100958,P1053,2025-08-23,Damaged Product,13528.87
R15072,O133166,C106614,P1445,2025-11-01,Damaged Product,3147.45
R15073,O132834,C100370,P1285,2026-04-30,Changed Mind,10498.44
R15074,O127244,C106523,P1183,2025-01-05,Late Delivery,13336.36
R15075,O117797,C103042,P1358,2025-09-06,Late Delivery,1613.38
R15076,O139726,C104260,P1087,2025-12-28,Quality Issue,18815.59
R15077,O145851,C104805,P1227,2026-02-16,Changed Mind,4929.28
R15078,O145420,C102180,P1028,2026-02-02,Wrong Product,6995.28
R15079,O136994,C108761,P1176,2025-10-31,Changed Mind,6469.18
R15080,O159576,C100406,P1029,2026-04-04,Late Delivery,11979.95
R15081,O110436,C100905,P1237,2026-06-09,Wrong Product,11608.52
R15082,O129942,C101282,P1437,2025-02-09,Quality Issue,16620.88
R15083,O137711,C104382,P1059,2025-09-16,Late Delivery,12662.23
R15084,O158605,C106550,P1335,2026-06-20,Damaged Product,6961.95
R15085,O139956,C106304,P1208,2026-07-24,Changed Mind,10987.44
R15086,O156662,C107655,P1068,2025-04-04,Late Delivery,14917.76
R15087,O151236,C107349,P1152,2025-10-28,Damaged Product,3027.16
R15088,O119101,C106566,P1421,2025-05-03,Late Delivery,3737.93
R15089,O142571,C101810,P1327,2026-07-22,Quality Issue,6391.89
R15090,O136909,C100126,P1026,2026-04-23,Late Delivery,6370.0
R15091,O124938,C109991,P1302,2026-02-26,Wrong Product,7451.27
R15092,O151547,C108231,P1369,2025-07-05,Wrong Product,7561.64
R15093,O104679,C104742,P1046,2025-06-02,Late Delivery,2991.14
R15094,O143611,C108973,P1397,2025-11-27,Changed Mind,4980.39
R15095,O146530,C102567,P1494,2026-02-06,Late Delivery,8061.07
R15096,O123609,C103790,P1355,2026-01-01,Wrong Product,3013.98
R15097,O156333,C103770,P1455,2025-04-20,Late Delivery,8494.4
R15098,O159123,C104323,P1212,2025-10-18,Damaged Product,12392.4
R15099,O119258,C100294,P1226,2025-03-29,Damaged Product,4626.14
R15100,O133915,C106608,P1353,2025-09-05,Late Delivery,6416.84
R15101,O133711,C105981,P1312,2026-02-04,Changed Mind,2110.06
R15102,O148551,C108167,P1271,2025-10-27,Wrong Product,13180.08
R15103,O123219,C102636,P1198,2025-05-19,Late Delivery,5582.12
R15104,O145757,C100196,P1272,2025-07-01,Wrong Product,3987.86
R15105,O139790,C105182,P1400,2025-01-23,Damaged Product,16850.19
R15106,O126843,C105806,P1420,2025-04-08,Damaged Product,3966.54
R15107,O120679,C107555,P1022,2026-08-08,Late Delivery,7368.64
R15108,O155094,C107286,P1483,2026-01-04,Late Delivery,2562.19
R15109,O113460,C102323,P1148,2025-03-27,Late Delivery,10032.78
R15110,O104502,C107970,P1204,2025-11-16,Changed Mind,24513.52
R15111,O130717,C108112,P1472,2026-06-02,Late Delivery,5726.91
R15112,O130227,C105742,P1398,2025-04-15,Changed Mind,9418.74
R15113,O108056,C108870,P1112,2025-05-21,Late Delivery,14760.54
R15114,O152560,C106006,P1195,2026-08-10,Damaged Product,7164.07
R15115,O154494,C101127,P1034,2026-01-25,Late Delivery,7243.58
R15116,O112381,C108929,P1253,2026-02-17,Quality Issue,1573.52
R15117,O114234,C105634,P1007,2026-04-27,Wrong Product,15640.03
R15118,O120047,C103088,P1196,2025-07-05,Wrong Product,11654.9
R15119,O121176,C102833,P1249,2025-11-17,Damaged Product,1634.21
R15120,O121855,C104994,P1201,2025-07-14,Quality Issue,1682.59
R15121,O124794,C103896,P1203,2026-05-12,Changed Mind,3480.78
R15122,O147694,C107596,P1476,2025-02-09,Damaged Product,3038.23
R15123,O124912,C104776,P1395,2026-08-10,Damaged Product,2236.64
R15124,O156401,C109412,P1254,2026-01-23,Quality Issue,13190.51
R15125,O129048,C106644,P1023,2025-02-27,Changed Mind,8708.8
R15126,O116161,C106145,P1416,2025-07-16,Damaged Product,4760.96
R15127,O103057,C108605,P1412,2026-02-19,Late Delivery,5078.87
R15128,O132590,C101862,P1461,2025-07-28,Wrong Product,6098.84
R15129,O109352,C106294,P1290,2025-05-24,Late Delivery,1084.38
R15130,O114312,C103513,P1346,2025-06-23,Changed Mind,341.11
R15131,O113424,C104218,P1183,2026-03-22,Quality Issue,3334.09
R15132,O146964,C109362,P1399,2026-05-12,Damaged Product,16083.32
R15133,O147167,C101600,P1004,2025-11-20,Damaged Product,5041.83
R15134,O156316,C105900,P1287,2026-01-31,Quality Issue,4518.73
R15135,O132988,C103425,P1392,2025-08-20,Wrong Product,11644.05
R15136,O109164,C108727,P1149,2026-02-21,Changed Mind,11918.16
R15137,O116463,C106854,P1398,2026-07-16,Damaged Product,5965.2
R15138,O112141,C101868,P1476,2026-08-02,Changed Mind,2878.33
R15139,O108985,C108816,P1247,2026-04-05,Damaged Product,7605.47
R15140,O156798,C108059,P1302,2026-07-03,Quality Issue,10588.64
R15141,O115705,C100051,P1199,2025-04-06,Wrong Product,14673.48
R15142,O140917,C109977,P1015,2025-11-07,Changed Mind,4706.36
R15143,O120788,C105965,P1160,2025-09-15,Quality Issue,3648.77
R15144,O107127,C101142,P1419,2026-05-22,Wrong Product,10293.2
R15145,O148737,C105553,P1004,2026-07-15,Quality Issue,5041.83
R15146,O141309,C105845,P1059,2025-09-15,Damaged Product,19862.32
R15147,O131953,C101187,P1324,2026-06-26,Damaged Product,1576.7
R15148,O129456,C108789,P1050,2025-12-08,Late Delivery,12987.22
R15149,O128609,C109848,P1169,2025-09-22,Damaged Product,6663.17
R15150,O105367,C108296,P1259,2026-02-24,Damaged Product,19040.44
R15151,O116428,C101412,P1465,2025-05-26,Late Delivery,5845.37
R15152,O122106,C100067,P1031,2026-02-20,Damaged Product,8101.04
R15153,O158977,C107774,P1485,2025-07-02,Wrong Product,6095.62
R15154,O142011,C101699,P1358,2026-08-06,Changed Mind,1613.38
R15155,O123748,C104154,P1383,2025-12-11,Late Delivery,19428.08
R15156,O100657,C102713,P1233,2025-11-10,Late Delivery,1856.5
R15157,O144483,C106209,P1127,2026-06-09,Changed Mind,13477.98
R15158,O113727,C109939,P1277,2025-09-12,Damaged Product,6152.75
R15159,O134125,C109335,P1326,2025-03-19,Wrong Product,18539.0
R15160,O136627,C101816,P1422,2025-09-30,Changed Mind,2608.46
R15161,O100402,C107372,P1176,2025-10-02,Quality Issue,6145.72
R15162,O140757,C106762,P1100,2026-03-30,Quality Issue,4771.17
R15163,O107325,C100134,P1311,2026-04-25,Quality Issue,3440.54
R15164,O125685,C103550,P1008,2025-08-15,Damaged Product,1424.82
R15165,O113910,C101274,P1293,2025-07-24,Late Delivery,9603.28
R15166,O127977,C105819,P1431,2026-03-05,Damaged Product,7246.66
R15167,O152233,C106917,P1454,2025-07-27,Changed Mind,2654.18
R15168,O115117,C103892,P1215,2025-02-01,Wrong Product,2804.91
R15169,O138351,C103492,P1416,2026-03-27,Quality Issue,5289.96
R15170,O147131,C105370,P1220,2025-11-10,Wrong Product,11315.41
R15171,O113005,C103267,P1197,2025-04-17,Changed Mind,3303.62
R15172,O108569,C100883,P1322,2025-10-03,Changed Mind,4714.47
R15173,O132212,C106282,P1267,2025-05-26,Changed Mind,9014.46
R15174,O102410,C109838,P1110,2025-11-20,Changed Mind,5750.76
R15175,O149450,C104749,P1136,2025-06-29,Changed Mind,803.78
R15176,O146274,C109725,P1182,2026-06-17,Late Delivery,5932.52
R15177,O146414,C103051,P1079,2026-01-06,Late Delivery,1744.89
R15178,O148072,C109014,P1291,2025-11-05,Quality Issue,1609.31
R15179,O132329,C101525,P1190,2025-02-12,Damaged Product,24465.2
R15180,O133994,C106448,P1340,2026-01-01,Late Delivery,12706.4
R15181,O128439,C102371,P1381,2025-12-06,Wrong Product,5057.19
R15182,O140240,C100768,P1337,2025-10-05,Wrong Product,3606.59
R15183,O151309,C107109,P1358,2025-07-17,Damaged Product,1613.38
R15184,O143221,C101183,P1413,2026-03-29,Wrong Product,757.73
R15185,O146398,C108875,P1466,2025-04-23,Changed Mind,11697.16
R15186,O123526,C100644,P1137,2025-12-29,Damaged Product,14189.02
R15187,O147424,C104615,P1244,2025-06-03,Changed Mind,3305.83
R15188,O110252,C105915,P1021,2025-03-06,Damaged Product,13521.14
R15189,O117743,C102871,P1028,2026-03-11,Damaged Product,11804.54
R15190,O127464,C107528,P1072,2025-09-11,Late Delivery,16518.99
R15191,O136149,C106515,P1240,2025-10-02,Damaged Product,21771.88
R15192,O110689,C107072,P1032,2026-04-20,Damaged Product,8869.36
R15193,O157042,C102498,P1000,2026-06-02,Late Delivery,18577.04
R15194,O146979,C103620,P1107,2026-04-23,Wrong Product,8722.94
R15195,O107677,C107221,P1475,2025-10-28,Damaged Product,3419.22
R15196,O138639,C109223,P1050,2026-05-07,Damaged Product,16404.91
R15197,O144449,C101997,P1340,2025-12-22,Late Delivery,10031.37
R15198,O140031,C108849,P1013,2026-06-24,Damaged Product,8067.6
R15199,O137409,C109145,P1265,2025-04-16,Damaged Product,16431.77
R15200,O104486,C109402,P1295,2026-04-29,Wrong Product,4674.45
R15201,O126322,C101786,P1435,2025-09-16,Wrong Product,3906.19
R15202,O153197,C103655,P1254,2025-01-20,Wrong Product,13884.75
R15203,O141542,C101190,P1259,2025-04-13,Quality Issue,20160.47
R15204,O109283,C104252,P1167,2026-04-03,Changed Mind,27291.71
R15205,O100996,C107787,P1245,2025-06-29,Changed Mind,8615.16
R15206,O126290,C102493,P1402,2025-05-09,Changed Mind,6322.24
R15207,O135771,C108468,P1332,2025-02-02,Damaged Product,13229.77
R15208,O129127,C109632,P1452,2025-09-09,Late Delivery,9067.46
R15209,O147220,C107473,P1454,2026-08-03,Quality Issue,8899.3
R15210,O158088,C102402,P1266,2025-03-11,Late Delivery,7146.8
R15211,O104089,C105498,P1342,2025-03-09,Damaged Product,2813.9
R15212,O130455,C105332,P1238,2026-08-20,Damaged Product,313.42
R15213,O126212,C104066,P1364,2025-11-23,Damaged Product,6738.91
R15214,O137323,C105395,P1013,2026-01-16,Wrong Product,7664.22
R15215,O150834,C106413,P1276,2025-04-18,Damaged Product,15240.88
R15216,O125618,C108591,P1189,2026-05-17,Quality Issue,2550.22
R15217,O149569,C104226,P1296,2025-08-29,Quality Issue,5225.28
R15218,O136818,C100398,P1130,2025-07-18,Late Delivery,9807.23
R15219,O118444,C103717,P1225,2026-08-30,Wrong Product,1876.38
R15220,O157904,C102341,P1356,2026-03-23,Late Delivery,19554.35
R15221,O146989,C102548,P1086,2026-07-27,Wrong Product,5763.94
R15222,O149253,C102020,P1025,2026-03-09,Late Delivery,3479.62
R15223,O127424,C109685,P1030,2025-05-11,Wrong Product,11875.72
R15224,O102247,C106296,P1465,2025-06-11,Wrong Product,11690.75
R15225,O119221,C101056,P1385,2025-04-04,Quality Issue,5680.12
R15226,O117210,C106410,P1018,2025-01-24,Damaged Product,7056.09
R15227,O136421,C106741,P1303,2025-04-30,Changed Mind,14980.08
R15228,O120803,C101327,P1164,2026-02-18,Late Delivery,5861.06
R15229,O119232,C105669,P1254,2025-11-21,Quality Issue,4165.42
R15230,O109628,C100218,P1482,2026-02-13,Quality Issue,10781.81
R15231,O121028,C108570,P1393,2026-05-07,Changed Mind,3806.6
R15232,O154695,C106393,P1084,2025-07-19,Changed Mind,1700.13
R15233,O106904,C102226,P1319,2026-03-19,Wrong Product,4703.67
R15234,O100295,C106166,P1267,2026-06-12,Quality Issue,6343.51
R15235,O153916,C109309,P1324,2025-06-12,Late Delivery,1419.03
R15236,O117198,C100115,P1061,2026-06-12,Damaged Product,13220.69
R15237,O131316,C106089,P1001,2025-04-04,Changed Mind,4361.39
R15238,O103155,C100847,P1058,2025-10-09,Damaged Product,5131.23
R15239,O130799,C103217,P1355,2026-01-15,Wrong Product,8137.75
R15240,O111290,C108602,P1446,2026-08-10,Changed Mind,2521.63
R15241,O115546,C104259,P1423,2026-08-22,Late Delivery,1412.74
R15242,O127428,C103471,P1319,2026-07-17,Changed Mind,4468.49
R15243,O122191,C100209,P1210,2025-02-21,Wrong Product,8787.08
R15244,O106054,C104547,P1418,2025-01-20,Wrong Product,7751.86
R15245,O157221,C101567,P1134,2025-08-01,Damaged Product,2068.75
R15246,O109796,C105224,P1402,2025-10-17,Damaged Product,5971.0
R15247,O124277,C103889,P1220,2026-04-20,Quality Issue,10058.14
R15248,O159344,C106097,P1313,2025-11-30,Quality Issue,12039.66
R15249,O142893,C107224,P1374,2025-01-06,Changed Mind,24501.75
R15250,O113584,C102072,P1372,2025-08-13,Late Delivery,5032.7
R15251,O115078,C107748,P1125,2025-04-13,Late Delivery,7783.17
R15252,O128158,C107778,P1310,2025-03-31,Damaged Product,4002.96
R15253,O103401,C106139,P1319,2025-08-12,Late Delivery,4233.3
R15254,O159459,C103095,P1215,2025-06-06,Quality Issue,2952.54
R15255,O116097,C100502,P1131,2025-07-17,Changed Mind,10932.87
R15256,O136646,C100724,P1033,2026-07-20,Late Delivery,5410.41
R15257,O145452,C108266,P1490,2026-07-09,Wrong Product,1733.11
R15258,O102165,C100721,P1329,2026-04-14,Wrong Product,1297.12
R15259,O135430,C109724,P1141,2025-06-24,Late Delivery,4728.59
R15260,O158184,C108091,P1181,2025-01-25,Changed Mind,12595.32
R15261,O105542,C105303,P1267,2025-11-12,Quality Issue,6677.38
R15262,O118035,C104687,P1411,2025-04-04,Wrong Product,9262.84
R15263,O115428,C105018,P1201,2025-02-05,Wrong Product,7522.18
R15264,O118255,C104754,P1303,2025-01-31,Quality Issue,18974.77
R15265,O145530,C100277,P1171,2025-03-05,Damaged Product,24730.44
R15266,O140019,C104792,P1156,2026-03-22,Damaged Product,6808.72
R15267,O108962,C108730,P1374,2025-09-18,Changed Mind,12895.66
R15268,O122571,C104862,P1361,2025-03-07,Late Delivery,8218.44
R15269,O121212,C107768,P1402,2025-04-04,Changed Mind,5971.0
R15270,O113898,C104559,P1316,2026-01-25,Wrong Product,8980.36
R15271,O155405,C107076,P1407,2026-05-05,Changed Mind,9524.73
R15272,O130262,C107443,P1415,2025-11-30,Damaged Product,1377.9
R15273,O150425,C103788,P1404,2025-12-31,Late Delivery,9372.62
R15274,O118482,C103715,P1124,2025-12-27,Late Delivery,18993.57
R15275,O109733,C105971,P1469,2025-03-22,Quality Issue,5664.62
R15276,O115896,C106514,P1324,2025-03-30,Damaged Product,1576.7
R15277,O112238,C109836,P1364,2026-02-14,Damaged Product,7487.68
R15278,O126917,C106305,P1029,2025-02-02,Wrong Product,3758.42
R15279,O118215,C100932,P1310,2025-07-20,Wrong Product,16011.82
R15280,O108502,C109655,P1218,2025-04-03,Quality Issue,8672.43
R15281,O155131,C100510,P1114,2026-01-11,Late Delivery,6145.61
R15282,O133245,C100353,P1285,2026-07-17,Wrong Product,9973.52
R15283,O133972,C101951,P1234,2026-04-03,Damaged Product,4835.08
R15284,O107690,C105116,P1408,2026-07-16,Damaged Product,6780.74
R15285,O108190,C101330,P1042,2025-02-13,Quality Issue,2289.65
R15286,O144879,C102788,P1229,2025-09-02,Changed Mind,4522.03
R15287,O107883,C107689,P1440,2026-01-21,Damaged Product,8892.86
R15288,O129615,C100527,P1182,2026-02-03,Late Delivery,2669.63
R15289,O140120,C101924,P1330,2026-07-20,Quality Issue,2727.79
R15290,O146884,C100250,P1289,2025-09-27,Damaged Product,2940.86
R15291,O150950,C106399,P1263,2026-03-02,Late Delivery,5277.66
R15292,O140285,C109139,P1472,2026-05-13,Damaged Product,19201.99
R15293,O155573,C103443,P1463,2025-07-11,Damaged Product,5666.14
R15294,O124918,C105719,P1111,2026-05-10,Wrong Product,3974.61
R15295,O107130,C106034,P1187,2025-03-31,Wrong Product,7825.79
R15296,O122579,C106742,P1330,2025-03-15,Changed Mind,8638.01
R15297,O118448,C105262,P1460,2025-07-06,Late Delivery,21287.36
R15298,O108806,C104545,P1499,2026-02-05,Wrong Product,3392.73
R15299,O107105,C103997,P1274,2025-05-31,Damaged Product,7426.15
R15300,O134882,C108828,P1382,2025-09-28,Wrong Product,2795.1
R15301,O106074,C108875,P1148,2026-01-31,Damaged Product,10032.78
R15302,O110263,C102211,P1332,2025-12-24,Quality Issue,3891.11
R15303,O159336,C103605,P1300,2026-08-13,Wrong Product,13012.99
R15304,O135502,C108471,P1121,2025-08-16,Damaged Product,10037.59
R15305,O106298,C106353,P1033,2026-03-12,Quality Issue,10820.82
R15306,O113405,C101187,P1203,2025-07-28,Damaged Product,8190.08
R15307,O139894,C106306,P1290,2025-07-31,Quality Issue,975.94
R15308,O121672,C108694,P1010,2026-01-13,Quality Issue,2613.71
R15309,O119860,C108154,P1276,2025-06-27,Quality Issue,12954.75
R15310,O124996,C107856,P1395,2026-02-07,Wrong Product,2124.81
R15311,O150971,C109135,P1282,2026-06-22,Quality Issue,1941.32
R15312,O149145,C105171,P1359,2026-06-28,Damaged Product,21149.4
R15313,O116275,C101302,P1337,2026-01-26,Damaged Product,5770.54
R15314,O103758,C104106,P1300,2025-12-19,Changed Mind,16266.24
R15315,O118733,C108995,P1320,2025-05-10,Wrong Product,7044.8
R15316,O142166,C103825,P1244,2025-02-16,Quality Issue,3305.83
R15317,O102395,C107821,P1475,2025-04-27,Changed Mind,3419.22
R15318,O137626,C101952,P1422,2026-07-01,Damaged Product,13042.28
R15319,O120553,C100901,P1252,2025-06-03,Damaged Product,1455.88
R15320,O133600,C108914,P1457,2026-03-29,Changed Mind,4316.36
R15321,O119026,C107383,P1394,2025-08-29,Changed Mind,15674.76
R15322,O119136,C107663,P1163,2025-08-21,Changed Mind,5436.97
R15323,O112261,C100135,P1015,2025-08-11,Changed Mind,5229.29
R15324,O158444,C102904,P1494,2025-12-17,Changed Mind,8956.74
R15325,O149707,C109209,P1338,2025-03-04,Changed Mind,5924.58
R15326,O116244,C106765,P1184,2026-01-11,Changed Mind,2500.98
R15327,O140747,C105106,P1415,2025-12-01,Quality Issue,2755.8
R15328,O125385,C105000,P1442,2025-03-12,Late Delivery,14443.08
R15329,O147410,C108302,P1211,2025-08-24,Changed Mind,5789.2
R15330,O134122,C106240,P1045,2026-08-04,Late Delivery,11912.89
R15331,O158281,C101073,P1011,2025-07-10,Wrong Product,4919.72
R15332,O141058,C108020,P1359,2026-08-28,Quality Issue,19034.46
R15333,O150486,C100475,P1138,2026-08-21,Wrong Product,9473.58
R15334,O145825,C100283,P1177,2026-02-18,Changed Mind,3077.23
R15335,O155088,C103924,P1440,2025-12-17,Quality Issue,8337.06
R15336,O107286,C105637,P1275,2025-11-16,Late Delivery,15184.12
R15337,O137248,C100927,P1135,2025-04-17,Damaged Product,3762.5
R15338,O114653,C106603,P1164,2025-12-18,Late Delivery,23444.25
R15339,O115376,C104148,P1330,2025-11-27,Quality Issue,8183.38
R15340,O134987,C104724,P1116,2026-06-08,Quality Issue,6206.4
R15341,O129339,C103819,P1369,2025-02-13,Quality Issue,14367.12
R15342,O143043,C106414,P1379,2025-05-18,Damaged Product,2347.34
R15343,O109098,C108016,P1013,2025-09-07,Damaged Product,9681.12
R15344,O128089,C107550,P1207,2025-08-26,Quality Issue,3760.8
R15345,O157145,C103805,P1267,2026-06-10,Late Delivery,10016.07
R15346,O104856,C107903,P1439,2026-03-04,Quality Issue,1754.86
R15347,O150032,C109996,P1476,2025-01-17,Damaged Product,4557.35
R15348,O150854,C109954,P1300,2025-10-13,Changed Mind,3253.25
R15349,O134173,C101861,P1373,2025-05-27,Late Delivery,8192.9
R15350,O115210,C103941,P1071,2025-11-12,Changed Mind,5263.73
R15351,O159015,C104141,P1183,2025-02-16,Damaged Product,3000.68
R15352,O135022,C106378,P1146,2025-10-08,Quality Issue,5784.44
R15353,O109308,C102067,P1164,2026-02-04,Quality Issue,16657.76
R15354,O127742,C105942,P1063,2026-01-14,Late Delivery,15233.59
R15355,O153669,C104458,P1263,2025-02-14,Quality Issue,1671.26
R15356,O110916,C104816,P1204,2026-02-25,Wrong Product,24513.52
R15357,O151504,C103119,P1430,2025-11-08,Quality Issue,3110.27
R15358,O102975,C102278,P1467,2026-01-27,Changed Mind,3420.51
R15359,O153468,C108366,P1309,2025-07-27,Quality Issue,1844.67
R15360,O141944,C108780,P1315,2025-11-01,Damaged Product,12551.14
R15361,O142476,C103912,P1148,2025-08-15,Late Delivery,5016.39
R15362,O129014,C108124,P1259,2026-01-13,Damaged Product,14933.68
R15363,O126827,C104733,P1142,2025-06-03,Late Delivery,8331.66
R15364,O132042,C105016,P1221,2025-01-14,Wrong Product,4463.76
R15365,O157310,C102217,P1210,2025-07-29,Changed Mind,8787.08
R15366,O156518,C106148,P1429,2025-11-28,Quality Issue,3642.88
R15367,O132293,C105155,P1017,2025-11-11,Quality Issue,8230.72
R15368,O137337,C109164,P1134,2025-02-10,Quality Issue,1156.06
R15369,O124655,C107220,P1261,2026-04-27,Damaged Product,1200.33
R15370,O119061,C104337,P1413,2026-02-04,Changed Mind,3030.93
R15371,O108091,C106404,P1443,2026-02-14,Changed Mind,20606.3
R15372,O117070,C102740,P1234,2026-02-21,Damaged Product,13054.72
R15373,O148434,C102329,P1299,2025-04-14,Wrong Product,12180.98
R15374,O121097,C100369,P1040,2025-02-07,Damaged Product,7304.64
R15375,O103921,C109602,P1485,2025-07-22,Late Delivery,7314.74
R15376,O136730,C105835,P1448,2026-03-09,Damaged Product,3309.6
R15377,O151237,C100846,P1401,2026-01-24,Damaged Product,2029.56
R15378,O107649,C101669,P1495,2026-05-12,Quality Issue,2686.74
R15379,O113836,C105552,P1024,2026-01-29,Changed Mind,9654.05
R15380,O139401,C100720,P1483,2025-05-08,Wrong Product,3416.26
R15381,O144408,C104389,P1145,2025-03-25,Changed Mind,4683.42
R15382,O123442,C109604,P1391,2026-01-28,Changed Mind,13668.32
R15383,O132602,C101252,P1418,2026-04-07,Late Delivery,8663.85
R15384,O134277,C109246,P1120,2026-03-15,Late Delivery,3187.68
R15385,O111664,C107581,P1432,2025-03-30,Changed Mind,14369.7
R15386,O101367,C103307,P1097,2026-04-04,Wrong Product,1421.23
R15387,O152069,C108465,P1181,2025-11-28,Damaged Product,3778.6
R15388,O156515,C104363,P1491,2026-01-11,Quality Issue,8088.23
R15389,O113066,C100032,P1050,2025-06-01,Late Delivery,8658.15
R15390,O116916,C104663,P1227,2025-11-28,Quality Issue,4189.89
R15391,O135601,C106902,P1061,2026-05-05,Late Delivery,13220.69
R15392,O106383,C109310,P1034,2026-03-31,Late Delivery,8692.3
R15393,O145934,C100852,P1370,2026-01-23,Quality Issue,11131.52
R15394,O117807,C104529,P1137,2025-08-05,Quality Issue,11351.22
R15395,O107125,C107255,P1194,2026-05-01,Damaged Product,647.36
R15396,O109403,C103276,P1189,2026-05-12,Changed Mind,3825.33
R15397,O143076,C104228,P1233,2025-04-13,Wrong Product,5569.5
R15398,O133055,C104015,P1221,2026-04-04,Wrong Product,1004.35
R15399,O130477,C104991,P1495,2025-08-18,Late Delivery,850.8
R15400,O121066,C104190,P1363,2025-02-07,Quality Issue,787.24
R15401,O125206,C103984,P1473,2025-04-29,Late Delivery,10620.16
R15402,O128142,C101546,P1350,2026-02-14,Damaged Product,6346.58
R15403,O124657,C105906,P1358,2025-03-05,Changed Mind,5694.3
R15404,O144363,C106717,P1394,2025-10-26,Damaged Product,9927.35
R15405,O152702,C105131,P1292,2026-04-21,Damaged Product,15657.07
R15406,O115085,C108291,P1126,2025-08-13,Damaged Product,2485.15
R15407,O147498,C106845,P1178,2026-06-01,Wrong Product,8994.51
R15408,O137942,C104163,P1374,2025-05-26,Damaged Product,25791.32
R15409,O155824,C105408,P1018,2026-05-02,Wrong Product,6684.71
R15410,O127740,C102980,P1081,2025-02-27,Wrong Product,7160.72
R15411,O128635,C105961,P1182,2025-08-13,Late Delivery,3559.51
R15412,O130177,C107186,P1014,2026-03-07,Wrong Product,9736.49
R15413,O151738,C108622,P1190,2025-11-29,Wrong Product,5504.67
R15414,O113890,C104952,P1148,2025-08-30,Wrong Product,20065.56
R15415,O147595,C105417,P1320,2025-12-23,Damaged Product,2072.0
R15416,O122972,C103351,P1260,2026-08-01,Late Delivery,2894.31
R15417,O129779,C105772,P1272,2025-05-16,Quality Issue,1107.74
R15418,O114285,C109834,P1216,2025-12-10,Changed Mind,12372.09
R15419,O133957,C105579,P1157,2025-10-24,Wrong Product,2603.56
R15420,O107563,C108585,P1058,2025-06-25,Damaged Product,4104.98
R15421,O157547,C107346,P1229,2025-10-03,Changed Mind,4522.03
R15422,O153560,C101805,P1420,2026-02-06,Late Delivery,2479.09
R15423,O149336,C104378,P1283,2026-06-08,Changed Mind,6153.96
R15424,O103496,C108780,P1497,2026-02-15,Damaged Product,17026.71
R15425,O109658,C101635,P1419,2026-01-05,Wrong Product,12109.65
R15426,O139566,C106998,P1372,2025-04-29,Changed Mind,12833.38
R15427,O120703,C108490,P1115,2026-02-24,Quality Issue,1487.66
R15428,O113781,C105939,P1437,2025-09-06,Late Delivery,16620.88
R15429,O146898,C107781,P1470,2025-10-11,Changed Mind,6241.52
R15430,O107457,C101369,P1370,2025-08-27,Changed Mind,6957.2
R15431,O146068,C108848,P1207,2025-09-10,Changed Mind,12692.7
R15432,O140406,C107370,P1059,2025-03-23,Wrong Product,8938.04
R15433,O155628,C107603,P1279,2026-01-06,Damaged Product,19070.82
R15434,O125782,C108299,P1219,2025-09-02,Late Delivery,1301.61
R15435,O146188,C101563,P1463,2025-02-14,Late Delivery,11928.72
R15436,O102578,C107938,P1186,2025-10-25,Quality Issue,10872.3
R15437,O144221,C105196,P1033,2025-08-21,Changed Mind,14522.68
R15438,O132979,C104268,P1110,2025-07-12,Quality Issue,1810.42
R15439,O152030,C105632,P1461,2025-11-22,Quality Issue,9148.26
R15440,O144617,C101418,P1360,2026-01-07,Damaged Product,7432.45
R15441,O157243,C108350,P1106,2026-08-01,Changed Mind,14954.65
R15442,O158973,C101777,P1236,2025-08-24,Quality Issue,6251.18
R15443,O133250,C102077,P1433,2026-06-29,Changed Mind,657.95
R15444,O129946,C103975,P1195,2025-11-19,Changed Mind,2513.71
R15445,O111333,C107216,P1295,2025-05-14,Damaged Product,15581.49
R15446,O151847,C104714,P1407,2026-05-05,Late Delivery,3007.81
R15447,O114961,C101885,P1082,2026-04-14,Wrong Product,11901.05
R15448,O146739,C102435,P1349,2026-07-18,Quality Issue,2552.55
R15449,O111802,C106577,P1268,2025-09-22,Changed Mind,5979.86
R15450,O148984,C105142,P1081,2026-03-20,Changed Mind,7581.94
R15451,O131976,C105858,P1037,2026-07-19,Changed Mind,17050.23
R15452,O145002,C105091,P1213,2025-03-09,Late Delivery,12995.71
R15453,O110544,C107791,P1056,2025-06-05,Damaged Product,5076.65
R15454,O134038,C106945,P1352,2025-03-04,Damaged Product,16163.5
R15455,O141902,C105864,P1406,2025-08-01,Late Delivery,3850.85
R15456,O158810,C101862,P1180,2026-06-02,Late Delivery,4055.52
R15457,O136640,C107788,P1440,2026-08-30,Damaged Product,5280.14
R15458,O113620,C107792,P1255,2025-09-24,Damaged Product,5199.88
R15459,O120060,C109150,P1246,2026-03-20,Changed Mind,8776.03
R15460,O129263,C107839,P1370,2025-07-03,Wrong Product,5565.76
R15461,O113456,C107965,P1390,2025-08-05,Changed Mind,25775.6
R15462,O110070,C107923,P1170,2026-05-25,Quality Issue,17288.78
R15463,O151975,C100786,P1418,2025-06-03,Damaged Product,2051.96
R15464,O145319,C109059,P1156,2026-06-11,Quality Issue,3404.36
R15465,O138642,C104636,P1306,2026-07-10,Wrong Product,15285.46
R15466,O141784,C105089,P1034,2025-04-20,Changed Mind,7243.58
R15467,O132964,C108906,P1248,2025-08-30,Quality Issue,7030.78
R15468,O115723,C108066,P1305,2025-01-26,Wrong Product,14721.56
R15469,O153902,C109654,P1421,2026-03-22,Damaged Product,10092.41
R15470,O147921,C106120,P1331,2026-06-06,Changed Mind,1938.8
R15471,O117360,C105352,P1149,2026-03-16,Quality Issue,7448.85
R15472,O159762,C105448,P1373,2026-02-06,Changed Mind,13012.24
R15473,O117668,C107887,P1122,2025-06-18,Quality Issue,13883.64
R15474,O110410,C107889,P1238,2026-03-09,Quality Issue,893.25
R15475,O159486,C104431,P1083,2025-04-22,Changed Mind,2269.02
R15476,O112118,C100520,P1094,2025-01-29,Changed Mind,6909.72
R15477,O132772,C101935,P1489,2026-01-27,Wrong Product,5562.65
R15478,O158937,C109121,P1448,2025-03-06,Changed Mind,3971.52
R15479,O132151,C102890,P1172,2025-02-09,Late Delivery,1111.0
R15480,O141259,C107211,P1252,2026-01-20,Quality Issue,2911.76
R15481,O147615,C109520,P1098,2025-09-02,Wrong Product,6186.0
R15482,O121727,C105887,P1019,2025-10-05,Damaged Product,6373.22
R15483,O104083,C104213,P1315,2026-07-10,Wrong Product,14120.03
R15484,O145074,C107747,P1490,2025-04-05,Changed Mind,1094.6
R15485,O140225,C105410,P1396,2025-02-26,Damaged Product,8046.31
R15486,O108781,C109970,P1036,2026-04-10,Quality Issue,1177.11
R15487,O118621,C105393,P1329,2025-02-17,Quality Issue,4323.72
R15488,O155026,C106070,P1468,2026-03-19,Quality Issue,6707.48
R15489,O102679,C100208,P1332,2025-11-20,Wrong Product,7004.0
R15490,O123164,C103659,P1040,2025-07-22,Damaged Product,9226.92
R15491,O142494,C102417,P1294,2025-11-14,Damaged Product,2813.18
R15492,O151828,C105929,P1401,2025-08-16,Damaged Product,2148.95
R15493,O139851,C101991,P1041,2025-08-10,Wrong Product,3895.03
R15494,O143238,C102587,P1303,2025-09-07,Wrong Product,17976.1
R15495,O157040,C105641,P1242,2025-08-20,Quality Issue,2320.68
R15496,O143135,C100321,P1423,2025-11-26,Quality Issue,2825.48
R15497,O143671,C102440,P1275,2026-05-17,Wrong Product,12653.43
R15498,O132609,C100723,P1045,2025-05-28,Changed Mind,7007.58
R15499,O127764,C101150,P1386,2026-07-11,Quality Issue,5472.27
R15500,O124687,C108460,P1438,2025-03-19,Quality Issue,5375.91
R15501,O122442,C104826,P1185,2025-11-19,Changed Mind,5656.64
R15502,O130745,C107269,P1053,2025-05-01,Quality Issue,19225.24
R15503,O115830,C105303,P1179,2025-12-17,Changed Mind,4403.88
R15504,O108283,C100682,P1281,2025-04-05,Quality Issue,2732.5
R15505,O140174,C108185,P1107,2025-12-06,Quality Issue,9236.05
R15506,O136164,C100906,P1439,2026-04-29,Late Delivery,7019.42
R15507,O153447,C108319,P1109,2025-04-08,Damaged Product,3159.81
R15508,O109649,C109542,P1343,2026-05-14,Damaged Product,1468.55
R15509,O125357,C106867,P1059,2026-05-18,Late Delivery,17876.09
R15510,O110955,C105621,P1451,2026-07-13,Quality Issue,9597.62
R15511,O103820,C102981,P1337,2025-06-03,Late Delivery,3245.93
R15512,O127970,C106238,P1002,2026-02-10,Quality Issue,6837.6
R15513,O151259,C108750,P1010,2026-07-05,Changed Mind,822.83
R15514,O127628,C101583,P1079,2025-07-07,Changed Mind,2181.11
R15515,O121786,C103145,P1172,2025-08-14,Damaged Product,277.75
R15516,O108527,C107080,P1256,2026-06-30,Changed Mind,9243.78
R15517,O137578,C102417,P1031,2026-06-12,Late Delivery,9001.16
R15518,O125176,C109555,P1234,2026-07-17,Changed Mind,13779.98
R15519,O127503,C101270,P1231,2025-06-26,Wrong Product,2094.81
R15520,O127035,C103604,P1100,2025-06-05,Changed Mind,4771.17
R15521,O156976,C107856,P1069,2025-10-30,Changed Mind,13624.45
R15522,O108986,C107263,P1293,2026-01-06,Late Delivery,15163.08
R15523,O144593,C100669,P1252,2026-01-02,Quality Issue,2911.76
R15524,O107234,C103919,P1094,2025-06-02,Changed Mind,11746.52
R15525,O132161,C102793,P1452,2026-02-12,Damaged Product,13601.19
R15526,O152274,C108761,P1204,2025-11-16,Damaged Product,6128.38
R15527,O112585,C103676,P1300,2026-05-22,Quality Issue,4066.56
R15528,O114712,C100457,P1496,2026-01-06,Changed Mind,17485.79
R15529,O159439,C109687,P1448,2025-10-20,Damaged Product,3144.12
R15530,O153773,C103532,P1298,2025-11-10,Quality Issue,2688.24
R15531,O141089,C109861,P1375,2025-12-03,Quality Issue,21331.0
R15532,O138855,C109767,P1444,2025-02-05,Wrong Product,1584.4
R15533,O153052,C107722,P1393,2025-05-05,Wrong Product,5342.6
R15534,O128437,C104586,P1180,2026-03-02,Wrong Product,7705.49
R15535,O140672,C103522,P1094,2025-06-18,Late Delivery,11055.55
R15536,O124751,C109779,P1318,2026-01-03,Late Delivery,21078.63
R15537,O157239,C106147,P1422,2026-07-17,Changed Mind,12390.17
R15538,O126204,C100555,P1444,2026-08-21,Wrong Product,7041.76
R15539,O119536,C108774,P1201,2026-07-13,Quality Issue,1880.54
R15540,O157692,C105078,P1322,2026-03-24,Damaged Product,4714.47
R15541,O125984,C109895,P1359,2025-09-28,Wrong Product,15862.05
R15542,O119224,C101202,P1008,2026-07-20,Changed Mind,3184.89
R15543,O125041,C106724,P1120,2025-07-06,Damaged Product,12113.18
R15544,O146711,C105929,P1142,2026-03-22,Changed Mind,12497.49
R15545,O143354,C107458,P1055,2025-11-11,Quality Issue,4514.15
R15546,O121065,C102251,P1374,2025-08-25,Damaged Product,10316.53
R15547,O109925,C104087,P1482,2026-06-06,Quality Issue,8535.6
R15548,O103693,C100551,P1381,2026-01-08,Quality Issue,4791.02
R15549,O144278,C101535,P1286,2025-01-13,Changed Mind,13965.3
R15550,O126844,C105094,P1389,2026-07-26,Wrong Product,9215.25
R15551,O151521,C108845,P1431,2025-10-28,Quality Issue,28986.62
R15552,O145912,C109112,P1270,2025-11-02,Damaged Product,10432.76
R15553,O140887,C103382,P1250,2026-02-14,Damaged Product,4985.0
R15554,O104085,C107820,P1398,2026-07-06,Damaged Product,3139.58
R15555,O114187,C105770,P1311,2025-06-22,Damaged Product,1720.27
R15556,O122134,C108525,P1316,2026-07-08,Quality Issue,13470.54
R15557,O126456,C100882,P1417,2026-03-22,Quality Issue,14911.52
R15558,O140160,C101549,P1114,2025-01-22,Quality Issue,9218.42
R15559,O130791,C108313,P1009,2026-07-27,Quality Issue,15568.2
R15560,O159011,C102767,P1226,2026-03-08,Late Delivery,17348.01
R15561,O108015,C102978,P1232,2026-04-22,Damaged Product,6835.78
R15562,O107985,C107313,P1223,2026-03-26,Late Delivery,3373.49
R15563,O102890,C108356,P1036,2025-07-09,Wrong Product,3531.33
R15564,O132796,C105187,P1050,2026-02-10,Changed Mind,4556.92
R15565,O119663,C102906,P1179,2025-05-08,Changed Mind,4172.09
R15566,O147447,C109797,P1150,2025-05-02,Late Delivery,16813.28
R15567,O119560,C106814,P1430,2025-12-07,Damaged Product,3110.27
R15568,O110406,C105509,P1181,2026-04-04,Quality Issue,16793.76
R15569,O147290,C109191,P1050,2026-01-17,Damaged Product,4556.92
R15570,O123985,C103268,P1205,2025-03-18,Quality Issue,5660.47
R15571,O139019,C102616,P1030,2026-05-04,Damaged Product,12535.48
R15572,O159843,C104185,P1316,2025-08-23,Wrong Product,12123.49
R15573,O123382,C100388,P1292,2026-04-24,Late Delivery,13815.06
R15574,O139144,C105982,P1437,2025-12-06,Wrong Product,11696.17
R15575,O146932,C100598,P1296,2025-11-16,Damaged Product,7425.41
R15576,O139525,C102989,P1254,2025-07-10,Changed Mind,18513.0
R15577,O156941,C104771,P1117,2025-10-04,Changed Mind,22887.44
R15578,O149514,C107110,P1311,2025-05-22,Wrong Product,4644.73
R15579,O148725,C106517,P1177,2025-08-31,Late Delivery,3846.54
R15580,O105705,C102559,P1287,2025-06-10,Late Delivery,4043.08
R15581,O151961,C109467,P1111,2025-07-07,Late Delivery,2091.9
R15582,O123514,C100861,P1078,2026-03-21,Damaged Product,15689.52
R15583,O157264,C109604,P1007,2026-01-14,Late Delivery,4398.76
R15584,O135565,C103180,P1381,2025-09-30,Damaged Product,3992.52
R15585,O159038,C106178,P1298,2025-05-09,Quality Issue,2688.24
R15586,O100964,C105615,P1089,2025-11-09,Wrong Product,1180.58
R15587,O153513,C100472,P1193,2025-03-14,Changed Mind,18760.09
R15588,O124057,C106856,P1037,2025-02-21,Wrong Product,9661.8
R15589,O148898,C100720,P1123,2025-05-30,Wrong Product,1446.38
R15590,O110265,C101022,P1393,2026-01-13,Changed Mind,5342.6
R15591,O121385,C105089,P1027,2025-08-10,Late Delivery,12298.64
R15592,O146934,C100835,P1324,2025-12-09,Wrong Product,709.52
R15593,O140528,C109197,P1207,2026-06-08,Late Delivery,15983.4
R15594,O130215,C105300,P1242,2026-04-23,Damaged Product,9282.72
R15595,O137479,C109433,P1382,2025-02-07,Damaged Product,2630.68
R15596,O159922,C101585,P1409,2026-07-14,Changed Mind,19866.28
R15597,O117888,C100470,P1449,2026-05-23,Late Delivery,6158.09
R15598,O100850,C102856,P1173,2025-09-13,Late Delivery,5451.75
R15599,O102574,C103794,P1304,2025-01-28,Damaged Product,2492.32
R15600,O100272,C101404,P1139,2025-07-13,Wrong Product,14676.31
R15601,O106212,C104613,P1497,2026-07-18,Quality Issue,19296.94
R15602,O117699,C109678,P1212,2025-12-15,Quality Issue,5576.58
R15603,O154735,C105826,P1132,2025-02-23,Changed Mind,8762.16
R15604,O153883,C103515,P1202,2026-06-21,Damaged Product,2328.87
R15605,O131479,C106571,P1032,2025-10-06,Quality Issue,16851.78
R15606,O118344,C101892,P1255,2026-06-11,Late Delivery,2599.94
R15607,O145832,C106938,P1437,2025-11-23,Late Delivery,18467.64
R15608,O154485,C104871,P1029,2026-07-27,Late Delivery,3758.42
R15609,O141132,C106868,P1483,2025-04-08,Damaged Product,948.96
R15610,O128852,C105921,P1160,2026-01-19,Quality Issue,4292.67
R15611,O127274,C101916,P1470,2026-05-06,Changed Mind,14043.42
R15612,O149129,C107638,P1019,2025-05-27,Damaged Product,5735.9
R15613,O111529,C107683,P1371,2025-03-27,Late Delivery,6128.43
R15614,O113534,C100378,P1132,2025-12-14,Damaged Product,8324.05
R15615,O109268,C102925,P1459,2025-08-15,Wrong Product,1238.71
R15616,O150367,C100545,P1356,2025-06-07,Damaged Product,28969.4
R15617,O136060,C104642,P1124,2025-02-19,Changed Mind,6014.63
R15618,O138924,C105012,P1221,2026-07-08,Wrong Product,1115.94
R15619,O122697,C101214,P1244,2026-05-24,Changed Mind,3305.83
R15620,O154329,C106702,P1310,2025-05-09,Damaged Product,12715.27
R15621,O145680,C105439,P1178,2025-08-13,Quality Issue,3164.74
R15622,O118567,C102626,P1296,2025-09-15,Damaged Product,10450.57
R15623,O137768,C100615,P1331,2025-10-23,Changed Mind,8616.88
R15624,O141636,C100524,P1471,2025-11-25,Changed Mind,5245.56
R15625,O105844,C101694,P1239,2025-06-07,Quality Issue,16669.92
R15626,O149406,C102593,P1118,2026-02-19,Damaged Product,6925.04
R15627,O112933,C100918,P1054,2025-10-09,Damaged Product,7767.06
R15628,O151789,C102040,P1072,2025-08-11,Wrong Product,14041.14
R15629,O142994,C103999,P1271,2026-02-16,Damaged Product,8786.72
R15630,O102783,C107637,P1412,2026-04-17,Wrong Product,11286.38
R15631,O115465,C104546,P1418,2025-09-22,Late Delivery,7295.87
R15632,O148850,C104319,P1432,2026-02-05,Changed Mind,17243.64
R15633,O138237,C103682,P1429,2026-01-30,Damaged Product,13842.94
R15634,O104410,C103955,P1157,2026-05-30,Changed Mind,2892.84
R15635,O116385,C102577,P1278,2025-09-28,Damaged Product,17656.23
R15636,O100453,C108464,P1168,2025-01-26,Changed Mind,5846.97
R15637,O155066,C107906,P1136,2026-07-22,Late Delivery,945.62
R15638,O139627,C106359,P1009,2025-03-09,Damaged Product,4324.5
R15639,O140934,C108117,P1255,2025-07-29,Damaged Product,2599.94
R15640,O142678,C102552,P1050,2026-01-19,Damaged Product,17316.3
R15641,O155991,C109728,P1492,2026-05-30,Wrong Product,11382.28
R15642,O138247,C106734,P1280,2025-09-06,Quality Issue,19285.74
R15643,O112045,C109630,P1132,2025-05-16,Changed Mind,11828.92
R15644,O121004,C106593,P1369,2026-08-03,Damaged Product,13610.95
R15645,O105195,C107586,P1102,2026-07-12,Wrong Product,4320.6
R15646,O155706,C107140,P1416,2025-04-26,Late Delivery,19043.86
R15647,O122035,C105105,P1438,2026-07-03,Quality Issue,5692.14
R15648,O139575,C100995,P1052,2026-01-13,Changed Mind,4525.76
R15649,O156471,C107620,P1063,2025-10-25,Late Delivery,3808.4
R15650,O135480,C106584,P1481,2025-12-11,Wrong Product,15220.61
R15651,O149580,C105916,P1320,2025-09-24,Changed Mind,4972.8
R15652,O108421,C107166,P1323,2026-08-17,Changed Mind,9180.36
R15653,O112053,C105778,P1231,2026-05-15,Late Delivery,585.31
R15654,O136964,C109288,P1346,2026-04-06,Damaged Product,383.75
R15655,O133383,C100619,P1183,2025-03-21,Wrong Product,6001.36
R15656,O142072,C101598,P1237,2025-01-25,Wrong Product,11028.09
R15657,O102071,C108125,P1003,2026-06-05,Changed Mind,7055.74
R15658,O157973,C106119,P1138,2026-02-19,Quality Issue,9473.58
R15659,O105323,C109512,P1222,2026-01-07,Late Delivery,993.98
R15660,O102131,C101195,P1062,2025-10-02,Damaged Product,4441.18
R15661,O156807,C103655,P1229,2025-09-01,Quality Issue,19040.12
R15662,O130045,C101796,P1174,2026-02-04,Changed Mind,676.57
R15663,O128003,C101972,P1311,2025-06-20,Quality Issue,1462.23
R15664,O130651,C102807,P1164,2025-08-08,Damaged Product,12339.08
R15665,O132303,C107436,P1224,2025-02-05,Changed Mind,7352.48
R15666,O130311,C109364,P1005,2025-09-22,Late Delivery,362.07
R15667,O139552,C108885,P1357,2026-02-17,Wrong Product,9236.51
R15668,O122158,C103073,P1213,2025-06-09,Quality Issue,10829.76
R15669,O138812,C104042,P1469,2025-01-21,Changed Mind,16144.17
R15670,O159923,C101872,P1446,2025-03-30,Wrong Product,8405.43
R15671,O139273,C108813,P1262,2026-07-22,Damaged Product,4854.92
R15672,O107348,C106241,P1122,2025-11-12,Late Delivery,27767.28
R15673,O123209,C103641,P1434,2026-01-18,Damaged Product,7077.12
R15674,O130858,C104886,P1248,2025-12-19,Quality Issue,9867.76
R15675,O116292,C103446,P1417,2025-12-05,Quality Issue,15696.34
R15676,O157393,C102856,P1012,2026-02-13,Quality Issue,1416.53
R15677,O128736,C101464,P1289,2025-04-18,Changed Mind,1396.91
R15678,O153945,C109529,P1011,2026-01-13,Late Delivery,4919.72
R15679,O113622,C103267,P1088,2026-01-09,Changed Mind,3817.88
R15680,O118007,C108332,P1021,2025-09-04,Wrong Product,20031.32
R15681,O126564,C109816,P1038,2026-04-10,Late Delivery,3495.66
R15682,O134238,C102741,P1420,2026-03-18,Damaged Product,8924.72
R15683,O130869,C106030,P1386,2025-10-13,Changed Mind,6437.97
R15684,O139869,C108123,P1367,2026-01-09,Wrong Product,1280.77
R15685,O115806,C106025,P1465,2026-06-09,Quality Issue,12340.23
R15686,O138594,C100616,P1154,2026-02-10,Late Delivery,13430.88
R15687,O125391,C104117,P1117,2025-08-06,Damaged Product,8030.68
R15688,O122330,C101947,P1472,2025-03-22,Changed Mind,13475.08
R15689,O125083,C102106,P1230,2025-05-20,Changed Mind,4254.9
R15690,O112825,C100490,P1453,2026-01-21,Wrong Product,9980.96
R15691,O120624,C104865,P1032,2025-03-17,Wrong Product,11973.64
R15692,O150219,C105644,P1133,2025-09-11,Damaged Product,19799.93
R15693,O136163,C104956,P1267,2025-01-29,Late Delivery,13354.76
R15694,O147242,C109270,P1242,2025-11-12,Wrong Product,9282.72
R15695,O116085,C109034,P1013,2025-06-02,Late Delivery,10218.96
R15696,O129312,C100335,P1398,2025-08-09,Quality Issue,3139.58
R15697,O136373,C104284,P1206,2026-02-03,Quality Issue,20236.8
R15698,O113344,C101380,P1150,2025-12-18,Changed Mind,11348.96
R15699,O130562,C102007,P1055,2026-03-09,Damaged Product,8553.13
R15700,O106249,C103949,P1267,2025-05-16,Quality Issue,5675.77
R15701,O124044,C109142,P1051,2025-06-18,Changed Mind,2898.55
R15702,O122221,C104890,P1163,2025-04-16,Late Delivery,2718.49
R15703,O111530,C105911,P1052,2025-04-18,Wrong Product,5028.62
R15704,O148770,C104964,P1329,2025-06-23,Wrong Product,1441.24
R15705,O157938,C103323,P1448,2025-06-02,Wrong Product,4412.8
R15706,O130306,C101864,P1453,2025-04-28,Changed Mind,4990.48
R15707,O102307,C102503,P1359,2026-03-30,Quality Issue,4229.88
R15708,O148177,C108044,P1452,2026-04-01,Changed Mind,12921.13
R15709,O130524,C106404,P1282,2026-08-02,Changed Mind,4086.98
R15710,O158357,C103262,P1020,2026-02-25,Late Delivery,23468.8
R15711,O117541,C102567,P1365,2025-08-03,Damaged Product,13680.12
R15712,O104167,C101960,P1069,2025-02-12,Wrong Product,3216.88
R15713,O125735,C103048,P1342,2025-05-21,Changed Mind,2665.8
R15714,O158425,C109187,P1330,2026-08-12,Late Delivery,5455.58
R15715,O112514,C101982,P1080,2025-08-26,Changed Mind,3030.56
R15716,O121489,C105597,P1054,2026-04-10,Wrong Product,2445.19
R15717,O131979,C105770,P1256,2025-03-29,Wrong Product,12325.04
R15718,O124047,C106515,P1081,2025-11-15,Damaged Product,15163.88
R15719,O133229,C103824,P1245,2025-04-23,Quality Issue,4307.58
R15720,O126354,C106586,P1355,2025-12-03,Damaged Product,3013.98
R15721,O108922,C100714,P1329,2026-04-12,Wrong Product,5764.96
R15722,O115218,C107477,P1214,2026-04-11,Quality Issue,26745.6
R15723,O157598,C106416,P1092,2025-12-11,Wrong Product,22116.32
R15724,O151728,C109848,P1253,2025-06-13,Quality Issue,874.18
R15725,O143250,C106236,P1097,2025-01-30,Damaged Product,1279.11
R15726,O159469,C100815,P1327,2025-04-17,Late Delivery,19175.67
R15727,O142343,C106496,P1149,2025-02-01,Wrong Product,7076.41
R15728,O101219,C107430,P1049,2025-12-22,Quality Issue,6510.69
R15729,O149065,C107228,P1433,2025-11-30,Damaged Product,2924.24
R15730,O101041,C108957,P1000,2026-05-06,Damaged Product,16719.34
R15731,O119424,C105578,P1425,2025-01-21,Late Delivery,1245.2
R15732,O112336,C102969,P1291,2025-07-04,Damaged Product,1609.31
R15733,O106585,C100160,P1033,2026-04-02,Wrong Product,21641.65
R15734,O146302,C101198,P1272,2025-12-14,Late Delivery,1772.38
R15735,O119534,C107463,P1121,2025-01-28,Damaged Product,4490.5
R15736,O151994,C106832,P1410,2026-08-14,Changed Mind,2778.67
R15737,O107449,C106428,P1405,2025-06-15,Changed Mind,7913.14
R15738,O129974,C103799,P1419,2026-03-25,Wrong Product,3632.9
R15739,O149836,C107442,P1224,2026-03-19,Wrong Product,3676.24
R15740,O136743,C103514,P1321,2025-01-25,Late Delivery,3578.84
R15741,O147810,C100029,P1102,2026-06-29,Damaged Product,16322.28
R15742,O105707,C102168,P1466,2025-06-25,Quality Issue,5540.76
R15743,O140538,C105547,P1493,2026-06-24,Wrong Product,1403.32
R15744,O158237,C105824,P1002,2026-04-16,Quality Issue,6495.72
R15745,O158334,C106374,P1210,2026-07-31,Wrong Product,11203.53
R15746,O132533,C104823,P1491,2025-07-02,Damaged Product,16176.46
R15747,O134921,C103064,P1036,2026-07-05,Quality Issue,2118.8
R15748,O158159,C103361,P1252,2025-12-05,Wrong Product,2911.76
R15749,O134233,C106921,P1249,2025-03-25,Late Delivery,1838.48
R15750,O114377,C105474,P1028,2025-09-15,Quality Issue,17488.2
R15751,O119795,C100152,P1373,2025-03-12,Changed Mind,4096.45
R15752,O135575,C100654,P1473,2025-10-22,Changed Mind,5310.08
R15753,O132102,C105430,P1252,2025-12-25,Changed Mind,1310.29
R15754,O134485,C100770,P1041,2025-12-19,Quality Issue,3895.03
R15755,O118947,C104861,P1019,2025-03-02,Quality Issue,5098.58
R15756,O105154,C107942,P1097,2026-07-09,Damaged Product,2558.21
R15757,O149089,C108632,P1440,2025-10-08,Late Delivery,2223.22
R15758,O155821,C109924,P1490,2025-05-23,Wrong Product,2432.44
R15759,O110646,C102737,P1061,2026-05-09,Late Delivery,18555.36
R15760,O103594,C103137,P1319,2026-02-27,Wrong Product,3135.78
R15761,O149595,C105946,P1044,2025-06-06,Quality Issue,4466.51
R15762,O114332,C105605,P1356,2025-04-13,Changed Mind,18467.99
R15763,O134602,C106221,P1361,2026-06-24,Quality Issue,6506.26
R15764,O143048,C102648,P1015,2026-04-22,Damaged Product,13334.69
R15765,O102493,C107881,P1405,2025-12-25,Quality Issue,15826.28
R15766,O113926,C106597,P1281,2026-05-23,Late Delivery,10322.77
R15767,O116466,C107500,P1210,2025-12-06,Quality Issue,17574.16
R15768,O154746,C103979,P1094,2025-03-06,Changed Mind,12437.5
R15769,O137805,C104857,P1227,2025-12-15,Damaged Product,14048.45
R15770,O103026,C103065,P1264,2026-07-15,Quality Issue,17224.02
R15771,O113984,C105547,P1467,2026-08-03,Late Delivery,8551.28
R15772,O158643,C106132,P1397,2025-09-13,Late Delivery,1494.12
R15773,O128233,C102063,P1331,2025-03-22,Wrong Product,8616.88
R15774,O119670,C101386,P1294,2026-02-01,Changed Mind,4467.99
R15775,O106844,C108018,P1294,2025-11-22,Damaged Product,5295.39
R15776,O133075,C109372,P1407,2025-10-25,Quality Issue,3342.01
R15777,O114924,C104259,P1270,2025-01-09,Wrong Product,4955.56
R15778,O133031,C104579,P1283,2026-08-18,Quality Issue,12307.92
R15779,O154130,C104003,P1396,2026-04-04,Damaged Product,12739.99
R15780,O102985,C101432,P1442,2026-02-19,Changed Mind,6461.38
R15781,O155651,C104603,P1160,2025-03-12,Damaged Product,3863.4
R15782,O132977,C101092,P1298,2026-04-13,Quality Issue,8064.72
R15783,O151194,C106309,P1033,2025-06-08,Damaged Product,5410.41
R15784,O110003,C102805,P1083,2026-02-23,Quality Issue,10777.83
R15785,O101705,C108592,P1117,2026-04-05,Changed Mind,14455.22
R15786,O157993,C106355,P1452,2026-06-25,Late Delivery,4080.36
R15787,O135011,C100800,P1430,2026-05-27,Late Delivery,5183.79
R15788,O156365,C103839,P1283,2026-08-06,Wrong Product,12307.92
R15789,O121049,C102995,P1257,2025-02-06,Wrong Product,5410.85
R15790,O109396,C101581,P1185,2025-10-21,Changed Mind,3795.9
R15791,O108002,C109330,P1243,2026-03-15,Wrong Product,3728.54
R15792,O130449,C103176,P1322,2026-04-24,Damaged Product,6285.96
R15793,O140954,C101087,P1435,2025-05-13,Changed Mind,4365.74
R15794,O117104,C109136,P1007,2025-12-11,Changed Mind,12463.15
R15795,O132111,C109465,P1123,2025-11-04,Changed Mind,723.19
R15796,O124333,C100500,P1369,2026-07-11,Changed Mind,14367.12
R15797,O135049,C107245,P1463,2025-04-07,Wrong Product,10139.41
R15798,O107731,C104350,P1262,2025-05-08,Quality Issue,2184.71
R15799,O132930,C103956,P1472,2025-04-17,Damaged Product,6400.66
R15800,O150672,C105574,P1125,2025-01-10,Quality Issue,7004.85
R15801,O113706,C100958,P1309,2026-03-19,Quality Issue,2049.63
R15802,O108832,C101072,P1439,2026-02-25,Wrong Product,3899.68
R15803,O111029,C101274,P1200,2025-03-27,Changed Mind,3920.14
R15804,O104256,C105098,P1475,2025-05-17,Damaged Product,14396.72
R15805,O146213,C100608,P1371,2026-01-13,Damaged Product,10966.67
R15806,O141775,C103777,P1425,2025-04-28,Quality Issue,1318.45
R15807,O155148,C109931,P1428,2025-01-10,Wrong Product,1140.08
R15808,O134633,C105726,P1123,2025-05-08,Late Delivery,1157.1
R15809,O156282,C108428,P1391,2025-09-18,Quality Issue,20502.48
R15810,O158504,C107859,P1072,2025-02-08,Late Delivery,5506.33
R15811,O108461,C109941,P1287,2026-08-08,Late Delivery,2259.37
R15812,O136635,C108394,P1084,2026-03-16,Changed Mind,1530.12
R15813,O105200,C107766,P1182,2026-05-23,Wrong Product,5932.52
R15814,O122127,C109538,P1416,2025-11-01,Changed Mind,5025.46
R15815,O106441,C106378,P1401,2026-02-20,Wrong Product,3402.5
R15816,O140289,C102226,P1154,2025-04-03,Changed Mind,7900.52
R15817,O103659,C105018,P1430,2025-11-23,Quality Issue,5183.79
R15818,O143904,C104831,P1332,2025-02-12,Damaged Product,7393.11
R15819,O106409,C106317,P1029,2026-07-21,Damaged Product,18792.08
R15820,O115408,C102032,P1178,2025-07-29,Changed Mind,3331.3
R15821,O122162,C109343,P1129,2026-03-18,Damaged Product,7311.42
R15822,O128497,C101017,P1276,2025-05-11,Damaged Product,11430.66
R15823,O104361,C103876,P1066,2025-12-07,Changed Mind,728.78
R15824,O137520,C104890,P1189,2025-11-04,Changed Mind,4590.4
R15825,O143944,C105497,P1119,2025-01-23,Quality Issue,10879.92
R15826,O144468,C103923,P1160,2026-04-22,Damaged Product,7297.54
R15827,O116731,C106346,P1162,2025-04-13,Quality Issue,7283.74
R15828,O146935,C103962,P1421,2025-12-11,Late Delivery,6354.48
R15829,O122296,C101315,P1172,2025-04-12,Quality Issue,749.92
R15830,O140420,C103074,P1102,2025-12-09,Damaged Product,3840.54
R15831,O138134,C100211,P1380,2025-12-19,Quality Issue,14481.76
R15832,O102766,C105528,P1213,2025-01-22,Damaged Product,12995.71
R15833,O146186,C100226,P1385,2026-01-28,Wrong Product,2840.06
R15834,O143443,C107740,P1059,2025-07-10,Changed Mind,4965.58
R15835,O103164,C106939,P1401,2025-03-28,Wrong Product,4536.67
R15836,O142514,C101396,P1306,2025-07-30,Late Delivery,8491.92
R15837,O140101,C106313,P1402,2026-01-26,Quality Issue,14049.42
R15838,O137220,C102774,P1192,2026-07-28,Quality Issue,3912.21
R15839,O103994,C103599,P1310,2025-09-02,Damaged Product,18837.44
R15840,O143564,C106919,P1026,2025-09-28,Wrong Product,6705.26
R15841,O140689,C106446,P1141,2025-02-09,Damaged Product,14185.77
R15842,O115230,C108820,P1449,2026-07-18,Damaged Product,16626.84
R15843,O144385,C102401,P1244,2025-11-05,Changed Mind,4407.77
R15844,O144650,C100079,P1011,2026-03-27,Wrong Product,4919.72
R15845,O138818,C103200,P1090,2025-09-21,Changed Mind,16615.11
R15846,O114006,C105973,P1131,2025-10-21,Changed Mind,16292.12
R15847,O134693,C108085,P1106,2025-07-10,Damaged Product,3738.66
R15848,O133365,C104005,P1372,2025-12-07,Quality Issue,9562.13
R15849,O113235,C107733,P1370,2025-09-07,Quality Issue,13914.4
R15850,O148672,C100046,P1307,2025-09-28,Damaged Product,1195.51
R15851,O129617,C104418,P1251,2025-04-09,Late Delivery,3679.24
R15852,O132880,C107108,P1350,2025-09-17,Late Delivery,11987.98
R15853,O104072,C105696,P1066,2025-02-07,Late Delivery,865.43
R15854,O148649,C106457,P1419,2025-03-09,Changed Mind,4036.55
R15855,O117592,C109690,P1447,2025-08-19,Damaged Product,5655.05
R15856,O109306,C101097,P1201,2025-09-15,Changed Mind,1979.52
R15857,O138087,C108652,P1152,2026-01-14,Damaged Product,1210.86
R15858,O132421,C108210,P1196,2025-05-29,Quality Issue,11654.9
R15859,O139335,C105167,P1189,2025-06-16,Changed Mind,2550.22
R15860,O156126,C109819,P1144,2025-06-18,Wrong Product,447.75
R15861,O103247,C105477,P1138,2026-03-30,Quality Issue,18947.16
R15862,O137206,C106407,P1018,2025-02-28,Damaged Product,6684.71
R15863,O135640,C102681,P1147,2026-05-08,Wrong Product,14147.56
R15864,O134820,C103516,P1024,2026-06-28,Late Delivery,6097.3
R15865,O107140,C102918,P1319,2025-03-25,Wrong Product,2978.99
R15866,O119123,C108554,P1150,2025-06-16,Changed Mind,11348.96
R15867,O123527,C100795,P1242,2025-05-30,Late Delivery,8818.58
R15868,O155527,C101626,P1479,2025-05-05,Changed Mind,24352.42
R15869,O118934,C101924,P1490,2026-03-28,Late Delivery,1216.22
R15870,O153090,C105765,P1123,2026-05-20,Wrong Product,650.87
R15871,O139459,C109296,P1328,2026-06-10,Wrong Product,2154.51
R15872,O125603,C104297,P1148,2025-06-07,Quality Issue,13544.25
R15873,O156994,C105057,P1025,2025-03-13,Quality Issue,3296.48
R15874,O113016,C107627,P1303,2026-06-11,Changed Mind,4993.36
R15875,O108914,C106911,P1089,2025-06-18,Wrong Product,1749.0
R15876,O157111,C102577,P1449,2026-03-21,Damaged Product,12316.18
R15877,O112504,C100184,P1265,2025-08-07,Late Delivery,17296.6
R15878,O154873,C105644,P1124,2025-01-31,Quality Issue,21526.05
R15879,O106035,C104872,P1475,2025-11-27,Changed Mind,10797.54
R15880,O127240,C101534,P1401,2025-05-11,Wrong Product,2387.72
R15881,O114920,C102335,P1273,2025-05-14,Quality Issue,16224.44
R15882,O104288,C107923,P1219,2026-01-16,Late Delivery,1301.61
R15883,O124420,C106264,P1144,2025-04-10,Changed Mind,236.31
R15884,O139749,C102537,P1174,2025-08-11,Damaged Product,1353.13
R15885,O109118,C104517,P1197,2025-02-13,Late Delivery,11012.07
R15886,O137692,C106007,P1268,2025-11-02,Late Delivery,25326.47
R15887,O137987,C105064,P1322,2025-09-23,Quality Issue,4714.47
R15888,O136141,C106758,P1366,2025-06-17,Damaged Product,1935.76
R15889,O106772,C105442,P1345,2026-07-13,Changed Mind,5325.51
R15890,O151903,C104862,P1208,2025-05-23,Wrong Product,5219.03
R15891,O127028,C108469,P1057,2026-04-19,Wrong Product,365.55
R15892,O101572,C107352,P1365,2026-06-20,Wrong Product,6498.06
R15893,O151456,C108014,P1158,2025-07-12,Quality Issue,2930.02
R15894,O147893,C101663,P1117,2025-04-14,Late Delivery,32122.72
R15895,O101471,C102366,P1160,2026-05-30,Late Delivery,14595.08
R15896,O143129,C107492,P1478,2025-09-18,Changed Mind,13065.56
R15897,O104567,C106501,P1484,2026-07-19,Changed Mind,625.83
R15898,O104589,C107855,P1371,2026-03-12,Quality Issue,8708.82
R15899,O142844,C103310,P1006,2025-11-16,Damaged Product,5808.3
R15900,O107094,C105198,P1354,2025-05-17,Wrong Product,7642.96
R15901,O106677,C102255,P1210,2025-11-03,Wrong Product,8787.08
R15902,O128601,C109945,P1287,2025-09-23,Late Delivery,4756.56
R15903,O141700,C103609,P1303,2026-06-08,Damaged Product,4993.36
R15904,O152046,C105363,P1237,2025-09-29,Changed Mind,7400.43
R15905,O121677,C108239,P1367,2026-02-05,Wrong Product,1921.16
R15906,O113470,C105468,P1231,2025-05-04,Damaged Product,1848.36
R15907,O100854,C109646,P1493,2026-01-03,Wrong Product,1403.32
R15908,O134506,C103085,P1233,2025-01-07,Changed Mind,7054.7
R15909,O106510,C104812,P1064,2025-07-09,Changed Mind,9147.1
R15910,O126195,C103191,P1233,2026-07-27,Wrong Product,5291.02
R15911,O159369,C107010,P1393,2025-08-06,Late Delivery,2671.3
R15912,O128780,C109542,P1377,2025-02-17,Late Delivery,12613.6
R15913,O124588,C100877,P1368,2025-11-14,Late Delivery,11236.18
R15914,O141423,C101707,P1118,2025-06-13,Changed Mind,20775.12
R15915,O142204,C108584,P1326,2025-11-30,Quality Issue,13209.04
R15916,O122147,C101736,P1353,2025-08-27,Late Delivery,2566.74
R15917,O123586,C105040,P1361,2025-02-06,Changed Mind,10273.05
R15918,O115159,C104740,P1114,2025-05-01,Late Delivery,12291.23
R15919,O104349,C102269,P1442,2025-06-27,Late Delivery,7601.62
R15920,O103841,C105565,P1181,2026-01-12,Wrong Product,8396.88
R15921,O152204,C101271,P1024,2026-01-05,Quality Issue,10162.16
R15922,O134842,C107963,P1208,2025-11-10,Damaged Product,9888.7
R15923,O109110,C107081,P1239,2025-04-10,Wrong Product,11186.39
R15924,O116375,C106314,P1465,2025-02-22,Wrong Product,2597.94
R15925,O124325,C101701,P1470,2026-01-15,Quality Issue,3705.9
R15926,O144164,C107677,P1403,2026-07-15,Damaged Product,6692.1
R15927,O109239,C108577,P1150,2025-05-21,Damaged Product,4203.32
R15928,O135797,C102799,P1056,2025-02-21,Wrong Product,2009.51
R15929,O123415,C106496,P1164,2025-02-06,Quality Issue,12339.08
R15930,O103175,C101977,P1226,2026-01-23,Quality Issue,4915.27
R15931,O152942,C100060,P1074,2025-01-25,Late Delivery,2353.02
R15932,O148241,C101833,P1112,2026-04-02,Quality Issue,22140.81
R15933,O127472,C103127,P1496,2025-08-26,Quality Issue,12304.82
R15934,O155109,C104552,P1005,2025-03-26,Wrong Product,651.73
R15935,O116512,C100153,P1089,2025-07-25,Quality Issue,437.25
R15936,O143887,C101655,P1103,2025-03-26,Changed Mind,14715.9
R15937,O136853,C101743,P1286,2025-06-15,Late Delivery,7350.16
R15938,O157098,C101404,P1068,2026-02-12,Wrong Product,4187.44
R15939,O100436,C104606,P1180,2026-04-09,Changed Mind,11558.23
R15940,O107818,C105590,P1197,2025-02-11,Quality Issue,3670.69
R15941,O123563,C108337,P1356,2026-08-18,Changed Mind,18467.99
R15942,O126129,C109916,P1257,2025-01-29,Quality Issue,10280.62
R15943,O138401,C103123,P1295,2026-02-09,Wrong Product,18697.79
R15944,O100504,C107596,P1229,2026-06-19,Quality Issue,19040.12
R15945,O148760,C107379,P1488,2026-05-27,Late Delivery,5247.91
R15946,O137357,C108264,P1166,2026-06-02,Quality Issue,4864.24
R15947,O126513,C105304,P1302,2026-03-14,Late Delivery,7843.44
R15948,O122929,C106603,P1016,2025-09-10,Late Delivery,8484.39
R15949,O136036,C101764,P1453,2026-01-20,Late Delivery,19961.92
R15950,O150650,C103608,P1335,2025-09-10,Wrong Product,6961.95
R15951,O126072,C108041,P1392,2026-06-11,Quality Issue,16342.52
R15952,O113667,C103736,P1371,2025-07-13,Changed Mind,6450.98
R15953,O125458,C109487,P1413,2025-11-16,Changed Mind,1693.76
R15954,O101726,C101179,P1261,2025-07-28,Quality Issue,1200.33
R15955,O133926,C102537,P1102,2025-06-21,Changed Mind,4800.67
R15956,O147132,C109524,P1452,2026-02-15,Damaged Product,16321.43
R15957,O128560,C106413,P1168,2026-09-05,Changed Mind,6975.34
R15958,O119307,C108982,P1356,2026-07-18,Wrong Product,28969.4
R15959,O133811,C107466,P1383,2026-01-10,Changed Mind,18456.68
R15960,O108300,C100482,P1042,2025-04-15,Damaged Product,4097.27
R15961,O147104,C105147,P1259,2026-07-04,Quality Issue,21280.49
R15962,O143876,C100332,P1033,2026-01-08,Quality Issue,11390.34
R15963,O125918,C101134,P1271,2026-02-22,Changed Mind,13180.08
R15964,O100368,C108522,P1041,2025-07-20,Quality Issue,7400.56
R15965,O113089,C107075,P1104,2025-07-24,Quality Issue,4300.49
R15966,O159376,C100762,P1318,2025-11-20,Damaged Product,22188.03
R15967,O151886,C104548,P1254,2025-07-09,Damaged Product,7868.02
R15968,O129380,C102185,P1403,2026-06-14,Late Delivery,4238.33
R15969,O124305,C101424,P1020,2025-06-18,Late Delivery,19557.33
R15970,O135621,C100118,P1050,2026-01-04,Late Delivery,3873.38
R15971,O126595,C101930,P1304,2026-05-14,Changed Mind,10493.96
R15972,O111600,C104239,P1423,2025-11-08,Quality Issue,1342.1
R15973,O146203,C103206,P1427,2026-02-19,Late Delivery,14512.88
R15974,O125022,C106274,P1067,2025-12-22,Changed Mind,17104.55
R15975,O108689,C107364,P1431,2026-05-14,Wrong Product,32207.36
R15976,O101944,C109898,P1066,2025-01-14,Late Delivery,819.88
R15977,O100175,C102654,P1116,2025-05-11,Quality Issue,3930.72
R15978,O108181,C102201,P1334,2026-03-12,Late Delivery,8306.28
R15979,O143235,C102737,P1290,2026-08-08,Damaged Product,722.92
R15980,O101722,C105686,P1110,2026-06-23,Late Delivery,4259.82
R15981,O103788,C109501,P1363,2025-05-03,Changed Mind,2222.78
R15982,O104317,C108917,P1164,2025-04-14,Wrong Product,12339.08
R15983,O116504,C105924,P1059,2025-08-31,Quality Issue,13407.07
R15984,O118961,C101791,P1062,2025-07-20,Wrong Product,8388.9
R15985,O146987,C108942,P1143,2026-07-13,Changed Mind,4834.32
R15986,O144955,C100835,P1125,2026-01-11,Damaged Product,7783.17
R15987,O130817,C108423,P1356,2026-04-17,Damaged Product,24623.99
R15988,O129063,C103757,P1100,2025-02-28,Wrong Product,3390.04
R15989,O153502,C104419,P1308,2026-01-01,Late Delivery,5282.52
R15990,O154396,C108956,P1048,2026-07-11,Quality Issue,12430.77
R15991,O154355,C108836,P1212,2025-04-16,Damaged Product,2943.2
R15992,O100597,C107928,P1054,2026-01-28,Damaged Product,2876.69
R15993,O150744,C108503,P1409,2026-06-13,Late Delivery,4469.91
R15994,O156907,C106685,P1346,2025-12-12,Late Delivery,852.78
R15995,O131942,C101511,P1396,2025-10-11,Damaged Product,12069.47
R15996,O104782,C103538,P1368,2026-03-12,Damaged Product,9363.48
R15997,O138645,C101333,P1044,2025-11-04,Wrong Product,7955.97
R15998,O121307,C102642,P1284,2026-08-01,Wrong Product,1704.06
R15999,O155797,C101009,P1448,2025-05-15,Late Delivery,1048.04
